source,segment_type,segment_number,row_index,time_s,segment_time_s,distance_m,segment_distance_m,live_delta_to_best_s,live_delta_error,final_delta_to_best_s,lat,lon,speed_mph,yaw_deg,pitch_deg,roll_deg,pos_uncertainty_m
VN300_2026-07-12_14-41-49_VNINS.csv,lap,5,46752,1168.992346,0.000000,2440.077,0.000,0.000000,,-0.223905,35.52849795,-97.47519714,33.319,-140.015,33.704,-65.469,1.480
VN300_2026-07-12_14-41-49_VNINS.csv,lap,5,46753,1168.992346,0.000000,2440.448,0.370,-0.233890,,-0.223905,35.52849498,-97.47519899,32.969,-139.648,34.056,-66.008,1.480
VN300_2026-07-12_14-41-49_VNINS.csv,lap,5,46754,1168.992346,0.000000,2440.812,0.735,-0.273597,,-0.223905,35.52849206,-97.47520082,32.410,-139.300,34.374,-65.802,1.480
VN300_2026-07-12_14-41-49_VNINS.csv,lap,5,46755,1168.992346,0.000000,2441.173,1.096,-0.273597,,-0.223905,35.52848918,-97.47520267,32.126,-138.893,34.721,-65.891,1.480
VN300_2026-07-12_14-41-49_VNINS.csv,lap,5,46756,1168.992346,0.000000,2441.531,1.454,-0.273597,,-0.223905,35.52848634,-97.47520453,31.948,-138.518,34.902,-66.108,1.490
VN300_2026-07-12_14-41-49_VNINS.csv,lap,5,46757,1168.992346,0.000000,2441.886,1.808,-0.273597,,-0.223905,35.52848353,-97.47520638,31.506,-138.229,35.206,-66.188,1.490
VN300_2026-07-12_14-41-49_VNINS.csv,lap,5,46758,1168.992346,0.000000,2442.237,2.160,-0.273597,,-0.223905,35.52848076,-97.47520825,31.384,-137.775,35.365,-66.317,1.490
VN300_2026-07-12_14-41-49_VNINS.csv,lap,5,46759,1169.264811,0.272465,2442.737,2.659,-0.001132,,-0.223905,35.52847689,-97.47521105,31.720,-137.209,35.588,-66.213,1.440
VN300_2026-07-12_14-41-49_VNINS.csv,lap,5,46760,1169.264811,0.272465,2443.093,3.016,-0.001132,,-0.223905,35.52847412,-97.47521303,31.805,-136.539,35.785,-66.420,1.440
VN300_2026-07-12_14-41-49_VNINS.csv,lap,5,46761,1169.264811,0.272465,2443.447,3.370,-0.001132,,-0.223905,35.52847137,-97.47521500,31.552,-135.989,36.189,-66.204,1.440
VN300_2026-07-12_14-41-49_VNINS.csv,lap,5,46762,1169.264811,0.272465,2443.797,3.720,-0.001132,,-0.223905,35.52846866,-97.47521698,31.279,-135.363,36.612,-65.695,1.440
VN300_2026-07-12_14-41-49_VNINS.csv,lap,5,46763,1169.264811,0.272465,2444.149,4.072,-0.001132,,-0.223905,35.52846597,-97.47521902,31.236,-134.707,37.145,-65.478,1.440
VN300_2026-07-12_14-41-49_VNINS.csv,lap,5,46764,1169.264811,0.272465,2444.497,4.419,-0.020454,,-0.223905,35.52846333,-97.47522108,31.054,-134.039,37.642,-65.084,1.440
VN300_2026-07-12_14-41-49_VNINS.csv,lap,5,46765,1169.264811,0.272465,2444.843,4.766,-0.227392,,-0.223905,35.52846072,-97.47522317,30.850,-133.393,38.329,-64.689,1.440
VN300_2026-07-12_14-41-49_VNINS.csv,lap,5,46766,1169.264811,0.272465,2445.187,5.109,-0.254961,,-0.223905,35.52845815,-97.47522528,30.645,-132.628,38.824,-64.163,1.440
VN300_2026-07-12_14-41-49_VNINS.csv,lap,5,46767,1169.264811,0.272465,2445.701,5.624,-0.254961,,-0.223905,35.52845461,-97.47522894,31.121,-131.731,39.258,-63.782,1.390
VN300_2026-07-12_14-41-49_VNINS.csv,lap,5,46768,1169.264811,0.272465,2446.052,5.975,-0.254961,,-0.223905,35.52845206,-97.47523123,30.951,-130.748,39.439,-63.433,1.390
VN300_2026-07-12_14-41-49_VNINS.csv,lap,5,46769,1169.264811,0.272465,2446.396,6.318,-0.254961,,-0.223905,35.52844958,-97.47523349,30.539,-129.878,39.743,-62.833,1.390
VN300_2026-07-12_14-41-49_VNINS.csv,lap,5,46770,1169.518663,0.526317,2446.736,6.659,-0.001109,,-0.223905,35.52844715,-97.47523578,30.360,-129.009,39.959,-62.354,1.390
VN300_2026-07-12_14-41-49_VNINS.csv,lap,5,46771,1169.518663,0.526317,2447.075,6.998,-0.001109,,-0.223905,35.52844476,-97.47523810,30.179,-128.244,40.376,-62.036,1.390
VN300_2026-07-12_14-41-49_VNINS.csv,lap,5,46772,1169.518663,0.526317,2447.412,7.335,-0.001109,,-0.223905,35.52844241,-97.47524046,30.023,-127.545,40.751,-61.612,1.390
VN300_2026-07-12_14-41-49_VNINS.csv,lap,5,46773,1169.518663,0.526317,2447.747,7.670,-0.001109,,-0.223905,35.52844009,-97.47524282,29.810,-126.911,41.226,-61.260,1.400
VN300_2026-07-12_14-41-49_VNINS.csv,lap,5,46774,1169.518663,0.526317,2448.079,8.002,-0.001109,,-0.223905,35.52843782,-97.47524520,29.584,-126.136,41.434,-60.803,1.400
VN300_2026-07-12_14-41-49_VNINS.csv,lap,5,46775,1169.518663,0.526317,2448.612,8.535,-0.170706,,-0.223905,35.52843510,-97.47525005,30.416,-125.318,41.651,-60.394,1.350
VN300_2026-07-12_14-41-49_VNINS.csv,lap,5,46776,1169.518663,0.526317,2448.952,8.875,-0.254672,,-0.223905,35.52843288,-97.47525264,30.387,-124.417,41.634,-59.853,1.350
VN300_2026-07-12_14-41-49_VNINS.csv,lap,5,46777,1169.518663,0.526317,2449.293,9.216,-0.254672,,-0.223905,35.52843068,-97.47525526,30.310,-123.567,41.808,-59.141,1.350
VN300_2026-07-12_14-41-49_VNINS.csv,lap,5,46778,1169.518663,0.526317,2449.631,9.554,-0.254672,,-0.223905,35.52842852,-97.47525789,30.141,-122.657,41.750,-58.311,1.350
VN300_2026-07-12_14-41-49_VNINS.csv,lap,5,46779,1169.518663,0.526317,2449.971,9.893,-0.254672,,-0.223905,35.52842641,-97.47526060,30.241,-121.767,41.890,-58.028,1.360
VN300_2026-07-12_14-41-49_VNINS.csv,lap,5,46780,1169.772125,0.779779,2450.310,10.232,-0.001210,,-0.223905,35.52842433,-97.47526334,30.179,-120.866,41.819,-57.478,1.360
VN300_2026-07-12_14-41-49_VNINS.csv,lap,5,46781,1169.772125,0.779779,2450.648,10.570,-0.001210,,-0.223905,35.52842230,-97.47526612,30.129,-119.963,42.072,-57.217,1.360
VN300_2026-07-12_14-41-49_VNINS.csv,lap,5,46782,1169.772125,0.779779,2450.986,10.908,-0.001210,,-0.223905,35.52842031,-97.47526894,30.136,-119.076,42.245,-56.873,1.360
VN300_2026-07-12_14-41-49_VNINS.csv,lap,5,46783,1169.772125,0.779779,2451.392,11.315,-0.001210,,-0.223905,35.52841832,-97.47527271,30.388,-118.275,42.939,-56.228,1.320
VN300_2026-07-12_14-41-49_VNINS.csv,lap,5,46784,1169.772125,0.779779,2451.733,11.656,-0.001210,,-0.223905,35.52841640,-97.47527565,30.401,-117.517,43.353,-55.446,1.320
VN300_2026-07-12_14-41-49_VNINS.csv,lap,5,46785,1169.772125,0.779779,2452.075,11.997,-0.001210,,-0.223905,35.52841453,-97.47527864,30.199,-116.801,44.124,-54.837,1.320
VN300_2026-07-12_14-41-49_VNINS.csv,lap,5,46786,1169.772125,0.779779,2452.417,12.340,-0.001210,,-0.223905,35.52841271,-97.47528169,30.427,-116.133,44.277,-54.417,1.320
VN300_2026-07-12_14-41-49_VNINS.csv,lap,5,46787,1169.772125,0.779779,2452.758,12.681,-0.224992,,-0.223905,35.52841095,-97.47528478,30.354,-115.312,44.379,-54.275,1.320
VN300_2026-07-12_14-41-49_VNINS.csv,lap,5,46788,1169.772125,0.779779,2453.098,13.020,-0.254992,,-0.223905,35.52840924,-97.47528789,30.291,-114.293,43.528,-53.453,1.320
VN300_2026-07-12_14-41-49_VNINS.csv,lap,5,46789,1169.772125,0.779779,2453.435,13.358,-0.254992,,-0.223905,35.52840758,-97.47529101,30.029,-113.137,42.913,-52.250,1.320
VN300_2026-07-12_14-41-49_VNINS.csv,lap,5,46790,1170.025594,1.033248,2453.772,13.695,-0.001523,,-0.223905,35.52840599,-97.47529418,30.038,-112.076,41.770,-50.939,1.320
VN300_2026-07-12_14-41-49_VNINS.csv,lap,5,46791,1170.025594,1.033248,2454.148,14.071,-0.001523,,-0.223905,35.52840614,-97.47529833,30.186,-111.098,41.366,-50.067,1.280
VN300_2026-07-12_14-41-49_VNINS.csv,lap,5,46792,1170.025594,1.033248,2454.485,14.408,-0.001523,,-0.223905,35.52840470,-97.47530161,30.129,-110.277,41.046,-48.863,1.290
VN300_2026-07-12_14-41-49_VNINS.csv,lap,5,46793,1170.025594,1.033248,2454.821,14.744,-0.001523,,-0.223905,35.52840332,-97.47530491,29.904,-109.360,41.375,-47.999,1.290
VN300_2026-07-12_14-41-49_VNINS.csv,lap,5,46794,1170.025594,1.033248,2455.158,15.080,-0.001523,,-0.223905,35.52840200,-97.47530826,30.029,-108.418,41.637,-47.593,1.290
VN300_2026-07-12_14-41-49_VNINS.csv,lap,5,46795,1170.025594,1.033248,2455.492,15.415,-0.001523,,-0.223905,35.52840072,-97.47531160,29.766,-107.421,42.069,-47.055,1.290
VN300_2026-07-12_14-41-49_VNINS.csv,lap,5,46796,1170.025594,1.033248,2455.825,15.747,-0.001523,,-0.223905,35.52839952,-97.47531497,29.705,-106.329,42.320,-46.540,1.290
VN300_2026-07-12_14-41-49_VNINS.csv,lap,5,46797,1170.025594,1.033248,2456.156,16.079,-0.137936,,-0.223905,35.52839837,-97.47531835,29.588,-105.200,42.597,-45.885,1.290
VN300_2026-07-12_14-41-49_VNINS.csv,lap,5,46798,1170.025594,1.033248,2456.488,16.411,-0.266461,,-0.223905,35.52839730,-97.47532177,29.643,-104.099,42.893,-45.242,1.290
VN300_2026-07-12_14-41-49_VNINS.csv,lap,5,46799,1170.025594,1.033248,2456.788,16.710,-0.266461,,-0.223905,35.52839633,-97.47532486,29.549,-103.032,43.368,-44.779,1.250
VN300_2026-07-12_14-41-49_VNINS.csv,lap,5,46800,1170.298869,1.306523,2457.118,17.040,0.006814,,-0.223905,35.52839539,-97.47532832,29.478,-101.931,43.805,-44.271,1.250
VN300_2026-07-12_14-41-49_VNINS.csv,lap,5,46801,1170.298869,1.306523,2457.447,17.370,0.006814,,-0.223905,35.52839450,-97.47533179,29.352,-100.840,44.291,-43.477,1.260
VN300_2026-07-12_14-41-49_VNINS.csv,lap,5,46802,1170.298869,1.306523,2457.775,17.698,0.006814,,-0.223905,35.52839367,-97.47533527,29.355,-99.748,44.699,-42.576,1.260
VN300_2026-07-12_14-41-49_VNINS.csv,lap,5,46803,1170.298869,1.306523,2458.103,18.025,0.006814,,-0.223905,35.52839292,-97.47533877,29.368,-98.629,45.192,-41.880,1.260
VN300_2026-07-12_14-41-49_VNINS.csv,lap,5,46804,1170.298869,1.306523,2458.431,18.354,0.006814,,-0.223905,35.52839224,-97.47534230,29.436,-97.546,45.500,-41.438,1.260
VN300_2026-07-12_14-41-49_VNINS.csv,lap,5,46805,1170.298869,1.306523,2458.759,18.682,0.006814,,-0.223905,35.52839163,-97.47534585,29.434,-96.413,45.979,-40.858,1.260
VN300_2026-07-12_14-41-49_VNINS.csv,lap,5,46806,1170.298869,1.306523,2459.088,19.010,0.006814,,-0.223905,35.52839110,-97.47534942,29.480,-95.357,46.489,-40.102,1.260
VN300_2026-07-12_14-41-49_VNINS.csv,lap,5,46807,1170.298869,1.306523,2459.415,19.337,0.006814,,-0.223905,35.52839064,-97.47535299,29.303,-94.269,47.042,-39.267,1.260
VN300_2026-07-12_14-41-49_VNINS.csv,lap,5,46808,1170.298869,1.306523,2459.608,19.531,-0.063217,,-0.223905,35.52838964,-97.47535474,28.505,-93.274,47.394,-38.551,1.230
VN300_2026-07-12_14-41-49_VNINS.csv,lap,5,46809,1170.298869,1.306523,2459.926,19.848,-0.246781,,-0.223905,35.52838927,-97.47535822,28.462,-92.267,47.791,-37.821,1.230
VN300_2026-07-12_14-41-49_VNINS.csv,lap,5,46810,1170.298869,1.306523,2460.242,20.165,-0.246781,,-0.223905,35.52838897,-97.47536170,28.496,-91.328,47.931,-37.303,1.230
VN300_2026-07-12_14-41-49_VNINS.csv,lap,5,46811,1170.552721,1.560375,2460.558,20.481,0.007071,,-0.223905,35.52838874,-97.47536518,28.466,-90.309,47.942,-36.718,1.230
VN300_2026-07-12_14-41-49_VNINS.csv,lap,5,46812,1170.552721,1.560375,2460.874,20.797,0.007071,,-0.223905,35.52838857,-97.47536866,28.341,-89.390,47.658,-36.137,1.230
VN300_2026-07-12_14-41-49_VNINS.csv,lap,5,46813,1170.552721,1.560375,2461.190,21.113,0.007071,,-0.223905,35.52838847,-97.47537215,28.475,-88.412,47.557,-35.608,1.230
VN300_2026-07-12_14-41-49_VNINS.csv,lap,5,46814,1170.552721,1.560375,2461.506,21.428,0.007071,,-0.223905,35.52838844,-97.47537564,28.466,-87.511,47.374,-35.044,1.230
VN300_2026-07-12_14-41-49_VNINS.csv,lap,5,46815,1170.552721,1.560375,2461.656,21.579,0.007071,,-0.223905,35.52838776,-97.47537708,27.088,-86.449,47.490,-34.472,1.200
VN300_2026-07-12_14-41-49_VNINS.csv,lap,5,46816,1170.552721,1.560375,2461.960,21.882,0.007071,,-0.223905,35.52838783,-97.47538043,27.184,-85.377,47.622,-34.016,1.200
VN300_2026-07-12_14-41-49_VNINS.csv,lap,5,46817,1170.552721,1.560375,2462.262,22.185,0.007071,,-0.223905,35.52838796,-97.47538377,27.104,-84.182,48.105,-33.180,1.200
VN300_2026-07-12_14-41-49_VNINS.csv,lap,5,46818,1170.552721,1.560375,2462.563,22.486,0.007071,,-0.223905,35.52838816,-97.47538709,27.047,-83.089,48.335,-32.454,1.200
VN300_2026-07-12_14-41-49_VNINS.csv,lap,5,46819,1170.552721,1.560375,2462.865,22.788,0.007071,,-0.223905,35.52838843,-97.47539041,27.071,-81.844,48.710,-31.728,1.200
VN300_2026-07-12_14-41-49_VNINS.csv,lap,5,46820,1170.552721,1.560375,2463.166,23.089,-0.121595,,-0.223905,35.52838877,-97.47539371,27.061,-80.762,48.719,-31.102,1.200
VN300_2026-07-12_14-41-49_VNINS.csv,lap,5,46821,1170.806125,1.813779,2463.467,23.389,0.006678,,-0.223905,35.52838917,-97.47539699,26.995,-79.547,48.807,-30.361,1.200
VN300_2026-07-12_14-41-49_VNINS.csv,lap,5,46822,1170.806125,1.813779,2463.766,23.689,0.006678,,-0.223905,35.52838965,-97.47540025,27.017,-78.599,48.395,-29.824,1.200
VN300_2026-07-12_14-41-49_VNINS.csv,lap,5,46823,1170.806125,1.813779,2463.879,23.802,0.006678,,-0.223905,35.52838952,-97.47540149,25.537,-77.423,48.118,-29.177,1.170
VN300_2026-07-12_14-41-49_VNINS.csv,lap,5,46824,1170.806125,1.813779,2464.165,24.088,0.006678,,-0.223905,35.52839007,-97.47540457,25.528,-76.480,47.605,-28.615,1.180
VN300_2026-07-12_14-41-49_VNINS.csv,lap,5,46825,1170.806125,1.813779,2464.450,24.373,0.006678,,-0.223905,35.52839068,-97.47540763,25.569,-75.225,47.459,-27.822,1.180
VN300_2026-07-12_14-41-49_VNINS.csv,lap,5,46826,1170.806125,1.813779,2464.735,24.658,0.006678,,-0.223905,35.52839135,-97.47541067,25.575,-74.046,47.244,-27.084,1.180
VN300_2026-07-12_14-41-49_VNINS.csv,lap,5,46827,1170.806125,1.813779,2465.020,24.943,0.006678,,-0.223905,35.52839208,-97.47541369,25.668,-72.525,47.460,-26.219,1.180
VN300_2026-07-12_14-41-49_VNINS.csv,lap,5,46828,1170.806125,1.813779,2465.307,25.229,0.006678,,-0.223905,35.52839288,-97.47541670,25.696,-71.166,47.593,-25.429,1.180
VN300_2026-07-12_14-41-49_VNINS.csv,lap,5,46829,1170.806125,1.813779,2465.592,25.515,0.006678,,-0.223905,35.52839373,-97.47541968,25.704,-69.600,47.895,-24.374,1.180
VN300_2026-07-12_14-41-49_VNINS.csv,lap,5,46830,1170.806125,1.813779,2465.879,25.801,0.006678,,-0.223905,35.52839464,-97.47542264,25.718,-68.288,47.871,-23.511,1.180
VN300_2026-07-12_14-41-49_VNINS.csv,lap,5,46831,1171.059607,2.067261,2466.030,25.953,0.233490,,-0.223905,35.52839412,-97.47542419,24.500,-66.817,47.899,-22.761,1.150
VN300_2026-07-12_14-41-49_VNINS.csv,lap,5,46832,1171.059607,2.067261,2466.303,26.226,0.006772,,-0.223905,35.52839505,-97.47542698,24.424,-65.608,47.623,-21.991,1.150
VN300_2026-07-12_14-41-49_VNINS.csv,lap,5,46833,1171.059607,2.067261,2466.576,26.498,0.006772,,-0.223905,35.52839603,-97.47542974,24.320,-64.196,47.445,-21.078,1.150
VN300_2026-07-12_14-41-49_VNINS.csv,lap,5,46834,1171.059607,2.067261,2466.848,26.771,0.006772,,-0.223905,35.52839709,-97.47543245,24.350,-62.964,47.108,-20.514,1.150
VN300_2026-07-12_14-41-49_VNINS.csv,lap,5,46835,1171.059607,2.067261,2467.120,27.043,0.006772,,-0.223905,35.52839820,-97.47543513,24.369,-61.512,47.022,-19.647,1.150
VN300_2026-07-12_14-41-49_VNINS.csv,lap,5,46836,1171.059607,2.067261,2467.392,27.315,0.006772,,-0.223905,35.52839937,-97.47543777,24.389,-60.160,46.844,-18.798,1.150
VN300_2026-07-12_14-41-49_VNINS.csv,lap,5,46837,1171.059607,2.067261,2467.666,27.588,0.006772,,-0.223905,35.52840060,-97.47544039,24.442,-58.627,46.907,-17.820,1.150
VN300_2026-07-12_14-41-49_VNINS.csv,lap,5,46838,1171.059607,2.067261,2467.939,27.862,0.006772,,-0.223905,35.52840188,-97.47544297,24.542,-57.311,46.847,-17.003,1.160
VN300_2026-07-12_14-41-49_VNINS.csv,lap,5,46839,1171.059607,2.067261,2468.087,28.010,0.006772,,-0.223905,35.52840237,-97.47544449,23.695,-55.873,47.006,-16.007,1.130
VN300_2026-07-12_14-41-49_VNINS.csv,lap,5,46840,1171.059607,2.067261,2468.352,28.275,0.006772,,-0.223905,35.52840368,-97.47544694,23.636,-54.796,46.813,-15.244,1.130
VN300_2026-07-12_14-41-49_VNINS.csv,lap,5,46841,1171.059607,2.067261,2468.617,28.540,0.006772,,-0.223905,35.52840507,-97.47544932,23.734,-53.517,46.787,-14.879,1.130
VN300_2026-07-12_14-41-49_VNINS.csv,lap,5,46842,1171.328257,2.335911,2468.885,28.808,0.121996,,-0.223905,35.52840651,-97.47545169,23.921,-52.607,46.618,-14.436,1.130
VN300_2026-07-12_14-41-49_VNINS.csv,lap,5,46843,1171.328257,2.335911,2469.154,29.077,-0.000950,,-0.223905,35.52840801,-97.47545402,24.012,-51.334,46.616,-13.740,1.130
VN300_2026-07-12_14-41-49_VNINS.csv,lap,5,46844,1171.328257,2.335911,2469.425,29.348,-0.000950,,-0.223905,35.52840954,-97.47545635,24.375,-50.345,46.313,-13.158,1.130
VN300_2026-07-12_14-41-49_VNINS.csv,lap,5,46845,1171.328257,2.335911,2469.700,29.623,-0.000950,,-0.223905,35.52841114,-97.47545867,24.725,-48.988,46.109,-12.203,1.130
VN300_2026-07-12_14-41-49_VNINS.csv,lap,5,46846,1171.328257,2.335911,2469.980,29.902,-0.000950,,-0.223905,35.52841279,-97.47546100,25.053,-47.997,45.513,-11.468,1.130
VN300_2026-07-12_14-41-49_VNINS.csv,lap,5,46847,1171.328257,2.335911,2470.261,30.183,-0.000950,,-0.223905,35.52841449,-97.47546330,25.261,-46.667,45.056,-10.670,1.130
VN300_2026-07-12_14-41-49_VNINS.csv,lap,5,46848,1171.328257,2.335911,2470.389,30.312,-0.000950,,-0.223905,35.52841559,-97.47546373,24.648,-45.752,44.232,-10.662,1.110
VN300_2026-07-12_14-41-49_VNINS.csv,lap,5,46849,1171.328257,2.335911,2470.668,30.590,-0.000950,,-0.223905,35.52841736,-97.47546591,24.969,-44.418,43.640,-10.407,1.110
VN300_2026-07-12_14-41-49_VNINS.csv,lap,5,46850,1171.328257,2.335911,2470.949,30.872,-0.000950,,-0.223905,35.52841917,-97.47546808,25.216,-43.528,42.748,-10.227,1.110
VN300_2026-07-12_14-41-49_VNINS.csv,lap,5,46851,1171.328257,2.335911,2471.232,31.155,-0.000950,,-0.223905,35.52842103,-97.47547022,25.412,-42.151,42.180,-9.705,1.110
VN300_2026-07-12_14-41-49_VNINS.csv,lap,5,46852,1171.581818,2.589472,2471.518,31.441,0.153453,,-0.223905,35.52842294,-97.47547233,25.633,-41.287,41.322,-9.754,1.110
VN300_2026-07-12_14-41-49_VNINS.csv,lap,5,46853,1171.581818,2.589472,2471.806,31.729,-0.001260,,-0.223905,35.52842490,-97.47547441,25.802,-39.920,40.864,-9.433,1.110
VN300_2026-07-12_14-41-49_VNINS.csv,lap,5,46854,1171.581818,2.589472,2472.095,32.018,-0.001260,,-0.223905,35.52842690,-97.47547646,26.005,-38.972,40.189,-9.248,1.110
VN300_2026-07-12_14-41-49_VNINS.csv,lap,5,46855,1171.581818,2.589472,2472.340,32.263,-0.001260,,-0.223905,35.52842882,-97.47547778,25.987,-37.268,40.025,-8.368,1.090
VN300_2026-07-12_14-41-49_VNINS.csv,lap,5,46856,1171.581818,2.589472,2472.632,32.555,-0.001260,,-0.223905,35.52843091,-97.47547973,26.121,-35.686,39.843,-7.777,1.090
VN300_2026-07-12_14-41-49_VNINS.csv,lap,5,46857,1171.581818,2.589472,2472.926,32.849,-0.001260,,-0.223905,35.52843305,-97.47548165,26.398,-33.849,39.888,-6.960,1.090
VN300_2026-07-12_14-41-49_VNINS.csv,lap,5,46858,1171.581818,2.589472,2473.223,33.146,-0.001260,,-0.223905,35.52843523,-97.47548354,26.526,-32.260,39.821,-6.208,1.090
VN300_2026-07-12_14-41-49_VNINS.csv,lap,5,46859,1171.581818,2.589472,2473.523,33.446,-0.001260,,-0.223905,35.52843746,-97.47548540,26.767,-30.682,39.830,-5.341,1.090
VN300_2026-07-12_14-41-49_VNINS.csv,lap,5,46860,1171.581818,2.589472,2473.823,33.746,-0.001260,,-0.223905,35.52843972,-97.47548722,27.021,-29.327,39.770,-4.596,1.090
VN300_2026-07-12_14-41-49_VNINS.csv,lap,5,46861,1171.581818,2.589472,2474.127,34.050,-0.001260,,-0.223905,35.52844204,-97.47548900,27.139,-28.003,39.753,-3.830,1.090
VN300_2026-07-12_14-41-49_VNINS.csv,lap,5,46862,1171.835241,2.842895,2474.433,34.355,0.020934,,-0.223905,35.52844439,-97.47549074,27.388,-26.797,39.738,-3.173,1.090
VN300_2026-07-12_14-41-49_VNINS.csv,lap,5,46863,1171.835241,2.842895,2474.651,34.574,-0.001216,,-0.223905,35.52844635,-97.47549058,26.929,-25.593,39.770,-2.642,1.070
VN300_2026-07-12_14-41-49_VNINS.csv,lap,5,46864,1171.835241,2.842895,2474.954,34.876,-0.001216,,-0.223905,35.52844875,-97.47549216,27.089,-24.543,39.752,-2.231,1.070
VN300_2026-07-12_14-41-49_VNINS.csv,lap,5,46865,1171.835241,2.842895,2475.258,35.181,-0.001216,,-0.223905,35.52845119,-97.47549369,27.262,-23.531,39.704,-1.743,1.070
VN300_2026-07-12_14-41-49_VNINS.csv,lap,5,46866,1171.835241,2.842895,2475.565,35.488,-0.001216,,-0.223905,35.52845367,-97.47549517,27.377,-22.585,39.602,-1.350,1.070
VN300_2026-07-12_14-41-49_VNINS.csv,lap,5,46867,1171.835241,2.842895,2475.872,35.795,-0.001216,,-0.223905,35.52845618,-97.47549660,27.560,-21.601,39.468,-1.039,1.070
VN300_2026-07-12_14-41-49_VNINS.csv,lap,5,46868,1171.835241,2.842895,2476.181,36.104,-0.001216,,-0.223905,35.52845872,-97.47549798,27.657,-20.610,39.294,-0.823,1.080
VN300_2026-07-12_14-41-49_VNINS.csv,lap,5,46869,1171.835241,2.842895,2476.492,36.415,-0.001216,,-0.223905,35.52846130,-97.47549931,27.786,-19.390,39.174,-0.320,1.080
VN300_2026-07-12_14-41-49_VNINS.csv,lap,5,46870,1171.835241,2.842895,2476.806,36.729,-0.001216,,-0.223905,35.52846392,-97.47550059,27.962,-18.036,39.115,0.398,1.080
VN300_2026-07-12_14-41-49_VNINS.csv,lap,5,46871,1171.835241,2.842895,2477.050,36.973,-0.001216,,-0.223905,35.52846590,-97.47550176,27.824,-16.593,39.098,1.145,1.060
VN300_2026-07-12_14-41-49_VNINS.csv,lap,5,46872,1171.835241,2.842895,2477.363,37.286,-0.184870,,-0.223905,35.52846854,-97.47550295,27.960,-15.260,39.079,1.775,1.060
VN300_2026-07-12_14-41-49_VNINS.csv,lap,5,46873,1172.089158,3.096812,2477.677,37.600,-0.000762,,-0.223905,35.52847121,-97.47550408,28.036,-14.090,39.074,2.283,1.060
VN300_2026-07-12_14-41-49_VNINS.csv,lap,5,46874,1172.089158,3.096812,2477.994,37.916,-0.000762,,-0.223905,35.52847392,-97.47550516,28.273,-13.108,39.060,2.672,1.060
VN300_2026-07-12_14-41-49_VNINS.csv,lap,5,46875,1172.089158,3.096812,2478.312,38.235,-0.000762,,-0.223905,35.52847666,-97.47550619,28.465,-12.282,38.981,3.002,1.060
VN300_2026-07-12_14-41-49_VNINS.csv,lap,5,46876,1172.089158,3.096812,2478.633,38.556,-0.000762,,-0.223905,35.52847943,-97.47550718,28.710,-11.630,38.801,3.311,1.060
VN300_2026-07-12_14-41-49_VNINS.csv,lap,5,46877,1172.089158,3.096812,2478.955,38.878,-0.000762,,-0.223905,35.52848222,-97.47550813,28.877,-11.024,38.633,3.532,1.060
VN300_2026-07-12_14-41-49_VNINS.csv,lap,5,46878,1172.089158,3.096812,2479.281,39.204,-0.000762,,-0.223905,35.52848506,-97.47550903,29.147,-10.513,38.564,3.700,1.060
VN300_2026-07-12_14-41-49_VNINS.csv,lap,5,46879,1172.089158,3.096812,2479.602,39.525,-0.000762,,-0.223905,35.52848785,-97.47550813,29.139,-9.969,38.605,4.169,1.040
VN300_2026-07-12_14-41-49_VNINS.csv,lap,5,46880,1172.089158,3.096812,2479.931,39.853,-0.000762,,-0.223905,35.52849074,-97.47550890,29.365,-9.570,38.646,4.240,1.040
VN300_2026-07-12_14-41-49_VNINS.csv,lap,5,46881,1172.089158,3.096812,2480.262,40.185,-0.000762,,-0.223905,35.52849366,-97.47550963,29.654,-9.265,38.697,4.183,1.040
VN300_2026-07-12_14-41-49_VNINS.csv,lap,5,46882,1172.089158,3.096812,2480.596,40.519,-0.375808,,-0.223905,35.52849661,-97.47551033,29.953,-9.120,38.710,4.093,1.040
VN300_2026-07-12_14-41-49_VNINS.csv,lap,5,46883,1172.363845,3.371499,2480.934,40.857,-0.101121,,-0.223905,35.52849960,-97.47551101,30.240,-8.971,38.698,4.121,1.040
VN300_2026-07-12_14-41-49_VNINS.csv,lap,5,46884,1172.363845,3.371499,2481.275,41.198,-0.101121,,-0.223905,35.52850262,-97.47551166,30.457,-8.948,38.559,4.051,1.040
VN300_2026-07-12_14-41-49_VNINS.csv,lap,5,46885,1172.363845,3.371499,2481.619,41.542,-0.101121,,-0.223905,35.52850567,-97.47551228,30.741,-8.838,38.381,3.967,1.050
VN300_2026-07-12_14-41-49_VNINS.csv,lap,5,46886,1172.363845,3.371499,2481.967,41.889,-0.101121,,-0.223905,35.52850876,-97.47551287,31.105,-8.817,38.203,3.729,1.050
VN300_2026-07-12_14-41-49_VNINS.csv,lap,5,46887,1172.363845,3.371499,2482.317,42.240,-0.101121,,-0.223905,35.52851188,-97.47551344,31.413,-8.588,38.114,3.621,1.050
VN300_2026-07-12_14-41-49_VNINS.csv,lap,5,46888,1172.363845,3.371499,2482.674,42.597,-0.101121,,-0.223905,35.52851503,-97.47551420,31.661,-8.455,37.976,3.416,1.030
VN300_2026-07-12_14-41-49_VNINS.csv,lap,5,46889,1172.363845,3.371499,2483.032,42.955,-0.101121,,-0.223905,35.52851822,-97.47551473,32.010,-8.157,37.864,3.189,1.030
VN300_2026-07-12_14-41-49_VNINS.csv,lap,5,46890,1172.363845,3.371499,2483.393,43.316,-0.101121,,-0.223905,35.52852144,-97.47551524,32.316,-8.023,37.725,2.996,1.030
VN300_2026-07-12_14-41-49_VNINS.csv,lap,5,46891,1172.363845,3.371499,2483.757,43.680,-0.101121,,-0.223905,35.52852469,-97.47551573,32.627,-7.702,37.608,2.969,1.030
VN300_2026-07-12_14-41-49_VNINS.csv,lap,5,46892,1172.363845,3.371499,2484.125,44.048,-0.101121,,-0.223905,35.52852798,-97.47551618,32.865,-7.607,37.361,2.523,1.030
VN300_2026-07-12_14-41-49_VNINS.csv,lap,5,46893,1172.363845,3.371499,2484.497,44.419,-0.101121,,-0.223905,35.52853130,-97.47551661,33.260,-7.324,37.150,2.322,1.030
VN300_2026-07-12_14-41-49_VNINS.csv,lap,5,46894,1172.617689,3.625343,2484.871,44.794,0.152723,,-0.223905,35.52853465,-97.47551701,33.548,-7.186,36.889,1.989,1.030
VN300_2026-07-12_14-41-49_VNINS.csv,lap,5,46895,1172.617689,3.625343,2485.249,45.172,0.152723,,-0.223905,35.52853804,-97.47551738,33.751,-6.796,36.700,2.052,1.030
VN300_2026-07-12_14-41-49_VNINS.csv,lap,5,46896,1172.617689,3.625343,2485.630,45.552,0.089766,,-0.223905,35.52854144,-97.47551782,33.935,-6.298,36.465,2.027,1.010
VN300_2026-07-12_14-41-49_VNINS.csv,lap,5,46897,1172.617689,3.625343,2486.012,45.935,-0.102349,,-0.223905,35.52854487,-97.47551813,34.206,-5.683,36.310,1.984,1.010
VN300_2026-07-12_14-41-49_VNINS.csv,lap,5,46898,1172.617689,3.625343,2486.397,46.320,-0.102349,,-0.223905,35.52854833,-97.47551840,34.538,-5.027,36.259,2.142,1.010
VN300_2026-07-12_14-41-49_VNINS.csv,lap,5,46899,1172.617689,3.625343,2486.786,46.709,-0.102349,,-0.223905,35.52855182,-97.47551863,34.810,-4.257,36.252,2.336,1.020
VN300_2026-07-12_14-41-49_VNINS.csv,lap,5,46900,1172.617689,3.625343,2487.178,47.101,-0.102349,,-0.223905,35.52855534,-97.47551884,34.979,-3.492,36.240,2.608,1.020
VN300_2026-07-12_14-41-49_VNINS.csv,lap,5,46901,1172.617689,3.625343,2487.572,47.495,-0.102349,,-0.223905,35.52855888,-97.47551901,35.266,-2.736,36.196,2.871,1.020
VN300_2026-07-12_14-41-49_VNINS.csv,lap,5,46902,1172.617689,3.625343,2487.969,47.892,-0.102349,,-0.223905,35.52856245,-97.47551914,35.567,-2.093,36.079,3.104,1.020
VN300_2026-07-12_14-41-49_VNINS.csv,lap,5,46903,1172.617689,3.625343,2488.367,48.289,-0.102349,,-0.223905,35.52856602,-97.47551938,35.622,-1.476,35.895,3.166,1.000
VN300_2026-07-12_14-41-49_VNINS.csv,lap,5,46904,1172.871159,3.878813,2488.767,48.690,0.151121,,-0.223905,35.52856962,-97.47551943,35.886,-0.916,35.731,3.326,1.000
VN300_2026-07-12_14-41-49_VNINS.csv,lap,5,46905,1172.871159,3.878813,2489.169,49.092,0.151121,,-0.223905,35.52857324,-97.47551943,36.027,-0.365,35.618,3.571,1.000
VN300_2026-07-12_14-41-49_VNINS.csv,lap,5,46906,1172.871159,3.878813,2489.575,49.498,0.151121,,-0.223905,35.52857689,-97.47551939,36.329,0.141,35.556,3.681,1.000
VN300_2026-07-12_14-41-49_VNINS.csv,lap,5,46907,1172.871159,3.878813,2489.981,49.904,0.025159,,-0.223905,35.52858054,-97.47551930,36.350,0.665,35.507,3.795,1.000
VN300_2026-07-12_14-41-49_VNINS.csv,lap,5,46908,1172.871159,3.878813,2490.391,50.313,-0.102620,,-0.223905,35.52858422,-97.47551917,36.571,1.132,35.478,3.950,1.000
VN300_2026-07-12_14-41-49_VNINS.csv,lap,5,46909,1172.871159,3.878813,2490.802,50.725,-0.102620,,-0.223905,35.52858792,-97.47551900,36.809,1.608,35.449,4.025,1.000
VN300_2026-07-12_14-41-49_VNINS.csv,lap,5,46910,1172.871159,3.878813,2491.216,51.139,-0.102620,,-0.223905,35.52859164,-97.47551879,37.094,2.077,35.418,3.987,1.010
VN300_2026-07-12_14-41-49_VNINS.csv,lap,5,46911,1172.871159,3.878813,2491.629,51.552,-0.102620,,-0.223905,35.52859535,-97.47551894,37.108,2.564,35.344,4.187,0.990
VN300_2026-07-12_14-41-49_VNINS.csv,lap,5,46912,1172.871159,3.878813,2492.046,51.969,-0.102620,,-0.223905,35.52859909,-97.47551865,37.338,3.031,35.227,4.250,0.990
VN300_2026-07-12_14-41-49_VNINS.csv,lap,5,46913,1172.871159,3.878813,2492.465,52.388,-0.102620,,-0.223905,35.52860285,-97.47551831,37.531,3.525,35.139,4.112,0.990
VN300_2026-07-12_14-41-49_VNINS.csv,lap,5,46914,1173.124598,4.132252,2492.888,52.811,0.150819,,-0.223905,35.52860664,-97.47551793,37.677,3.928,35.002,3.974,0.990
VN300_2026-07-12_14-41-49_VNINS.csv,lap,5,46915,1173.124598,4.132252,2493.311,53.234,0.150819,,-0.223905,35.52861043,-97.47551749,37.964,4.374,34.924,4.083,0.990
VN300_2026-07-12_14-41-49_VNINS.csv,lap,5,46916,1173.124598,4.132252,2493.737,53.660,0.150819,,-0.223905,35.52861424,-97.47551699,38.196,4.819,34.937,4.092,0.990
VN300_2026-07-12_14-41-49_VNINS.csv,lap,5,46917,1173.124598,4.132252,2494.167,54.090,0.150819,,-0.223905,35.52861808,-97.47551643,38.447,5.308,34.987,4.002,0.990
VN300_2026-07-12_14-41-49_VNINS.csv,lap,5,46918,1173.124598,4.132252,2494.599,54.522,-0.059831,,-0.223905,35.52862193,-97.47551583,38.676,5.597,34.979,3.874,0.990
VN300_2026-07-12_14-41-49_VNINS.csv,lap,5,46919,1173.124598,4.132252,2495.094,55.016,-0.102599,,-0.223905,35.52862632,-97.47551672,39.139,6.003,35.053,4.120,0.980
VN300_2026-07-12_14-41-49_VNINS.csv,lap,5,46920,1173.124598,4.132252,2495.535,55.457,-0.102599,,-0.223905,35.52863025,-97.47551607,39.395,6.237,35.121,3.974,0.980
VN300_2026-07-12_14-41-49_VNINS.csv,lap,5,46921,1173.124598,4.132252,2495.978,55.901,-0.102599,,-0.223905,35.52863420,-97.47551541,39.584,6.461,35.102,4.025,0.980
VN300_2026-07-12_14-41-49_VNINS.csv,lap,5,46922,1173.124598,4.132252,2496.424,56.346,-0.102599,,-0.223905,35.52863817,-97.47551472,39.917,6.511,34.989,4.017,0.980
VN300_2026-07-12_14-41-49_VNINS.csv,lap,5,46923,1173.124598,4.132252,2496.871,56.794,-0.102599,,-0.223905,35.52864215,-97.47551399,40.091,6.463,34.742,4.066,0.980
VN300_2026-07-12_14-41-49_VNINS.csv,lap,5,46924,1173.392168,4.399822,2497.321,57.244,0.164971,,-0.223905,35.52864615,-97.47551321,40.301,6.242,34.475,3.978,0.980
VN300_2026-07-12_14-41-49_VNINS.csv,lap,5,46925,1173.392168,4.399822,2497.776,57.699,0.164971,,-0.223905,35.52865018,-97.47551238,40.598,6.043,34.261,3.829,0.980
VN300_2026-07-12_14-41-49_VNINS.csv,lap,5,46926,1173.392168,4.399822,2498.231,58.154,0.164971,,-0.223905,35.52865421,-97.47551148,40.810,5.707,34.107,3.454,0.980
VN300_2026-07-12_14-41-49_VNINS.csv,lap,5,46927,1173.392168,4.399822,2498.766,58.689,0.164971,,-0.223905,35.52865876,-97.47551341,41.167,5.409,34.054,3.360,0.960
VN300_2026-07-12_14-41-49_VNINS.csv,lap,5,46928,1173.392168,4.399822,2499.230,59.153,0.069633,,-0.223905,35.52866287,-97.47551255,41.370,5.012,33.948,2.989,0.970
VN300_2026-07-12_14-41-49_VNINS.csv,lap,5,46929,1173.392168,4.399822,2499.694,59.617,-0.103395,,-0.223905,35.52866697,-97.47551161,41.548,4.644,33.886,2.570,0.970
VN300_2026-07-12_14-41-49_VNINS.csv,lap,5,46930,1173.392168,4.399822,2500.161,60.084,-0.103395,,-0.223905,35.52867110,-97.47551066,41.773,4.077,33.709,2.022,0.970
VN300_2026-07-12_14-41-49_VNINS.csv,lap,5,46931,1173.392168,4.399822,2500.630,60.553,-0.103395,,-0.223905,35.52867524,-97.47550967,41.953,3.609,33.548,1.658,0.970
VN300_2026-07-12_14-41-49_VNINS.csv,lap,5,46932,1173.392168,4.399822,2501.103,61.026,-0.103395,,-0.223905,35.52867942,-97.47550868,42.327,2.938,33.301,0.965,0.970
VN300_2026-07-12_14-41-49_VNINS.csv,lap,5,46933,1173.392168,4.399822,2501.579,61.502,-0.103395,,-0.223905,35.52868362,-97.47550768,42.393,2.381,33.092,0.350,0.970
VN300_2026-07-12_14-41-49_VNINS.csv,lap,5,46934,1173.392168,4.399822,2502.055,61.978,-0.103395,,-0.223905,35.52868782,-97.47550666,42.652,1.566,32.763,-0.436,0.970
VN300_2026-07-12_14-41-49_VNINS.csv,lap,5,46935,1173.645987,4.653641,2502.763,62.686,0.150424,,-0.223905,35.52869297,-97.47551126,43.313,0.934,32.697,-0.758,0.950
VN300_2026-07-12_14-41-49_VNINS.csv,lap,5,46936,1173.645987,4.653641,2503.250,63.173,0.150424,,-0.223905,35.52869730,-97.47551044,43.423,0.072,32.525,-1.554,0.950
VN300_2026-07-12_14-41-49_VNINS.csv,lap,5,46937,1173.645987,4.653641,2503.739,63.662,0.150424,,-0.223905,35.52870165,-97.47550963,43.749,-0.551,32.457,-2.365,0.960
VN300_2026-07-12_14-41-49_VNINS.csv,lap,5,46938,1173.645987,4.653641,2504.233,64.156,0.150424,,-0.223905,35.52870604,-97.47550884,44.048,-1.351,32.229,-2.889,0.960
VN300_2026-07-12_14-41-49_VNINS.csv,lap,5,46939,1173.645987,4.653641,2504.728,64.651,0.150424,,-0.223905,35.52871045,-97.47550806,44.196,-1.881,31.940,-3.229,0.960
VN300_2026-07-12_14-41-49_VNINS.csv,lap,5,46940,1173.645987,4.653641,2505.225,65.148,0.066470,,-0.223905,35.52871487,-97.47550724,44.391,-2.421,31.614,-3.707,0.960
VN300_2026-07-12_14-41-49_VNINS.csv,lap,5,46941,1173.645987,4.653641,2505.724,65.647,-0.103829,,-0.223905,35.52871930,-97.47550638,44.534,-2.690,31.443,-4.224,0.960
VN300_2026-07-12_14-41-49_VNINS.csv,lap,5,46942,1173.645987,4.653641,2506.224,66.147,-0.103829,,-0.223905,35.52872374,-97.47550549,44.744,-2.990,31.367,-4.655,0.960
VN300_2026-07-12_14-41-49_VNINS.csv,lap,5,46943,1173.645987,4.653641,2506.819,66.742,-0.103829,,-0.223905,35.52872765,-97.47550998,44.854,-3.161,31.381,-4.977,0.940
VN300_2026-07-12_14-41-49_VNINS.csv,lap,5,46944,1173.645987,4.653641,2507.326,67.249,-0.103829,,-0.223905,35.52873217,-97.47550929,45.039,-3.390,31.410,-5.311,0.940
VN300_2026-07-12_14-41-49_VNINS.csv,lap,5,46945,1173.899500,4.907154,2507.832,67.755,0.149684,,-0.223905,35.52873669,-97.47550862,45.199,-3.545,31.306,-5.735,0.950
VN300_2026-07-12_14-41-49_VNINS.csv,lap,5,46946,1173.899500,4.907154,2508.340,68.263,0.149684,,-0.223905,35.52874123,-97.47550797,45.413,-3.769,31.134,-6.253,0.950
VN300_2026-07-12_14-41-49_VNINS.csv,lap,5,46947,1173.899500,4.907154,2508.852,68.774,0.149684,,-0.223905,35.52874580,-97.47550735,45.549,-4.102,30.946,-6.603,0.950
VN300_2026-07-12_14-41-49_VNINS.csv,lap,5,46948,1173.899500,4.907154,2509.363,69.286,0.149684,,-0.223905,35.52875038,-97.47550677,45.723,-4.533,30.712,-7.040,0.950
VN300_2026-07-12_14-41-49_VNINS.csv,lap,5,46949,1173.899500,4.907154,2509.879,69.801,0.149684,,-0.223905,35.52875499,-97.47550621,45.894,-5.075,30.555,-7.646,0.950
VN300_2026-07-12_14-41-49_VNINS.csv,lap,5,46950,1173.899500,4.907154,2510.394,70.317,0.149684,,-0.223905,35.52875961,-97.47550570,45.854,-5.629,30.371,-8.140,0.950
VN300_2026-07-12_14-41-49_VNINS.csv,lap,5,46951,1173.899500,4.907154,2510.968,70.891,-0.017248,,-0.223905,35.52876304,-97.47551044,45.365,-6.137,30.074,-8.584,0.930
VN300_2026-07-12_14-41-49_VNINS.csv,lap,5,46952,1173.899500,4.907154,2511.478,71.401,-0.104221,,-0.223905,35.52876762,-97.47551022,45.518,-6.682,29.771,-9.091,0.940
VN300_2026-07-12_14-41-49_VNINS.csv,lap,5,46953,1173.899500,4.907154,2511.991,71.914,-0.104221,,-0.223905,35.52877223,-97.47551004,45.623,-7.232,29.625,-9.500,0.940
VN300_2026-07-12_14-41-49_VNINS.csv,lap,5,46954,1173.899500,4.907154,2512.501,72.424,-0.104221,,-0.223905,35.52877682,-97.47550991,45.612,-7.790,29.503,-10.098,0.940
VN300_2026-07-12_14-41-49_VNINS.csv,lap,5,46955,1174.153041,5.160695,2513.014,72.937,0.149320,,-0.223905,35.52878143,-97.47550983,45.675,-8.213,29.343,-10.475,0.940
VN300_2026-07-12_14-41-49_VNINS.csv,lap,5,46956,1174.153041,5.160695,2513.527,73.449,0.149320,,-0.223905,35.52878604,-97.47550980,45.671,-8.506,29.163,-10.754,0.940
VN300_2026-07-12_14-41-49_VNINS.csv,lap,5,46957,1174.153041,5.160695,2514.039,73.962,0.149320,,-0.223905,35.52879065,-97.47550982,45.780,-8.799,28.932,-11.044,0.940
VN300_2026-07-12_14-41-49_VNINS.csv,lap,5,46958,1174.153041,5.160695,2514.555,74.478,0.149320,,-0.223905,35.52879529,-97.47550989,46.033,-9.090,28.816,-11.290,0.940
VN300_2026-07-12_14-41-49_VNINS.csv,lap,5,46959,1174.153041,5.160695,2514.973,74.895,0.149320,,-0.223905,35.52879732,-97.47551377,45.391,-9.365,28.816,-11.682,0.930
VN300_2026-07-12_14-41-49_VNINS.csv,lap,5,46960,1174.153041,5.160695,2515.483,75.405,0.149320,,-0.223905,35.52880190,-97.47551406,45.368,-9.547,28.790,-12.066,0.930
VN300_2026-07-12_14-41-49_VNINS.csv,lap,5,46961,1174.153041,5.160695,2515.992,75.914,0.141618,,-0.223905,35.52880647,-97.47551440,45.412,-9.562,28.733,-12.224,0.930
VN300_2026-07-12_14-41-49_VNINS.csv,lap,5,46962,1174.153041,5.160695,2516.501,76.424,-0.104828,,-0.223905,35.52881104,-97.47551478,45.414,-9.482,28.706,-12.245,0.930
VN300_2026-07-12_14-41-49_VNINS.csv,lap,5,46963,1174.153041,5.160695,2517.012,76.935,-0.104828,,-0.223905,35.52881562,-97.47551521,45.476,-9.293,28.697,-12.547,0.930
VN300_2026-07-12_14-41-49_VNINS.csv,lap,5,46964,1174.153041,5.160695,2517.523,77.446,-0.104828,,-0.223905,35.52882020,-97.47551568,45.606,-9.006,28.764,-12.609,0.930
VN300_2026-07-12_14-41-49_VNINS.csv,lap,5,46965,1174.423251,5.430905,2518.035,77.958,0.165382,,-0.223905,35.52882479,-97.47551617,45.670,-8.642,28.883,-12.788,0.930
VN300_2026-07-12_14-41-49_VNINS.csv,lap,5,46966,1174.423251,5.430905,2518.547,78.469,0.165382,,-0.223905,35.52882937,-97.47551669,45.530,-8.091,29.004,-12.732,0.930
VN300_2026-07-12_14-41-49_VNINS.csv,lap,5,46967,1174.423251,5.430905,2519.058,78.981,0.165382,,-0.223905,35.52883395,-97.47551723,45.563,-7.306,29.021,-12.678,0.930
VN300_2026-07-12_14-41-49_VNINS.csv,lap,5,46968,1174.423251,5.430905,2519.179,79.102,0.165382,,-0.223905,35.52883457,-97.47551833,44.273,-6.347,29.036,-12.618,0.920
VN300_2026-07-12_14-41-49_VNINS.csv,lap,5,46969,1174.423251,5.430905,2519.677,79.600,0.165382,,-0.223905,35.52883902,-97.47551896,44.319,-5.303,29.064,-12.434,0.920
VN300_2026-07-12_14-41-49_VNINS.csv,lap,5,46970,1174.423251,5.430905,2520.173,80.096,0.165382,,-0.223905,35.52884345,-97.47551959,44.203,-4.221,29.037,-12.320,0.920
VN300_2026-07-12_14-41-49_VNINS.csv,lap,5,46971,1174.423251,5.430905,2520.669,80.592,0.165382,,-0.223905,35.52884788,-97.47552024,44.206,-3.097,29.077,-12.231,0.920
VN300_2026-07-12_14-41-49_VNINS.csv,lap,5,46972,1174.423251,5.430905,2521.164,81.087,0.135976,,-0.223905,35.52885230,-97.47552090,44.099,-1.953,29.189,-12.064,0.920
VN300_2026-07-12_14-41-49_VNINS.csv,lap,5,46973,1174.423251,5.430905,2521.658,81.581,-0.113201,,-0.223905,35.52885671,-97.47552156,44.056,-0.813,29.276,-11.770,0.920
VN300_2026-07-12_14-41-49_VNINS.csv,lap,5,46974,1174.423251,5.430905,2522.153,82.075,-0.113201,,-0.223905,35.52886112,-97.47552223,43.986,0.338,29.406,-11.566,0.920
VN300_2026-07-12_14-41-49_VNINS.csv,lap,5,46975,1174.423251,5.430905,2522.454,82.377,-0.113201,,-0.223905,35.52886161,-97.47551895,42.524,1.396,29.548,-11.376,0.910
VN300_2026-07-12_14-41-49_VNINS.csv,lap,5,46976,1174.677032,5.684686,2522.932,82.855,0.140580,,-0.223905,35.52886588,-97.47551952,42.472,2.341,29.637,-11.043,0.910
VN300_2026-07-12_14-41-49_VNINS.csv,lap,5,46977,1174.677032,5.684686,2523.407,83.330,0.140580,,-0.223905,35.52887013,-97.47552009,42.337,3.200,29.732,-10.676,0.910
VN300_2026-07-12_14-41-49_VNINS.csv,lap,5,46978,1174.677032,5.684686,2523.881,83.804,0.140580,,-0.223905,35.52887437,-97.47552063,42.185,3.897,29.817,-10.589,0.910
VN300_2026-07-12_14-41-49_VNINS.csv,lap,5,46979,1174.677032,5.684686,2524.354,84.277,0.140580,,-0.223905,35.52887860,-97.47552119,42.058,4.429,29.814,-10.549,0.910
VN300_2026-07-12_14-41-49_VNINS.csv,lap,5,46980,1174.677032,5.684686,2524.827,84.750,0.140580,,-0.223905,35.52888283,-97.47552175,42.103,4.886,29.748,-10.401,0.910
VN300_2026-07-12_14-41-49_VNINS.csv,lap,5,46981,1174.677032,5.684686,2525.299,85.222,0.140580,,-0.223905,35.52888705,-97.47552231,42.120,5.324,29.749,-10.313,0.920
VN300_2026-07-12_14-41-49_VNINS.csv,lap,5,46982,1174.677032,5.684686,2525.774,85.696,0.140580,,-0.223905,35.52889129,-97.47552286,42.155,5.745,29.741,-10.256,0.920
VN300_2026-07-12_14-41-49_VNINS.csv,lap,5,46983,1174.677032,5.684686,2526.200,86.123,0.140580,,-0.223905,35.52889193,-97.47551821,40.875,6.149,29.722,-10.223,0.900
VN300_2026-07-12_14-41-49_VNINS.csv,lap,5,46984,1174.677032,5.684686,2526.660,86.582,-0.029719,,-0.223905,35.52889605,-97.47551858,40.955,6.619,29.679,-10.260,0.900
VN300_2026-07-12_14-41-49_VNINS.csv,lap,5,46985,1174.677032,5.684686,2527.119,87.042,-0.113255,,-0.223905,35.52890017,-97.47551895,40.903,7.219,29.623,-10.212,0.900
VN300_2026-07-12_14-41-49_VNINS.csv,lap,5,46986,1174.930980,5.938634,2527.578,87.501,0.140693,,-0.223905,35.52890429,-97.47551930,41.044,7.898,29.527,-9.996,0.910
VN300_2026-07-12_14-41-49_VNINS.csv,lap,5,46987,1174.930980,5.938634,2528.040,87.962,0.140693,,-0.223905,35.52890843,-97.47551965,41.042,8.689,29.528,-9.565,0.910
VN300_2026-07-12_14-41-49_VNINS.csv,lap,5,46988,1174.930980,5.938634,2528.502,88.425,0.140693,,-0.223905,35.52891258,-97.47551997,41.203,9.543,29.649,-9.731,0.910
VN300_2026-07-12_14-41-49_VNINS.csv,lap,5,46989,1174.930980,5.938634,2528.964,88.887,0.140693,,-0.223905,35.52891673,-97.47552027,41.179,10.479,29.759,-9.543,0.910
VN300_2026-07-12_14-41-49_VNINS.csv,lap,5,46990,1174.930980,5.938634,2529.425,89.348,0.140693,,-0.223905,35.52892087,-97.47552055,41.099,11.549,29.810,-9.130,0.910
VN300_2026-07-12_14-41-49_VNINS.csv,lap,5,46991,1174.930980,5.938634,2529.919,89.842,0.140693,,-0.223905,35.52892171,-97.47551519,40.076,12.801,29.900,-8.476,0.900
VN300_2026-07-12_14-41-49_VNINS.csv,lap,5,46992,1174.930980,5.938634,2530.370,90.292,-1.142448,,-0.223905,35.52892576,-97.47551522,40.008,14.041,29.911,-8.326,0.900
VN300_2026-07-12_14-41-49_VNINS.csv,lap,5,46993,1174.930980,5.938634,2530.818,90.740,-1.142448,,-0.223905,35.52892979,-97.47551524,39.851,15.272,29.853,-8.019,0.900
VN300_2026-07-12_14-41-49_VNINS.csv,lap,5,46994,1174.930980,5.938634,2531.265,91.187,-1.142448,,-0.223905,35.52893381,-97.47551524,39.838,16.534,29.737,-7.588,0.900
VN300_2026-07-12_14-41-49_VNINS.csv,lap,5,46995,1174.930980,5.938634,2531.712,91.634,-1.142448,,-0.223905,35.52893783,-97.47551521,39.718,17.853,29.668,-7.115,0.900
VN300_2026-07-12_14-41-49_VNINS.csv,lap,5,46996,1174.930980,5.938634,2532.158,92.080,-1.142448,,-0.223905,35.52894184,-97.47551516,39.731,19.179,29.577,-6.564,0.900
VN300_2026-07-12_14-41-49_VNINS.csv,lap,5,46997,1175.209958,6.217612,2532.604,92.526,-0.863470,,-0.223905,35.52894585,-97.47551509,39.617,20.595,29.552,-5.944,0.900
VN300_2026-07-12_14-41-49_VNINS.csv,lap,5,46998,1175.209958,6.217612,2533.047,92.970,-0.863470,,-0.223905,35.52894984,-97.47551498,39.541,22.024,29.588,-5.463,0.900
VN300_2026-07-12_14-41-49_VNINS.csv,lap,5,46999,1175.209958,6.217612,2533.901,93.823,-0.863470,,-0.223905,35.52895033,-97.47550557,38.780,23.439,29.696,-5.068,0.890
VN300_2026-07-12_14-41-49_VNINS.csv,lap,5,47000,1175.209958,6.217612,2534.337,94.259,-0.863470,,-0.223905,35.52895423,-97.47550507,38.781,24.724,29.728,-4.528,0.890
VN300_2026-07-12_14-41-49_VNINS.csv,lap,5,47001,1175.209958,6.217612,2534.771,94.694,-0.863470,,-0.223905,35.52895811,-97.47550453,38.758,25.953,29.736,-4.165,0.890
VN300_2026-07-12_14-41-49_VNINS.csv,lap,5,47002,1175.209958,6.217612,2535.206,95.128,-0.863470,,-0.223905,35.52896199,-97.47550394,38.734,27.129,29.759,-3.749,0.890
VN300_2026-07-12_14-41-49_VNINS.csv,lap,5,47003,1175.209958,6.217612,2535.642,95.565,-0.863470,,-0.223905,35.52896588,-97.47550331,38.803,28.275,29.849,-3.101,0.890
VN300_2026-07-12_14-41-49_VNINS.csv,lap,5,47004,1175.209958,6.217612,2536.076,95.998,-0.863470,,-0.223905,35.52896974,-97.47550261,38.669,29.356,29.920,-2.657,0.890
VN300_2026-07-12_14-41-49_VNINS.csv,lap,5,47005,1175.209958,6.217612,2536.510,96.433,-0.863470,,-0.223905,35.52897360,-97.47550185,38.655,30.290,29.932,-2.601,0.900
VN300_2026-07-12_14-41-49_VNINS.csv,lap,5,47006,1175.209958,6.217612,2536.943,96.865,-0.863470,,-0.223905,35.52897743,-97.47550103,38.482,31.120,29.871,-2.389,0.900
VN300_2026-07-12_14-41-49_VNINS.csv,lap,5,47007,1175.209958,6.217612,2537.373,97.295,-0.863470,,-0.223905,35.52898123,-97.47550015,38.119,31.910,29.677,-2.019,0.900
VN300_2026-07-12_14-41-49_VNINS.csv,lap,5,47008,1175.487011,6.494665,2538.247,98.170,-0.586417,,-0.223905,35.52898080,-97.47549050,37.634,32.632,29.480,-1.868,0.880
VN300_2026-07-12_14-41-49_VNINS.csv,lap,5,47009,1175.487011,6.494665,2538.669,98.592,-0.586417,,-0.223905,35.52898443,-97.47548915,37.607,33.422,29.345,-1.680,0.890
VN300_2026-07-12_14-41-49_VNINS.csv,lap,5,47010,1175.487011,6.494665,2539.090,99.013,-0.586417,,-0.223905,35.52898804,-97.47548774,37.603,34.247,29.257,-1.252,0.890
VN300_2026-07-12_14-41-49_VNINS.csv,lap,5,47011,1175.487011,6.494665,2539.511,99.434,-0.586417,,-0.223905,35.52899163,-97.47548627,37.574,35.114,29.179,-0.906,0.890
VN300_2026-07-12_14-41-49_VNINS.csv,lap,5,47012,1175.487011,6.494665,2539.931,99.854,-0.586417,,-0.223905,35.52899519,-97.47548471,37.411,35.943,29.114,-0.778,0.890
VN300_2026-07-12_14-41-49_VNINS.csv,lap,5,47013,1175.487011,6.494665,2540.350,100.273,-0.586417,,-0.223905,35.52899871,-97.47548305,37.473,36.754,29.012,-0.516,0.890
VN300_2026-07-12_14-41-49_VNINS.csv,lap,5,47014,1175.487011,6.494665,2540.770,100.693,-0.586417,,-0.223905,35.52900222,-97.47548134,37.582,37.545,28.907,-0.187,0.890
VN300_2026-07-12_14-41-49_VNINS.csv,lap,5,47015,1175.487011,6.494665,2541.426,101.349,-0.586417,,-0.223905,35.52900320,-97.47547419,38.067,38.333,28.821,0.037,0.880
VN300_2026-07-12_14-41-49_VNINS.csv,lap,5,47016,1175.487011,6.494665,2541.853,101.776,-0.586417,,-0.223905,35.52900665,-97.47547213,38.163,39.013,28.778,0.183,0.880
VN300_2026-07-12_14-41-49_VNINS.csv,lap,5,47017,1175.487011,6.494665,2542.281,102.204,-0.586417,,-0.223905,35.52901009,-97.47547000,38.310,39.609,28.712,0.408,0.880
VN300_2026-07-12_14-41-49_VNINS.csv,lap,5,47018,1175.487011,6.494665,2542.711,102.633,-0.586417,,-0.223905,35.52901351,-97.47546780,38.482,40.066,28.636,0.470,0.880
VN300_2026-07-12_14-41-49_VNINS.csv,lap,5,47019,1175.741919,6.749573,2543.143,103.066,-0.331509,,-0.223905,35.52901693,-97.47546552,38.775,40.407,28.594,0.517,0.880
VN300_2026-07-12_14-41-49_VNINS.csv,lap,5,47020,1175.741919,6.749573,2543.578,103.501,-0.331509,,-0.223905,35.52902034,-97.47546317,39.093,40.559,28.574,0.479,0.880
VN300_2026-07-12_14-41-49_VNINS.csv,lap,5,47021,1175.741919,6.749573,2544.015,103.938,-0.331509,,-0.223905,35.52902375,-97.47546076,39.310,40.550,28.559,0.457,0.880
VN300_2026-07-12_14-41-49_VNINS.csv,lap,5,47022,1175.741919,6.749573,2544.456,104.379,-0.331509,,-0.223905,35.52902716,-97.47545828,39.503,40.370,28.529,0.404,0.880
VN300_2026-07-12_14-41-49_VNINS.csv,lap,5,47023,1175.741919,6.749573,2544.951,104.874,-0.331509,,-0.223905,35.52902846,-97.47545305,39.797,40.013,28.463,0.180,0.870
VN300_2026-07-12_14-41-49_VNINS.csv,lap,5,47024,1175.741919,6.749573,2545.397,105.320,-0.331509,,-0.223905,35.52903182,-97.47545035,40.026,39.472,28.349,-0.095,0.870
VN300_2026-07-12_14-41-49_VNINS.csv,lap,5,47025,1175.741919,6.749573,2545.846,105.769,-0.331509,,-0.223905,35.52903519,-97.47544762,40.309,38.911,28.252,-0.369,0.870
VN300_2026-07-12_14-41-49_VNINS.csv,lap,5,47026,1175.741919,6.749573,2546.299,106.222,-0.331509,,-0.223905,35.52903857,-97.47544482,40.683,38.334,28.185,-0.667,0.870
VN300_2026-07-12_14-41-49_VNINS.csv,lap,5,47027,1175.741919,6.749573,2546.755,106.677,-0.331509,,-0.223905,35.52904195,-97.47544198,40.901,37.840,28.095,-0.893,0.870
VN300_2026-07-12_14-41-49_VNINS.csv,lap,5,47028,1175.741919,6.749573,2547.214,107.136,-0.331509,,-0.223905,35.52904533,-97.47543907,41.189,37.394,27.998,-1.117,0.870
VN300_2026-07-12_14-41-49_VNINS.csv,lap,5,47029,1175.995918,7.003572,2547.676,107.599,-0.077510,,-0.223905,35.52904873,-97.47543612,41.465,37.073,27.868,-1.260,0.880
VN300_2026-07-12_14-41-49_VNINS.csv,lap,5,47030,1175.995918,7.003572,2548.141,108.064,-0.077510,,-0.223905,35.52905214,-97.47543315,41.810,36.771,27.719,-1.503,0.880
VN300_2026-07-12_14-41-49_VNINS.csv,lap,5,47031,1175.995918,7.003572,2548.667,108.590,-0.077510,,-0.223905,35.52905679,-97.47543207,41.940,36.546,27.544,-1.661,0.860
VN300_2026-07-12_14-41-49_VNINS.csv,lap,5,47032,1175.995918,7.003572,2549.138,109.061,-0.077510,,-0.223905,35.52906026,-97.47542909,42.165,36.385,27.353,-1.689,0.860
VN300_2026-07-12_14-41-49_VNINS.csv,lap,5,47033,1175.995918,7.003572,2549.611,109.533,-0.077510,,-0.223905,35.52906372,-97.47542606,42.372,36.290,27.112,-1.816,0.870
VN300_2026-07-12_14-41-49_VNINS.csv,lap,5,47034,1175.995918,7.003572,2550.085,110.008,-0.077510,,-0.223905,35.52906719,-97.47542300,42.657,36.192,26.901,-1.971,0.870
VN300_2026-07-12_14-41-49_VNINS.csv,lap,5,47035,1175.995918,7.003572,2550.564,110.487,-0.077510,,-0.223905,35.52907068,-97.47541990,42.947,36.078,26.788,-2.049,0.870
VN300_2026-07-12_14-41-49_VNINS.csv,lap,5,47036,1175.995918,7.003572,2551.045,110.968,-0.077510,,-0.223905,35.52907417,-97.47541676,43.174,35.918,26.697,-2.186,0.870
VN300_2026-07-12_14-41-49_VNINS.csv,lap,5,47037,1175.995918,7.003572,2551.529,111.452,-0.077510,,-0.223905,35.52907766,-97.47541357,43.403,35.715,26.591,-2.374,0.870
VN300_2026-07-12_14-41-49_VNINS.csv,lap,5,47038,1175.995918,7.003572,2552.015,111.938,-0.077510,,-0.223905,35.52908117,-97.47541036,43.750,35.407,26.442,-2.535,0.870
VN300_2026-07-12_14-41-49_VNINS.csv,lap,5,47039,1176.250495,7.258149,2552.517,112.440,0.177067,,-0.223905,35.52908560,-97.47540930,43.822,35.037,26.347,-3.052,0.860
VN300_2026-07-12_14-41-49_VNINS.csv,lap,5,47040,1176.250495,7.258149,2553.008,112.931,0.177067,,-0.223905,35.52908913,-97.47540604,44.034,34.568,26.285,-3.405,0.860
VN300_2026-07-12_14-41-49_VNINS.csv,lap,5,47041,1176.250495,7.258149,2553.502,113.425,0.177067,,-0.223905,35.52909270,-97.47540279,44.198,34.134,26.245,-3.744,0.860
VN300_2026-07-12_14-41-49_VNINS.csv,lap,5,47042,1176.250495,7.258149,2553.998,113.920,0.091028,,-0.223905,35.52909627,-97.47539952,44.354,33.617,26.022,-4.166,0.860
VN300_2026-07-12_14-41-49_VNINS.csv,lap,5,47043,1176.250495,7.258149,2554.494,114.417,-0.076805,,-0.223905,35.52909985,-97.47539624,44.477,33.131,25.831,-4.656,0.860
VN300_2026-07-12_14-41-49_VNINS.csv,lap,5,47044,1176.250495,7.258149,2554.992,114.914,-0.076805,,-0.223905,35.52910344,-97.47539296,44.611,32.663,25.604,-4.696,0.860
VN300_2026-07-12_14-41-49_VNINS.csv,lap,5,47045,1176.250495,7.258149,2555.492,115.415,-0.076805,,-0.223905,35.52910704,-97.47538964,44.768,32.296,25.427,-5.129,0.860
VN300_2026-07-12_14-41-49_VNINS.csv,lap,5,47046,1176.250495,7.258149,2555.993,115.916,-0.076805,,-0.223905,35.52911064,-97.47538631,44.983,31.885,25.312,-5.635,0.860
VN300_2026-07-12_14-41-49_VNINS.csv,lap,5,47047,1176.250495,7.258149,2556.498,116.421,-0.076805,,-0.223905,35.52911427,-97.47538295,45.287,31.500,25.289,-5.976,0.870
VN300_2026-07-12_14-41-49_VNINS.csv,lap,5,47048,1176.250495,7.258149,2557.182,117.105,-0.076805,,-0.223905,35.52912032,-97.47538428,45.132,31.153,25.198,-6.380,0.850
VN300_2026-07-12_14-41-49_VNINS.csv,lap,5,47049,1176.518615,7.526269,2557.688,117.611,0.191315,,-0.223905,35.52912404,-97.47538105,45.363,30.868,25.163,-6.524,0.850
VN300_2026-07-12_14-41-49_VNINS.csv,lap,5,47050,1176.518615,7.526269,2558.196,118.119,0.191315,,-0.223905,35.52912779,-97.47537784,45.654,30.571,25.175,-6.932,0.850
VN300_2026-07-12_14-41-49_VNINS.csv,lap,5,47051,1176.518615,7.526269,2558.708,118.631,0.191315,,-0.223905,35.52913157,-97.47537462,45.733,30.296,25.146,-7.226,0.860
VN300_2026-07-12_14-41-49_VNINS.csv,lap,5,47052,1176.518615,7.526269,2559.219,119.142,0.185453,,-0.223905,35.52913536,-97.47537142,45.860,29.928,25.101,-7.513,0.860
VN300_2026-07-12_14-41-49_VNINS.csv,lap,5,47053,1176.518615,7.526269,2559.733,119.656,-0.084608,,-0.223905,35.52913918,-97.47536822,46.003,29.517,24.862,-7.825,0.860
VN300_2026-07-12_14-41-49_VNINS.csv,lap,5,47054,1176.518615,7.526269,2560.248,120.170,-0.084608,,-0.223905,35.52914299,-97.47536500,46.049,29.002,24.572,-7.995,0.860
VN300_2026-07-12_14-41-49_VNINS.csv,lap,5,47055,1176.518615,7.526269,2560.856,120.779,-0.084608,,-0.223905,35.52914837,-97.47536624,45.805,28.384,24.338,-8.358,0.850
VN300_2026-07-12_14-41-49_VNINS.csv,lap,5,47056,1176.518615,7.526269,2561.369,121.292,-0.084608,,-0.223905,35.52915227,-97.47536322,45.946,27.634,24.212,-8.748,0.850
VN300_2026-07-12_14-41-49_VNINS.csv,lap,5,47057,1176.518615,7.526269,2561.883,121.806,-0.084608,,-0.223905,35.52915620,-97.47536022,46.094,26.830,24.189,-9.203,0.850
VN300_2026-07-12_14-41-49_VNINS.csv,lap,5,47058,1176.518615,7.526269,2562.400,122.323,-0.084608,,-0.223905,35.52916017,-97.47535725,46.264,25.957,24.156,-9.742,0.850
VN300_2026-07-12_14-41-49_VNINS.csv,lap,5,47059,1176.518615,7.526269,2562.919,122.842,-0.084608,,-0.223905,35.52916416,-97.47535428,46.402,25.136,24.067,-10.053,0.850
VN300_2026-07-12_14-41-49_VNINS.csv,lap,5,47060,1176.772432,7.780086,2563.439,123.362,0.169209,,-0.223905,35.52916817,-97.47535132,46.584,24.368,23.887,-10.381,0.850
VN300_2026-07-12_14-41-49_VNINS.csv,lap,5,47061,1176.772432,7.780086,2563.961,123.884,0.169209,,-0.223905,35.52917220,-97.47534835,46.769,23.659,23.605,-10.924,0.850
VN300_2026-07-12_14-41-49_VNINS.csv,lap,5,47062,1176.772432,7.780086,2564.485,124.408,0.169209,,-0.223905,35.52917626,-97.47534542,46.886,22.965,23.319,-11.024,0.850
VN300_2026-07-12_14-41-49_VNINS.csv,lap,5,47063,1176.772432,7.780086,2565.180,125.102,-0.084607,,-0.223905,35.52918237,-97.47534702,46.731,22.324,23.015,-11.199,0.840
VN300_2026-07-12_14-41-49_VNINS.csv,lap,5,47064,1176.772432,7.780086,2565.703,125.626,-0.084607,,-0.223905,35.52918651,-97.47534426,46.823,21.673,22.668,-11.696,0.840
VN300_2026-07-12_14-41-49_VNINS.csv,lap,5,47065,1176.772432,7.780086,2566.227,126.149,-0.084607,,-0.223905,35.52919065,-97.47534151,46.847,21.065,22.260,-11.650,0.840
VN300_2026-07-12_14-41-49_VNINS.csv,lap,5,47066,1176.772432,7.780086,2566.752,126.675,-0.084607,,-0.223905,35.52919481,-97.47533876,47.008,20.446,21.852,-11.940,0.840
VN300_2026-07-12_14-41-49_VNINS.csv,lap,5,47067,1176.772432,7.780086,2567.278,127.201,-0.084607,,-0.223905,35.52919899,-97.47533603,47.075,19.614,21.586,-12.479,0.840
VN300_2026-07-12_14-41-49_VNINS.csv,lap,5,47068,1176.772432,7.780086,2567.807,127.730,-0.084607,,-0.223905,35.52920321,-97.47533334,47.218,18.652,21.437,-12.574,0.850
VN300_2026-07-12_14-41-49_VNINS.csv,lap,5,47069,1176.772432,7.780086,2568.336,128.259,-0.084607,,-0.223905,35.52920744,-97.47533066,47.352,17.673,21.359,-12.939,0.850
VN300_2026-07-12_14-41-49_VNINS.csv,lap,5,47070,1177.026002,8.033656,2568.866,128.789,0.168963,,-0.223905,35.52921169,-97.47532801,47.445,16.636,21.220,-13.409,0.850
VN300_2026-07-12_14-41-49_VNINS.csv,lap,5,47071,1177.026002,8.033656,2569.571,129.493,0.048968,,-0.223905,35.52921783,-97.47532993,47.137,15.655,21.096,-13.553,0.840
VN300_2026-07-12_14-41-49_VNINS.csv,lap,5,47072,1177.026002,8.033656,2570.099,130.022,-0.084530,,-0.223905,35.52922216,-97.47532752,47.255,14.679,20.942,-14.058,0.840
VN300_2026-07-12_14-41-49_VNINS.csv,lap,5,47073,1177.026002,8.033656,2570.629,130.552,-0.084530,,-0.223905,35.52922650,-97.47532510,47.141,13.770,20.705,-14.531,0.840
VN300_2026-07-12_14-41-49_VNINS.csv,lap,5,47074,1177.026002,8.033656,2571.157,131.080,-0.084530,,-0.223905,35.52923081,-97.47532265,47.242,13.120,20.320,-14.759,0.840
VN300_2026-07-12_14-41-49_VNINS.csv,lap,5,47075,1177.026002,8.033656,2571.687,131.610,-0.084530,,-0.223905,35.52923514,-97.47532021,47.312,12.483,20.028,-15.129,0.840
VN300_2026-07-12_14-41-49_VNINS.csv,lap,5,47076,1177.026002,8.033656,2572.217,132.140,-0.084530,,-0.223905,35.52923949,-97.47531780,47.467,11.753,19.843,-15.213,0.840
VN300_2026-07-12_14-41-49_VNINS.csv,lap,5,47077,1177.026002,8.033656,2572.750,132.672,-0.084530,,-0.223905,35.52924386,-97.47531540,47.592,10.975,19.736,-15.645,0.840
VN300_2026-07-12_14-41-49_VNINS.csv,lap,5,47078,1177.026002,8.033656,2573.282,133.205,-0.084530,,-0.223905,35.52924823,-97.47531299,47.669,10.313,19.400,-16.497,0.840
VN300_2026-07-12_14-41-49_VNINS.csv,lap,5,47079,1177.026002,8.033656,2574.099,134.022,-0.084530,,-0.223905,35.52925481,-97.47531700,47.027,9.815,19.027,-16.495,0.830
VN300_2026-07-12_14-41-49_VNINS.csv,lap,5,47080,1177.279480,8.287134,2574.626,134.549,-0.084568,,-0.223905,35.52925922,-97.47531487,47.155,9.329,18.643,-16.502,0.830
VN300_2026-07-12_14-41-49_VNINS.csv,lap,5,47081,1177.279480,8.287134,2575.155,135.078,-0.084568,,-0.223905,35.52926365,-97.47531273,47.237,8.864,18.220,-16.774,0.830
VN300_2026-07-12_14-41-49_VNINS.csv,lap,5,47082,1177.279480,8.287134,2575.685,135.608,-0.084568,,-0.223905,35.52926809,-97.47531061,47.393,8.334,17.808,-17.263,0.830
VN300_2026-07-12_14-41-49_VNINS.csv,lap,5,47083,1177.279480,8.287134,2576.216,136.139,-0.084568,,-0.223905,35.52927255,-97.47530851,47.413,7.793,17.408,-17.522,0.840
VN300_2026-07-12_14-41-49_VNINS.csv,lap,5,47084,1177.279480,8.287134,2576.747,136.670,-0.084568,,-0.223905,35.52927702,-97.47530645,47.460,7.197,17.047,-17.686,0.840
VN300_2026-07-12_14-41-49_VNINS.csv,lap,5,47085,1177.279480,8.287134,2577.279,137.202,-0.084568,,-0.223905,35.52928151,-97.47530442,47.484,6.546,16.777,-18.101,0.840
VN300_2026-07-12_14-41-49_VNINS.csv,lap,5,47086,1177.279480,8.287134,2577.810,137.733,-0.084568,,-0.223905,35.52928601,-97.47530244,47.482,5.983,16.463,-18.315,0.840
VN300_2026-07-12_14-41-49_VNINS.csv,lap,5,47087,1177.279480,8.287134,2578.651,138.574,-0.084568,,-0.223905,35.52929274,-97.47530668,47.057,5.470,16.142,-18.581,0.830
VN300_2026-07-12_14-41-49_VNINS.csv,lap,5,47088,1177.279480,8.287134,2579.177,139.100,-0.242624,,-0.223905,35.52929727,-97.47530501,47.051,4.994,15.821,-18.786,0.830
VN300_2026-07-12_14-41-49_VNINS.csv,lap,5,47089,1177.279480,8.287134,2579.703,139.625,-0.363031,,-0.223905,35.52930180,-97.47530336,46.943,4.582,15.451,-19.041,0.830
VN300_2026-07-12_14-41-49_VNINS.csv,lap,5,47090,1177.554053,8.561707,2580.228,140.150,-0.088458,,-0.223905,35.52930634,-97.47530176,46.992,4.128,15.162,-19.353,0.830
VN300_2026-07-12_14-41-49_VNINS.csv,lap,5,47091,1177.554053,8.561707,2580.755,140.677,-0.088458,,-0.223905,35.52931090,-97.47530018,47.006,3.746,14.847,-19.513,0.830
VN300_2026-07-12_14-41-49_VNINS.csv,lap,5,47092,1177.554053,8.561707,2581.280,141.203,-0.088458,,-0.223905,35.52931546,-97.47529866,46.931,3.354,14.584,-19.849,0.830
VN300_2026-07-12_14-41-49_VNINS.csv,lap,5,47093,1177.554053,8.561707,2581.804,141.727,-0.088458,,-0.223905,35.52932002,-97.47529720,46.776,2.940,14.416,-20.091,0.830
VN300_2026-07-12_14-41-49_VNINS.csv,lap,5,47094,1177.554053,8.561707,2582.327,142.250,-0.088458,,-0.223905,35.52932458,-97.47529578,46.816,2.600,14.263,-20.349,0.830
VN300_2026-07-12_14-41-49_VNINS.csv,lap,5,47095,1177.554053,8.561707,2583.162,143.085,-0.088458,,-0.223905,35.52933132,-97.47529985,46.586,2.314,14.147,-20.779,0.820
VN300_2026-07-12_14-41-49_VNINS.csv,lap,5,47096,1177.554053,8.561707,2583.683,143.606,-0.088458,,-0.223905,35.52933590,-97.47529864,46.439,2.220,13.938,-21.127,0.830
VN300_2026-07-12_14-41-49_VNINS.csv,lap,5,47097,1177.554053,8.561707,2584.201,144.124,-0.088458,,-0.223905,35.52934046,-97.47529747,46.325,2.280,13.681,-21.139,0.830
VN300_2026-07-12_14-41-49_VNINS.csv,lap,5,47098,1177.554053,8.561707,2584.718,144.641,-0.272394,,-0.223905,35.52934502,-97.47529636,46.254,2.241,13.600,-21.375,0.830
VN300_2026-07-12_14-41-49_VNINS.csv,lap,5,47099,1177.554053,8.561707,2585.234,145.157,-0.342695,,-0.223905,35.52934958,-97.47529527,46.180,2.141,13.566,-21.936,0.830
VN300_2026-07-12_14-41-49_VNINS.csv,lap,5,47100,1177.554053,8.561707,2585.748,145.671,-0.342695,,-0.223905,35.52935412,-97.47529421,45.878,1.987,13.606,-22.170,0.830
VN300_2026-07-12_14-41-49_VNINS.csv,lap,5,47101,1177.807964,8.815618,2586.258,146.180,-0.088784,,-0.223905,35.52935862,-97.47529316,45.390,1.982,13.360,-22.252,0.830
VN300_2026-07-12_14-41-49_VNINS.csv,lap,5,47102,1177.807964,8.815618,2586.762,146.685,-0.088784,,-0.223905,35.52936308,-97.47529213,45.058,2.095,13.038,-22.603,0.830
VN300_2026-07-12_14-41-49_VNINS.csv,lap,5,47103,1177.807964,8.815618,2587.566,147.489,-0.088784,,-0.223905,35.52936971,-97.47529567,45.146,2.119,12.688,-22.907,0.820
VN300_2026-07-12_14-41-49_VNINS.csv,lap,5,47104,1177.807964,8.815618,2588.069,147.992,-0.088784,,-0.223905,35.52937418,-97.47529483,44.879,2.175,12.460,-22.818,0.820
VN300_2026-07-12_14-41-49_VNINS.csv,lap,5,47105,1177.807964,8.815618,2588.569,148.492,-0.088784,,-0.223905,35.52937863,-97.47529399,44.807,2.125,12.361,-23.198,0.820
VN300_2026-07-12_14-41-49_VNINS.csv,lap,5,47106,1177.807964,8.815618,2589.066,148.989,-0.088784,,-0.223905,35.52938305,-97.47529320,44.428,2.060,12.312,-23.265,0.820
VN300_2026-07-12_14-41-49_VNINS.csv,lap,5,47107,1177.807964,8.815618,2589.560,149.483,-0.088784,,-0.223905,35.52938745,-97.47529243,44.291,2.067,12.234,-23.389,0.820
VN300_2026-07-12_14-41-49_VNINS.csv,lap,5,47108,1177.807964,8.815618,2590.053,149.976,-0.102062,,-0.223905,35.52939184,-97.47529168,44.042,2.150,12.180,-23.644,0.830
VN300_2026-07-12_14-41-49_VNINS.csv,lap,5,47109,1177.807964,8.815618,2590.541,150.464,-0.335866,,-0.223905,35.52939619,-97.47529099,43.794,2.235,12.146,-23.577,0.830
VN300_2026-07-12_14-41-49_VNINS.csv,lap,5,47110,1177.807964,8.815618,2591.027,150.950,-0.342877,,-0.223905,35.52940053,-97.47529032,43.628,2.454,12.090,-23.443,0.830
VN300_2026-07-12_14-41-49_VNINS.csv,lap,5,47111,1178.061545,9.069199,2591.785,151.707,-0.089296,,-0.223905,35.52940678,-97.47529365,43.839,2.693,12.039,-23.593,0.820
VN300_2026-07-12_14-41-49_VNINS.csv,lap,5,47112,1178.061545,9.069199,2592.271,152.194,-0.089296,,-0.223905,35.52941113,-97.47529311,43.648,3.080,11.838,-23.459,0.820
VN300_2026-07-12_14-41-49_VNINS.csv,lap,5,47113,1178.061545,9.069199,2592.756,152.679,-0.089296,,-0.223905,35.52941547,-97.47529258,43.691,3.422,11.735,-23.469,0.820
VN300_2026-07-12_14-41-49_VNINS.csv,lap,5,47114,1178.061545,9.069199,2593.243,153.165,-0.089296,,-0.223905,35.52941983,-97.47529208,43.759,3.734,11.707,-23.768,0.820
VN300_2026-07-12_14-41-49_VNINS.csv,lap,5,47115,1178.061545,9.069199,2593.728,153.651,-0.089296,,-0.223905,35.52942418,-97.47529162,43.621,3.986,11.830,-23.641,0.820
VN300_2026-07-12_14-41-49_VNINS.csv,lap,5,47116,1178.061545,9.069199,2594.215,154.137,-0.089296,,-0.223905,35.52942854,-97.47529118,43.800,4.101,12.051,-23.912,0.820
VN300_2026-07-12_14-41-49_VNINS.csv,lap,5,47117,1178.061545,9.069199,2594.701,154.624,-0.089296,,-0.223905,35.52943290,-97.47529076,43.692,4.233,12.164,-24.028,0.820
VN300_2026-07-12_14-41-49_VNINS.csv,lap,5,47118,1178.061545,9.069199,2595.186,155.109,-0.089296,,-0.223905,35.52943725,-97.47529036,43.626,4.368,12.198,-23.880,0.820
VN300_2026-07-12_14-41-49_VNINS.csv,lap,5,47119,1178.061545,9.069199,2595.863,155.786,-0.307167,,-0.223905,35.52944323,-97.47529175,44.180,4.541,12.054,-24.150,0.820
VN300_2026-07-12_14-41-49_VNINS.csv,lap,5,47120,1178.061545,9.069199,2596.354,156.277,-0.342828,,-0.223905,35.52944764,-97.47529143,44.149,4.680,11.934,-24.116,0.820
VN300_2026-07-12_14-41-49_VNINS.csv,lap,5,47121,1178.061545,9.069199,2596.845,156.768,-0.342828,,-0.223905,35.52945205,-97.47529113,44.329,4.731,11.879,-23.946,0.820
VN300_2026-07-12_14-41-49_VNINS.csv,lap,5,47122,1178.315450,9.323104,2597.339,157.262,-0.088923,,-0.223905,35.52945649,-97.47529086,44.634,4.755,11.851,-24.122,0.820
VN300_2026-07-12_14-41-49_VNINS.csv,lap,5,47123,1178.315450,9.323104,2597.837,157.760,-0.088923,,-0.223905,35.52946096,-97.47529063,44.745,4.780,11.785,-24.025,0.820
VN300_2026-07-12_14-41-49_VNINS.csv,lap,5,47124,1178.315450,9.323104,2598.334,158.257,-0.088923,,-0.223905,35.52946543,-97.47529043,44.821,4.854,11.624,-23.945,0.820
VN300_2026-07-12_14-41-49_VNINS.csv,lap,5,47125,1178.315450,9.323104,2598.833,158.755,-0.088923,,-0.223905,35.52946991,-97.47529023,44.962,4.957,11.426,-24.102,0.820
VN300_2026-07-12_14-41-49_VNINS.csv,lap,5,47126,1178.315450,9.323104,2599.332,159.255,-0.088923,,-0.223905,35.52947440,-97.47529007,44.957,5.042,11.194,-23.979,0.820
VN300_2026-07-12_14-41-49_VNINS.csv,lap,5,47127,1178.315450,9.323104,2599.833,159.756,-0.088923,,-0.223905,35.52947890,-97.47528992,45.209,5.110,11.033,-24.032,0.820
VN300_2026-07-12_14-41-49_VNINS.csv,lap,5,47128,1178.315450,9.323104,2600.428,160.351,-0.088923,,-0.223905,35.52948423,-97.47529056,45.492,5.157,10.931,-24.082,0.810
VN300_2026-07-12_14-41-49_VNINS.csv,lap,5,47129,1178.315450,9.323104,2600.934,160.857,-0.150171,,-0.223905,35.52948878,-97.47529046,45.539,5.249,10.815,-24.057,0.810
VN300_2026-07-12_14-41-49_VNINS.csv,lap,5,47130,1178.315450,9.323104,2601.443,161.365,-0.355667,,-0.223905,35.52949335,-97.47529036,45.750,5.412,10.660,-24.344,0.820
VN300_2026-07-12_14-41-49_VNINS.csv,lap,5,47131,1178.315450,9.323104,2601.952,161.875,-0.355667,,-0.223905,35.52949793,-97.47529029,45.820,5.554,10.534,-24.401,0.820
VN300_2026-07-12_14-41-49_VNINS.csv,lap,5,47132,1178.580410,9.588064,2602.461,162.384,-0.090707,,-0.223905,35.52950251,-97.47529025,45.917,5.753,10.427,-24.506,0.820
VN300_2026-07-12_14-41-49_VNINS.csv,lap,5,47133,1178.580410,9.588064,2602.973,162.895,-0.090707,,-0.223905,35.52950711,-97.47529024,46.051,5.966,10.325,-24.922,0.820
VN300_2026-07-12_14-41-49_VNINS.csv,lap,5,47134,1178.580410,9.588064,2603.485,163.408,-0.090707,,-0.223905,35.52951172,-97.47529023,46.108,6.165,10.217,-25.010,0.820
VN300_2026-07-12_14-41-49_VNINS.csv,lap,5,47135,1178.580410,9.588064,2604.068,163.991,-0.090707,,-0.223905,35.52951696,-97.47529001,46.506,6.394,10.185,-25.221,0.810
VN300_2026-07-12_14-41-49_VNINS.csv,lap,5,47136,1178.580410,9.588064,2604.588,164.510,-0.090707,,-0.223905,35.52952163,-97.47529001,46.658,6.617,10.171,-25.574,0.810
VN300_2026-07-12_14-41-49_VNINS.csv,lap,5,47137,1178.580410,9.588064,2605.107,165.030,-0.090707,,-0.223905,35.52952630,-97.47529004,46.703,6.830,10.154,-25.610,0.810
VN300_2026-07-12_14-41-49_VNINS.csv,lap,5,47138,1178.580410,9.588064,2605.628,165.551,-0.090707,,-0.223905,35.52953099,-97.47529009,46.877,7.051,10.068,-25.736,0.810
VN300_2026-07-12_14-41-49_VNINS.csv,lap,5,47139,1178.580410,9.588064,2606.151,166.074,-0.217973,,-0.223905,35.52953569,-97.47529018,47.019,7.183,10.018,-25.968,0.810
VN300_2026-07-12_14-41-49_VNINS.csv,lap,5,47140,1178.580410,9.588064,2606.675,166.598,-0.344121,,-0.223905,35.52954040,-97.47529030,47.113,7.273,9.931,-25.904,0.810
VN300_2026-07-12_14-41-49_VNINS.csv,lap,5,47141,1178.580410,9.588064,2607.201,167.124,-0.344121,,-0.223905,35.52954513,-97.47529044,47.241,7.284,9.883,-26.031,0.820
VN300_2026-07-12_14-41-49_VNINS.csv,lap,5,47142,1178.833943,9.841597,2607.727,167.650,-0.090588,,-0.223905,35.52954986,-97.47529062,47.337,7.264,9.688,-26.084,0.820
VN300_2026-07-12_14-41-49_VNINS.csv,lap,5,47143,1178.833943,9.841597,2608.276,168.199,-0.090588,,-0.223905,35.52955465,-97.47528915,47.475,7.269,9.366,-26.104,0.810
VN300_2026-07-12_14-41-49_VNINS.csv,lap,5,47144,1178.833943,9.841597,2608.806,168.729,-0.090588,,-0.223905,35.52955941,-97.47528936,47.558,7.227,8.938,-26.129,0.810
VN300_2026-07-12_14-41-49_VNINS.csv,lap,5,47145,1178.833943,9.841597,2609.337,169.259,-0.090588,,-0.223905,35.52956418,-97.47528957,47.716,7.090,8.574,-26.044,0.810
VN300_2026-07-12_14-41-49_VNINS.csv,lap,5,47146,1178.833943,9.841597,2609.868,169.791,-0.090588,,-0.223905,35.52956896,-97.47528980,47.861,6.919,8.223,-26.062,0.810
VN300_2026-07-12_14-41-49_VNINS.csv,lap,5,47147,1178.833943,9.841597,2610.402,170.324,-0.090588,,-0.223905,35.52957375,-97.47529007,47.976,6.699,7.928,-26.059,0.810
VN300_2026-07-12_14-41-49_VNINS.csv,lap,5,47148,1178.833943,9.841597,2610.935,170.858,-0.090588,,-0.223905,35.52957854,-97.47529037,48.002,6.506,7.588,-26.005,0.810
VN300_2026-07-12_14-41-49_VNINS.csv,lap,5,47149,1178.833943,9.841597,2611.470,171.392,-0.185580,,-0.223905,35.52958334,-97.47529070,48.147,6.255,7.243,-26.075,0.810
VN300_2026-07-12_14-41-49_VNINS.csv,lap,5,47150,1178.833943,9.841597,2612.005,171.928,-0.344393,,-0.223905,35.52958815,-97.47529105,48.241,5.964,6.911,-26.114,0.810
VN300_2026-07-12_14-41-49_VNINS.csv,lap,5,47151,1178.833943,9.841597,2612.534,172.456,-0.344393,,-0.223905,35.52959284,-97.47529012,48.307,5.676,6.561,-26.143,0.800
VN300_2026-07-12_14-41-49_VNINS.csv,lap,5,47152,1178.833943,9.841597,2613.071,172.994,-0.344393,,-0.223905,35.52959766,-97.47529053,48.384,5.302,6.215,-26.313,0.810
VN300_2026-07-12_14-41-49_VNINS.csv,lap,5,47153,1179.087804,10.095458,2613.608,173.531,-0.090532,,-0.223905,35.52960248,-97.47529098,48.407,4.915,5.873,-26.306,0.810
VN300_2026-07-12_14-41-49_VNINS.csv,lap,5,47154,1179.087804,10.095458,2614.145,174.068,-0.090532,,-0.223905,35.52960729,-97.47529148,48.499,4.498,5.500,-26.420,0.810
VN300_2026-07-12_14-41-49_VNINS.csv,lap,5,47155,1179.087804,10.095458,2614.682,174.605,-0.090532,,-0.223905,35.52961210,-97.47529202,48.489,4.085,5.096,-26.562,0.810
VN300_2026-07-12_14-41-49_VNINS.csv,lap,5,47156,1179.087804,10.095458,2615.220,175.142,-0.090532,,-0.223905,35.52961691,-97.47529262,48.514,3.680,4.688,-26.625,0.810
VN300_2026-07-12_14-41-49_VNINS.csv,lap,5,47157,1179.087804,10.095458,2615.757,175.679,-0.090532,,-0.223905,35.52962171,-97.47529327,48.566,3.272,4.295,-26.961,0.810
VN300_2026-07-12_14-41-49_VNINS.csv,lap,5,47158,1179.087804,10.095458,2616.292,176.215,-0.250232,,-0.223905,35.52962649,-97.47529399,48.379,2.853,3.951,-26.894,0.810
VN300_2026-07-12_14-41-49_VNINS.csv,lap,5,47159,1179.087804,10.095458,2616.773,176.695,-0.344027,,-0.223905,35.52963080,-97.47529363,48.066,2.507,3.551,-27.136,0.800
VN300_2026-07-12_14-41-49_VNINS.csv,lap,5,47160,1179.087804,10.095458,2617.301,177.223,-0.344027,,-0.223905,35.52963551,-97.47529439,47.878,2.193,3.121,-27.468,0.800
VN300_2026-07-12_14-41-49_VNINS.csv,lap,5,47161,1179.087804,10.095458,2617.827,177.749,-0.344027,,-0.223905,35.52964019,-97.47529523,47.698,1.880,2.705,-27.444,0.800
VN300_2026-07-12_14-41-49_VNINS.csv,lap,5,47162,1179.087804,10.095458,2618.352,178.275,-0.344027,,-0.223905,35.52964486,-97.47529611,47.705,1.563,2.292,-27.666,0.810
VN300_2026-07-12_14-41-49_VNINS.csv,lap,5,47163,1179.341245,10.348899,2618.875,178.798,-0.090586,,-0.223905,35.52964950,-97.47529706,47.608,1.210,1.933,-27.681,0.810
VN300_2026-07-12_14-41-49_VNINS.csv,lap,5,47164,1179.341245,10.348899,2619.397,179.319,-0.090586,,-0.223905,35.52965412,-97.47529805,47.530,0.964,1.592,-27.721,0.810
VN300_2026-07-12_14-41-49_VNINS.csv,lap,5,47165,1179.341245,10.348899,2619.916,179.839,-0.090586,,-0.223905,35.52965872,-97.47529908,47.529,0.789,1.224,-28.108,0.810
VN300_2026-07-12_14-41-49_VNINS.csv,lap,5,47166,1179.341245,10.348899,2620.437,180.360,-0.090586,,-0.223905,35.52966332,-97.47530016,47.648,0.599,0.889,-28.085,0.810
VN300_2026-07-12_14-41-49_VNINS.csv,lap,5,47167,1179.341245,10.348899,2620.887,180.809,-0.180052,,-0.223905,35.52966732,-97.47530087,47.385,0.391,0.625,-28.035,0.800
VN300_2026-07-12_14-41-49_VNINS.csv,lap,5,47168,1179.341245,10.348899,2621.404,181.327,-0.361162,,-0.223905,35.52967188,-97.47530202,47.567,0.094,0.385,-28.329,0.800
VN300_2026-07-12_14-41-49_VNINS.csv,lap,5,47169,1179.341245,10.348899,2621.923,181.845,-0.361162,,-0.223905,35.52967643,-97.47530327,47.567,-0.305,0.234,-28.373,0.800
VN300_2026-07-12_14-41-49_VNINS.csv,lap,5,47170,1179.341245,10.348899,2622.440,182.363,-0.361162,,-0.223905,35.52968096,-97.47530458,47.660,-0.678,0.028,-28.500,0.800
VN300_2026-07-12_14-41-49_VNINS.csv,lap,5,47171,1179.341245,10.348899,2622.959,182.882,-0.361162,,-0.223905,35.52968549,-97.47530595,47.703,-0.995,-0.223,-28.750,0.810
VN300_2026-07-12_14-41-49_VNINS.csv,lap,5,47172,1179.341245,10.348899,2623.477,183.399,-0.361162,,-0.223905,35.52969000,-97.47530737,47.709,-1.232,-0.528,-28.624,0.810
VN300_2026-07-12_14-41-49_VNINS.csv,lap,5,47173,1179.739560,10.747214,2623.995,183.918,0.037153,,-0.223905,35.52969451,-97.47530884,47.878,-1.435,-0.899,-28.702,0.810
VN300_2026-07-12_14-41-49_VNINS.csv,lap,5,47174,1179.739560,10.747214,2624.515,184.438,0.037153,,-0.223905,35.52969901,-97.47531039,48.057,-1.670,-1.278,-28.918,0.810
VN300_2026-07-12_14-41-49_VNINS.csv,lap,5,47175,1179.739560,10.747214,2624.903,184.826,0.037153,,-0.223905,35.52970248,-97.47531081,47.719,-1.935,-1.600,-28.929,0.800
VN300_2026-07-12_14-41-49_VNINS.csv,lap,5,47176,1179.739560,10.747214,2625.420,185.343,0.037153,,-0.223905,35.52970694,-97.47531245,47.938,-2.247,-1.899,-29.122,0.800
VN300_2026-07-12_14-41-49_VNINS.csv,lap,5,47177,1179.739560,10.747214,2625.937,185.860,0.037153,,-0.223905,35.52971138,-97.47531414,48.013,-2.537,-2.187,-29.065,0.800
VN300_2026-07-12_14-41-49_VNINS.csv,lap,5,47178,1179.739560,10.747214,2626.454,186.376,-0.216638,,-0.223905,35.52971580,-97.47531589,48.123,-2.768,-2.536,-29.006,0.800
VN300_2026-07-12_14-41-49_VNINS.csv,lap,5,47179,1179.739560,10.747214,2626.972,186.895,-0.216638,,-0.223905,35.52972022,-97.47531771,48.276,-3.066,-2.908,-29.218,0.800
VN300_2026-07-12_14-41-49_VNINS.csv,lap,5,47180,1179.739560,10.747214,2627.489,187.412,-0.216638,,-0.223905,35.52972461,-97.47531959,48.343,-3.377,-3.267,-29.153,0.810
VN300_2026-07-12_14-41-49_VNINS.csv,lap,5,47181,1179.739560,10.747214,2628.007,187.930,-0.216638,,-0.223905,35.52972900,-97.47532151,48.541,-3.641,-3.648,-29.103,0.810
VN300_2026-07-12_14-41-49_VNINS.csv,lap,5,47182,1179.739560,10.747214,2628.525,188.448,-0.216638,,-0.223905,35.52973337,-97.47532350,48.637,-3.894,-4.062,-29.119,0.810
VN300_2026-07-12_14-41-49_VNINS.csv,lap,5,47183,1179.739560,10.747214,2628.903,188.825,-0.216638,,-0.223905,35.52973674,-97.47532399,48.094,-4.104,-4.516,-29.133,0.800
VN300_2026-07-12_14-41-49_VNINS.csv,lap,5,47184,1179.739560,10.747214,2629.416,189.339,-0.216638,,-0.223905,35.52974104,-97.47532606,48.283,-4.410,-4.919,-29.166,0.800
VN300_2026-07-12_14-41-49_VNINS.csv,lap,5,47185,1179.739560,10.747214,2629.929,189.851,-0.216638,,-0.223905,35.52974531,-97.47532819,48.424,-4.774,-5.291,-29.315,0.800
VN300_2026-07-12_14-41-49_VNINS.csv,lap,5,47186,1179.739560,10.747214,2630.441,190.363,-0.216638,,-0.223905,35.52974956,-97.47533037,48.562,-5.144,-5.642,-29.362,0.800
VN300_2026-07-12_14-41-49_VNINS.csv,lap,5,47187,1179.739560,10.747214,2630.955,190.878,-0.327036,,-0.223905,35.52975380,-97.47533264,48.782,-5.474,-5.956,-29.239,0.800
VN300_2026-07-12_14-41-49_VNINS.csv,lap,5,47188,1179.739560,10.747214,2631.469,191.391,-0.470028,,-0.223905,35.52975802,-97.47533495,48.973,-5.688,-6.339,-29.279,0.800
VN300_2026-07-12_14-41-49_VNINS.csv,lap,5,47189,1179.994973,11.002627,2631.983,191.905,-0.214615,,-0.223905,35.52976222,-97.47533732,49.193,-5.922,-6.676,-29.433,0.800
VN300_2026-07-12_14-41-49_VNINS.csv,lap,5,47190,1179.994973,11.002627,2632.499,192.422,-0.214615,,-0.223905,35.52976642,-97.47533975,49.480,-6.279,-6.927,-29.653,0.810
VN300_2026-07-12_14-41-49_VNINS.csv,lap,5,47191,1179.994973,11.002627,2632.876,192.799,-0.214615,,-0.223905,35.52976980,-97.47534010,48.896,-6.616,-7.137,-29.711,0.800
VN300_2026-07-12_14-41-49_VNINS.csv,lap,5,47192,1179.994973,11.002627,2633.386,193.309,-0.214615,,-0.223905,35.52977392,-97.47534259,49.049,-6.850,-7.374,-29.601,0.800
VN300_2026-07-12_14-41-49_VNINS.csv,lap,5,47193,1179.994973,11.002627,2633.900,193.822,-0.214615,,-0.223905,35.52977803,-97.47534517,49.388,-7.087,-7.635,-29.641,0.800
VN300_2026-07-12_14-41-49_VNINS.csv,lap,5,47194,1179.994973,11.002627,2634.415,194.338,-0.214615,,-0.223905,35.52978213,-97.47534783,49.614,-7.374,-7.856,-29.696,0.800
VN300_2026-07-12_14-41-49_VNINS.csv,lap,5,47195,1179.994973,11.002627,2634.933,194.856,-0.214615,,-0.223905,35.52978623,-97.47535054,49.937,-7.732,-8.031,-29.768,0.800
VN300_2026-07-12_14-41-49_VNINS.csv,lap,5,47196,1179.994973,11.002627,2635.453,195.376,-0.214615,,-0.223905,35.52979032,-97.47535333,50.204,-8.127,-8.220,-29.974,0.800
VN300_2026-07-12_14-41-49_VNINS.csv,lap,5,47197,1179.994973,11.002627,2635.974,195.897,-0.447709,,-0.223905,35.52979440,-97.47535616,50.464,-8.393,-8.527,-29.801,0.800
VN300_2026-07-12_14-41-49_VNINS.csv,lap,5,47198,1179.994973,11.002627,2636.497,196.420,-0.468107,,-0.223905,35.52979847,-97.47535906,50.721,-8.561,-8.907,-29.776,0.800
VN300_2026-07-12_14-41-49_VNINS.csv,lap,5,47199,1180.248500,11.256154,2636.925,196.848,-0.214580,,-0.223905,35.52980228,-97.47535841,50.048,-8.741,-9.326,-30.019,0.800
VN300_2026-07-12_14-41-49_VNINS.csv,lap,5,47200,1180.248500,11.256154,2637.444,197.367,-0.214580,,-0.223905,35.52980629,-97.47536135,50.298,-9.025,-9.709,-29.964,0.800
VN300_2026-07-12_14-41-49_VNINS.csv,lap,5,47201,1180.248500,11.256154,2637.964,197.887,-0.214580,,-0.223905,35.52981027,-97.47536436,50.596,-9.412,-10.063,-29.961,0.800
VN300_2026-07-12_14-41-49_VNINS.csv,lap,5,47202,1180.248500,11.256154,2638.487,198.410,-0.214580,,-0.223905,35.52981425,-97.47536744,50.933,-9.932,-10.344,-30.031,0.800
VN300_2026-07-12_14-41-49_VNINS.csv,lap,5,47203,1180.248500,11.256154,2639.010,198.933,-0.214580,,-0.223905,35.52981820,-97.47537058,51.095,-10.477,-10.607,-29.930,0.800
VN300_2026-07-12_14-41-49_VNINS.csv,lap,5,47204,1180.248500,11.256154,2639.535,199.457,-0.214580,,-0.223905,35.52982214,-97.47537377,51.377,-10.901,-10.910,-30.011,0.800
VN300_2026-07-12_14-41-49_VNINS.csv,lap,5,47205,1180.248500,11.256154,2640.062,199.985,-0.214580,,-0.223905,35.52982608,-97.47537702,51.691,-11.225,-11.264,-29.927,0.800
VN300_2026-07-12_14-41-49_VNINS.csv,lap,5,47206,1180.248500,11.256154,2640.591,200.513,-0.392186,,-0.223905,35.52983000,-97.47538032,51.953,-11.450,-11.698,-29.759,0.800
VN300_2026-07-12_14-41-49_VNINS.csv,lap,5,47207,1180.248500,11.256154,2641.121,201.044,-0.497611,,-0.223905,35.52983390,-97.47538370,52.334,-11.745,-12.136,-29.865,0.800
VN300_2026-07-12_14-41-49_VNINS.csv,lap,5,47208,1180.248500,11.256154,2641.559,201.482,-0.497611,,-0.223905,35.52983779,-97.47538297,51.489,-12.111,-12.555,-29.956,0.790
VN300_2026-07-12_14-41-49_VNINS.csv,lap,5,47209,1180.502014,11.509668,2642.081,202.003,-0.244097,,-0.223905,35.52984161,-97.47538632,51.693,-12.481,-12.979,-29.818,0.800
VN300_2026-07-12_14-41-49_VNINS.csv,lap,5,47210,1180.502014,11.509668,2642.609,202.531,-0.244097,,-0.223905,35.52984542,-97.47538980,52.048,-12.881,-13.362,-29.823,0.800
VN300_2026-07-12_14-41-49_VNINS.csv,lap,5,47211,1180.502014,11.509668,2643.137,203.060,-0.244097,,-0.223905,35.52984920,-97.47539334,52.248,-13.379,-13.720,-29.618,0.800
VN300_2026-07-12_14-41-49_VNINS.csv,lap,5,47212,1180.502014,11.509668,2643.666,203.589,-0.244097,,-0.223905,35.52985296,-97.47539693,52.460,-14.059,-14.039,-29.154,0.800
VN300_2026-07-12_14-41-49_VNINS.csv,lap,5,47213,1180.502014,11.509668,2644.197,204.120,-0.244097,,-0.223905,35.52985670,-97.47540057,52.676,-14.732,-14.337,-28.890,0.800
VN300_2026-07-12_14-41-49_VNINS.csv,lap,5,47214,1180.502014,11.509668,2644.728,204.651,-0.244097,,-0.223905,35.52986041,-97.47540427,52.720,-15.476,-14.702,-28.720,0.800
VN300_2026-07-12_14-41-49_VNINS.csv,lap,5,47215,1180.502014,11.509668,2645.257,205.180,-0.244097,,-0.223905,35.52986405,-97.47540803,52.610,-16.167,-15.141,-28.244,0.800
VN300_2026-07-12_14-41-49_VNINS.csv,lap,5,47216,1180.502014,11.509668,2645.706,205.629,-0.494402,,-0.223905,35.52986786,-97.47540639,50.892,-16.862,-15.624,-27.696,0.790
VN300_2026-07-12_14-41-49_VNINS.csv,lap,5,47217,1180.502014,11.509668,2646.223,206.146,-0.497908,,-0.223905,35.52987138,-97.47541012,50.941,-17.565,-16.050,-27.506,0.790
VN300_2026-07-12_14-41-49_VNINS.csv,lap,5,47218,1180.502014,11.509668,2646.739,206.662,-0.497908,,-0.223905,35.52987486,-97.47541390,50.846,-18.368,-16.512,-27.303,0.800
VN300_2026-07-12_14-41-49_VNINS.csv,lap,5,47219,1180.776502,11.784156,2647.256,207.179,-0.223420,,-0.223905,35.52987831,-97.47541773,50.932,-19.123,-16.922,-26.907,0.800
VN300_2026-07-12_14-41-49_VNINS.csv,lap,5,47220,1180.776502,11.784156,2647.769,207.691,-0.223420,,-0.223905,35.52988168,-97.47542159,50.757,-19.846,-17.372,-26.442,0.800
VN300_2026-07-12_14-41-49_VNINS.csv,lap,5,47221,1180.776502,11.784156,2648.280,208.203,-0.223420,,-0.223905,35.52988502,-97.47542548,50.801,-20.539,-17.782,-26.162,0.800
VN300_2026-07-12_14-41-49_VNINS.csv,lap,5,47222,1180.776502,11.784156,2648.790,208.713,-0.223420,,-0.223905,35.52988830,-97.47542942,50.851,-21.312,-18.226,-25.890,0.800
VN300_2026-07-12_14-41-49_VNINS.csv,lap,5,47223,1180.776502,11.784156,2649.160,209.082,-0.223420,,-0.223905,35.52989141,-97.47542799,49.124,-22.203,-18.541,-25.269,0.790
VN300_2026-07-12_14-41-49_VNINS.csv,lap,5,47224,1180.776502,11.784156,2649.655,209.578,-0.223420,,-0.223905,35.52989456,-97.47543186,49.176,-23.075,-18.869,-24.825,0.790
VN300_2026-07-12_14-41-49_VNINS.csv,lap,5,47225,1180.776502,11.784156,2650.149,210.072,-0.371790,,-0.223905,35.52989766,-97.47543577,49.132,-23.989,-19.103,-24.252,0.790
VN300_2026-07-12_14-41-49_VNINS.csv,lap,5,47226,1180.776502,11.784156,2650.640,210.563,-0.477220,,-0.223905,35.52990071,-97.47543970,48.992,-24.711,-19.408,-23.810,0.790
VN300_2026-07-12_14-41-49_VNINS.csv,lap,5,47227,1180.776502,11.784156,2651.131,211.053,-0.477220,,-0.223905,35.52990372,-97.47544366,49.058,-25.300,-19.831,-23.728,0.800
VN300_2026-07-12_14-41-49_VNINS.csv,lap,5,47228,1180.776502,11.784156,2651.620,211.542,-0.477220,,-0.223905,35.52990667,-97.47544767,49.091,-26.008,-20.247,-23.645,0.800
VN300_2026-07-12_14-41-49_VNINS.csv,lap,5,47229,1180.776502,11.784156,2652.106,212.029,-0.477220,,-0.223905,35.52990954,-97.47545173,49.105,-26.806,-20.669,-23.224,0.800
VN300_2026-07-12_14-41-49_VNINS.csv,lap,5,47230,1181.030235,12.037889,2652.591,212.514,-0.223487,,-0.223905,35.52991235,-97.47545583,49.018,-27.726,-20.998,-23.030,0.800
VN300_2026-07-12_14-41-49_VNINS.csv,lap,5,47231,1181.030235,12.037889,2652.896,212.819,-0.223487,,-0.223905,35.52991480,-97.47545433,47.021,-28.719,-21.372,-23.055,0.790
VN300_2026-07-12_14-41-49_VNINS.csv,lap,5,47232,1181.030235,12.037889,2653.365,213.287,-0.223487,,-0.223905,35.52991746,-97.47545835,46.800,-29.721,-21.761,-22.853,0.790
VN300_2026-07-12_14-41-49_VNINS.csv,lap,5,47233,1181.030235,12.037889,2653.831,213.754,-0.223487,,-0.223905,35.52992006,-97.47546240,46.722,-30.673,-22.159,-22.631,0.790
VN300_2026-07-12_14-41-49_VNINS.csv,lap,5,47234,1181.030235,12.037889,2654.298,214.220,-0.476929,,-0.223905,35.52992261,-97.47546649,46.740,-31.604,-22.583,-22.458,0.790
VN300_2026-07-12_14-41-49_VNINS.csv,lap,5,47235,1181.030235,12.037889,2654.762,214.685,-0.476929,,-0.223905,35.52992511,-97.47547060,46.766,-32.519,-22.977,-22.230,0.800
VN300_2026-07-12_14-41-49_VNINS.csv,lap,5,47236,1181.030235,12.037889,2655.227,215.149,-0.476929,,-0.223905,35.52992757,-97.47547475,46.789,-33.394,-23.378,-22.095,0.800
VN300_2026-07-12_14-41-49_VNINS.csv,lap,5,47237,1181.030235,12.037889,2655.689,215.611,-0.476929,,-0.223905,35.52992998,-97.47547891,46.776,-34.111,-23.851,-22.094,0.800
VN300_2026-07-12_14-41-49_VNINS.csv,lap,5,47238,1181.030235,12.037889,2656.149,216.072,-0.476929,,-0.223905,35.52993233,-97.47548310,46.759,-34.803,-24.392,-22.020,0.800
VN300_2026-07-12_14-41-49_VNINS.csv,lap,5,47239,1181.030235,12.037889,2656.345,216.268,-0.476929,,-0.223905,35.52993401,-97.47548245,44.699,-35.618,-25.514,-21.999,0.790
VN300_2026-07-12_14-41-49_VNINS.csv,lap,5,47240,1181.030235,12.037889,2656.788,216.711,-0.476929,,-0.223905,35.52993620,-97.47548654,44.659,-36.576,-26.691,-21.949,0.790
VN300_2026-07-12_14-41-49_VNINS.csv,lap,5,47241,1181.284134,12.291788,2657.230,217.152,-0.223030,,-0.223905,35.52993834,-97.47549065,44.645,-37.622,-27.797,-21.816,0.790
VN300_2026-07-12_14-41-49_VNINS.csv,lap,5,47242,1181.284134,12.291788,2657.669,217.592,-0.423445,,-0.223905,35.52994041,-97.47549479,44.595,-38.751,-28.807,-21.566,0.790
VN300_2026-07-12_14-41-49_VNINS.csv,lap,5,47243,1181.284134,12.291788,2658.107,218.030,-0.494753,,-0.223905,35.52994242,-97.47549895,44.546,-39.986,-29.739,-21.101,0.790
VN300_2026-07-12_14-41-49_VNINS.csv,lap,5,47244,1181.284134,12.291788,2658.542,218.465,-0.494753,,-0.223905,35.52994433,-97.47550315,44.359,-41.366,-30.549,-20.247,0.800
VN300_2026-07-12_14-41-49_VNINS.csv,lap,5,47245,1181.284134,12.291788,2658.977,218.900,-0.494753,,-0.223905,35.52994619,-97.47550737,44.416,-42.712,-30.883,-19.926,0.800
VN300_2026-07-12_14-41-49_VNINS.csv,lap,5,47246,1181.284134,12.291788,2659.410,219.332,-0.494753,,-0.223905,35.52994799,-97.47551161,44.286,-44.020,-31.213,-19.795,0.800
VN300_2026-07-12_14-41-49_VNINS.csv,lap,5,47247,1181.284134,12.291788,2659.657,219.580,-0.494753,,-0.223905,35.52995002,-97.47551048,41.942,-45.186,-31.691,-19.612,0.790
VN300_2026-07-12_14-41-49_VNINS.csv,lap,5,47248,1181.284134,12.291788,2660.067,219.990,-0.494753,,-0.223905,35.52995167,-97.47551453,41.758,-46.137,-32.604,-19.170,0.790
VN300_2026-07-12_14-41-49_VNINS.csv,lap,5,47249,1181.284134,12.291788,2660.479,220.402,-0.494753,,-0.223905,35.52995327,-97.47551864,41.760,-47.002,-33.641,-18.658,0.790
VN300_2026-07-12_14-41-49_VNINS.csv,lap,5,47250,1181.284134,12.291788,2660.892,220.814,-0.494753,,-0.223905,35.52995483,-97.47552277,41.824,-47.896,-34.677,-18.738,0.790
VN300_2026-07-12_14-41-49_VNINS.csv,lap,5,47251,1181.537660,12.545314,2661.302,221.225,-0.394634,,-0.223905,35.52995632,-97.47552692,41.861,-49.125,-35.609,-18.582,0.790
VN300_2026-07-12_14-41-49_VNINS.csv,lap,5,47252,1181.537660,12.545314,2661.711,221.634,-0.495062,,-0.223905,35.52995774,-97.47553109,41.894,-50.749,-36.343,-17.907,0.790
VN300_2026-07-12_14-41-49_VNINS.csv,lap,5,47253,1181.537660,12.545314,2662.120,222.043,-0.495062,,-0.223905,35.52995910,-97.47553529,41.964,-52.756,-36.859,-16.908,0.790
VN300_2026-07-12_14-41-49_VNINS.csv,lap,5,47254,1181.537660,12.545314,2662.528,222.451,-0.495062,,-0.223905,35.52996039,-97.47553951,41.867,-54.928,-37.191,-15.690,0.800
VN300_2026-07-12_14-41-49_VNINS.csv,lap,5,47255,1181.537660,12.545314,2662.765,222.688,-0.495062,,-0.223905,35.52996218,-97.47553808,39.200,-57.294,-37.467,-14.626,0.780
VN300_2026-07-12_14-41-49_VNINS.csv,lap,5,47256,1181.537660,12.545314,2663.153,223.076,-0.495062,,-0.223905,35.52996334,-97.47554212,38.855,-59.381,-37.821,-13.436,0.780
VN300_2026-07-12_14-41-49_VNINS.csv,lap,5,47257,1181.537660,12.545314,2663.538,223.461,-0.495062,,-0.223905,35.52996443,-97.47554616,38.711,-61.117,-38.337,-12.463,0.790
VN300_2026-07-12_14-41-49_VNINS.csv,lap,5,47258,1181.537660,12.545314,2663.921,223.844,-0.495062,,-0.223905,35.52996546,-97.47555020,38.591,-62.520,-38.964,-11.890,0.790
VN300_2026-07-12_14-41-49_VNINS.csv,lap,5,47259,1181.537660,12.545314,2664.304,224.227,-0.547774,,-0.223905,35.52996642,-97.47555426,38.531,-63.795,-39.715,-11.245,0.790
VN300_2026-07-12_14-41-49_VNINS.csv,lap,5,47260,1181.537660,12.545314,2664.686,224.609,-0.748523,,-0.223905,35.52996733,-97.47555833,38.571,-65.051,-40.493,-10.954,0.790
VN300_2026-07-12_14-41-49_VNINS.csv,lap,5,47261,1181.812816,12.820470,2665.068,224.991,-0.473367,,-0.223905,35.52996818,-97.47556242,38.622,-66.482,-41.213,-10.645,0.790
VN300_2026-07-12_14-41-49_VNINS.csv,lap,5,47262,1181.812816,12.820470,2665.449,225.371,-0.473367,,-0.223905,35.52996895,-97.47556652,38.610,-68.258,-41.718,-9.749,0.790
VN300_2026-07-12_14-41-49_VNINS.csv,lap,5,47263,1181.812816,12.820470,2665.499,225.422,-0.473367,,-0.223905,35.52996925,-97.47556694,36.464,-70.614,-41.947,-8.423,0.780
VN300_2026-07-12_14-41-49_VNINS.csv,lap,5,47264,1181.812816,12.820470,2665.865,225.788,-0.473367,,-0.223905,35.52996993,-97.47557090,36.431,-73.098,-42.062,-7.138,0.780
VN300_2026-07-12_14-41-49_VNINS.csv,lap,5,47265,1181.812816,12.820470,2666.229,226.152,-0.473367,,-0.223905,35.52997058,-97.47557484,36.381,-75.352,-42.270,-6.201,0.780
VN300_2026-07-12_14-41-49_VNINS.csv,lap,5,47266,1181.812816,12.820470,2666.592,226.514,-0.473367,,-0.223905,35.52997117,-97.47557878,36.202,-77.456,-42.504,-4.660,0.780
VN300_2026-07-12_14-41-49_VNINS.csv,lap,5,47267,1181.812816,12.820470,2666.953,226.876,-0.473367,,-0.223905,35.52997167,-97.47558273,36.169,-79.520,-42.575,-3.167,0.790
VN300_2026-07-12_14-41-49_VNINS.csv,lap,5,47268,1181.812816,12.820470,2667.314,227.237,-0.538996,,-0.223905,35.52997211,-97.47558668,35.989,-81.612,-42.675,-1.892,0.790
VN300_2026-07-12_14-41-49_VNINS.csv,lap,5,47269,1181.812816,12.820470,2667.673,227.596,-0.726970,,-0.223905,35.52997248,-97.47559062,35.908,-83.673,-42.760,-0.852,0.790
VN300_2026-07-12_14-41-49_VNINS.csv,lap,5,47270,1181.812816,12.820470,2668.033,227.956,-0.726970,,-0.223905,35.52997279,-97.47559458,35.969,-85.937,-42.710,0.118,0.790
VN300_2026-07-12_14-41-49_VNINS.csv,lap,5,47271,1181.812816,12.820470,2668.215,228.138,-0.726970,,-0.223905,35.52997185,-97.47559623,33.925,-88.419,-42.392,1.641,0.780
VN300_2026-07-12_14-41-49_VNINS.csv,lap,5,47272,1182.066700,13.074354,2668.563,228.486,-0.473086,,-0.223905,35.52997203,-97.47560007,33.951,-90.865,-42.378,3.102,0.780
VN300_2026-07-12_14-41-49_VNINS.csv,lap,5,47273,1182.066700,13.074354,2668.910,228.833,-0.473086,,-0.223905,35.52997213,-97.47560390,33.793,-93.268,-42.389,4.698,0.780
VN300_2026-07-12_14-41-49_VNINS.csv,lap,5,47274,1182.066700,13.074354,2669.258,229.180,-0.473086,,-0.223905,35.52997216,-97.47560774,33.941,-95.821,-42.196,6.189,0.780
VN300_2026-07-12_14-41-49_VNINS.csv,lap,5,47275,1182.066700,13.074354,2669.608,229.531,-0.473086,,-0.223905,35.52997213,-97.47561161,33.964,-98.480,-41.792,7.453,0.780
VN300_2026-07-12_14-41-49_VNINS.csv,lap,5,47276,1182.066700,13.074354,2669.957,229.879,-0.473086,,-0.223905,35.52997204,-97.47561546,33.901,-100.981,-41.339,8.755,0.780
VN300_2026-07-12_14-41-49_VNINS.csv,lap,5,47277,1182.066700,13.074354,2670.305,230.228,-0.673852,,-0.223905,35.52997191,-97.47561931,33.940,-103.495,-40.816,10.067,0.780
VN300_2026-07-12_14-41-49_VNINS.csv,lap,5,47278,1182.066700,13.074354,2670.653,230.575,-1.180696,,-0.223905,35.52997170,-97.47562314,33.839,-105.834,-40.267,11.366,0.780
VN300_2026-07-12_14-41-49_VNINS.csv,lap,5,47279,1182.066700,13.074354,2670.802,230.725,-1.180696,,-0.223905,35.52997055,-97.47562399,31.929,-108.028,-39.856,12.878,0.770
VN300_2026-07-12_14-41-49_VNINS.csv,lap,5,47280,1182.066700,13.074354,2671.136,231.059,-1.180696,,-0.223905,35.52997025,-97.47562767,31.906,-109.851,-39.915,13.872,0.770
VN300_2026-07-12_14-41-49_VNINS.csv,lap,5,47281,1182.066700,13.074354,2671.470,231.392,-1.180696,,-0.223905,35.52996992,-97.47563133,31.904,-111.560,-40.193,14.519,0.770
VN300_2026-07-12_14-41-49_VNINS.csv,lap,5,47282,1182.320170,13.327824,2671.804,231.727,-0.927226,,-0.223905,35.52996956,-97.47563500,31.904,-113.205,-40.462,14.969,0.780
VN300_2026-07-12_14-41-49_VNINS.csv,lap,5,47283,1182.320170,13.327824,2672.136,232.059,-0.927226,,-0.223905,35.52996911,-97.47563863,31.835,-115.051,-40.556,16.123,0.780
VN300_2026-07-12_14-41-49_VNINS.csv,lap,5,47284,1182.320170,13.327824,2672.470,232.393,-0.927226,,-0.223905,35.52996860,-97.47564226,31.883,-117.063,-40.270,17.322,0.780
VN300_2026-07-12_14-41-49_VNINS.csv,lap,5,47285,1182.320170,13.327824,2672.804,232.727,-0.927226,,-0.223905,35.52996805,-97.47564589,31.949,-119.197,-39.661,18.300,0.780
VN300_2026-07-12_14-41-49_VNINS.csv,lap,5,47286,1182.320170,13.327824,2673.139,233.062,-0.927226,,-0.223905,35.52996746,-97.47564952,32.040,-121.396,-38.807,18.938,0.780
VN300_2026-07-12_14-41-49_VNINS.csv,lap,5,47287,1182.320170,13.327824,2673.335,233.257,-0.927226,,-0.223905,35.52996651,-97.47565134,30.653,-123.515,-37.840,19.935,0.770
VN300_2026-07-12_14-41-49_VNINS.csv,lap,5,47288,1182.320170,13.327824,2673.656,233.579,-0.927226,,-0.223905,35.52996586,-97.47565480,30.495,-125.565,-36.974,21.162,0.770
VN300_2026-07-12_14-41-49_VNINS.csv,lap,5,47289,1182.320170,13.327824,2673.980,233.902,-0.927226,,-0.223905,35.52996515,-97.47565827,30.287,-127.444,-36.411,22.161,0.770
VN300_2026-07-12_14-41-49_VNINS.csv,lap,5,47290,1182.320170,13.327824,2674.302,234.225,-0.927226,,-0.223905,35.52996442,-97.47566172,30.185,-129.149,-36.210,23.006,0.770
VN300_2026-07-12_14-41-49_VNINS.csv,lap,5,47291,1182.320170,13.327824,2674.626,234.548,-0.927226,,-0.223905,35.52996366,-97.47566517,30.274,-130.792,-36.315,23.205,0.770
VN300_2026-07-12_14-41-49_VNINS.csv,lap,5,47292,1182.573676,13.581330,2674.948,234.871,-0.673720,,-0.223905,35.52996285,-97.47566859,30.128,-132.348,-36.468,23.564,0.770
VN300_2026-07-12_14-41-49_VNINS.csv,lap,5,47293,1182.573676,13.581330,2675.269,235.192,-0.673720,,-0.223905,35.52996200,-97.47567198,30.142,-133.891,-36.591,24.478,0.770
VN300_2026-07-12_14-41-49_VNINS.csv,lap,5,47294,1182.573676,13.581330,2675.591,235.514,-0.673720,,-0.223905,35.52996112,-97.47567537,30.360,-135.501,-36.634,24.900,0.780
VN300_2026-07-12_14-41-49_VNINS.csv,lap,5,47295,1182.573676,13.581330,2675.971,235.894,-0.673720,,-0.223905,35.52995781,-97.47567642,29.508,-137.280,-36.475,25.460,0.760
VN300_2026-07-12_14-41-49_VNINS.csv,lap,5,47296,1182.573676,13.581330,2676.290,236.213,-0.673720,,-0.223905,35.52995681,-97.47567972,29.715,-139.246,-35.957,25.869,0.770
VN300_2026-07-12_14-41-49_VNINS.csv,lap,5,47297,1182.573676,13.581330,2676.609,236.531,-0.673720,,-0.223905,35.52995576,-97.47568300,29.773,-141.322,-34.945,26.681,0.770
VN300_2026-07-12_14-41-49_VNINS.csv,lap,5,47298,1182.573676,13.581330,2676.931,236.853,-0.673720,,-0.223905,35.52995466,-97.47568629,30.045,-143.359,-33.584,27.805,0.770
VN300_2026-07-12_14-41-49_VNINS.csv,lap,5,47299,1182.573676,13.581330,2677.255,237.178,-0.673720,,-0.223905,35.52995351,-97.47568959,30.378,-145.273,-32.144,28.942,0.770
VN300_2026-07-12_14-41-49_VNINS.csv,lap,5,47300,1182.573676,13.581330,2677.583,237.506,-0.673720,,-0.223905,35.52995232,-97.47569290,30.609,-147.051,-30.789,29.719,0.770
VN300_2026-07-12_14-41-49_VNINS.csv,lap,5,47301,1182.573676,13.581330,2677.914,237.837,-0.673720,,-0.223905,35.52995107,-97.47569622,30.911,-148.731,-29.638,29.996,0.770
VN300_2026-07-12_14-41-49_VNINS.csv,lap,5,47302,1183.277058,14.284712,2678.247,238.170,0.029662,,-0.223905,35.52994977,-97.47569954,31.039,-150.272,-28.883,30.133,0.770
VN300_2026-07-12_14-41-49_VNINS.csv,lap,5,47303,1183.277058,14.284712,2678.635,238.558,0.029662,,-0.223905,35.52994635,-97.47570036,30.498,-151.682,-28.627,30.442,0.760
VN300_2026-07-12_14-41-49_VNINS.csv,lap,5,47304,1183.277058,14.284712,2678.966,238.889,0.029662,,-0.223905,35.52994492,-97.47570357,30.573,-153.006,-28.588,30.808,0.760
VN300_2026-07-12_14-41-49_VNINS.csv,lap,5,47305,1183.277058,14.284712,2679.298,239.221,0.029662,,-0.223905,35.52994345,-97.47570677,30.598,-154.412,-28.578,30.953,0.760
VN300_2026-07-12_14-41-49_VNINS.csv,lap,5,47306,1183.277058,14.284712,2679.631,239.554,-0.140218,,-0.223905,35.52994194,-97.47570994,30.616,-155.885,-28.389,31.266,0.760
VN300_2026-07-12_14-41-49_VNINS.csv,lap,5,47307,1183.277058,14.284712,2679.965,239.887,-0.229696,,-0.223905,35.52994038,-97.47571309,30.735,-157.395,-27.926,31.660,0.770
VN300_2026-07-12_14-41-49_VNINS.csv,lap,5,47308,1183.277058,14.284712,2680.301,240.224,-0.229696,,-0.223905,35.52993880,-97.47571626,30.939,-158.877,-27.278,31.839,0.770
VN300_2026-07-12_14-41-49_VNINS.csv,lap,5,47309,1183.277058,14.284712,2680.639,240.561,-0.229696,,-0.223905,35.52993717,-97.47571941,31.130,-160.332,-26.478,32.068,0.770
VN300_2026-07-12_14-41-49_VNINS.csv,lap,5,47310,1183.277058,14.284712,2680.978,240.901,-0.229696,,-0.223905,35.52993551,-97.47572256,31.464,-161.689,-25.569,32.447,0.770
VN300_2026-07-12_14-41-49_VNINS.csv,lap,5,47311,1183.277058,14.284712,2681.361,241.284,-0.229696,,-0.223905,35.52993244,-97.47572448,31.340,-163.072,-24.564,32.905,0.760
VN300_2026-07-12_14-41-49_VNINS.csv,lap,5,47312,1183.277058,14.284712,2681.705,241.628,-0.229696,,-0.223905,35.52993067,-97.47572759,31.483,-164.345,-23.613,33.403,0.760
VN300_2026-07-12_14-41-49_VNINS.csv,lap,5,47313,1183.277058,14.284712,2682.050,241.973,-0.229696,,-0.223905,35.52992886,-97.47573069,31.748,-165.598,-22.748,33.641,0.760
VN300_2026-07-12_14-41-49_VNINS.csv,lap,5,47314,1183.277058,14.284712,2682.398,242.321,-0.229696,,-0.223905,35.52992699,-97.47573378,31.926,-166.780,-22.044,33.910,0.760
VN300_2026-07-12_14-41-49_VNINS.csv,lap,5,47315,1183.277058,14.284712,2682.750,242.672,-0.229696,,-0.223905,35.52992508,-97.47573687,32.155,-167.971,-21.561,34.027,0.760
VN300_2026-07-12_14-41-49_VNINS.csv,lap,5,47316,1183.277058,14.284712,2683.101,243.024,-0.229696,,-0.223905,35.52992313,-97.47573993,32.143,-169.161,-21.320,34.088,0.760
VN300_2026-07-12_14-41-49_VNINS.csv,lap,5,47317,1183.277058,14.284712,2683.454,243.376,-0.229696,,-0.223905,35.52992114,-97.47574296,32.188,-170.324,-21.184,34.311,0.760
VN300_2026-07-12_14-41-49_VNINS.csv,lap,5,47318,1183.277058,14.284712,2683.807,243.729,-0.294047,,-0.223905,35.52991911,-97.47574596,32.244,-171.524,-20.979,34.639,0.760
VN300_2026-07-12_14-41-49_VNINS.csv,lap,5,47319,1183.277058,14.284712,2684.267,244.189,-0.483485,,-0.223905,35.52991502,-97.47574520,31.713,-172.771,-20.646,34.924,0.760
VN300_2026-07-12_14-41-49_VNINS.csv,lap,5,47320,1183.277058,14.284712,2684.616,244.539,-0.483485,,-0.223905,35.52991291,-97.47574806,31.913,-174.086,-20.124,35.152,0.760
VN300_2026-07-12_14-41-49_VNINS.csv,lap,5,47321,1183.277058,14.284712,2684.968,244.891,-0.483485,,-0.223905,35.52991076,-97.47575092,32.018,-175.377,-19.466,35.267,0.760
VN300_2026-07-12_14-41-49_VNINS.csv,lap,5,47322,1183.277058,14.284712,2685.322,245.244,-0.483485,,-0.223905,35.52990858,-97.47575376,32.148,-176.701,-18.708,35.567,0.760
VN300_2026-07-12_14-41-49_VNINS.csv,lap,5,47323,1183.277058,14.284712,2685.676,245.599,-0.483485,,-0.223905,35.52990636,-97.47575657,32.265,-178.027,-17.875,35.983,0.760
VN300_2026-07-12_14-41-49_VNINS.csv,lap,5,47324,1183.277058,14.284712,2686.032,245.955,-0.483485,,-0.223905,35.52990411,-97.47575937,32.452,-179.372,-16.977,36.109,0.760
VN300_2026-07-12_14-41-49_VNINS.csv,lap,5,47325,1183.277058,14.284712,2686.390,246.313,-0.483485,,-0.223905,35.52990182,-97.47576215,32.675,179.289,-16.115,36.226,0.760
VN300_2026-07-12_14-41-49_VNINS.csv,lap,5,47326,1183.277058,14.284712,2686.751,246.674,-0.483485,,-0.223905,35.52989948,-97.47576492,32.814,177.952,-15.250,36.524,0.760
VN300_2026-07-12_14-41-49_VNINS.csv,lap,5,47327,1183.277058,14.284712,2687.114,247.037,-0.483485,,-0.223905,35.52989711,-97.47576767,32.974,176.664,-14.413,36.713,0.760
VN300_2026-07-12_14-41-49_VNINS.csv,lap,5,47328,1183.277058,14.284712,2687.668,247.591,-0.536347,,-0.223905,35.52989213,-97.47576734,32.864,175.382,-13.695,36.641,0.750
VN300_2026-07-12_14-41-49_VNINS.csv,lap,5,47329,1183.277058,14.284712,2688.031,247.954,-0.749543,,-0.223905,35.52988966,-97.47576996,32.892,174.112,-13.074,36.575,0.760
VN300_2026-07-12_14-41-49_VNINS.csv,lap,5,47330,1183.536149,14.543803,2688.396,248.319,-0.490452,,-0.223905,35.52988715,-97.47577256,32.962,172.913,-12.466,36.650,0.760
VN300_2026-07-12_14-41-49_VNINS.csv,lap,5,47331,1183.536149,14.543803,2688.762,248.685,-0.490452,,-0.223905,35.52988462,-97.47577515,33.139,171.749,-11.856,36.527,0.760
VN300_2026-07-12_14-41-49_VNINS.csv,lap,5,47332,1183.536149,14.543803,2689.129,249.052,-0.490452,,-0.223905,35.52988206,-97.47577771,33.154,170.639,-11.216,36.394,0.760
VN300_2026-07-12_14-41-49_VNINS.csv,lap,5,47333,1183.536149,14.543803,2689.496,249.419,-0.490452,,-0.223905,35.52987948,-97.47578024,33.125,169.573,-10.550,36.393,0.760
VN300_2026-07-12_14-41-49_VNINS.csv,lap,5,47334,1183.536149,14.543803,2689.864,249.787,-0.490452,,-0.223905,35.52987687,-97.47578274,33.202,168.584,-9.883,36.482,0.760
VN300_2026-07-12_14-41-49_VNINS.csv,lap,5,47335,1183.536149,14.543803,2690.525,250.448,-0.490452,,-0.223905,35.52987114,-97.47578081,33.135,167.646,-9.275,36.353,0.750
VN300_2026-07-12_14-41-49_VNINS.csv,lap,5,47336,1183.536149,14.543803,2690.893,250.816,-0.490452,,-0.223905,35.52986844,-97.47578316,33.166,166.727,-8.754,36.276,0.750
VN300_2026-07-12_14-41-49_VNINS.csv,lap,5,47337,1183.536149,14.543803,2691.263,251.185,-0.490452,,-0.223905,35.52986571,-97.47578549,33.316,165.839,-8.280,36.283,0.750
VN300_2026-07-12_14-41-49_VNINS.csv,lap,5,47338,1183.536149,14.543803,2691.633,251.556,-0.490452,,-0.223905,35.52986295,-97.47578779,33.371,164.984,-7.834,36.188,0.750
VN300_2026-07-12_14-41-49_VNINS.csv,lap,5,47339,1183.536149,14.543803,2692.005,251.928,-0.490452,,-0.223905,35.52986016,-97.47579006,33.422,164.141,-7.433,36.119,0.760
VN300_2026-07-12_14-41-49_VNINS.csv,lap,5,47340,1183.536149,14.543803,2692.378,252.301,-0.692350,,-0.223905,35.52985736,-97.47579232,33.596,163.317,-7.043,36.064,0.760
VN300_2026-07-12_14-41-49_VNINS.csv,lap,5,47341,1183.789947,14.797601,2692.752,252.675,-0.490558,,-0.223905,35.52985453,-97.47579456,33.628,162.507,-6.662,35.964,0.760
VN300_2026-07-12_14-41-49_VNINS.csv,lap,5,47342,1183.789947,14.797601,2693.127,253.050,-0.490558,,-0.223905,35.52985168,-97.47579678,33.739,161.718,-6.352,35.767,0.760
VN300_2026-07-12_14-41-49_VNINS.csv,lap,5,47343,1183.789947,14.797601,2693.890,253.813,-0.490558,,-0.223905,35.52984531,-97.47579366,33.942,160.941,-6.066,35.598,0.750
VN300_2026-07-12_14-41-49_VNINS.csv,lap,5,47344,1183.789947,14.797601,2694.269,254.192,-0.490558,,-0.223905,35.52984235,-97.47579574,34.134,160.184,-5.695,35.410,0.750
VN300_2026-07-12_14-41-49_VNINS.csv,lap,5,47345,1183.789947,14.797601,2694.652,254.574,-0.490558,,-0.223905,35.52983936,-97.47579783,34.462,159.488,-5.271,35.183,0.750
VN300_2026-07-12_14-41-49_VNINS.csv,lap,5,47346,1183.789947,14.797601,2695.037,254.960,-0.490558,,-0.223905,35.52983634,-97.47579992,34.696,158.788,-4.872,34.882,0.750
VN300_2026-07-12_14-41-49_VNINS.csv,lap,5,47347,1183.789947,14.797601,2695.426,255.349,-0.490558,,-0.223905,35.52983328,-97.47580201,35.108,158.105,-4.483,34.593,0.750
VN300_2026-07-12_14-41-49_VNINS.csv,lap,5,47348,1183.789947,14.797601,2695.819,255.742,-0.490558,,-0.223905,35.52983019,-97.47580412,35.571,157.457,-4.160,34.154,0.750
VN300_2026-07-12_14-41-49_VNINS.csv,lap,5,47349,1183.789947,14.797601,2696.218,256.141,-0.490558,,-0.223905,35.52982705,-97.47580625,35.976,156.800,-3.922,33.854,0.750
VN300_2026-07-12_14-41-49_VNINS.csv,lap,5,47350,1183.789947,14.797601,2696.620,256.543,-0.544040,,-0.223905,35.52982388,-97.47580838,36.202,156.163,-3.657,33.609,0.760
VN300_2026-07-12_14-41-49_VNINS.csv,lap,5,47351,1184.055510,15.063164,2697.499,257.422,-0.478536,,-0.223905,35.52981682,-97.47580401,36.696,155.506,-3.414,33.318,0.750
VN300_2026-07-12_14-41-49_VNINS.csv,lap,5,47352,1184.055510,15.063164,2697.910,257.833,-0.478536,,-0.223905,35.52981351,-97.47580603,36.983,154.833,-3.197,33.020,0.750
VN300_2026-07-12_14-41-49_VNINS.csv,lap,5,47353,1184.055510,15.063164,2698.324,258.246,-0.478536,,-0.223905,35.52981017,-97.47580804,37.404,154.160,-2.942,32.911,0.750
VN300_2026-07-12_14-41-49_VNINS.csv,lap,5,47354,1184.055510,15.063164,2698.742,258.665,-0.478536,,-0.223905,35.52980678,-97.47581006,37.730,153.474,-2.619,32.704,0.750
VN300_2026-07-12_14-41-49_VNINS.csv,lap,5,47355,1184.055510,15.063164,2699.163,259.086,-0.478536,,-0.223905,35.52980337,-97.47581208,37.887,152.769,-2.273,32.493,0.750
VN300_2026-07-12_14-41-49_VNINS.csv,lap,5,47356,1184.055510,15.063164,2699.587,259.510,-0.478536,,-0.223905,35.52979993,-97.47581409,38.179,152.033,-1.923,32.488,0.750
VN300_2026-07-12_14-41-49_VNINS.csv,lap,5,47357,1184.055510,15.063164,2700.014,259.937,-0.478536,,-0.223905,35.52979645,-97.47581610,38.512,151.306,-1.629,32.434,0.750
VN300_2026-07-12_14-41-49_VNINS.csv,lap,5,47358,1184.055510,15.063164,2700.445,260.368,-0.478536,,-0.223905,35.52979294,-97.47581811,38.836,150.528,-1.428,32.360,0.750
VN300_2026-07-12_14-41-49_VNINS.csv,lap,5,47359,1184.055510,15.063164,2701.289,261.212,-0.478536,,-0.223905,35.52978673,-97.47581274,38.750,149.661,-1.238,32.509,0.740
VN300_2026-07-12_14-41-49_VNINS.csv,lap,5,47360,1184.055510,15.063164,2701.724,261.647,-0.564146,,-0.223905,35.52978312,-97.47581459,39.260,148.753,-0.984,32.443,0.740
VN300_2026-07-12_14-41-49_VNINS.csv,lap,5,47361,1184.308970,15.316624,2702.161,262.084,-0.478643,,-0.223905,35.52977949,-97.47581644,39.468,147.788,-0.642,32.336,0.750
VN300_2026-07-12_14-41-49_VNINS.csv,lap,5,47362,1184.308970,15.316624,2702.603,262.526,-0.478643,,-0.223905,35.52977581,-97.47581829,39.805,146.834,-0.240,32.398,0.750
VN300_2026-07-12_14-41-49_VNINS.csv,lap,5,47363,1184.308970,15.316624,2703.049,262.972,-0.478643,,-0.223905,35.52977210,-97.47582015,40.308,145.848,0.239,32.459,0.750
VN300_2026-07-12_14-41-49_VNINS.csv,lap,5,47364,1184.308970,15.316624,2703.500,263.423,-0.478643,,-0.223905,35.52976834,-97.47582202,40.750,144.886,0.748,32.292,0.750
VN300_2026-07-12_14-41-49_VNINS.csv,lap,5,47365,1184.308970,15.316624,2703.956,263.879,-0.478643,,-0.223905,35.52976454,-97.47582391,41.196,143.927,1.153,32.244,0.750
VN300_2026-07-12_14-41-49_VNINS.csv,lap,5,47366,1184.308970,15.316624,2704.418,264.340,-0.478643,,-0.223905,35.52976069,-97.47582582,41.651,142.994,1.527,32.139,0.750
VN300_2026-07-12_14-41-49_VNINS.csv,lap,5,47367,1184.308970,15.316624,2705.339,265.262,-0.478643,,-0.223905,35.52975441,-97.47581917,41.629,142.055,1.942,31.995,0.740
VN300_2026-07-12_14-41-49_VNINS.csv,lap,5,47368,1184.308970,15.316624,2705.803,265.726,-0.478643,,-0.223905,35.52975047,-97.47582084,41.760,141.105,2.332,31.975,0.740
VN300_2026-07-12_14-41-49_VNINS.csv,lap,5,47369,1184.308970,15.316624,2706.270,266.192,-0.478643,,-0.223905,35.52974651,-97.47582255,42.222,140.170,2.854,31.899,0.740
VN300_2026-07-12_14-41-49_VNINS.csv,lap,5,47370,1184.308970,15.316624,2706.742,266.664,-0.583236,,-0.223905,35.52974250,-97.47582426,42.503,139.217,3.369,31.436,0.740
VN300_2026-07-12_14-41-49_VNINS.csv,lap,5,47371,1184.308970,15.316624,2707.215,267.138,-0.750732,,-0.223905,35.52973847,-97.47582596,42.574,138.283,3.827,31.287,0.750
VN300_2026-07-12_14-41-49_VNINS.csv,lap,5,47372,1184.562735,15.570389,2707.692,267.614,-0.496967,,-0.223905,35.52973441,-97.47582764,42.921,137.404,4.205,31.242,0.750
VN300_2026-07-12_14-41-49_VNINS.csv,lap,5,47373,1184.562735,15.570389,2708.171,268.094,-0.496967,,-0.223905,35.52973032,-97.47582931,43.250,136.540,4.564,30.967,0.750
VN300_2026-07-12_14-41-49_VNINS.csv,lap,5,47374,1184.562735,15.570389,2708.653,268.576,-0.496967,,-0.223905,35.52972620,-97.47583098,43.413,135.675,4.851,30.754,0.750
VN300_2026-07-12_14-41-49_VNINS.csv,lap,5,47375,1184.562735,15.570389,2709.658,269.581,-0.496967,,-0.223905,35.52972096,-97.47582193,43.249,134.823,5.150,30.640,0.740
VN300_2026-07-12_14-41-49_VNINS.csv,lap,5,47376,1184.562735,15.570389,2710.142,270.065,-0.496967,,-0.223905,35.52971677,-97.47582338,43.685,133.991,5.493,30.306,0.740
VN300_2026-07-12_14-41-49_VNINS.csv,lap,5,47377,1184.562735,15.570389,2710.631,270.554,-0.496967,,-0.223905,35.52971254,-97.47582483,43.879,133.116,5.868,30.088,0.740
VN300_2026-07-12_14-41-49_VNINS.csv,lap,5,47378,1184.562735,15.570389,2711.121,271.044,-0.496967,,-0.223905,35.52970829,-97.47582629,44.262,132.272,6.292,29.857,0.740
VN300_2026-07-12_14-41-49_VNINS.csv,lap,5,47379,1184.562735,15.570389,2711.618,271.541,-0.496967,,-0.223905,35.52970399,-97.47582776,44.818,131.472,6.725,29.567,0.740
VN300_2026-07-12_14-41-49_VNINS.csv,lap,5,47380,1184.562735,15.570389,2712.117,272.040,-0.496967,,-0.223905,35.52969966,-97.47582923,44.945,130.697,7.075,29.377,0.740
VN300_2026-07-12_14-41-49_VNINS.csv,lap,5,47381,1184.562735,15.570389,2712.618,272.540,-0.698887,,-0.223905,35.52969532,-97.47583069,44.914,129.954,7.309,29.040,0.750
VN300_2026-07-12_14-41-49_VNINS.csv,lap,5,47382,1184.816210,15.823864,2713.119,273.041,-0.497422,,-0.223905,35.52969097,-97.47583213,45.125,129.258,7.468,28.712,0.750
VN300_2026-07-12_14-41-49_VNINS.csv,lap,5,47383,1184.816210,15.823864,2714.317,274.240,-0.497422,,-0.223905,35.52968626,-97.47582022,44.769,128.573,7.575,28.466,0.740
VN300_2026-07-12_14-41-49_VNINS.csv,lap,5,47384,1184.816210,15.823864,2714.820,274.742,-0.497422,,-0.223905,35.52968184,-97.47582139,45.232,127.978,7.725,27.970,0.740
VN300_2026-07-12_14-41-49_VNINS.csv,lap,5,47385,1184.816210,15.823864,2715.325,275.248,-0.497422,,-0.223905,35.52967739,-97.47582255,45.558,127.490,7.868,27.572,0.740
VN300_2026-07-12_14-41-49_VNINS.csv,lap,5,47386,1184.816210,15.823864,2715.835,275.757,-0.497422,,-0.223905,35.52967291,-97.47582371,46.018,127.131,7.938,27.154,0.740
VN300_2026-07-12_14-41-49_VNINS.csv,lap,5,47387,1184.816210,15.823864,2716.349,276.272,-0.497422,,-0.223905,35.52966838,-97.47582488,46.366,126.861,7.937,26.628,0.740
VN300_2026-07-12_14-41-49_VNINS.csv,lap,5,47388,1184.816210,15.823864,2716.866,276.789,-0.497422,,-0.223905,35.52966383,-97.47582604,46.733,126.655,7.892,26.246,0.740
VN300_2026-07-12_14-41-49_VNINS.csv,lap,5,47389,1184.816210,15.823864,2717.389,277.312,-0.497422,,-0.223905,35.52965922,-97.47582720,47.267,126.526,7.856,25.676,0.740
VN300_2026-07-12_14-41-49_VNINS.csv,lap,5,47390,1184.816210,15.823864,2717.917,277.840,-0.497422,,-0.223905,35.52965457,-97.47582837,47.749,126.453,7.799,25.132,0.740
VN300_2026-07-12_14-41-49_VNINS.csv,lap,5,47391,1184.816210,15.823864,2719.077,278.999,-0.750901,,-0.223905,35.52965039,-97.47581663,47.836,126.377,7.708,24.788,0.740
VN300_2026-07-12_14-41-49_VNINS.csv,lap,5,47392,1185.085613,16.093267,2719.612,279.534,-0.481498,,-0.223905,35.52964564,-97.47581758,48.385,126.320,7.537,24.192,0.740
VN300_2026-07-12_14-41-49_VNINS.csv,lap,5,47393,1185.085613,16.093267,2720.154,280.076,-0.481498,,-0.223905,35.52964083,-97.47581855,48.913,126.286,7.329,23.661,0.740
VN300_2026-07-12_14-41-49_VNINS.csv,lap,5,47394,1185.085613,16.093267,2720.700,280.623,-0.481498,,-0.223905,35.52963598,-97.47581954,49.505,126.341,7.126,23.355,0.740
VN300_2026-07-12_14-41-49_VNINS.csv,lap,5,47395,1185.085613,16.093267,2721.254,281.177,-0.481498,,-0.223905,35.52963107,-97.47582055,50.173,126.465,6.920,22.878,0.740
VN300_2026-07-12_14-41-49_VNINS.csv,lap,5,47396,1185.085613,16.093267,2721.816,281.738,-0.481498,,-0.223905,35.52962609,-97.47582159,50.780,126.571,6.699,22.514,0.740
VN300_2026-07-12_14-41-49_VNINS.csv,lap,5,47397,1185.085613,16.093267,2722.383,282.306,-0.481498,,-0.223905,35.52962106,-97.47582266,51.592,126.708,6.431,22.279,0.740
VN300_2026-07-12_14-41-49_VNINS.csv,lap,5,47398,1185.085613,16.093267,2722.960,282.883,-0.481498,,-0.223905,35.52961595,-97.47582375,52.318,126.870,6.183,21.817,0.740
VN300_2026-07-12_14-41-49_VNINS.csv,lap,5,47399,1185.085613,16.093267,2723.997,283.919,-0.481498,,-0.223905,35.52961296,-97.47581290,52.052,127.023,5.960,21.690,0.730
VN300_2026-07-12_14-41-49_VNINS.csv,lap,5,47400,1185.085613,16.093267,2724.578,284.501,-0.622603,,-0.223905,35.52960778,-97.47581376,52.670,127.248,5.777,21.458,0.730
VN300_2026-07-12_14-41-49_VNINS.csv,lap,5,47401,1185.085613,16.093267,2725.166,285.089,-0.734940,,-0.223905,35.52960254,-97.47581464,53.178,127.423,5.620,21.173,0.740
VN300_2026-07-12_14-41-49_VNINS.csv,lap,5,47402,1185.085613,16.093267,2725.760,285.682,-0.734940,,-0.223905,35.52959725,-97.47581553,53.833,127.587,5.479,21.171,0.740
VN300_2026-07-12_14-41-49_VNINS.csv,lap,5,47403,1185.339569,16.347223,2726.361,286.284,-0.480984,,-0.223905,35.52959189,-97.47581645,54.622,127.740,5.343,20.911,0.740
VN300_2026-07-12_14-41-49_VNINS.csv,lap,5,47404,1185.339569,16.347223,2726.971,286.894,-0.480984,,-0.223905,35.52958646,-97.47581741,55.246,127.885,5.212,20.718,0.740
VN300_2026-07-12_14-41-49_VNINS.csv,lap,5,47405,1185.339569,16.347223,2727.587,287.510,-0.480984,,-0.223905,35.52958098,-97.47581841,55.873,128.097,5.066,20.806,0.740
VN300_2026-07-12_14-41-49_VNINS.csv,lap,5,47406,1185.339569,16.347223,2728.212,288.134,-0.480984,,-0.223905,35.52957543,-97.47581944,56.748,128.352,4.865,20.535,0.740
VN300_2026-07-12_14-41-49_VNINS.csv,lap,5,47407,1185.339569,16.347223,2729.039,288.961,-0.480984,,-0.223905,35.52957482,-97.47581033,56.303,128.630,4.682,20.524,0.730
VN300_2026-07-12_14-41-49_VNINS.csv,lap,5,47408,1185.339569,16.347223,2729.666,289.588,-0.480984,,-0.223905,35.52956922,-97.47581112,57.103,128.965,4.477,20.420,0.730
VN300_2026-07-12_14-41-49_VNINS.csv,lap,5,47409,1185.339569,16.347223,2730.305,290.227,-0.490135,,-0.223905,35.52956352,-97.47581202,58.021,129.339,4.268,20.220,0.730
VN300_2026-07-12_14-41-49_VNINS.csv,lap,5,47410,1185.339569,16.347223,2730.952,290.874,-0.762847,,-0.223905,35.52955775,-97.47581296,58.775,129.817,4.092,20.287,0.730
VN300_2026-07-12_14-41-49_VNINS.csv,lap,5,47411,1185.339569,16.347223,2731.611,291.533,-0.764943,,-0.223905,35.52955188,-97.47581395,59.847,130.264,3.854,20.133,0.730
VN300_2026-07-12_14-41-49_VNINS.csv,lap,5,47412,1185.339569,16.347223,2732.280,292.203,-0.764943,,-0.223905,35.52954592,-97.47581499,60.798,130.825,3.611,19.936,0.740
VN300_2026-07-12_14-41-49_VNINS.csv,lap,5,47413,1185.593054,16.600708,2732.958,292.881,-0.511458,,-0.223905,35.52953989,-97.47581611,61.548,131.505,3.470,19.933,0.740
VN300_2026-07-12_14-41-49_VNINS.csv,lap,5,47414,1185.593054,16.600708,2733.643,293.566,-0.511458,,-0.223905,35.52953380,-97.47581727,62.157,132.170,3.290,19.824,0.740
VN300_2026-07-12_14-41-49_VNINS.csv,lap,5,47415,1185.593054,16.600708,2734.309,294.232,-0.511458,,-0.223905,35.52953578,-97.47581033,61.468,132.864,3.063,19.690,0.730
VN300_2026-07-12_14-41-49_VNINS.csv,lap,5,47416,1185.593054,16.600708,2734.996,294.919,-0.511458,,-0.223905,35.52952966,-97.47581137,62.333,133.403,2.720,19.501,0.730
VN300_2026-07-12_14-41-49_VNINS.csv,lap,5,47417,1185.593054,16.600708,2735.691,295.614,-0.511458,,-0.223905,35.52952347,-97.47581245,63.178,133.936,2.277,19.342,0.730
VN300_2026-07-12_14-41-49_VNINS.csv,lap,5,47418,1185.593054,16.600708,2736.397,296.320,-0.511458,,-0.223905,35.52951719,-97.47581358,63.998,134.502,1.893,19.067,0.730
VN300_2026-07-12_14-41-49_VNINS.csv,lap,5,47419,1185.593054,16.600708,2737.113,297.036,-0.511458,,-0.223905,35.52951082,-97.47581476,65.123,135.200,1.565,18.782,0.730
VN300_2026-07-12_14-41-49_VNINS.csv,lap,5,47420,1185.593054,16.600708,2737.838,297.761,-0.511458,,-0.223905,35.52950438,-97.47581601,65.916,136.020,1.294,18.776,0.730
VN300_2026-07-12_14-41-49_VNINS.csv,lap,5,47421,1185.593054,16.600708,2738.575,298.497,-0.563047,,-0.223905,35.52949784,-97.47581731,66.983,136.832,1.078,18.287,0.730
VN300_2026-07-12_14-41-49_VNINS.csv,lap,5,47422,1185.593054,16.600708,2739.321,299.244,-0.765579,,-0.223905,35.52949122,-97.47581866,67.713,137.498,0.860,18.000,0.740
VN300_2026-07-12_14-41-49_VNINS.csv,lap,5,47423,1185.846596,16.854250,2740.036,299.959,-0.512037,,-0.223905,35.52949643,-97.47581402,66.544,138.144,0.619,18.014,0.730
VN300_2026-07-12_14-41-49_VNINS.csv,lap,5,47424,1185.846596,16.854250,2740.777,300.700,-0.512037,,-0.223905,35.52948986,-97.47581537,67.657,138.717,0.450,17.512,0.730
VN300_2026-07-12_14-41-49_VNINS.csv,lap,5,47425,1185.846596,16.854250,2741.531,301.454,-0.512037,,-0.223905,35.52948318,-97.47581679,68.338,139.230,0.342,17.439,0.730
VN300_2026-07-12_14-41-49_VNINS.csv,lap,5,47426,1185.846596,16.854250,2742.294,302.217,-0.512037,,-0.223905,35.52947642,-97.47581825,69.163,139.694,0.348,17.196,0.730
VN300_2026-07-12_14-41-49_VNINS.csv,lap,5,47427,1185.846596,16.854250,2743.066,302.989,-0.512037,,-0.223905,35.52946959,-97.47581979,69.945,139.978,0.347,16.911,0.730
VN300_2026-07-12_14-41-49_VNINS.csv,lap,5,47428,1185.846596,16.854250,2743.846,303.769,-0.512037,,-0.223905,35.52946270,-97.47582138,70.874,140.146,0.320,16.986,0.730
VN300_2026-07-12_14-41-49_VNINS.csv,lap,5,47429,1185.846596,16.854250,2744.639,304.561,-0.512037,,-0.223905,35.52945570,-97.47582305,72.038,140.144,0.292,16.760,0.730
VN300_2026-07-12_14-41-49_VNINS.csv,lap,5,47430,1185.846596,16.854250,2745.441,305.364,-0.512037,,-0.223905,35.52944862,-97.47582476,72.663,139.992,0.291,16.728,0.730
VN300_2026-07-12_14-41-49_VNINS.csv,lap,5,47431,1185.846596,16.854250,2746.442,306.364,-0.765521,,-0.223905,35.52945716,-97.47582127,70.511,139.748,0.418,16.538,0.720
VN300_2026-07-12_14-41-49_VNINS.csv,lap,5,47432,1185.846596,16.854250,2747.229,307.152,-0.765521,,-0.223905,35.52945023,-97.47582307,71.127,139.307,0.625,16.476,0.730
VN300_2026-07-12_14-41-49_VNINS.csv,lap,5,47433,1186.135960,17.143614,2748.024,307.947,-0.476157,,-0.223905,35.52944324,-97.47582490,71.888,138.775,0.816,16.563,0.730
VN300_2026-07-12_14-41-49_VNINS.csv,lap,5,47434,1186.135960,17.143614,2748.827,308.749,-0.476157,,-0.223905,35.52943619,-97.47582680,72.534,138.099,1.043,16.373,0.730
VN300_2026-07-12_14-41-49_VNINS.csv,lap,5,47435,1186.135960,17.143614,2749.634,309.556,-0.476157,,-0.223905,35.52942910,-97.47582870,72.929,137.274,1.266,16.545,0.730
VN300_2026-07-12_14-41-49_VNINS.csv,lap,5,47436,1186.135960,17.143614,2750.446,310.369,-0.476157,,-0.223905,35.52942196,-97.47583063,73.491,136.442,1.527,16.538,0.730
VN300_2026-07-12_14-41-49_VNINS.csv,lap,5,47437,1186.135960,17.143614,2751.264,311.187,-0.476157,,-0.223905,35.52941478,-97.47583257,73.834,135.559,1.769,16.589,0.730
VN300_2026-07-12_14-41-49_VNINS.csv,lap,5,47438,1186.135960,17.143614,2752.086,312.009,-0.476157,,-0.223905,35.52940756,-97.47583454,74.212,134.671,1.985,16.853,0.730
VN300_2026-07-12_14-41-49_VNINS.csv,lap,5,47439,1186.135960,17.143614,2753.263,313.186,-0.729604,,-0.223905,35.52941720,-97.47582917,71.293,133.730,2.183,16.832,0.720
VN300_2026-07-12_14-41-49_VNINS.csv,lap,5,47440,1186.135960,17.143614,2754.046,313.969,-0.729604,,-0.223905,35.52941033,-97.47583108,71.300,132.750,2.405,17.092,0.720
VN300_2026-07-12_14-41-49_VNINS.csv,lap,5,47441,1186.135960,17.143614,2754.840,314.763,-0.729604,,-0.223905,35.52940337,-97.47583302,71.318,131.791,2.658,16.890,0.720
VN300_2026-07-12_14-41-49_VNINS.csv,lap,5,47442,1186.135960,17.143614,2755.632,315.555,-0.729604,,-0.223905,35.52939642,-97.47583494,71.220,130.857,2.902,16.858,0.730
VN300_2026-07-12_14-41-49_VNINS.csv,lap,5,47443,1186.135960,17.143614,2756.425,316.347,-0.729604,,-0.223905,35.52938947,-97.47583688,71.406,130.005,3.133,17.055,0.730
VN300_2026-07-12_14-41-49_VNINS.csv,lap,5,47444,1186.135960,17.143614,2757.219,317.142,-0.729604,,-0.223905,35.52938250,-97.47583883,71.504,129.162,3.405,16.806,0.730
VN300_2026-07-12_14-41-49_VNINS.csv,lap,5,47445,1186.390116,17.397770,2758.014,317.936,-0.475448,,-0.223905,35.52937554,-97.47584080,71.442,128.346,3.622,16.774,0.730
VN300_2026-07-12_14-41-49_VNINS.csv,lap,5,47446,1186.390116,17.397770,2758.808,318.731,-0.475448,,-0.223905,35.52936858,-97.47584278,71.651,127.542,3.825,16.474,0.730
VN300_2026-07-12_14-41-49_VNINS.csv,lap,5,47447,1186.390116,17.397770,2759.605,319.527,-0.552179,,-0.223905,35.52936161,-97.47584481,71.683,126.797,3.909,16.270,0.730
VN300_2026-07-12_14-41-49_VNINS.csv,lap,5,47448,1186.390116,17.397770,2759.684,319.607,,GPS uncertainty 100.0 m > 4.0 m,-0.223905,35.52936091,-97.47584501,71.730,126.016,3.893,15.958,99.990
VN300_2026-07-12_14-41-49_VNINS.csv,lap,5,47449,1186.390116,17.397770,2759.684,319.607,,GPS uncertainty 100.0 m > 4.0 m,-0.223905,35.52936091,-97.47584501,71.730,125.272,3.890,15.316,99.990
VN300_2026-07-12_14-41-49_VNINS.csv,lap,5,47450,1186.390116,17.397770,2759.684,319.607,,GPS uncertainty 100.0 m > 4.0 m,-0.223905,35.52936091,-97.47584501,71.730,124.434,4.042,15.020,99.990
VN300_2026-07-12_14-41-49_VNINS.csv,lap,5,47451,1186.390116,17.397770,2759.684,319.607,,GPS uncertainty 100.0 m > 4.0 m,-0.223905,35.52936091,-97.47584501,71.730,123.717,4.244,14.819,99.990
VN300_2026-07-12_14-41-49_VNINS.csv,lap,5,47452,1186.390116,17.397770,2759.684,319.607,,GPS uncertainty 100.0 m > 4.0 m,-0.223905,35.52936091,-97.47584501,71.730,123.001,4.472,14.266,99.990
VN300_2026-07-12_14-41-49_VNINS.csv,lap,5,47453,1186.390116,17.397770,2759.684,319.607,,GPS uncertainty 100.0 m > 4.0 m,-0.223905,35.52936091,-97.47584501,71.730,122.376,4.579,14.254,99.990
VN300_2026-07-12_14-41-49_VNINS.csv,lap,5,47454,1186.390116,17.397770,2759.684,319.607,,GPS uncertainty 100.0 m > 4.0 m,-0.223905,35.52936091,-97.47584501,71.730,121.775,4.700,13.892,99.990
VN300_2026-07-12_14-41-49_VNINS.csv,lap,5,47455,1186.643613,17.651267,2759.684,319.607,,GPS uncertainty 100.0 m > 4.0 m,-0.223905,35.52936091,-97.47584501,71.730,121.355,4.570,13.562,99.990
VN300_2026-07-12_14-41-49_VNINS.csv,lap,5,47456,1186.643613,17.651267,2759.684,319.607,,GPS uncertainty 100.0 m > 4.0 m,-0.223905,35.52936091,-97.47584501,71.730,121.087,4.391,13.166,99.990
VN300_2026-07-12_14-41-49_VNINS.csv,lap,5,47457,1186.643613,17.651267,2759.684,319.607,,GPS uncertainty 100.0 m > 4.0 m,-0.223905,35.52936091,-97.47584501,71.730,120.821,4.554,13.231,99.990
VN300_2026-07-12_14-41-49_VNINS.csv,lap,5,47458,1186.643613,17.651267,2759.684,319.607,,GPS uncertainty 100.0 m > 4.0 m,-0.223905,35.52936091,-97.47584501,71.730,120.486,4.861,13.217,99.990
VN300_2026-07-12_14-41-49_VNINS.csv,lap,5,47459,1186.643613,17.651267,2759.684,319.607,,GPS uncertainty 100.0 m > 4.0 m,-0.223905,35.52936091,-97.47584501,71.730,120.053,5.431,12.515,99.990
VN300_2026-07-12_14-41-49_VNINS.csv,lap,5,47460,1186.643613,17.651267,2759.684,319.607,,GPS uncertainty 100.0 m > 4.0 m,-0.223905,35.52936091,-97.47584501,71.730,119.587,5.847,12.446,99.990
VN300_2026-07-12_14-41-49_VNINS.csv,lap,5,47461,1186.643613,17.651267,2759.684,319.607,,GPS uncertainty 100.0 m > 4.0 m,-0.223905,35.52936091,-97.47584501,71.730,119.202,6.010,12.533,99.990
VN300_2026-07-12_14-41-49_VNINS.csv,lap,5,47462,1186.643613,17.651267,2759.684,319.607,,GPS uncertainty 100.0 m > 4.0 m,-0.223905,35.52936091,-97.47584501,71.730,118.776,6.011,12.286,99.990
VN300_2026-07-12_14-41-49_VNINS.csv,lap,5,47463,1186.643613,17.651267,2759.684,319.607,,GPS uncertainty 100.0 m > 4.0 m,-0.223905,35.52936091,-97.47584501,71.730,118.238,5.876,12.179,99.990
VN300_2026-07-12_14-41-49_VNINS.csv,lap,5,47464,1186.643613,17.651267,2759.684,319.607,,GPS uncertainty 100.0 m > 4.0 m,-0.223905,35.52936091,-97.47584501,71.730,117.623,5.895,12.119,99.990
VN300_2026-07-12_14-41-49_VNINS.csv,lap,5,47465,1186.897136,17.904790,2759.684,319.607,,GPS uncertainty 100.0 m > 4.0 m,-0.223905,35.52936091,-97.47584501,71.730,116.934,6.142,11.829,99.990
VN300_2026-07-12_14-41-49_VNINS.csv,lap,5,47466,1186.897136,17.904790,2759.684,319.607,,GPS uncertainty 100.0 m > 4.0 m,-0.223905,35.52936091,-97.47584501,71.730,116.192,6.484,11.713,99.990
VN300_2026-07-12_14-41-49_VNINS.csv,lap,5,47467,1186.897136,17.904790,2759.684,319.607,,GPS uncertainty 100.0 m > 4.0 m,-0.223905,35.52936091,-97.47584501,71.730,115.462,6.860,11.550,99.990
VN300_2026-07-12_14-41-49_VNINS.csv,lap,5,47468,1186.897136,17.904790,2759.684,319.607,,GPS uncertainty 100.0 m > 4.0 m,-0.223905,35.52936091,-97.47584501,71.730,114.788,7.071,11.223,99.990
VN300_2026-07-12_14-41-49_VNINS.csv,lap,5,47469,1186.897136,17.904790,2759.684,319.607,,GPS uncertainty 100.0 m > 4.0 m,-0.223905,35.52936091,-97.47584501,71.730,114.115,7.128,11.166,99.990
VN300_2026-07-12_14-41-49_VNINS.csv,lap,5,47470,1186.897136,17.904790,2759.684,319.607,,GPS uncertainty 100.0 m > 4.0 m,-0.223905,35.52936091,-97.47584501,71.730,113.479,7.120,10.961,99.990
VN300_2026-07-12_14-41-49_VNINS.csv,lap,5,47471,1186.897136,17.904790,2759.684,319.607,,GPS uncertainty 100.0 m > 4.0 m,-0.223905,35.52936091,-97.47584501,71.730,112.781,7.136,10.757,99.990
VN300_2026-07-12_14-41-49_VNINS.csv,lap,5,47472,1186.897136,17.904790,2759.684,319.607,,GPS uncertainty 100.0 m > 4.0 m,-0.223905,35.52936091,-97.47584501,71.730,112.091,7.185,10.625,99.990
VN300_2026-07-12_14-41-49_VNINS.csv,lap,5,47473,1186.897136,17.904790,2759.684,319.607,,GPS uncertainty 100.0 m > 4.0 m,-0.223905,35.52936091,-97.47584501,71.730,111.418,7.300,10.332,99.990
VN300_2026-07-12_14-41-49_VNINS.csv,lap,5,47474,1186.897136,17.904790,2759.684,319.607,,GPS uncertainty 100.0 m > 4.0 m,-0.223905,35.52936091,-97.47584501,71.730,110.794,7.374,10.185,99.990
VN300_2026-07-12_14-41-49_VNINS.csv,lap,5,47475,1187.174538,18.182192,2759.684,319.607,,GPS uncertainty 100.0 m > 4.0 m,-0.223905,35.52936091,-97.47584501,71.730,110.220,7.499,9.959,99.990
VN300_2026-07-12_14-41-49_VNINS.csv,lap,5,47476,1187.174538,18.182192,2759.684,319.607,,GPS uncertainty 100.0 m > 4.0 m,-0.223905,35.52936091,-97.47584501,71.730,109.699,7.590,9.692,99.990
VN300_2026-07-12_14-41-49_VNINS.csv,lap,5,47477,1187.174538,18.182192,2759.684,319.607,,GPS uncertainty 100.0 m > 4.0 m,-0.223905,35.52936091,-97.47584501,71.730,109.271,7.635,9.518,99.990
VN300_2026-07-12_14-41-49_VNINS.csv,lap,5,47478,1187.174538,18.182192,2759.684,319.607,,GPS uncertainty 100.0 m > 4.0 m,-0.223905,35.52936091,-97.47584501,71.730,108.933,7.681,9.100,99.990
VN300_2026-07-12_14-41-49_VNINS.csv,lap,5,47479,1187.174538,18.182192,2759.684,319.607,,GPS uncertainty 100.0 m > 4.0 m,-0.223905,35.52936091,-97.47584501,71.730,108.713,7.665,8.852,99.990
VN300_2026-07-12_14-41-49_VNINS.csv,lap,5,47480,1187.174538,18.182192,2759.684,319.607,,GPS uncertainty 100.0 m > 4.0 m,-0.223905,35.52936091,-97.47584501,71.730,108.636,7.643,8.749,99.990
VN300_2026-07-12_14-41-49_VNINS.csv,lap,5,47481,1187.174538,18.182192,2759.684,319.607,,GPS uncertainty 100.0 m > 4.0 m,-0.223905,35.52936091,-97.47584501,71.730,108.716,7.592,8.024,99.990
VN300_2026-07-12_14-41-49_VNINS.csv,lap,5,47482,1187.174538,18.182192,2759.684,319.607,,GPS uncertainty 100.0 m > 4.0 m,-0.223905,35.52936091,-97.47584501,71.730,108.856,7.536,7.817,99.990
VN300_2026-07-12_14-41-49_VNINS.csv,lap,5,47483,1187.174538,18.182192,2759.684,319.607,,GPS uncertainty 100.0 m > 4.0 m,-0.223905,35.52936091,-97.47584501,71.730,109.070,7.472,7.571,99.990
VN300_2026-07-12_14-41-49_VNINS.csv,lap,5,47484,1187.174538,18.182192,2759.684,319.607,,GPS uncertainty 100.0 m > 4.0 m,-0.223905,35.52936091,-97.47584501,71.730,109.284,7.472,7.062,99.990
VN300_2026-07-12_14-41-49_VNINS.csv,lap,5,47485,1187.174538,18.182192,2759.684,319.607,,GPS uncertainty 100.0 m > 4.0 m,-0.223905,35.52936091,-97.47584501,71.730,109.567,7.417,6.875,99.990
VN300_2026-07-12_14-41-49_VNINS.csv,lap,5,47486,1187.428386,18.436040,2759.684,319.607,,GPS uncertainty 100.0 m > 4.0 m,-0.223905,35.52936091,-97.47584501,71.730,109.839,7.403,6.510,99.990
VN300_2026-07-12_14-41-49_VNINS.csv,lap,5,47487,1187.428386,18.436040,2759.684,319.607,,GPS uncertainty 100.0 m > 4.0 m,-0.223905,35.52936091,-97.47584501,71.730,110.080,7.391,6.326,99.990
VN300_2026-07-12_14-41-49_VNINS.csv,lap,5,47488,1187.428386,18.436040,2759.684,319.607,,GPS uncertainty 100.0 m > 4.0 m,-0.223905,35.52936091,-97.47584501,71.730,110.333,7.376,6.010,99.990
VN300_2026-07-12_14-41-49_VNINS.csv,lap,5,47489,1187.428386,18.436040,2759.684,319.607,,GPS uncertainty 100.0 m > 4.0 m,-0.223905,35.52936091,-97.47584501,71.730,110.554,7.377,5.704,99.990
VN300_2026-07-12_14-41-49_VNINS.csv,lap,5,47490,1187.428386,18.436040,2759.684,319.607,,GPS uncertainty 100.0 m > 4.0 m,-0.223905,35.52936091,-97.47584501,71.730,110.780,7.330,5.505,99.990
VN300_2026-07-12_14-41-49_VNINS.csv,lap,5,47491,1187.428386,18.436040,2759.684,319.607,,GPS uncertainty 100.0 m > 4.0 m,-0.223905,35.52936091,-97.47584501,71.730,110.952,7.272,5.047,99.990
VN300_2026-07-12_14-41-49_VNINS.csv,lap,5,47492,1187.428386,18.436040,2759.684,319.607,,GPS uncertainty 100.0 m > 4.0 m,-0.223905,35.52936091,-97.47584501,71.730,111.142,7.148,4.902,99.990
VN300_2026-07-12_14-41-49_VNINS.csv,lap,5,47493,1187.428386,18.436040,2759.684,319.607,,GPS uncertainty 100.0 m > 4.0 m,-0.223905,35.52936091,-97.47584501,71.730,111.360,7.094,4.612,99.990
VN300_2026-07-12_14-41-49_VNINS.csv,lap,5,47494,1187.428386,18.436040,2759.684,319.607,,GPS uncertainty 100.0 m > 4.0 m,-0.223905,35.52936091,-97.47584501,71.730,111.609,7.167,4.244,99.990
VN300_2026-07-12_14-41-49_VNINS.csv,lap,5,47495,1187.428386,18.436040,2782.211,342.134,,GPS uncertainty 100.0 m > 4.0 m,-0.223905,35.52916011,-97.47581202,51.474,111.883,7.256,4.131,99.990
VN300_2026-07-12_14-41-49_VNINS.csv,lap,5,47496,1187.681780,18.689434,2782.788,342.710,,GPS uncertainty 100.0 m > 4.0 m,-0.223905,35.52915496,-97.47581128,51.647,112.155,7.387,3.844,99.990
VN300_2026-07-12_14-41-49_VNINS.csv,lap,5,47497,1187.681780,18.689434,2783.366,343.289,,GPS uncertainty 100.0 m > 4.0 m,-0.223905,35.52914979,-97.47581055,52.122,112.382,7.501,3.818,99.990
VN300_2026-07-12_14-41-49_VNINS.csv,lap,5,47498,1187.681780,18.689434,2783.951,343.874,,GPS uncertainty 100.0 m > 4.0 m,-0.223905,35.52914456,-97.47580985,52.556,112.569,7.579,3.547,99.990
VN300_2026-07-12_14-41-49_VNINS.csv,lap,5,47499,1187.681780,18.689434,2784.537,344.460,,GPS uncertainty 100.0 m > 4.0 m,-0.223905,35.52913932,-97.47580917,52.665,112.661,7.610,3.470,99.990
VN300_2026-07-12_14-41-49_VNINS.csv,lap,5,47500,1187.681780,18.689434,2785.127,345.050,,GPS uncertainty 100.0 m > 4.0 m,-0.223905,35.52913404,-97.47580852,53.101,112.749,7.575,3.364,99.990
VN300_2026-07-12_14-41-49_VNINS.csv,lap,5,47501,1187.681780,18.689434,2785.720,345.643,,GPS uncertainty 100.0 m > 4.0 m,-0.223905,35.52912873,-97.47580789,53.225,112.805,7.570,3.150,99.990
VN300_2026-07-12_14-41-49_VNINS.csv,lap,5,47502,1187.681780,18.689434,2786.316,346.238,,GPS uncertainty 100.0 m > 4.0 m,-0.223905,35.52912340,-97.47580727,53.429,112.885,7.566,3.191,99.990
VN300_2026-07-12_14-41-49_VNINS.csv,lap,5,47503,1187.681780,18.689434,2787.183,347.106,,GPS uncertainty 100.0 m > 4.0 m,-0.223905,35.52911561,-97.47580782,51.792,112.978,7.577,2.804,99.990
VN300_2026-07-12_14-41-49_VNINS.csv,lap,5,47504,1187.681780,18.689434,2787.760,347.683,,GPS uncertainty 100.0 m > 4.0 m,-0.223905,35.52911043,-97.47580749,51.846,113.050,7.607,2.792,99.990
VN300_2026-07-12_14-41-49_VNINS.csv,lap,5,47505,1187.681780,18.689434,2788.340,348.263,,GPS uncertainty 100.0 m > 4.0 m,-0.223905,35.52910522,-97.47580720,52.171,113.082,7.557,2.758,99.990
VN300_2026-07-12_14-41-49_VNINS.csv,lap,5,47506,1187.681780,18.689434,2788.921,348.844,,GPS uncertainty 100.0 m > 4.0 m,-0.223905,35.52910000,-97.47580694,52.231,113.145,7.558,2.517,99.990
VN300_2026-07-12_14-41-49_VNINS.csv,lap,5,47507,1187.935571,18.943225,2789.503,349.426,,GPS uncertainty 100.0 m > 4.0 m,-0.223905,35.52909477,-97.47580671,52.353,113.210,7.675,2.344,99.990
VN300_2026-07-12_14-41-49_VNINS.csv,lap,5,47508,1187.935571,18.943225,2790.089,350.012,,GPS uncertainty 100.0 m > 4.0 m,-0.223905,35.52908950,-97.47580650,52.748,113.302,7.875,2.135,99.990
VN300_2026-07-12_14-41-49_VNINS.csv,lap,5,47509,1187.935571,18.943225,2790.679,350.601,,GPS uncertainty 100.0 m > 4.0 m,-0.223905,35.52908420,-97.47580634,53.284,113.379,7.976,2.101,99.990
VN300_2026-07-12_14-41-49_VNINS.csv,lap,5,47510,1187.935571,18.943225,2791.271,351.194,,GPS uncertainty 100.0 m > 4.0 m,-0.223905,35.52907887,-97.47580624,53.447,113.471,8.010,1.788,99.990
VN300_2026-07-12_14-41-49_VNINS.csv,lap,5,47511,1187.935571,18.943225,2792.088,352.011,,GPS uncertainty 100.0 m > 4.0 m,-0.223905,35.52907166,-97.47580454,53.786,113.526,8.018,1.533,99.990
VN300_2026-07-12_14-41-49_VNINS.csv,lap,5,47512,1187.935571,18.943225,2792.688,352.611,,GPS uncertainty 100.0 m > 4.0 m,-0.223905,35.52906626,-97.47580441,54.228,113.599,7.973,1.400,99.990
VN300_2026-07-12_14-41-49_VNINS.csv,lap,5,47513,1187.935571,18.943225,2793.292,353.215,,GPS uncertainty 100.0 m > 4.0 m,-0.223905,35.52906083,-97.47580434,54.314,113.668,7.990,1.022,99.990
VN300_2026-07-12_14-41-49_VNINS.csv,lap,5,47514,1187.935571,18.943225,2793.898,353.821,,GPS uncertainty 100.0 m > 4.0 m,-0.223905,35.52905538,-97.47580433,54.563,113.753,8.041,0.871,99.990
VN300_2026-07-12_14-41-49_VNINS.csv,lap,5,47515,1187.935571,18.943225,2794.508,354.430,,GPS uncertainty 100.0 m > 4.0 m,-0.223905,35.52904990,-97.47580434,54.886,113.803,8.073,0.501,99.990
VN300_2026-07-12_14-41-49_VNINS.csv,lap,5,47516,1187.935571,18.943225,2795.121,355.044,,GPS uncertainty 100.0 m > 4.0 m,-0.223905,35.52904438,-97.47580439,55.353,113.840,8.036,0.344,99.990
VN300_2026-07-12_14-41-49_VNINS.csv,lap,5,47517,1188.210997,19.218651,2795.739,355.661,,GPS uncertainty 100.0 m > 4.0 m,-0.223905,35.52903883,-97.47580448,55.767,113.895,7.933,0.083,99.990
VN300_2026-07-12_14-41-49_VNINS.csv,lap,5,47518,1188.210997,19.218651,2796.361,356.284,,GPS uncertainty 100.0 m > 4.0 m,-0.223905,35.52903323,-97.47580459,56.007,113.941,7.859,-0.222,99.990
VN300_2026-07-12_14-41-49_VNINS.csv,lap,5,47519,1188.210997,19.218651,2797.051,356.974,,GPS uncertainty 100.0 m > 4.0 m,-0.223905,35.52902719,-97.47580284,55.717,113.988,7.853,-0.343,99.990
VN300_2026-07-12_14-41-49_VNINS.csv,lap,5,47520,1188.210997,19.218651,2797.674,357.597,,GPS uncertainty 100.0 m > 4.0 m,-0.223905,35.52902159,-97.47580289,56.177,114.018,7.886,-0.720,99.990
VN300_2026-07-12_14-41-49_VNINS.csv,lap,5,47521,1188.210997,19.218651,2798.301,358.224,,GPS uncertainty 100.0 m > 4.0 m,-0.223905,35.52901595,-97.47580299,56.516,114.061,8.048,-0.910,99.990
VN300_2026-07-12_14-41-49_VNINS.csv,lap,5,47522,1188.210997,19.218651,2798.932,358.855,,GPS uncertainty 100.0 m > 4.0 m,-0.223905,35.52901028,-97.47580313,57.087,114.069,8.162,-1.317,99.990
VN300_2026-07-12_14-41-49_VNINS.csv,lap,5,47523,1188.210997,19.218651,2799.568,359.491,,GPS uncertainty 100.0 m > 4.0 m,-0.223905,35.52900456,-97.47580332,57.383,114.074,8.228,-1.635,99.990
VN300_2026-07-12_14-41-49_VNINS.csv,lap,5,47524,1188.210997,19.218651,2800.208,360.131,,GPS uncertainty 100.0 m > 4.0 m,-0.223905,35.52899881,-97.47580356,57.773,114.115,8.168,-2.082,99.990
VN300_2026-07-12_14-41-49_VNINS.csv,lap,5,47525,1188.210997,19.218651,2800.851,360.774,,GPS uncertainty 100.0 m > 4.0 m,-0.223905,35.52899303,-97.47580386,58.065,114.106,8.136,-2.515,99.990
VN300_2026-07-12_14-41-49_VNINS.csv,lap,5,47526,1188.210997,19.218651,2801.497,361.419,,GPS uncertainty 100.0 m > 4.0 m,-0.223905,35.52898723,-97.47580419,58.319,114.139,8.162,-2.859,99.990
VN300_2026-07-12_14-41-49_VNINS.csv,lap,5,47527,1188.210997,19.218651,2802.145,362.068,-0.213307,,-0.223905,35.52898141,-97.47580456,58.466,114.123,8.265,-3.478,2.480
VN300_2026-07-12_14-41-49_VNINS.csv,lap,5,47528,1188.464778,19.472432,2802.672,362.595,0.040474,,-0.223905,35.52897683,-97.47580306,57.167,114.038,8.541,-3.961,2.270
VN300_2026-07-12_14-41-49_VNINS.csv,lap,5,47529,1188.464778,19.472432,2803.301,363.224,0.040474,,-0.223905,35.52897118,-97.47580343,56.868,113.840,9.350,-4.788,2.270
VN300_2026-07-12_14-41-49_VNINS.csv,lap,5,47530,1188.464778,19.472432,2803.929,363.852,0.040474,,-0.223905,35.52896554,-97.47580383,56.831,113.518,10.184,-5.336,2.270
VN300_2026-07-12_14-41-49_VNINS.csv,lap,5,47531,1188.464778,19.472432,2804.560,364.483,0.040474,,-0.223905,35.52895988,-97.47580430,56.975,113.212,10.455,-6.221,2.270
VN300_2026-07-12_14-41-49_VNINS.csv,lap,5,47532,1188.464778,19.472432,2805.191,365.114,-0.142897,,-0.223905,35.52895422,-97.47580485,57.053,113.008,9.665,-6.914,2.270
VN300_2026-07-12_14-41-49_VNINS.csv,lap,5,47533,1188.464778,19.472432,2805.824,365.747,-0.213504,,-0.223905,35.52894855,-97.47580547,57.064,112.871,8.493,-7.702,2.270
VN300_2026-07-12_14-41-49_VNINS.csv,lap,5,47534,1188.464778,19.472432,2806.457,366.380,-0.213504,,-0.223905,35.52894288,-97.47580611,57.049,112.717,7.588,-8.440,2.270
VN300_2026-07-12_14-41-49_VNINS.csv,lap,5,47535,1188.464778,19.472432,2807.037,366.959,-0.213504,,-0.223905,35.52893794,-97.47580408,55.513,112.470,7.058,-9.399,2.100
VN300_2026-07-12_14-41-49_VNINS.csv,lap,5,47536,1188.464778,19.472432,2807.651,367.573,-0.213504,,-0.223905,35.52893243,-97.47580452,55.804,112.181,6.857,-10.190,2.100
VN300_2026-07-12_14-41-49_VNINS.csv,lap,5,47537,1188.464778,19.472432,2808.269,368.192,-0.213504,,-0.223905,35.52892688,-97.47580500,55.592,111.747,6.954,-11.270,2.100
VN300_2026-07-12_14-41-49_VNINS.csv,lap,5,47538,1188.718295,19.725949,2808.887,368.809,0.040013,,-0.223905,35.52892134,-97.47580548,55.489,111.307,7.093,-12.180,2.100
VN300_2026-07-12_14-41-49_VNINS.csv,lap,5,47539,1188.718295,19.725949,2809.504,369.427,0.040013,,-0.223905,35.52891580,-97.47580597,55.295,110.739,7.382,-13.444,2.100
VN300_2026-07-12_14-41-49_VNINS.csv,lap,5,47540,1188.718295,19.725949,2810.119,370.041,0.040013,,-0.223905,35.52891029,-97.47580646,55.070,110.176,7.813,-13.695,2.110
VN300_2026-07-12_14-41-49_VNINS.csv,lap,5,47541,1188.718295,19.725949,2810.731,370.654,0.040013,,-0.223905,35.52890480,-97.47580704,55.061,109.608,8.145,-14.863,2.110
VN300_2026-07-12_14-41-49_VNINS.csv,lap,5,47542,1188.718295,19.725949,2811.342,371.264,0.040013,,-0.223905,35.52889934,-97.47580773,54.623,109.202,8.146,-15.707,2.110
VN300_2026-07-12_14-41-49_VNINS.csv,lap,5,47543,1188.718295,19.725949,2811.960,371.883,0.040013,,-0.223905,35.52889459,-97.47580417,52.578,109.060,7.974,-16.260,1.970
VN300_2026-07-12_14-41-49_VNINS.csv,lap,5,47544,1188.718295,19.725949,2812.542,372.464,-0.123282,,-0.223905,35.52888938,-97.47580471,52.138,109.120,7.729,-16.827,1.970
VN300_2026-07-12_14-41-49_VNINS.csv,lap,5,47545,1188.718295,19.725949,2813.119,373.042,-0.213436,,-0.223905,35.52888421,-97.47580528,51.903,109.390,7.548,-17.073,1.970
VN300_2026-07-12_14-41-49_VNINS.csv,lap,5,47546,1188.718295,19.725949,2813.693,373.616,-0.213436,,-0.223905,35.52887907,-97.47580586,51.640,109.692,7.608,-17.676,1.970
VN300_2026-07-12_14-41-49_VNINS.csv,lap,5,47547,1188.718295,19.725949,2814.266,374.189,-0.213436,,-0.223905,35.52887394,-97.47580645,51.488,110.013,7.876,-18.093,1.970
VN300_2026-07-12_14-41-49_VNINS.csv,lap,5,47548,1188.972702,19.980356,2814.838,374.761,0.040971,,-0.223905,35.52886882,-97.47580706,51.484,110.380,8.068,-18.445,1.970
VN300_2026-07-12_14-41-49_VNINS.csv,lap,5,47549,1188.972702,19.980356,2815.410,375.333,0.040971,,-0.223905,35.52886370,-97.47580768,51.388,110.717,7.998,-18.847,1.970
VN300_2026-07-12_14-41-49_VNINS.csv,lap,5,47550,1188.972702,19.980356,2815.983,375.906,0.040971,,-0.223905,35.52885857,-97.47580833,51.495,111.148,7.703,-18.929,1.980
VN300_2026-07-12_14-41-49_VNINS.csv,lap,5,47551,1188.972702,19.980356,2816.602,376.525,0.040971,,-0.223905,35.52885373,-97.47580495,50.271,111.690,7.622,-19.296,1.860
VN300_2026-07-12_14-41-49_VNINS.csv,lap,5,47552,1188.972702,19.980356,2817.159,377.082,0.040971,,-0.223905,35.52884873,-97.47580522,50.420,112.284,7.826,-19.513,1.860
VN300_2026-07-12_14-41-49_VNINS.csv,lap,5,47553,1188.972702,19.980356,2817.719,377.642,0.040971,,-0.223905,35.52884370,-97.47580561,50.216,112.831,8.088,-19.749,1.860
VN300_2026-07-12_14-41-49_VNINS.csv,lap,5,47554,1188.972702,19.980356,2818.278,378.200,0.040971,,-0.223905,35.52883869,-97.47580604,49.976,113.217,7.979,-20.027,1.860
VN300_2026-07-12_14-41-49_VNINS.csv,lap,5,47555,1188.972702,19.980356,2818.833,378.756,0.040971,,-0.223905,35.52883371,-97.47580649,49.871,113.560,7.510,-20.102,1.860
VN300_2026-07-12_14-41-49_VNINS.csv,lap,5,47556,1188.972702,19.980356,2819.387,379.310,0.040971,,-0.223905,35.52882874,-97.47580695,49.669,113.892,7.362,-20.749,1.860
VN300_2026-07-12_14-41-49_VNINS.csv,lap,5,47557,1188.972702,19.980356,2819.941,379.864,0.040971,,-0.223905,35.52882377,-97.47580736,49.856,113.938,8.035,-20.841,1.870
VN300_2026-07-12_14-41-49_VNINS.csv,lap,5,47558,1189.243134,20.250788,2820.495,380.418,0.141495,,-0.223905,35.52881880,-97.47580777,49.816,113.775,8.986,-20.631,1.870
VN300_2026-07-12_14-41-49_VNINS.csv,lap,5,47559,1189.243134,20.250788,2821.144,381.067,0.041979,,-0.223905,35.52881299,-97.47580704,49.430,113.334,9.502,-21.035,1.770
VN300_2026-07-12_14-41-49_VNINS.csv,lap,5,47560,1189.243134,20.250788,2821.689,381.612,0.041979,,-0.223905,35.52880810,-97.47580746,48.857,112.934,9.278,-21.265,1.770
VN300_2026-07-12_14-41-49_VNINS.csv,lap,5,47561,1189.243134,20.250788,2822.228,382.151,0.041979,,-0.223905,35.52880327,-97.47580789,48.572,112.576,8.740,-21.284,1.770
VN300_2026-07-12_14-41-49_VNINS.csv,lap,5,47562,1189.243134,20.250788,2822.766,382.689,0.041979,,-0.223905,35.52879844,-97.47580832,48.528,112.218,8.250,-21.362,1.770
VN300_2026-07-12_14-41-49_VNINS.csv,lap,5,47563,1189.243134,20.250788,2823.304,383.226,0.041979,,-0.223905,35.52879362,-97.47580871,48.367,111.732,7.932,-21.410,1.770
VN300_2026-07-12_14-41-49_VNINS.csv,lap,5,47564,1189.243134,20.250788,2823.841,383.763,0.041979,,-0.223905,35.52878880,-97.47580910,48.370,111.232,7.795,-21.602,1.770
VN300_2026-07-12_14-41-49_VNINS.csv,lap,5,47565,1189.243134,20.250788,2824.377,384.299,0.041979,,-0.223905,35.52878399,-97.47580948,48.176,110.683,7.706,-21.899,1.770
VN300_2026-07-12_14-41-49_VNINS.csv,lap,5,47566,1189.243134,20.250788,2824.910,384.833,0.041979,,-0.223905,35.52877920,-97.47580985,47.960,110.194,7.587,-21.871,1.770
VN300_2026-07-12_14-41-49_VNINS.csv,lap,5,47567,1189.243134,20.250788,2825.441,385.363,0.041979,,-0.223905,35.52877444,-97.47581024,47.786,109.819,7.442,-22.227,1.770
VN300_2026-07-12_14-41-49_VNINS.csv,lap,5,47568,1189.243134,20.250788,2825.957,385.880,0.041979,,-0.223905,35.52876991,-97.47580899,47.026,109.606,7.226,-22.337,1.690
VN300_2026-07-12_14-41-49_VNINS.csv,lap,5,47569,1189.496903,20.504557,2826.479,386.402,0.295748,,-0.223905,35.52876522,-97.47580925,46.841,109.500,6.932,-22.483,1.690
VN300_2026-07-12_14-41-49_VNINS.csv,lap,5,47570,1189.496903,20.504557,2826.998,386.920,0.295748,,-0.223905,35.52876056,-97.47580952,46.451,109.449,6.721,-22.799,1.690
VN300_2026-07-12_14-41-49_VNINS.csv,lap,5,47571,1189.496903,20.504557,2827.513,387.436,0.295748,,-0.223905,35.52875593,-97.47580975,46.177,109.428,6.554,-22.919,1.690
VN300_2026-07-12_14-41-49_VNINS.csv,lap,5,47572,1189.496903,20.504557,2828.026,387.949,0.295748,,-0.223905,35.52875132,-97.47580999,46.001,109.461,6.487,-23.260,1.690
VN300_2026-07-12_14-41-49_VNINS.csv,lap,5,47573,1189.496903,20.504557,2828.537,388.460,0.295748,,-0.223905,35.52874673,-97.47581021,45.675,109.512,6.441,-23.681,1.690
VN300_2026-07-12_14-41-49_VNINS.csv,lap,5,47574,1189.496903,20.504557,2829.042,388.965,0.144952,,-0.223905,35.52874219,-97.47581041,45.499,109.595,6.383,-23.792,1.700
VN300_2026-07-12_14-41-49_VNINS.csv,lap,5,47575,1189.496903,20.504557,2829.586,389.508,0.041946,,-0.223905,35.52873731,-97.47581076,45.131,109.690,6.346,-24.212,1.620
VN300_2026-07-12_14-41-49_VNINS.csv,lap,5,47576,1189.496903,20.504557,2830.086,390.009,0.041946,,-0.223905,35.52873281,-97.47581098,44.795,109.844,6.331,-24.455,1.620
VN300_2026-07-12_14-41-49_VNINS.csv,lap,5,47577,1189.496903,20.504557,2830.584,390.506,0.041946,,-0.223905,35.52872834,-97.47581117,44.542,110.004,6.173,-24.738,1.630
VN300_2026-07-12_14-41-49_VNINS.csv,lap,5,47578,1189.496903,20.504557,2831.079,391.001,0.041946,,-0.223905,35.52872389,-97.47581135,44.276,110.185,5.982,-24.878,1.630
VN300_2026-07-12_14-41-49_VNINS.csv,lap,5,47579,1189.750411,20.758065,2831.572,391.494,0.295454,,-0.223905,35.52871946,-97.47581150,44.096,110.185,5.843,-25.277,1.630
VN300_2026-07-12_14-41-49_VNINS.csv,lap,5,47580,1189.750411,20.758065,2832.062,391.985,0.295454,,-0.223905,35.52871505,-97.47581164,43.829,110.090,5.717,-25.496,1.630
VN300_2026-07-12_14-41-49_VNINS.csv,lap,5,47581,1189.750411,20.758065,2832.551,392.474,0.295454,,-0.223905,35.52871065,-97.47581175,43.572,109.792,5.686,-25.748,1.630
VN300_2026-07-12_14-41-49_VNINS.csv,lap,5,47582,1189.750411,20.758065,2833.036,392.959,0.295454,,-0.223905,35.52870629,-97.47581184,43.389,109.508,5.462,-25.925,1.630
VN300_2026-07-12_14-41-49_VNINS.csv,lap,5,47583,1189.750411,20.758065,2833.535,393.458,0.295454,,-0.223905,35.52870187,-97.47581278,42.788,109.200,5.150,-26.238,1.560
VN300_2026-07-12_14-41-49_VNINS.csv,lap,5,47584,1189.750411,20.758065,2834.011,393.934,0.295454,,-0.223905,35.52869759,-97.47581288,42.465,108.958,4.734,-26.585,1.570
VN300_2026-07-12_14-41-49_VNINS.csv,lap,5,47585,1189.750411,20.758065,2834.484,394.406,0.295454,,-0.223905,35.52869334,-97.47581294,42.164,108.666,4.182,-26.837,1.570
VN300_2026-07-12_14-41-49_VNINS.csv,lap,5,47586,1189.750411,20.758065,2834.953,394.876,0.295454,,-0.223905,35.52868912,-97.47581298,41.902,108.433,3.784,-27.047,1.570
VN300_2026-07-12_14-41-49_VNINS.csv,lap,5,47587,1189.750411,20.758065,2835.420,395.343,0.295454,,-0.223905,35.52868492,-97.47581300,41.683,108.151,3.387,-27.435,1.570
VN300_2026-07-12_14-41-49_VNINS.csv,lap,5,47588,1189.750411,20.758065,2835.885,395.808,0.295454,,-0.223905,35.52868074,-97.47581298,41.439,107.901,3.154,-27.667,1.570
VN300_2026-07-12_14-41-49_VNINS.csv,lap,5,47589,1190.003962,21.011616,2836.347,396.270,0.534827,,-0.223905,35.52867658,-97.47581294,41.233,107.644,2.859,-27.911,1.570
VN300_2026-07-12_14-41-49_VNINS.csv,lap,5,47590,1190.003962,21.011616,2836.807,396.729,0.377614,,-0.223905,35.52867245,-97.47581287,41.045,107.510,2.646,-28.226,1.570
VN300_2026-07-12_14-41-49_VNINS.csv,lap,5,47591,1190.003962,21.011616,2837.348,397.270,0.295513,,-0.223905,35.52866759,-97.47581257,40.956,107.396,2.307,-28.419,1.510
VN300_2026-07-12_14-41-49_VNINS.csv,lap,5,47592,1190.003962,21.011616,2837.804,397.727,0.295513,,-0.223905,35.52866349,-97.47581244,40.720,107.384,1.986,-28.514,1.510
VN300_2026-07-12_14-41-49_VNINS.csv,lap,5,47593,1190.003962,21.011616,2838.258,398.180,0.295513,,-0.223905,35.52865941,-97.47581229,40.393,107.368,1.593,-28.725,1.510
VN300_2026-07-12_14-41-49_VNINS.csv,lap,5,47594,1190.003962,21.011616,2838.708,398.631,0.295513,,-0.223905,35.52865536,-97.47581210,40.067,107.390,1.282,-28.894,1.510
VN300_2026-07-12_14-41-49_VNINS.csv,lap,5,47595,1190.003962,21.011616,2839.156,399.078,0.295513,,-0.223905,35.52865134,-97.47581189,40.080,107.365,0.934,-28.948,1.510
VN300_2026-07-12_14-41-49_VNINS.csv,lap,5,47596,1190.003962,21.011616,2839.602,399.525,0.295513,,-0.223905,35.52864733,-97.47581168,39.828,107.368,0.763,-29.126,1.510
VN300_2026-07-12_14-41-49_VNINS.csv,lap,5,47597,1190.003962,21.011616,2840.046,399.969,0.295513,,-0.223905,35.52864334,-97.47581144,39.491,107.299,0.560,-29.309,1.510
VN300_2026-07-12_14-41-49_VNINS.csv,lap,5,47598,1190.003962,21.011616,2840.487,400.410,0.295513,,-0.223905,35.52863938,-97.47581118,39.171,107.270,0.381,-29.416,1.510
VN300_2026-07-12_14-41-49_VNINS.csv,lap,5,47599,1190.278576,21.286230,2841.050,400.973,0.570127,,-0.223905,35.52863462,-97.47581330,39.307,107.250,0.165,-29.463,1.460
VN300_2026-07-12_14-41-49_VNINS.csv,lap,5,47600,1190.278576,21.286230,2841.490,401.412,0.570127,,-0.223905,35.52863067,-97.47581316,39.109,107.271,0.020,-29.626,1.460
VN300_2026-07-12_14-41-49_VNINS.csv,lap,5,47601,1190.278576,21.286230,2841.925,401.847,0.570127,,-0.223905,35.52862676,-97.47581300,38.841,107.318,-0.309,-29.685,1.460
VN300_2026-07-12_14-41-49_VNINS.csv,lap,5,47602,1190.278576,21.286230,2842.359,402.281,0.570127,,-0.223905,35.52862286,-97.47581283,38.651,107.413,-0.585,-29.833,1.460
VN300_2026-07-12_14-41-49_VNINS.csv,lap,5,47603,1190.278576,21.286230,2842.790,402.713,0.570127,,-0.223905,35.52861898,-97.47581267,38.566,107.491,-0.900,-29.929,1.470
VN300_2026-07-12_14-41-49_VNINS.csv,lap,5,47604,1190.278576,21.286230,2843.220,403.142,0.570127,,-0.223905,35.52861512,-97.47581250,38.253,107.577,-1.138,-30.029,1.470
VN300_2026-07-12_14-41-49_VNINS.csv,lap,5,47605,1190.278576,21.286230,2843.647,403.570,0.570127,,-0.223905,35.52861128,-97.47581231,38.127,107.586,-1.375,-30.091,1.470
VN300_2026-07-12_14-41-49_VNINS.csv,lap,5,47606,1190.278576,21.286230,2844.073,403.996,0.549225,,-0.223905,35.52860745,-97.47581209,37.935,107.575,-1.483,-30.252,1.470
VN300_2026-07-12_14-41-49_VNINS.csv,lap,5,47607,1190.278576,21.286230,2844.496,404.419,0.468448,,-0.223905,35.52860365,-97.47581187,37.716,107.496,-1.680,-30.257,1.470
VN300_2026-07-12_14-41-49_VNINS.csv,lap,5,47608,1190.278576,21.286230,2845.019,404.942,0.368663,,-0.223905,35.52859913,-97.47581345,37.744,107.467,-1.875,-30.266,1.420
VN300_2026-07-12_14-41-49_VNINS.csv,lap,5,47609,1190.278576,21.286230,2845.439,405.362,0.316670,,-0.223905,35.52859535,-97.47581329,37.439,107.394,-2.193,-30.295,1.420
VN300_2026-07-12_14-41-49_VNINS.csv,lap,5,47610,1190.533052,21.540706,2845.857,405.779,0.571146,,-0.223905,35.52859160,-97.47581312,37.317,107.339,-2.491,-30.392,1.420
VN300_2026-07-12_14-41-49_VNINS.csv,lap,5,47611,1190.533052,21.540706,2846.273,406.196,0.571146,,-0.223905,35.52858786,-97.47581294,37.164,107.175,-2.898,-30.305,1.420
VN300_2026-07-12_14-41-49_VNINS.csv,lap,5,47612,1190.533052,21.540706,2846.687,406.610,0.571146,,-0.223905,35.52858414,-97.47581275,36.973,107.022,-3.184,-30.279,1.420
VN300_2026-07-12_14-41-49_VNINS.csv,lap,5,47613,1190.533052,21.540706,2847.100,407.023,0.571146,,-0.223905,35.52858043,-97.47581255,36.736,106.775,-3.547,-30.216,1.420
VN300_2026-07-12_14-41-49_VNINS.csv,lap,5,47614,1190.533052,21.540706,2847.510,407.432,0.571146,,-0.223905,35.52857675,-97.47581232,36.495,106.583,-3.889,-30.314,1.420
VN300_2026-07-12_14-41-49_VNINS.csv,lap,5,47615,1190.533052,21.540706,2847.983,407.906,0.571146,,-0.223905,35.52857263,-97.47581364,36.376,106.309,-4.403,-30.275,1.380
VN300_2026-07-12_14-41-49_VNINS.csv,lap,5,47616,1190.533052,21.540706,2848.389,408.312,0.571146,,-0.223905,35.52856898,-97.47581345,36.148,106.087,-4.842,-30.088,1.380
VN300_2026-07-12_14-41-49_VNINS.csv,lap,5,47617,1190.533052,21.540706,2848.792,408.715,0.571146,,-0.223905,35.52856536,-97.47581325,35.970,105.783,-5.449,-30.008,1.380
VN300_2026-07-12_14-41-49_VNINS.csv,lap,5,47618,1190.533052,21.540706,2849.193,409.116,0.571146,,-0.223905,35.52856176,-97.47581305,35.531,105.646,-6.116,-30.086,1.380
VN300_2026-07-12_14-41-49_VNINS.csv,lap,5,47619,1190.533052,21.540706,2849.592,409.514,0.571146,,-0.223905,35.52855818,-97.47581279,35.541,105.256,-6.774,-29.752,1.380
VN300_2026-07-12_14-41-49_VNINS.csv,lap,5,47620,1190.786662,21.794316,2849.988,409.911,0.824756,,-0.223905,35.52855462,-97.47581251,35.287,104.822,-7.207,-29.522,1.380
VN300_2026-07-12_14-41-49_VNINS.csv,lap,5,47621,1190.786662,21.794316,2850.382,410.304,0.824756,,-0.223905,35.52855109,-97.47581222,35.057,104.252,-7.872,-29.308,1.380
VN300_2026-07-12_14-41-49_VNINS.csv,lap,5,47622,1190.786662,21.794316,2850.774,410.697,0.824756,,-0.223905,35.52854757,-97.47581190,34.759,103.670,-8.396,-29.120,1.380
VN300_2026-07-12_14-41-49_VNINS.csv,lap,5,47623,1190.786662,21.794316,2851.230,411.153,0.824756,,-0.223905,35.52854347,-97.47581193,34.752,102.968,-9.170,-28.470,1.350
VN300_2026-07-12_14-41-49_VNINS.csv,lap,5,47624,1190.786662,21.794316,2851.619,411.541,0.824756,,-0.223905,35.52853999,-97.47581156,34.492,102.444,-9.874,-27.990,1.350
VN300_2026-07-12_14-41-49_VNINS.csv,lap,5,47625,1190.786662,21.794316,2852.003,411.925,0.824756,,-0.223905,35.52853655,-97.47581116,34.135,101.846,-10.868,-27.499,1.350
VN300_2026-07-12_14-41-49_VNINS.csv,lap,5,47626,1190.786662,21.794316,2852.384,412.307,0.702133,,-0.223905,35.52853314,-97.47581073,33.922,101.312,-11.602,-27.034,1.350
VN300_2026-07-12_14-41-49_VNINS.csv,lap,5,47627,1190.786662,21.794316,2852.763,412.686,0.557446,,-0.223905,35.52852975,-97.47581026,33.741,100.564,-12.434,-26.252,1.350
VN300_2026-07-12_14-41-49_VNINS.csv,lap,5,47628,1190.786662,21.794316,2853.141,413.063,0.557446,,-0.223905,35.52852638,-97.47580977,33.499,99.997,-13.021,-25.784,1.350
VN300_2026-07-12_14-41-49_VNINS.csv,lap,5,47629,1190.786662,21.794316,2853.515,413.438,0.557446,,-0.223905,35.52852304,-97.47580925,33.297,99.233,-13.758,-24.914,1.350
VN300_2026-07-12_14-41-49_VNINS.csv,lap,5,47630,1190.786662,21.794316,2853.886,413.809,0.557446,,-0.223905,35.52851973,-97.47580871,33.078,98.739,-14.274,-24.340,1.350
VN300_2026-07-12_14-41-49_VNINS.csv,lap,5,47631,1191.040477,22.048131,2854.347,414.269,0.811261,,-0.223905,35.52851559,-97.47580877,33.204,98.140,-14.862,-23.521,1.310
VN300_2026-07-12_14-41-49_VNINS.csv,lap,5,47632,1191.040477,22.048131,2854.718,414.641,0.811261,,-0.223905,35.52851228,-97.47580821,33.051,97.836,-15.237,-23.002,1.310
VN300_2026-07-12_14-41-49_VNINS.csv,lap,5,47633,1191.040477,22.048131,2855.088,415.010,0.811261,,-0.223905,35.52850899,-97.47580763,32.930,97.352,-15.646,-22.402,1.310
VN300_2026-07-12_14-41-49_VNINS.csv,lap,5,47634,1191.040477,22.048131,2855.455,415.378,0.811261,,-0.223905,35.52850572,-97.47580703,32.753,97.150,-15.899,-22.129,1.310
VN300_2026-07-12_14-41-49_VNINS.csv,lap,5,47635,1191.040477,22.048131,2855.822,415.745,0.811261,,-0.223905,35.52850246,-97.47580641,32.624,96.836,-16.117,-21.790,1.310
VN300_2026-07-12_14-41-49_VNINS.csv,lap,5,47636,1191.040477,22.048131,2856.186,416.109,0.811261,,-0.223905,35.52849923,-97.47580577,32.362,96.666,-16.294,-21.605,1.310
