source,segment_type,segment_number,row_index,time_s,segment_time_s,distance_m,segment_distance_m,live_delta_to_best_s,live_delta_error,final_delta_to_best_s,lat,lon,speed_mph,yaw_deg,pitch_deg,roll_deg,pos_uncertainty_m
VN300_2026-07-12_14-41-49_VNINS.csv,lap,2,12378,309.540894,0.000000,816.887,0.000,0.000000,,-10.657980,35.52849879,-97.47520419,38.738,152.238,4.303,-8.032,0.720
VN300_2026-07-12_14-41-49_VNINS.csv,lap,2,12379,309.814491,0.273597,817.321,0.433,0.273597,,-10.657980,35.52849531,-97.47520634,38.703,152.898,4.406,-7.866,0.720
VN300_2026-07-12_14-41-49_VNINS.csv,lap,2,12380,309.814491,0.273597,817.752,0.865,0.273597,,-10.657980,35.52849186,-97.47520853,38.676,153.640,4.589,-7.886,0.720
VN300_2026-07-12_14-41-49_VNINS.csv,lap,2,12381,309.814491,0.273597,818.185,1.297,0.273597,,-10.657980,35.52848842,-97.47521076,38.639,154.394,4.790,-7.944,0.720
VN300_2026-07-12_14-41-49_VNINS.csv,lap,2,12382,309.814491,0.273597,818.616,1.729,0.273597,,-10.657980,35.52848500,-97.47521301,38.497,155.108,4.788,-7.931,0.720
VN300_2026-07-12_14-41-49_VNINS.csv,lap,2,12383,309.814491,0.273597,818.743,1.856,0.273597,,-10.657980,35.52848547,-97.47521429,37.421,155.813,4.565,-7.652,0.710
VN300_2026-07-12_14-41-49_VNINS.csv,lap,2,12384,309.814491,0.273597,819.161,2.274,0.273597,,-10.657980,35.52848220,-97.47521657,37.430,156.565,4.162,-7.365,0.710
VN300_2026-07-12_14-41-49_VNINS.csv,lap,2,12385,309.814491,0.273597,819.581,2.693,0.273597,,-10.657980,35.52847895,-97.47521892,37.696,157.462,3.858,-7.214,0.710
VN300_2026-07-12_14-41-49_VNINS.csv,lap,2,12386,309.814491,0.273597,820.002,3.114,0.273597,,-10.657980,35.52847572,-97.47522135,37.798,158.590,3.870,-7.227,0.710
VN300_2026-07-12_14-41-49_VNINS.csv,lap,2,12387,309.814491,0.273597,820.425,3.537,0.236884,,-10.657980,35.52847249,-97.47522382,37.907,159.959,4.211,-7.228,0.710
VN300_2026-07-12_14-41-49_VNINS.csv,lap,2,12388,309.814491,0.273597,820.849,3.962,0.020180,,-10.657980,35.52846927,-97.47522634,38.022,161.432,4.692,-7.087,0.720
VN300_2026-07-12_14-41-49_VNINS.csv,lap,2,12389,309.814491,0.273597,821.274,4.387,0.020180,,-10.657980,35.52846608,-97.47522893,38.067,162.889,5.122,-7.017,0.720
VN300_2026-07-12_14-41-49_VNINS.csv,lap,2,12390,310.068320,0.527426,821.699,4.812,0.274009,,-10.657980,35.52846292,-97.47523157,38.047,164.271,5.362,-6.977,0.720
VN300_2026-07-12_14-41-49_VNINS.csv,lap,2,12391,310.068320,0.527426,821.906,5.019,0.274009,,-10.657980,35.52846360,-97.47523370,36.996,165.480,5.346,-6.773,0.710
VN300_2026-07-12_14-41-49_VNINS.csv,lap,2,12392,310.068320,0.527426,822.313,5.425,0.274009,,-10.657980,35.52846068,-97.47523640,36.956,166.725,5.099,-6.607,0.710
VN300_2026-07-12_14-41-49_VNINS.csv,lap,2,12393,310.068320,0.527426,822.726,5.838,0.274009,,-10.657980,35.52845773,-97.47523917,37.016,167.923,4.885,-6.437,0.710
VN300_2026-07-12_14-41-49_VNINS.csv,lap,2,12394,310.068320,0.527426,823.139,6.252,0.274009,,-10.657980,35.52845481,-97.47524200,37.019,169.098,4.770,-6.286,0.710
VN300_2026-07-12_14-41-49_VNINS.csv,lap,2,12395,310.068320,0.527426,823.551,6.663,0.274009,,-10.657980,35.52845193,-97.47524486,36.849,170.209,4.622,-6.040,0.710
VN300_2026-07-12_14-41-49_VNINS.csv,lap,2,12396,310.068320,0.527426,823.961,7.074,0.274009,,-10.657980,35.52844908,-97.47524774,36.707,171.276,4.477,-5.457,0.710
VN300_2026-07-12_14-41-49_VNINS.csv,lap,2,12397,310.068320,0.527426,824.371,7.484,0.274009,,-10.657980,35.52844626,-97.47525066,36.658,172.300,4.389,-5.122,0.710
VN300_2026-07-12_14-41-49_VNINS.csv,lap,2,12398,310.068320,0.527426,824.779,7.892,0.159643,,-10.657980,35.52844347,-97.47525359,36.605,173.188,4.305,-4.832,0.710
VN300_2026-07-12_14-41-49_VNINS.csv,lap,2,12399,310.068320,0.527426,825.158,8.271,0.002306,,-10.657980,35.52844490,-97.47525739,35.533,174.056,4.209,-4.939,0.700
VN300_2026-07-12_14-41-49_VNINS.csv,lap,2,12400,310.321883,0.780989,825.553,8.666,0.255869,,-10.657980,35.52844233,-97.47526040,35.373,174.875,4.144,-5.156,0.710
VN300_2026-07-12_14-41-49_VNINS.csv,lap,2,12401,310.321883,0.780989,825.946,9.059,0.255869,,-10.657980,35.52843980,-97.47526344,35.340,175.702,4.037,-5.498,0.710
VN300_2026-07-12_14-41-49_VNINS.csv,lap,2,12402,310.321883,0.780989,826.339,9.452,0.255869,,-10.657980,35.52843733,-97.47526654,35.240,176.592,4.130,-5.944,0.710
VN300_2026-07-12_14-41-49_VNINS.csv,lap,2,12403,310.321883,0.780989,826.731,9.844,0.255869,,-10.657980,35.52843488,-97.47526966,35.110,177.496,4.345,-5.815,0.710
VN300_2026-07-12_14-41-49_VNINS.csv,lap,2,12404,310.321883,0.780989,827.122,10.234,0.255869,,-10.657980,35.52843249,-97.47527282,35.045,178.511,4.644,-5.624,0.710
VN300_2026-07-12_14-41-49_VNINS.csv,lap,2,12405,310.321883,0.780989,827.513,10.626,0.255869,,-10.657980,35.52843014,-97.47527604,35.100,179.632,5.219,-5.337,0.710
VN300_2026-07-12_14-41-49_VNINS.csv,lap,2,12406,310.321883,0.780989,827.903,11.015,0.255869,,-10.657980,35.52842785,-97.47527930,35.011,-179.158,5.931,-5.251,0.710
VN300_2026-07-12_14-41-49_VNINS.csv,lap,2,12407,310.321883,0.780989,828.291,11.404,0.255869,,-10.657980,35.52842562,-97.47528260,34.723,-178.191,6.316,-5.643,0.710
VN300_2026-07-12_14-41-49_VNINS.csv,lap,2,12408,310.321883,0.780989,828.501,11.613,0.255869,,-10.657980,35.52842700,-97.47528418,33.355,-177.353,6.274,-5.694,0.700
VN300_2026-07-12_14-41-49_VNINS.csv,lap,2,12409,310.321883,0.780989,828.872,11.985,0.255869,,-10.657980,35.52842496,-97.47528743,33.234,-176.518,6.049,-5.608,0.700
VN300_2026-07-12_14-41-49_VNINS.csv,lap,2,12410,310.321883,0.780989,829.242,12.355,0.186293,,-10.657980,35.52842295,-97.47529069,33.206,-175.655,5.753,-4.943,0.700
VN300_2026-07-12_14-41-49_VNINS.csv,lap,2,12411,310.575665,1.034771,829.612,12.725,0.255738,,-10.657980,35.52842098,-97.47529398,33.325,-174.747,5.465,-4.588,0.700
VN300_2026-07-12_14-41-49_VNINS.csv,lap,2,12412,310.575665,1.034771,829.983,13.096,0.255738,,-10.657980,35.52841905,-97.47529733,33.323,-173.746,5.407,-4.781,0.710
VN300_2026-07-12_14-41-49_VNINS.csv,lap,2,12413,310.575665,1.034771,830.354,13.467,0.255738,,-10.657980,35.52841713,-97.47530068,33.327,-172.649,5.514,-4.168,0.710
VN300_2026-07-12_14-41-49_VNINS.csv,lap,2,12414,310.575665,1.034771,830.727,13.840,0.255738,,-10.657980,35.52841526,-97.47530410,33.576,-171.386,5.679,-4.216,0.710
VN300_2026-07-12_14-41-49_VNINS.csv,lap,2,12415,310.575665,1.034771,830.975,14.088,0.255738,,-10.657980,35.52841668,-97.47530622,32.460,-170.160,5.882,-4.653,0.700
VN300_2026-07-12_14-41-49_VNINS.csv,lap,2,12416,310.575665,1.034771,831.336,14.449,0.255738,,-10.657980,35.52841499,-97.47530962,32.418,-168.894,6.029,-4.062,0.700
VN300_2026-07-12_14-41-49_VNINS.csv,lap,2,12417,310.575665,1.034771,831.696,14.808,0.255738,,-10.657980,35.52841334,-97.47531304,32.444,-167.688,5.991,-3.799,0.700
VN300_2026-07-12_14-41-49_VNINS.csv,lap,2,12418,310.575665,1.034771,832.057,15.170,0.255738,,-10.657980,35.52841173,-97.47531651,32.504,-166.479,5.937,-3.664,0.700
VN300_2026-07-12_14-41-49_VNINS.csv,lap,2,12419,310.575665,1.034771,832.419,15.532,0.255738,,-10.657980,35.52841017,-97.47532002,32.556,-165.358,5.861,-3.648,0.700
VN300_2026-07-12_14-41-49_VNINS.csv,lap,2,12420,310.575665,1.034771,832.781,15.893,0.255738,,-10.657980,35.52840865,-97.47532355,32.525,-164.226,5.658,-3.950,0.700
VN300_2026-07-12_14-41-49_VNINS.csv,lap,2,12421,310.840603,1.299709,833.142,16.254,0.520676,,-10.657980,35.52840717,-97.47532710,32.482,-163.095,5.456,-3.702,0.700
VN300_2026-07-12_14-41-49_VNINS.csv,lap,2,12422,310.840603,1.299709,833.502,16.615,0.365118,,-10.657980,35.52840573,-97.47533067,32.460,-161.897,5.259,-3.610,0.700
VN300_2026-07-12_14-41-49_VNINS.csv,lap,2,12423,310.840603,1.299709,833.898,17.011,0.267174,,-10.657980,35.52840827,-97.47533374,31.653,-160.567,5.193,-3.638,0.690
VN300_2026-07-12_14-41-49_VNINS.csv,lap,2,12424,310.840603,1.299709,834.250,17.362,0.267174,,-10.657980,35.52840704,-97.47533732,31.553,-159.111,5.175,-3.775,0.700
VN300_2026-07-12_14-41-49_VNINS.csv,lap,2,12425,310.840603,1.299709,834.599,17.712,0.267174,,-10.657980,35.52840586,-97.47534090,31.537,-157.644,5.197,-3.723,0.700
VN300_2026-07-12_14-41-49_VNINS.csv,lap,2,12426,310.840603,1.299709,834.948,18.060,0.267174,,-10.657980,35.52840473,-97.47534449,31.303,-156.139,5.215,-3.621,0.700
VN300_2026-07-12_14-41-49_VNINS.csv,lap,2,12427,310.840603,1.299709,835.294,18.406,0.267174,,-10.657980,35.52840366,-97.47534808,31.148,-154.617,5.282,-3.417,0.700
VN300_2026-07-12_14-41-49_VNINS.csv,lap,2,12428,310.840603,1.299709,835.637,18.750,0.267174,,-10.657980,35.52840265,-97.47535167,30.990,-153.065,5.388,-3.235,0.700
VN300_2026-07-12_14-41-49_VNINS.csv,lap,2,12429,310.840603,1.299709,835.980,19.093,0.267174,,-10.657980,35.52840169,-97.47535527,30.931,-151.548,5.486,-3.068,0.700
VN300_2026-07-12_14-41-49_VNINS.csv,lap,2,12430,310.840603,1.299709,836.321,19.433,0.267174,,-10.657980,35.52840080,-97.47535887,30.707,-150.071,5.497,-3.076,0.700
VN300_2026-07-12_14-41-49_VNINS.csv,lap,2,12431,311.094198,1.553304,836.674,19.786,0.520769,,-10.657980,35.52840336,-97.47536118,29.629,-148.693,5.354,-3.095,0.690
VN300_2026-07-12_14-41-49_VNINS.csv,lap,2,12432,311.094198,1.553304,837.000,20.112,0.520769,,-10.657980,35.52840267,-97.47536468,29.411,-147.388,5.095,-2.916,0.690
VN300_2026-07-12_14-41-49_VNINS.csv,lap,2,12433,311.094198,1.553304,837.324,20.437,0.520769,,-10.657980,35.52840204,-97.47536818,29.365,-146.129,4.842,-2.776,0.690
VN300_2026-07-12_14-41-49_VNINS.csv,lap,2,12434,311.094198,1.553304,837.648,20.761,0.407543,,-10.657980,35.52840147,-97.47537169,29.238,-144.782,4.650,-2.698,0.690
VN300_2026-07-12_14-41-49_VNINS.csv,lap,2,12435,311.094198,1.553304,837.972,21.084,0.267351,,-10.657980,35.52840096,-97.47537521,29.320,-143.303,4.622,-2.640,0.700
VN300_2026-07-12_14-41-49_VNINS.csv,lap,2,12436,311.094198,1.553304,838.294,21.406,0.267351,,-10.657980,35.52840053,-97.47537873,29.162,-141.592,4.792,-2.720,0.700
VN300_2026-07-12_14-41-49_VNINS.csv,lap,2,12437,311.094198,1.553304,838.615,21.727,0.267351,,-10.657980,35.52840017,-97.47538225,29.057,-139.794,5.109,-2.536,0.700
VN300_2026-07-12_14-41-49_VNINS.csv,lap,2,12438,311.094198,1.553304,838.934,22.047,0.267351,,-10.657980,35.52839986,-97.47538576,28.926,-138.027,5.388,-2.226,0.700
VN300_2026-07-12_14-41-49_VNINS.csv,lap,2,12439,311.094198,1.553304,839.208,22.320,0.267351,,-10.657980,35.52840194,-97.47538737,28.063,-136.291,5.567,-2.080,0.690
VN300_2026-07-12_14-41-49_VNINS.csv,lap,2,12440,311.094198,1.553304,839.516,22.628,0.267351,,-10.657980,35.52840182,-97.47539077,27.922,-134.599,5.676,-2.010,0.690
VN300_2026-07-12_14-41-49_VNINS.csv,lap,2,12441,311.094198,1.553304,839.822,22.935,0.267351,,-10.657980,35.52840177,-97.47539416,27.781,-133.027,5.700,-1.872,0.690
VN300_2026-07-12_14-41-49_VNINS.csv,lap,2,12442,311.347995,1.807101,840.126,23.239,0.521148,,-10.657980,35.52840178,-97.47539752,27.500,-131.688,5.482,-1.799,0.690
VN300_2026-07-12_14-41-49_VNINS.csv,lap,2,12443,311.347995,1.807101,840.428,23.541,0.521148,,-10.657980,35.52840186,-97.47540085,27.367,-130.438,5.148,-1.743,0.690
VN300_2026-07-12_14-41-49_VNINS.csv,lap,2,12444,311.347995,1.807101,840.728,23.840,0.521148,,-10.657980,35.52840200,-97.47540416,27.283,-129.184,4.841,-1.608,0.690
VN300_2026-07-12_14-41-49_VNINS.csv,lap,2,12445,311.347995,1.807101,841.027,24.140,0.521148,,-10.657980,35.52840219,-97.47540746,27.253,-127.811,4.630,-1.429,0.690
VN300_2026-07-12_14-41-49_VNINS.csv,lap,2,12446,311.347995,1.807101,841.326,24.438,0.521148,,-10.657980,35.52840247,-97.47541074,27.174,-126.269,4.599,-1.342,0.700
VN300_2026-07-12_14-41-49_VNINS.csv,lap,2,12447,311.347995,1.807101,841.624,24.736,0.521148,,-10.657980,35.52840279,-97.47541401,27.108,-124.609,4.730,-1.231,0.700
VN300_2026-07-12_14-41-49_VNINS.csv,lap,2,12448,311.347995,1.807101,841.958,25.070,0.249428,,-10.657980,35.52840572,-97.47541481,26.262,-122.888,4.900,-1.074,0.690
VN300_2026-07-12_14-41-49_VNINS.csv,lap,2,12449,311.347995,1.807101,842.240,25.353,-0.126083,,-10.657980,35.52840624,-97.47541787,26.119,-121.164,4.987,-0.926,0.690
VN300_2026-07-12_14-41-49_VNINS.csv,lap,2,12450,311.347995,1.807101,842.527,25.639,-0.126083,,-10.657980,35.52840679,-97.47542096,26.046,-119.581,4.994,-0.769,0.690
VN300_2026-07-12_14-41-49_VNINS.csv,lap,2,12451,311.347995,1.807101,842.811,25.923,-0.126083,,-10.657980,35.52840740,-97.47542401,25.881,-118.082,4.913,-0.661,0.690
VN300_2026-07-12_14-41-49_VNINS.csv,lap,2,12452,311.601383,2.060489,843.093,26.206,0.127305,,-10.657980,35.52840806,-97.47542702,25.795,-116.663,4.735,-0.503,0.690
VN300_2026-07-12_14-41-49_VNINS.csv,lap,2,12453,311.601383,2.060489,843.374,26.487,0.127305,,-10.657980,35.52840880,-97.47542999,25.650,-115.334,4.455,-0.588,0.690
VN300_2026-07-12_14-41-49_VNINS.csv,lap,2,12454,311.601383,2.060489,843.654,26.767,0.127305,,-10.657980,35.52840959,-97.47543293,25.610,-113.937,4.186,-0.628,0.690
VN300_2026-07-12_14-41-49_VNINS.csv,lap,2,12455,311.601383,2.060489,843.935,27.048,0.127305,,-10.657980,35.52841045,-97.47543585,25.649,-112.511,4.020,-0.521,0.690
VN300_2026-07-12_14-41-49_VNINS.csv,lap,2,12456,311.601383,2.060489,844.184,27.296,0.127305,,-10.657980,35.52841267,-97.47543618,24.949,-110.810,3.957,-0.369,0.690
VN300_2026-07-12_14-41-49_VNINS.csv,lap,2,12457,311.601383,2.060489,844.456,27.569,0.127305,,-10.657980,35.52841367,-97.47543893,24.906,-109.168,4.011,-0.230,0.690
VN300_2026-07-12_14-41-49_VNINS.csv,lap,2,12458,311.601383,2.060489,844.728,27.841,0.127305,,-10.657980,35.52841471,-97.47544165,24.919,-107.416,4.159,0.147,0.690
VN300_2026-07-12_14-41-49_VNINS.csv,lap,2,12459,311.601383,2.060489,845.001,28.114,0.127305,,-10.657980,35.52841583,-97.47544433,24.949,-105.639,4.288,0.222,0.690
VN300_2026-07-12_14-41-49_VNINS.csv,lap,2,12460,311.601383,2.060489,845.273,28.386,0.127305,,-10.657980,35.52841702,-97.47544696,24.941,-103.851,4.423,0.008,0.690
VN300_2026-07-12_14-41-49_VNINS.csv,lap,2,12461,311.601383,2.060489,845.545,28.658,0.127305,,-10.657980,35.52841825,-97.47544956,24.853,-102.145,4.482,0.200,0.690
VN300_2026-07-12_14-41-49_VNINS.csv,lap,2,12462,311.877755,2.336861,845.815,28.928,0.403677,,-10.657980,35.52841952,-97.47545210,24.784,-100.511,4.422,0.237,0.690
VN300_2026-07-12_14-41-49_VNINS.csv,lap,2,12463,311.877755,2.336861,846.086,29.198,0.403677,,-10.657980,35.52842085,-97.47545460,24.814,-99.005,4.254,0.318,0.690
VN300_2026-07-12_14-41-49_VNINS.csv,lap,2,12464,311.877755,2.336861,846.267,29.380,0.403677,,-10.657980,35.52842247,-97.47545435,24.013,-97.388,3.911,0.469,0.680
VN300_2026-07-12_14-41-49_VNINS.csv,lap,2,12465,311.877755,2.336861,846.529,29.642,0.403677,,-10.657980,35.52842388,-97.47545667,24.048,-95.812,3.539,0.711,0.680
VN300_2026-07-12_14-41-49_VNINS.csv,lap,2,12466,311.877755,2.336861,846.791,29.903,0.403677,,-10.657980,35.52842534,-97.47545894,24.143,-94.180,3.283,0.712,0.680
VN300_2026-07-12_14-41-49_VNINS.csv,lap,2,12467,311.877755,2.336861,847.053,30.165,0.403677,,-10.657980,35.52842686,-97.47546115,24.094,-92.533,3.033,0.489,0.690
VN300_2026-07-12_14-41-49_VNINS.csv,lap,2,12468,311.877755,2.336861,847.315,30.428,0.403677,,-10.657980,35.52842842,-97.47546333,24.190,-90.854,2.833,0.492,0.690
VN300_2026-07-12_14-41-49_VNINS.csv,lap,2,12469,311.877755,2.336861,847.578,30.691,0.403677,,-10.657980,35.52843002,-97.47546547,24.261,-89.175,2.686,0.491,0.690
VN300_2026-07-12_14-41-49_VNINS.csv,lap,2,12470,311.877755,2.336861,847.843,30.956,0.403677,,-10.657980,35.52843168,-97.47546757,24.540,-87.475,2.646,0.397,0.690
VN300_2026-07-12_14-41-49_VNINS.csv,lap,2,12471,311.877755,2.336861,848.112,31.225,0.403677,,-10.657980,35.52843339,-97.47546967,24.874,-85.728,2.690,0.331,0.690
VN300_2026-07-12_14-41-49_VNINS.csv,lap,2,12472,311.877755,2.336861,848.223,31.335,0.403677,,-10.657980,35.52843432,-97.47547010,24.643,-83.644,2.705,0.396,0.680
VN300_2026-07-12_14-41-49_VNINS.csv,lap,2,12473,312.131626,2.590732,848.492,31.605,0.657548,,-10.657980,35.52843611,-97.47547211,25.047,-81.537,2.733,0.682,0.680
VN300_2026-07-12_14-41-49_VNINS.csv,lap,2,12474,312.131626,2.590732,848.767,31.880,0.657548,,-10.657980,35.52843797,-97.47547411,25.432,-79.436,2.717,0.805,0.680
VN300_2026-07-12_14-41-49_VNINS.csv,lap,2,12475,312.131626,2.590732,849.045,32.158,0.657548,,-10.657980,35.52843988,-97.47547609,25.732,-77.310,2.610,0.810,0.680
VN300_2026-07-12_14-41-49_VNINS.csv,lap,2,12476,312.131626,2.590732,849.327,32.440,0.657548,,-10.657980,35.52844186,-97.47547804,26.001,-75.172,2.494,0.752,0.680
VN300_2026-07-12_14-41-49_VNINS.csv,lap,2,12477,312.131626,2.590732,849.611,32.723,0.657548,,-10.657980,35.52844388,-97.47547995,26.171,-73.010,2.389,0.820,0.680
VN300_2026-07-12_14-41-49_VNINS.csv,lap,2,12478,312.131626,2.590732,849.896,33.009,0.657548,,-10.657980,35.52844595,-97.47548182,26.480,-70.845,2.311,0.947,0.690
VN300_2026-07-12_14-41-49_VNINS.csv,lap,2,12479,312.131626,2.590732,850.187,33.299,0.657548,,-10.657980,35.52844809,-97.47548366,26.814,-68.810,2.293,1.064,0.690
VN300_2026-07-12_14-41-49_VNINS.csv,lap,2,12480,312.131626,2.590732,850.389,33.502,0.657548,,-10.657980,35.52844953,-97.47548229,26.371,-66.697,2.261,1.105,0.680
VN300_2026-07-12_14-41-49_VNINS.csv,lap,2,12481,312.131626,2.590732,850.679,33.791,0.657548,,-10.657980,35.52845175,-97.47548396,26.666,-64.828,2.201,1.243,0.680
VN300_2026-07-12_14-41-49_VNINS.csv,lap,2,12482,312.131626,2.590732,850.972,34.084,0.657548,,-10.657980,35.52845402,-97.47548561,26.962,-63.142,2.112,1.488,0.680
VN300_2026-07-12_14-41-49_VNINS.csv,lap,2,12483,312.385005,2.844111,851.269,34.381,0.910927,,-10.657980,35.52845634,-97.47548723,27.306,-61.666,2.022,1.661,0.680
VN300_2026-07-12_14-41-49_VNINS.csv,lap,2,12484,312.385005,2.844111,851.568,34.681,0.910927,,-10.657980,35.52845870,-97.47548883,27.630,-60.377,1.947,1.722,0.680
VN300_2026-07-12_14-41-49_VNINS.csv,lap,2,12485,312.385005,2.844111,851.872,34.985,0.910927,,-10.657980,35.52846112,-97.47549039,27.914,-59.244,1.841,1.688,0.680
VN300_2026-07-12_14-41-49_VNINS.csv,lap,2,12486,312.385005,2.844111,852.179,35.292,0.910927,,-10.657980,35.52846358,-97.47549193,28.227,-58.195,1.710,1.769,0.680
VN300_2026-07-12_14-41-49_VNINS.csv,lap,2,12487,312.385005,2.844111,852.488,35.601,0.910927,,-10.657980,35.52846608,-97.47549342,28.600,-57.217,1.559,1.825,0.680
VN300_2026-07-12_14-41-49_VNINS.csv,lap,2,12488,312.385005,2.844111,852.682,35.795,0.910927,,-10.657980,35.52846760,-97.47549237,28.245,-56.377,1.414,1.646,0.680
VN300_2026-07-12_14-41-49_VNINS.csv,lap,2,12489,312.385005,2.844111,852.990,36.102,0.910927,,-10.657980,35.52847017,-97.47549363,28.527,-55.416,1.287,1.451,0.680
VN300_2026-07-12_14-41-49_VNINS.csv,lap,2,12490,312.385005,2.844111,853.304,36.416,0.910927,,-10.657980,35.52847280,-97.47549489,28.808,-54.484,1.221,1.415,0.680
VN300_2026-07-12_14-41-49_VNINS.csv,lap,2,12491,312.385005,2.844111,853.620,36.733,0.787530,,-10.657980,35.52847547,-97.47549610,29.086,-53.507,1.167,1.395,0.680
VN300_2026-07-12_14-41-49_VNINS.csv,lap,2,12492,312.385005,2.844111,853.939,37.052,0.652424,,-10.657980,35.52847818,-97.47549727,29.332,-52.470,1.125,1.337,0.680
VN300_2026-07-12_14-41-49_VNINS.csv,lap,2,12493,312.638468,3.097574,854.262,37.374,0.905887,,-10.657980,35.52848093,-97.47549840,29.615,-51.398,1.081,1.265,0.680
VN300_2026-07-12_14-41-49_VNINS.csv,lap,2,12494,312.638468,3.097574,854.586,37.699,0.905887,,-10.657980,35.52848371,-97.47549948,29.853,-50.345,1.043,1.192,0.680
VN300_2026-07-12_14-41-49_VNINS.csv,lap,2,12495,312.638468,3.097574,854.759,37.872,0.905887,,-10.657980,35.52848494,-97.47550065,29.720,-49.410,0.965,1.317,0.670
VN300_2026-07-12_14-41-49_VNINS.csv,lap,2,12496,312.638468,3.097574,855.084,38.197,0.905887,,-10.657980,35.52848775,-97.47550164,29.930,-48.343,0.810,1.518,0.680
VN300_2026-07-12_14-41-49_VNINS.csv,lap,2,12497,312.638468,3.097574,855.414,38.526,0.905887,,-10.657980,35.52849061,-97.47550259,30.239,-47.336,0.652,1.556,0.680
VN300_2026-07-12_14-41-49_VNINS.csv,lap,2,12498,312.638468,3.097574,855.746,38.859,0.905887,,-10.657980,35.52849351,-97.47550349,30.502,-46.313,0.575,1.469,0.680
VN300_2026-07-12_14-41-49_VNINS.csv,lap,2,12499,312.638468,3.097574,856.081,39.194,0.905887,,-10.657980,35.52849644,-97.47550436,30.777,-45.328,0.571,1.622,0.680
VN300_2026-07-12_14-41-49_VNINS.csv,lap,2,12500,312.638468,3.097574,856.421,39.534,0.905887,,-10.657980,35.52849942,-97.47550520,31.087,-44.437,0.637,1.894,0.680
VN300_2026-07-12_14-41-49_VNINS.csv,lap,2,12501,312.638468,3.097574,856.764,39.876,0.905887,,-10.657980,35.52850243,-97.47550599,31.411,-43.669,0.730,1.898,0.680
VN300_2026-07-12_14-41-49_VNINS.csv,lap,2,12502,312.638468,3.097574,857.110,40.222,0.905887,,-10.657980,35.52850548,-97.47550676,31.776,-43.020,0.830,1.966,0.680
VN300_2026-07-12_14-41-49_VNINS.csv,lap,2,12503,313.013514,3.472620,857.299,40.412,1.280933,,-10.657980,35.52850699,-97.47550579,31.647,-42.458,0.899,2.042,0.670
VN300_2026-07-12_14-41-49_VNINS.csv,lap,2,12504,313.013514,3.472620,857.649,40.761,1.280933,,-10.657980,35.52851009,-97.47550643,31.960,-41.969,0.898,2.130,0.670
VN300_2026-07-12_14-41-49_VNINS.csv,lap,2,12505,313.013514,3.472620,858.002,41.115,1.280933,,-10.657980,35.52851323,-97.47550704,32.332,-41.536,0.796,2.331,0.680
VN300_2026-07-12_14-41-49_VNINS.csv,lap,2,12506,313.013514,3.472620,858.360,41.472,1.138528,,-10.657980,35.52851641,-97.47550763,32.686,-41.102,0.662,2.406,0.680
VN300_2026-07-12_14-41-49_VNINS.csv,lap,2,12507,313.013514,3.472620,858.721,41.834,1.027134,,-10.657980,35.52851963,-97.47550819,33.044,-40.663,0.570,2.395,0.680
VN300_2026-07-12_14-41-49_VNINS.csv,lap,2,12508,313.013514,3.472620,859.087,42.200,1.027134,,-10.657980,35.52852289,-97.47550874,33.406,-40.205,0.534,2.388,0.680
VN300_2026-07-12_14-41-49_VNINS.csv,lap,2,12509,313.013514,3.472620,859.456,42.569,1.027134,,-10.657980,35.52852618,-97.47550928,33.812,-39.710,0.537,2.430,0.680
VN300_2026-07-12_14-41-49_VNINS.csv,lap,2,12510,313.013514,3.472620,859.831,42.943,1.027134,,-10.657980,35.52852952,-97.47550979,34.234,-39.154,0.556,2.322,0.680
VN300_2026-07-12_14-41-49_VNINS.csv,lap,2,12511,313.013514,3.472620,860.002,43.114,1.027134,,-10.657980,35.52853094,-97.47551051,34.140,-38.551,0.579,2.319,0.670
VN300_2026-07-12_14-41-49_VNINS.csv,lap,2,12512,313.013514,3.472620,860.381,43.493,1.027134,,-10.657980,35.52853433,-97.47551098,34.577,-37.927,0.559,2.397,0.670
VN300_2026-07-12_14-41-49_VNINS.csv,lap,2,12513,313.013514,3.472620,860.763,43.876,1.027134,,-10.657980,35.52853775,-97.47551143,34.970,-37.291,0.448,2.262,0.670
VN300_2026-07-12_14-41-49_VNINS.csv,lap,2,12514,313.013514,3.472620,861.151,44.264,1.027134,,-10.657980,35.52854122,-97.47551185,35.405,-36.591,0.306,2.165,0.670
VN300_2026-07-12_14-41-49_VNINS.csv,lap,2,12515,313.013514,3.472620,861.543,44.656,1.027134,,-10.657980,35.52854473,-97.47551225,35.758,-35.841,0.175,1.979,0.680
VN300_2026-07-12_14-41-49_VNINS.csv,lap,2,12516,313.013514,3.472620,861.939,45.052,1.027134,,-10.657980,35.52854828,-97.47551262,36.160,-35.041,0.039,2.011,0.680
VN300_2026-07-12_14-41-49_VNINS.csv,lap,2,12517,313.013514,3.472620,862.340,45.452,0.410508,,-10.657980,35.52855187,-97.47551297,36.588,-34.220,-0.104,1.993,0.680
VN300_2026-07-12_14-41-49_VNINS.csv,lap,2,12518,313.268586,3.727692,862.745,45.858,0.562241,,-10.657980,35.52855551,-97.47551327,37.003,-33.323,-0.152,1.802,0.680
VN300_2026-07-12_14-41-49_VNINS.csv,lap,2,12519,313.268586,3.727692,862.930,46.043,0.562241,,-10.657980,35.52855717,-97.47551312,36.916,-32.395,-0.146,1.643,0.670
VN300_2026-07-12_14-41-49_VNINS.csv,lap,2,12520,313.268586,3.727692,863.340,46.452,0.562241,,-10.657980,35.52856085,-97.47551332,37.288,-31.472,-0.172,1.538,0.670
VN300_2026-07-12_14-41-49_VNINS.csv,lap,2,12521,313.268586,3.727692,863.753,46.865,0.562241,,-10.657980,35.52856456,-97.47551349,37.676,-30.626,-0.207,1.489,0.670
VN300_2026-07-12_14-41-49_VNINS.csv,lap,2,12522,313.268586,3.727692,864.171,47.284,0.562241,,-10.657980,35.52856832,-97.47551362,38.113,-29.830,-0.297,1.643,0.670
VN300_2026-07-12_14-41-49_VNINS.csv,lap,2,12523,313.268586,3.727692,864.592,47.705,0.562241,,-10.657980,35.52857211,-97.47551367,38.452,-29.144,-0.456,1.611,0.670
VN300_2026-07-12_14-41-49_VNINS.csv,lap,2,12524,313.268586,3.727692,865.018,48.131,0.562241,,-10.657980,35.52857594,-97.47551368,38.868,-28.525,-0.636,1.434,0.680
VN300_2026-07-12_14-41-49_VNINS.csv,lap,2,12525,313.268586,3.727692,865.449,48.561,0.562241,,-10.657980,35.52857981,-97.47551363,39.281,-27.936,-0.770,1.454,0.680
VN300_2026-07-12_14-41-49_VNINS.csv,lap,2,12526,313.268586,3.727692,865.885,48.997,0.562241,,-10.657980,35.52858373,-97.47551354,39.669,-27.389,-0.847,1.640,0.680
VN300_2026-07-12_14-41-49_VNINS.csv,lap,2,12527,313.268586,3.727692,866.324,49.437,0.562241,,-10.657980,35.52858768,-97.47551342,40.081,-26.943,-0.874,1.660,0.680
VN300_2026-07-12_14-41-49_VNINS.csv,lap,2,12528,313.268586,3.727692,866.571,49.684,0.562241,,-10.657980,35.52858981,-97.47551263,39.921,-26.435,-0.879,1.533,0.670
VN300_2026-07-12_14-41-49_VNINS.csv,lap,2,12529,313.522327,3.981433,867.015,50.127,0.815982,,-10.657980,35.52859379,-97.47551235,40.274,-25.985,-0.923,1.541,0.670
VN300_2026-07-12_14-41-49_VNINS.csv,lap,2,12530,313.522327,3.981433,867.461,50.574,0.815982,,-10.657980,35.52859780,-97.47551204,40.846,-25.542,-0.969,1.515,0.670
VN300_2026-07-12_14-41-49_VNINS.csv,lap,2,12531,313.522327,3.981433,867.913,51.026,0.815982,,-10.657980,35.52860185,-97.47551165,41.178,-25.090,-1.021,1.489,0.670
VN300_2026-07-12_14-41-49_VNINS.csv,lap,2,12532,313.522327,3.981433,868.369,51.481,0.815982,,-10.657980,35.52860593,-97.47551121,41.448,-24.668,-1.121,1.536,0.670
VN300_2026-07-12_14-41-49_VNINS.csv,lap,2,12533,313.522327,3.981433,868.828,51.940,0.815982,,-10.657980,35.52861004,-97.47551073,41.828,-24.287,-1.232,1.445,0.680
VN300_2026-07-12_14-41-49_VNINS.csv,lap,2,12534,313.522327,3.981433,869.292,52.404,0.815982,,-10.657980,35.52861419,-97.47551018,42.260,-23.929,-1.330,1.230,0.680
VN300_2026-07-12_14-41-49_VNINS.csv,lap,2,12535,313.522327,3.981433,869.586,52.699,0.815982,,-10.657980,35.52861669,-97.47551126,42.253,-23.568,-1.417,1.245,0.670
VN300_2026-07-12_14-41-49_VNINS.csv,lap,2,12536,313.522327,3.981433,870.055,53.168,0.815982,,-10.657980,35.52862088,-97.47551067,42.760,-23.147,-1.411,1.302,0.670
VN300_2026-07-12_14-41-49_VNINS.csv,lap,2,12537,313.522327,3.981433,870.529,53.641,0.815982,,-10.657980,35.52862510,-97.47550997,43.139,-22.717,-1.318,1.158,0.670
VN300_2026-07-12_14-41-49_VNINS.csv,lap,2,12538,313.522327,3.981433,871.008,54.120,0.815982,,-10.657980,35.52862936,-97.47550920,43.562,-22.294,-1.154,1.043,0.670
VN300_2026-07-12_14-41-49_VNINS.csv,lap,2,12539,313.775745,4.234851,871.490,54.603,1.069400,,-10.657980,35.52863365,-97.47550838,43.886,-21.893,-1.059,1.146,0.670
VN300_2026-07-12_14-41-49_VNINS.csv,lap,2,12540,313.775745,4.234851,871.978,55.090,1.069400,,-10.657980,35.52863797,-97.47550749,44.289,-21.488,-1.032,1.196,0.670
VN300_2026-07-12_14-41-49_VNINS.csv,lap,2,12541,313.775745,4.234851,872.469,55.582,1.069400,,-10.657980,35.52864232,-97.47550653,44.584,-21.155,-1.064,1.370,0.670
VN300_2026-07-12_14-41-49_VNINS.csv,lap,2,12542,313.775745,4.234851,872.965,56.077,1.069400,,-10.657980,35.52864670,-97.47550552,45.098,-20.834,-1.183,1.493,0.680
VN300_2026-07-12_14-41-49_VNINS.csv,lap,2,12543,313.775745,4.234851,873.322,56.434,1.069400,,-10.657980,35.52864933,-97.47550779,45.025,-20.595,-1.312,1.723,0.670
VN300_2026-07-12_14-41-49_VNINS.csv,lap,2,12544,313.775745,4.234851,873.819,56.932,1.069400,,-10.657980,35.52865372,-97.47550674,45.286,-20.380,-1.476,1.871,0.670
VN300_2026-07-12_14-41-49_VNINS.csv,lap,2,12545,313.775745,4.234851,874.322,57.434,0.810338,,-10.657980,35.52865815,-97.47550563,45.729,-20.288,-1.599,2.243,0.670
VN300_2026-07-12_14-41-49_VNINS.csv,lap,2,12546,313.775745,4.234851,874.829,57.941,0.810338,,-10.657980,35.52866261,-97.47550447,46.104,-20.289,-1.650,2.211,0.670
VN300_2026-07-12_14-41-49_VNINS.csv,lap,2,12547,313.775745,4.234851,875.341,58.453,0.810338,,-10.657980,35.52866711,-97.47550327,46.473,-20.349,-1.615,2.429,0.670
VN300_2026-07-12_14-41-49_VNINS.csv,lap,2,12548,313.775745,4.234851,875.856,58.968,0.810338,,-10.657980,35.52867163,-97.47550203,46.805,-20.412,-1.606,2.645,0.670
VN300_2026-07-12_14-41-49_VNINS.csv,lap,2,12549,314.044111,4.503217,876.375,59.487,1.078704,,-10.657980,35.52867618,-97.47550075,47.136,-20.546,-1.617,2.624,0.670
VN300_2026-07-12_14-41-49_VNINS.csv,lap,2,12550,314.044111,4.503217,876.897,60.009,1.078704,,-10.657980,35.52868075,-97.47549945,47.423,-20.711,-1.648,2.668,0.670
VN300_2026-07-12_14-41-49_VNINS.csv,lap,2,12551,314.044111,4.503217,877.439,60.551,1.078704,,-10.657980,35.52868408,-97.47550383,47.380,-20.865,-1.714,2.731,0.670
VN300_2026-07-12_14-41-49_VNINS.csv,lap,2,12552,314.044111,4.503217,877.964,61.076,1.078704,,-10.657980,35.52868869,-97.47550258,47.559,-21.006,-1.788,2.608,0.670
VN300_2026-07-12_14-41-49_VNINS.csv,lap,2,12553,314.044111,4.503217,878.491,61.603,1.063632,,-10.657980,35.52869332,-97.47550134,47.831,-21.143,-1.864,2.577,0.670
VN300_2026-07-12_14-41-49_VNINS.csv,lap,2,12554,314.044111,4.503217,879.020,62.133,0.824938,,-10.657980,35.52869797,-97.47550007,48.090,-21.249,-1.923,2.447,0.670
VN300_2026-07-12_14-41-49_VNINS.csv,lap,2,12555,314.044111,4.503217,879.552,62.665,0.824938,,-10.657980,35.52870264,-97.47549880,48.308,-21.386,-1.772,2.652,0.670
VN300_2026-07-12_14-41-49_VNINS.csv,lap,2,12556,314.044111,4.503217,880.088,63.200,0.824938,,-10.657980,35.52870734,-97.47549751,48.576,-21.527,-1.606,2.773,0.670
VN300_2026-07-12_14-41-49_VNINS.csv,lap,2,12557,314.044111,4.503217,880.625,63.738,0.824938,,-10.657980,35.52871205,-97.47549619,48.799,-21.668,-1.428,2.590,0.670
VN300_2026-07-12_14-41-49_VNINS.csv,lap,2,12558,314.044111,4.503217,881.165,64.277,0.824938,,-10.657980,35.52871678,-97.47549485,48.909,-21.903,-1.404,2.984,0.670
VN300_2026-07-12_14-41-49_VNINS.csv,lap,2,12559,314.044111,4.503217,881.858,64.970,0.824938,,-10.657980,35.52872032,-97.47550115,48.744,-22.231,-1.514,3.339,0.670
VN300_2026-07-12_14-41-49_VNINS.csv,lap,2,12560,314.298364,4.757470,882.397,65.509,1.079191,,-10.657980,35.52872507,-97.47549996,48.970,-22.542,-1.641,3.393,0.670
VN300_2026-07-12_14-41-49_VNINS.csv,lap,2,12561,314.298364,4.757470,882.938,66.051,0.988021,,-10.657980,35.52872983,-97.47549870,48.955,-23.023,-1.681,3.501,0.670
VN300_2026-07-12_14-41-49_VNINS.csv,lap,2,12562,314.298364,4.757470,883.479,66.592,0.812422,,-10.657980,35.52873459,-97.47549744,49.050,-23.564,-1.611,3.473,0.670
VN300_2026-07-12_14-41-49_VNINS.csv,lap,2,12563,314.298364,4.757470,884.023,67.135,0.812422,,-10.657980,35.52873937,-97.47549620,49.092,-24.202,-1.500,3.557,0.670
VN300_2026-07-12_14-41-49_VNINS.csv,lap,2,12564,314.298364,4.757470,884.565,67.677,0.812422,,-10.657980,35.52874414,-97.47549496,48.879,-24.828,-1.400,3.567,0.670
VN300_2026-07-12_14-41-49_VNINS.csv,lap,2,12565,314.298364,4.757470,885.102,68.215,0.812422,,-10.657980,35.52874887,-97.47549374,48.407,-25.390,-1.551,3.439,0.670
VN300_2026-07-12_14-41-49_VNINS.csv,lap,2,12566,314.298364,4.757470,885.634,68.746,0.812422,,-10.657980,35.52875355,-97.47549254,48.035,-25.980,-1.845,3.290,0.670
VN300_2026-07-12_14-41-49_VNINS.csv,lap,2,12567,314.298364,4.757470,886.165,69.278,0.812422,,-10.657980,35.52875823,-97.47549135,47.967,-26.641,-1.991,3.326,0.670
VN300_2026-07-12_14-41-49_VNINS.csv,lap,2,12568,314.298364,4.757470,886.911,70.024,0.812422,,-10.657980,35.52876171,-97.47549840,47.483,-27.301,-1.973,3.161,0.670
VN300_2026-07-12_14-41-49_VNINS.csv,lap,2,12569,314.298364,4.757470,887.436,70.548,0.812422,,-10.657980,35.52876635,-97.47549738,47.229,-27.985,-1.831,3.164,0.670
VN300_2026-07-12_14-41-49_VNINS.csv,lap,2,12570,314.552269,5.011375,887.957,71.070,0.812471,,-10.657980,35.52877097,-97.47549637,47.018,-28.611,-1.720,3.276,0.670
VN300_2026-07-12_14-41-49_VNINS.csv,lap,2,12571,314.552269,5.011375,888.475,71.588,0.812471,,-10.657980,35.52877556,-97.47549538,46.659,-29.146,-1.740,3.226,0.670
VN300_2026-07-12_14-41-49_VNINS.csv,lap,2,12572,314.552269,5.011375,888.990,72.102,0.812471,,-10.657980,35.52878012,-97.47549444,46.436,-29.684,-1.775,3.312,0.670
VN300_2026-07-12_14-41-49_VNINS.csv,lap,2,12573,314.552269,5.011375,889.503,72.615,0.812471,,-10.657980,35.52878467,-97.47549351,46.224,-30.202,-1.822,3.411,0.670
VN300_2026-07-12_14-41-49_VNINS.csv,lap,2,12574,314.552269,5.011375,890.012,73.124,0.812471,,-10.657980,35.52878919,-97.47549262,45.992,-30.678,-1.919,3.296,0.670
VN300_2026-07-12_14-41-49_VNINS.csv,lap,2,12575,314.552269,5.011375,890.794,73.907,0.812471,,-10.657980,35.52879182,-97.47550064,45.305,-31.189,-1.991,3.256,0.670
VN300_2026-07-12_14-41-49_VNINS.csv,lap,2,12576,314.552269,5.011375,891.293,74.406,0.812471,,-10.657980,35.52879628,-97.47550000,45.221,-31.590,-2.063,3.349,0.670
VN300_2026-07-12_14-41-49_VNINS.csv,lap,2,12577,314.552269,5.011375,891.793,74.906,0.812471,,-10.657980,35.52880074,-97.47549931,45.058,-31.920,-2.049,3.278,0.670
VN300_2026-07-12_14-41-49_VNINS.csv,lap,2,12578,314.552269,5.011375,892.291,75.403,0.606297,,-10.657980,35.52880518,-97.47549863,44.908,-32.124,-1.961,3.067,0.670
VN300_2026-07-12_14-41-49_VNINS.csv,lap,2,12579,314.552269,5.011375,892.787,75.899,0.559048,,-10.657980,35.52880961,-97.47549796,44.745,-32.144,-1.888,2.921,0.670
VN300_2026-07-12_14-41-49_VNINS.csv,lap,2,12580,314.806417,5.265523,893.281,76.394,0.813196,,-10.657980,35.52881402,-97.47549729,44.546,-31.872,-1.873,2.798,0.670
VN300_2026-07-12_14-41-49_VNINS.csv,lap,2,12581,314.806417,5.265523,893.773,76.885,0.813196,,-10.657980,35.52881841,-97.47549662,44.335,-31.461,-1.861,2.747,0.670
VN300_2026-07-12_14-41-49_VNINS.csv,lap,2,12582,314.806417,5.265523,894.263,77.375,0.813196,,-10.657980,35.52882278,-97.47549596,44.261,-30.923,-1.846,2.621,0.670
VN300_2026-07-12_14-41-49_VNINS.csv,lap,2,12583,314.806417,5.265523,895.062,78.175,0.813196,,-10.657980,35.52882499,-97.47550437,43.689,-30.282,-1.801,2.470,0.670
VN300_2026-07-12_14-41-49_VNINS.csv,lap,2,12584,314.806417,5.265523,895.543,78.655,0.813196,,-10.657980,35.52882929,-97.47550387,43.500,-29.468,-1.759,2.085,0.670
VN300_2026-07-12_14-41-49_VNINS.csv,lap,2,12585,314.806417,5.265523,896.023,79.136,0.813196,,-10.657980,35.52883359,-97.47550330,43.298,-28.602,-1.774,2.157,0.670
VN300_2026-07-12_14-41-49_VNINS.csv,lap,2,12586,314.806417,5.265523,896.501,79.614,0.706334,,-10.657980,35.52883786,-97.47550270,43.179,-27.687,-1.889,1.930,0.670
VN300_2026-07-12_14-41-49_VNINS.csv,lap,2,12587,314.806417,5.265523,896.977,80.090,0.559705,,-10.657980,35.52884211,-97.47550206,42.981,-26.823,-1.994,1.541,0.670
VN300_2026-07-12_14-41-49_VNINS.csv,lap,2,12588,314.806417,5.265523,897.452,80.564,0.559705,,-10.657980,35.52884634,-97.47550140,42.854,-25.981,-2.113,1.431,0.670
VN300_2026-07-12_14-41-49_VNINS.csv,lap,2,12589,314.806417,5.265523,897.925,81.038,0.559705,,-10.657980,35.52885056,-97.47550071,42.744,-25.150,-2.267,1.195,0.670
VN300_2026-07-12_14-41-49_VNINS.csv,lap,2,12590,315.085000,5.544106,898.396,81.508,0.838288,,-10.657980,35.52885475,-97.47549997,42.688,-24.284,-2.411,0.769,0.670
VN300_2026-07-12_14-41-49_VNINS.csv,lap,2,12591,315.085000,5.544106,898.949,82.062,0.838288,,-10.657980,35.52885689,-97.47550549,42.136,-23.400,-2.460,0.645,0.670
VN300_2026-07-12_14-41-49_VNINS.csv,lap,2,12592,315.085000,5.544106,899.412,82.525,0.838288,,-10.657980,35.52886102,-97.47550482,42.064,-22.391,-2.544,0.616,0.670
VN300_2026-07-12_14-41-49_VNINS.csv,lap,2,12593,315.085000,5.544106,899.877,82.989,0.838288,,-10.657980,35.52886515,-97.47550406,42.108,-21.341,-2.530,0.312,0.670
VN300_2026-07-12_14-41-49_VNINS.csv,lap,2,12594,315.085000,5.544106,900.342,83.454,0.838288,,-10.657980,35.52886928,-97.47550325,42.028,-20.259,-2.451,0.112,0.670
VN300_2026-07-12_14-41-49_VNINS.csv,lap,2,12595,315.085000,5.544106,900.806,83.918,0.676461,,-10.657980,35.52887340,-97.47550242,42.055,-19.204,-2.390,0.181,0.670
VN300_2026-07-12_14-41-49_VNINS.csv,lap,2,12596,315.085000,5.544106,901.271,84.384,0.497744,,-10.657980,35.52887752,-97.47550153,42.099,-18.216,-2.339,0.152,0.670
VN300_2026-07-12_14-41-49_VNINS.csv,lap,2,12597,315.085000,5.544106,901.736,84.849,0.497744,,-10.657980,35.52888163,-97.47550058,42.110,-17.391,-2.304,-0.074,0.670
VN300_2026-07-12_14-41-49_VNINS.csv,lap,2,12598,315.085000,5.544106,902.201,85.313,0.497744,,-10.657980,35.52888573,-97.47549959,42.220,-16.708,-2.337,-0.062,0.670
VN300_2026-07-12_14-41-49_VNINS.csv,lap,2,12599,315.085000,5.544106,902.669,85.781,0.497744,,-10.657980,35.52888985,-97.47549854,42.536,-16.107,-2.397,0.007,0.680
VN300_2026-07-12_14-41-49_VNINS.csv,lap,2,12600,315.085000,5.544106,903.156,86.269,0.497744,,-10.657980,35.52889180,-97.47550337,42.131,-15.494,-2.407,-0.044,0.670
VN300_2026-07-12_14-41-49_VNINS.csv,lap,2,12601,315.338835,5.797941,903.624,86.736,0.751579,,-10.657980,35.52889591,-97.47550230,42.442,-14.939,-2.427,0.022,0.670
VN300_2026-07-12_14-41-49_VNINS.csv,lap,2,12602,315.338835,5.797941,904.095,87.208,0.751579,,-10.657980,35.52890005,-97.47550117,42.704,-14.409,-2.425,0.147,0.670
VN300_2026-07-12_14-41-49_VNINS.csv,lap,2,12603,315.338835,5.797941,904.568,87.680,0.751579,,-10.657980,35.52890419,-97.47549999,42.855,-13.964,-2.442,0.001,0.670
VN300_2026-07-12_14-41-49_VNINS.csv,lap,2,12604,315.338835,5.797941,905.043,88.155,0.751579,,-10.657980,35.52890835,-97.47549879,43.004,-13.612,-2.527,0.015,0.670
VN300_2026-07-12_14-41-49_VNINS.csv,lap,2,12605,315.338835,5.797941,905.518,88.631,0.751579,,-10.657980,35.52891251,-97.47549757,43.170,-13.342,-2.678,0.364,0.670
VN300_2026-07-12_14-41-49_VNINS.csv,lap,2,12606,315.338835,5.797941,905.997,89.110,0.751579,,-10.657980,35.52891669,-97.47549629,43.391,-13.004,-2.726,0.164,0.670
VN300_2026-07-12_14-41-49_VNINS.csv,lap,2,12607,315.338835,5.797941,906.478,89.590,0.751579,,-10.657980,35.52892087,-97.47549496,43.588,-12.752,-2.650,-0.089,0.680
VN300_2026-07-12_14-41-49_VNINS.csv,lap,2,12608,315.338835,5.797941,907.132,90.244,,GPS uncertainty 100.0 m > 4.0 m,-10.657980,35.52891761,-97.47550098,42.936,-12.493,-2.554,0.102,99.990
VN300_2026-07-12_14-41-49_VNINS.csv,lap,2,12609,315.338835,5.797941,907.132,90.244,,GPS uncertainty 100.0 m > 4.0 m,-10.657980,35.52891761,-97.47550098,42.936,-12.155,-2.450,0.271,99.990
VN300_2026-07-12_14-41-49_VNINS.csv,lap,2,12610,315.338835,5.797941,907.132,90.244,,GPS uncertainty 100.0 m > 4.0 m,-10.657980,35.52891761,-97.47550098,42.936,-11.800,-2.439,0.036,99.990
VN300_2026-07-12_14-41-49_VNINS.csv,lap,2,12611,315.592302,6.051408,907.132,90.244,,GPS uncertainty 100.0 m > 4.0 m,-10.657980,35.52891761,-97.47550098,42.936,-11.440,-2.500,-0.036,99.990
VN300_2026-07-12_14-41-49_VNINS.csv,lap,2,12612,315.592302,6.051408,907.132,90.244,,GPS uncertainty 100.0 m > 4.0 m,-10.657980,35.52891761,-97.47550098,42.936,-10.969,-2.669,-0.207,99.990
VN300_2026-07-12_14-41-49_VNINS.csv,lap,2,12613,315.592302,6.051408,907.132,90.244,,GPS uncertainty 100.0 m > 4.0 m,-10.657980,35.52891761,-97.47550098,42.936,-10.397,-2.821,-0.279,99.990
VN300_2026-07-12_14-41-49_VNINS.csv,lap,2,12614,315.592302,6.051408,907.132,90.244,,GPS uncertainty 100.0 m > 4.0 m,-10.657980,35.52891761,-97.47550098,42.936,-9.713,-2.953,-0.210,99.990
VN300_2026-07-12_14-41-49_VNINS.csv,lap,2,12615,315.592302,6.051408,907.132,90.244,,GPS uncertainty 100.0 m > 4.0 m,-10.657980,35.52891761,-97.47550098,42.936,-8.868,-2.966,-0.340,99.990
VN300_2026-07-12_14-41-49_VNINS.csv,lap,2,12616,315.592302,6.051408,907.132,90.244,,GPS uncertainty 100.0 m > 4.0 m,-10.657980,35.52891761,-97.47550098,42.936,-7.968,-2.911,-0.588,99.990
VN300_2026-07-12_14-41-49_VNINS.csv,lap,2,12617,315.592302,6.051408,907.132,90.244,,GPS uncertainty 100.0 m > 4.0 m,-10.657980,35.52891761,-97.47550098,42.936,-6.991,-2.812,-0.742,99.990
VN300_2026-07-12_14-41-49_VNINS.csv,lap,2,12618,315.592302,6.051408,907.132,90.244,,GPS uncertainty 100.0 m > 4.0 m,-10.657980,35.52891761,-97.47550098,42.936,-5.972,-2.746,-0.930,99.990
VN300_2026-07-12_14-41-49_VNINS.csv,lap,2,12619,315.592302,6.051408,907.132,90.244,,GPS uncertainty 100.0 m > 4.0 m,-10.657980,35.52891761,-97.47550098,42.936,-5.012,-2.739,-1.219,99.990
VN300_2026-07-12_14-41-49_VNINS.csv,lap,2,12620,315.592302,6.051408,907.132,90.244,,GPS uncertainty 100.0 m > 4.0 m,-10.657980,35.52891761,-97.47550098,42.936,-3.937,-2.687,-1.206,99.990
VN300_2026-07-12_14-41-49_VNINS.csv,lap,2,12621,315.845771,6.304877,907.132,90.244,,GPS uncertainty 100.0 m > 4.0 m,-10.657980,35.52891761,-97.47550098,42.936,-2.863,-2.566,-1.191,99.990
VN300_2026-07-12_14-41-49_VNINS.csv,lap,2,12622,315.845771,6.304877,907.132,90.244,,GPS uncertainty 100.0 m > 4.0 m,-10.657980,35.52891761,-97.47550098,42.936,-1.861,-2.460,-1.549,99.990
VN300_2026-07-12_14-41-49_VNINS.csv,lap,2,12623,315.845771,6.304877,907.132,90.244,,GPS uncertainty 100.0 m > 4.0 m,-10.657980,35.52891761,-97.47550098,42.936,-0.930,-2.357,-1.648,99.990
VN300_2026-07-12_14-41-49_VNINS.csv,lap,2,12624,315.845771,6.304877,907.132,90.244,,GPS uncertainty 100.0 m > 4.0 m,-10.657980,35.52891761,-97.47550098,42.936,-0.061,-2.315,-1.768,99.990
VN300_2026-07-12_14-41-49_VNINS.csv,lap,2,12625,315.845771,6.304877,907.132,90.244,,GPS uncertainty 100.0 m > 4.0 m,-10.657980,35.52891761,-97.47550098,42.936,0.728,-2.365,-2.040,99.990
VN300_2026-07-12_14-41-49_VNINS.csv,lap,2,12626,315.845771,6.304877,907.132,90.244,,GPS uncertainty 100.0 m > 4.0 m,-10.657980,35.52891761,-97.47550098,42.936,1.508,-2.424,-1.995,99.990
VN300_2026-07-12_14-41-49_VNINS.csv,lap,2,12627,315.845771,6.304877,907.132,90.244,,GPS uncertainty 100.0 m > 4.0 m,-10.657980,35.52891761,-97.47550098,42.936,2.283,-2.429,-2.036,99.990
VN300_2026-07-12_14-41-49_VNINS.csv,lap,2,12628,315.845771,6.304877,907.132,90.244,,GPS uncertainty 100.0 m > 4.0 m,-10.657980,35.52891761,-97.47550098,42.936,3.036,-2.417,-2.276,99.990
VN300_2026-07-12_14-41-49_VNINS.csv,lap,2,12629,315.845771,6.304877,907.132,90.244,,GPS uncertainty 100.0 m > 4.0 m,-10.657980,35.52891761,-97.47550098,42.936,3.760,-2.379,-2.335,99.990
VN300_2026-07-12_14-41-49_VNINS.csv,lap,2,12630,315.845771,6.304877,907.132,90.244,,GPS uncertainty 100.0 m > 4.0 m,-10.657980,35.52891761,-97.47550098,42.936,4.484,-2.301,-2.529,99.990
VN300_2026-07-12_14-41-49_VNINS.csv,lap,2,12631,316.114734,6.573840,907.132,90.244,,GPS uncertainty 100.0 m > 4.0 m,-10.657980,35.52891761,-97.47550098,42.936,5.201,-2.263,-2.761,99.990
VN300_2026-07-12_14-41-49_VNINS.csv,lap,2,12632,316.114734,6.573840,907.132,90.244,,GPS uncertainty 100.0 m > 4.0 m,-10.657980,35.52891761,-97.47550098,42.936,5.927,-2.219,-2.837,99.990
VN300_2026-07-12_14-41-49_VNINS.csv,lap,2,12633,316.114734,6.573840,907.132,90.244,,GPS uncertainty 100.0 m > 4.0 m,-10.657980,35.52891761,-97.47550098,42.936,6.676,-2.135,-3.045,99.990
VN300_2026-07-12_14-41-49_VNINS.csv,lap,2,12634,316.114734,6.573840,907.132,90.244,,GPS uncertainty 100.0 m > 4.0 m,-10.657980,35.52891761,-97.47550098,42.936,7.432,-2.038,-3.235,99.990
VN300_2026-07-12_14-41-49_VNINS.csv,lap,2,12635,316.114734,6.573840,907.132,90.244,,GPS uncertainty 100.0 m > 4.0 m,-10.657980,35.52891761,-97.47550098,42.936,8.185,-1.961,-3.281,99.990
VN300_2026-07-12_14-41-49_VNINS.csv,lap,2,12636,316.114734,6.573840,907.132,90.244,,GPS uncertainty 100.0 m > 4.0 m,-10.657980,35.52891761,-97.47550098,42.936,8.960,-1.891,-3.513,99.990
VN300_2026-07-12_14-41-49_VNINS.csv,lap,2,12637,316.114734,6.573840,907.132,90.244,,GPS uncertainty 100.0 m > 4.0 m,-10.657980,35.52891761,-97.47550098,42.936,9.675,-1.839,-3.560,99.990
VN300_2026-07-12_14-41-49_VNINS.csv,lap,2,12638,316.114734,6.573840,907.132,90.244,,GPS uncertainty 100.0 m > 4.0 m,-10.657980,35.52891761,-97.47550098,42.936,10.384,-1.798,-3.539,99.990
VN300_2026-07-12_14-41-49_VNINS.csv,lap,2,12639,316.114734,6.573840,907.132,90.244,,GPS uncertainty 100.0 m > 4.0 m,-10.657980,35.52891761,-97.47550098,42.936,10.997,-1.726,-3.832,99.990
VN300_2026-07-12_14-41-49_VNINS.csv,lap,2,12640,316.114734,6.573840,907.132,90.244,,GPS uncertainty 100.0 m > 4.0 m,-10.657980,35.52891761,-97.47550098,42.936,11.441,-1.623,-3.849,99.990
VN300_2026-07-12_14-41-49_VNINS.csv,lap,2,12641,316.114734,6.573840,907.132,90.244,,GPS uncertainty 100.0 m > 4.0 m,-10.657980,35.52891761,-97.47550098,42.936,11.793,-1.549,-3.758,99.990
VN300_2026-07-12_14-41-49_VNINS.csv,lap,2,12642,316.368522,6.827628,907.132,90.244,,GPS uncertainty 100.0 m > 4.0 m,-10.657980,35.52891761,-97.47550098,42.936,11.992,-1.418,-3.974,99.990
VN300_2026-07-12_14-41-49_VNINS.csv,lap,2,12643,316.368522,6.827628,907.132,90.244,,GPS uncertainty 100.0 m > 4.0 m,-10.657980,35.52891761,-97.47550098,42.936,12.011,-1.318,-4.002,99.990
VN300_2026-07-12_14-41-49_VNINS.csv,lap,2,12644,316.368522,6.827628,907.132,90.244,,GPS uncertainty 100.0 m > 4.0 m,-10.657980,35.52891761,-97.47550098,42.936,11.940,-1.239,-3.927,99.990
VN300_2026-07-12_14-41-49_VNINS.csv,lap,2,12645,316.368522,6.827628,907.132,90.244,,GPS uncertainty 100.0 m > 4.0 m,-10.657980,35.52891761,-97.47550098,42.936,11.719,-1.221,-4.023,99.990
VN300_2026-07-12_14-41-49_VNINS.csv,lap,2,12646,316.368522,6.827628,907.132,90.244,,GPS uncertainty 100.0 m > 4.0 m,-10.657980,35.52891761,-97.47550098,42.936,11.400,-1.250,-3.948,99.990
VN300_2026-07-12_14-41-49_VNINS.csv,lap,2,12647,316.368522,6.827628,907.132,90.244,,GPS uncertainty 100.0 m > 4.0 m,-10.657980,35.52891761,-97.47550098,42.936,11.074,-1.376,-3.780,99.990
VN300_2026-07-12_14-41-49_VNINS.csv,lap,2,12648,316.368522,6.827628,907.132,90.244,,GPS uncertainty 100.0 m > 4.0 m,-10.657980,35.52891761,-97.47550098,42.936,10.742,-1.463,-3.716,99.990
VN300_2026-07-12_14-41-49_VNINS.csv,lap,2,12649,316.368522,6.827628,907.132,90.244,,GPS uncertainty 100.0 m > 4.0 m,-10.657980,35.52891761,-97.47550098,42.936,10.404,-1.588,-3.451,99.990
VN300_2026-07-12_14-41-49_VNINS.csv,lap,2,12650,316.368522,6.827628,907.132,90.244,,GPS uncertainty 100.0 m > 4.0 m,-10.657980,35.52891761,-97.47550098,42.936,10.080,-1.677,-3.175,99.990
VN300_2026-07-12_14-41-49_VNINS.csv,lap,2,12651,316.368522,6.827628,907.132,90.244,,GPS uncertainty 100.0 m > 4.0 m,-10.657980,35.52891761,-97.47550098,42.936,9.747,-1.782,-3.183,99.990
VN300_2026-07-12_14-41-49_VNINS.csv,lap,2,12652,316.621976,7.081082,907.132,90.244,,GPS uncertainty 100.0 m > 4.0 m,-10.657980,35.52891761,-97.47550098,42.936,9.372,-1.856,-2.936,99.990
VN300_2026-07-12_14-41-49_VNINS.csv,lap,2,12653,316.621976,7.081082,907.132,90.244,,GPS uncertainty 100.0 m > 4.0 m,-10.657980,35.52891761,-97.47550098,42.936,9.010,-1.928,-2.847,99.990
VN300_2026-07-12_14-41-49_VNINS.csv,lap,2,12654,316.621976,7.081082,907.132,90.244,,GPS uncertainty 100.0 m > 4.0 m,-10.657980,35.52891761,-97.47550098,42.936,8.605,-1.913,-2.952,99.990
VN300_2026-07-12_14-41-49_VNINS.csv,lap,2,12655,316.621976,7.081082,926.619,109.732,,GPS uncertainty 100.0 m > 4.0 m,-10.657980,35.52908183,-97.47542578,48.418,8.213,-1.837,-2.921,99.990
VN300_2026-07-12_14-41-49_VNINS.csv,lap,2,12656,316.621976,7.081082,927.205,110.318,,GPS uncertainty 100.0 m > 4.0 m,-10.657980,35.52908584,-97.47542158,49.015,7.844,-1.715,-3.155,99.990
VN300_2026-07-12_14-41-49_VNINS.csv,lap,2,12657,316.621976,7.081082,927.755,110.868,,GPS uncertainty 100.0 m > 4.0 m,-10.657980,35.52908992,-97.47541814,49.355,7.545,-1.672,-3.539,99.990
VN300_2026-07-12_14-41-49_VNINS.csv,lap,2,12658,316.621976,7.081082,928.310,111.423,,GPS uncertainty 100.0 m > 4.0 m,-10.657980,35.52909406,-97.47541471,49.930,7.355,-1.773,-3.274,99.990
VN300_2026-07-12_14-41-49_VNINS.csv,lap,2,12659,316.621976,7.081082,928.872,111.985,,GPS uncertainty 100.0 m > 4.0 m,-10.657980,35.52909824,-97.47541122,50.580,7.207,-1.934,-3.340,99.990
VN300_2026-07-12_14-41-49_VNINS.csv,lap,2,12660,316.621976,7.081082,929.440,112.552,,GPS uncertainty 100.0 m > 4.0 m,-10.657980,35.52910246,-97.47540770,51.025,6.990,-1.983,-3.713,99.990
VN300_2026-07-12_14-41-49_VNINS.csv,lap,2,12661,316.621976,7.081082,930.013,113.125,,GPS uncertainty 100.0 m > 4.0 m,-10.657980,35.52910672,-97.47540413,51.537,6.744,-1.999,-3.839,99.990
VN300_2026-07-12_14-41-49_VNINS.csv,lap,2,12662,316.621976,7.081082,930.592,113.704,,GPS uncertainty 100.0 m > 4.0 m,-10.657980,35.52911104,-97.47540056,52.134,6.448,-1.884,-3.883,99.990
VN300_2026-07-12_14-41-49_VNINS.csv,lap,2,12663,316.875848,7.334954,931.229,114.341,,GPS uncertainty 100.0 m > 4.0 m,-10.657980,35.52911648,-97.47539835,47.479,6.133,-1.806,-3.979,99.990
VN300_2026-07-12_14-41-49_VNINS.csv,lap,2,12664,316.875848,7.334954,931.740,114.853,,GPS uncertainty 100.0 m > 4.0 m,-10.657980,35.52912049,-97.47539559,47.519,5.862,-1.749,-4.568,99.990
VN300_2026-07-12_14-41-49_VNINS.csv,lap,2,12665,316.875848,7.334954,932.273,115.385,,GPS uncertainty 100.0 m > 4.0 m,-10.657980,35.52912462,-97.47539261,47.607,5.537,-1.730,-4.578,99.990
VN300_2026-07-12_14-41-49_VNINS.csv,lap,2,12666,316.875848,7.334954,932.804,115.916,,GPS uncertainty 100.0 m > 4.0 m,-10.657980,35.52912875,-97.47538966,47.523,5.215,-1.695,-4.748,99.990
VN300_2026-07-12_14-41-49_VNINS.csv,lap,2,12667,316.875848,7.334954,933.337,116.450,,GPS uncertainty 100.0 m > 4.0 m,-10.657980,35.52913291,-97.47538672,47.611,4.800,-1.665,-5.050,99.990
VN300_2026-07-12_14-41-49_VNINS.csv,lap,2,12668,316.875848,7.334954,933.870,116.983,,GPS uncertainty 100.0 m > 4.0 m,-10.657980,35.52913709,-97.47538384,47.585,4.362,-1.567,-5.117,99.990
VN300_2026-07-12_14-41-49_VNINS.csv,lap,2,12669,316.875848,7.334954,934.402,117.515,,GPS uncertainty 100.0 m > 4.0 m,-10.657980,35.52914128,-97.47538100,47.525,3.902,-1.678,-5.068,99.990
VN300_2026-07-12_14-41-49_VNINS.csv,lap,2,12670,316.875848,7.334954,934.932,118.045,,GPS uncertainty 100.0 m > 4.0 m,-10.657980,35.52914547,-97.47537821,47.172,3.439,-1.870,-5.162,99.990
VN300_2026-07-12_14-41-49_VNINS.csv,lap,2,12671,316.875848,7.334954,935.524,118.637,,GPS uncertainty 100.0 m > 4.0 m,-10.657980,35.52914995,-97.47537467,44.969,2.888,-2.114,-5.098,99.990
VN300_2026-07-12_14-41-49_VNINS.csv,lap,2,12672,316.875848,7.334954,936.019,119.131,,GPS uncertainty 100.0 m > 4.0 m,-10.657980,35.52915386,-97.47537207,44.874,2.254,-2.158,-5.177,99.990
VN300_2026-07-12_14-41-49_VNINS.csv,lap,2,12673,317.151771,7.610877,936.519,119.632,,GPS uncertainty 100.0 m > 4.0 m,-10.657980,35.52915783,-97.47536947,44.703,1.552,-1.996,-5.433,99.990
VN300_2026-07-12_14-41-49_VNINS.csv,lap,2,12674,317.151771,7.610877,937.018,120.130,,GPS uncertainty 100.0 m > 4.0 m,-10.657980,35.52916180,-97.47536691,44.317,0.852,-1.801,-5.339,99.990
VN300_2026-07-12_14-41-49_VNINS.csv,lap,2,12675,317.151771,7.610877,937.510,120.623,,GPS uncertainty 100.0 m > 4.0 m,-10.657980,35.52916573,-97.47536440,43.916,0.259,-1.793,-5.238,99.990
VN300_2026-07-12_14-41-49_VNINS.csv,lap,2,12676,317.151771,7.610877,938.000,121.112,,GPS uncertainty 100.0 m > 4.0 m,-10.657980,35.52916965,-97.47536193,43.661,-0.302,-1.917,-5.247,99.990
VN300_2026-07-12_14-41-49_VNINS.csv,lap,2,12677,317.151771,7.610877,938.487,121.599,,GPS uncertainty 100.0 m > 4.0 m,-10.657980,35.52917355,-97.47535949,43.382,-0.811,-2.158,-5.117,99.990
VN300_2026-07-12_14-41-49_VNINS.csv,lap,2,12678,317.151771,7.610877,938.970,122.083,,GPS uncertainty 100.0 m > 4.0 m,-10.657980,35.52917743,-97.47535707,43.238,-1.335,-2.354,-4.991,99.990
VN300_2026-07-12_14-41-49_VNINS.csv,lap,2,12679,317.151771,7.610877,939.581,122.694,,GPS uncertainty 100.0 m > 4.0 m,-10.657980,35.52918243,-97.47535428,43.036,-1.886,-2.511,-5.027,99.990
VN300_2026-07-12_14-41-49_VNINS.csv,lap,2,12680,317.151771,7.610877,940.061,123.174,,GPS uncertainty 100.0 m > 4.0 m,-10.657980,35.52918634,-97.47535203,42.782,-2.460,-2.669,-4.594,99.990
VN300_2026-07-12_14-41-49_VNINS.csv,lap,2,12681,317.151771,7.610877,940.537,123.650,,GPS uncertainty 100.0 m > 4.0 m,-10.657980,35.52919022,-97.47534980,42.567,-3.062,-2.843,-4.539,99.990
VN300_2026-07-12_14-41-49_VNINS.csv,lap,2,12682,317.151771,7.610877,941.012,124.124,,GPS uncertainty 100.0 m > 4.0 m,-10.657980,35.52919410,-97.47534762,42.271,-3.861,-2.921,-4.500,99.990
VN300_2026-07-12_14-41-49_VNINS.csv,lap,2,12683,317.151771,7.610877,941.482,124.594,,GPS uncertainty 100.0 m > 4.0 m,-10.657980,35.52919797,-97.47534553,42.076,-4.808,-2.932,-4.121,99.990
VN300_2026-07-12_14-41-49_VNINS.csv,lap,2,12684,317.405587,7.864693,941.950,125.063,,GPS uncertainty 100.0 m > 4.0 m,-10.657980,35.52920184,-97.47534348,41.833,-5.825,-2.880,-3.953,99.990
VN300_2026-07-12_14-41-49_VNINS.csv,lap,2,12685,317.405587,7.864693,942.415,125.528,,GPS uncertainty 100.0 m > 4.0 m,-10.657980,35.52920569,-97.47534148,41.399,-6.920,-2.907,-3.894,99.990
VN300_2026-07-12_14-41-49_VNINS.csv,lap,2,12686,317.405587,7.864693,942.875,125.987,,GPS uncertainty 100.0 m > 4.0 m,-10.657980,35.52920953,-97.47533960,41.122,-8.074,-2.960,-3.453,99.990
VN300_2026-07-12_14-41-49_VNINS.csv,lap,2,12687,317.405587,7.864693,943.332,126.444,,GPS uncertainty 100.0 m > 4.0 m,-10.657980,35.52921337,-97.47533780,40.907,-9.295,-2.964,-3.186,99.990
VN300_2026-07-12_14-41-49_VNINS.csv,lap,2,12688,317.405587,7.864693,943.913,127.026,0.739991,,-10.657980,35.52921812,-97.47533511,40.799,-10.543,-2.945,-3.346,2.130
VN300_2026-07-12_14-41-49_VNINS.csv,lap,2,12689,317.405587,7.864693,944.367,127.480,0.739991,,-10.657980,35.52922196,-97.47533342,40.508,-11.713,-2.971,-3.108,2.130
VN300_2026-07-12_14-41-49_VNINS.csv,lap,2,12690,317.405587,7.864693,944.819,127.931,0.739991,,-10.657980,35.52922580,-97.47533179,40.507,-12.702,-3.068,-3.048,2.130
VN300_2026-07-12_14-41-49_VNINS.csv,lap,2,12691,317.405587,7.864693,945.270,128.382,0.679218,,-10.657980,35.52922965,-97.47533023,40.433,-13.647,-2.990,-3.158,2.130
VN300_2026-07-12_14-41-49_VNINS.csv,lap,2,12692,317.405587,7.864693,945.720,128.833,0.486225,,-10.657980,35.52923352,-97.47532875,40.324,-14.596,-2.813,-2.643,2.130
VN300_2026-07-12_14-41-49_VNINS.csv,lap,2,12693,317.405587,7.864693,946.169,129.282,0.486225,,-10.657980,35.52923739,-97.47532734,40.319,-15.504,-2.653,-2.510,2.130
VN300_2026-07-12_14-41-49_VNINS.csv,lap,2,12694,317.659080,8.118186,946.616,129.729,0.739718,,-10.657980,35.52924126,-97.47532599,40.128,-16.358,-2.691,-2.971,2.130
VN300_2026-07-12_14-41-49_VNINS.csv,lap,2,12695,317.659080,8.118186,947.206,130.318,0.739718,,-10.657980,35.52924656,-97.47532595,41.075,-17.059,-2.832,-2.995,1.980
VN300_2026-07-12_14-41-49_VNINS.csv,lap,2,12696,317.659080,8.118186,947.669,130.782,0.739718,,-10.657980,35.52925064,-97.47532489,41.370,-17.722,-3.129,-2.648,1.980
VN300_2026-07-12_14-41-49_VNINS.csv,lap,2,12697,317.659080,8.118186,948.131,131.243,0.739718,,-10.657980,35.52925470,-97.47532384,41.642,-18.417,-3.277,-2.658,1.980
VN300_2026-07-12_14-41-49_VNINS.csv,lap,2,12698,317.659080,8.118186,948.594,131.707,0.739718,,-10.657980,35.52925879,-97.47532285,41.834,-19.184,-3.383,-2.685,1.980
VN300_2026-07-12_14-41-49_VNINS.csv,lap,2,12699,317.659080,8.118186,949.059,132.172,0.739718,,-10.657980,35.52926290,-97.47532192,42.118,-19.985,-3.425,-2.733,1.980
VN300_2026-07-12_14-41-49_VNINS.csv,lap,2,12700,317.659080,8.118186,949.526,132.639,0.739718,,-10.657980,35.52926704,-97.47532103,42.381,-20.727,-3.470,-2.715,1.980
VN300_2026-07-12_14-41-49_VNINS.csv,lap,2,12701,317.659080,8.118186,949.996,133.108,0.588356,,-10.657980,35.52927120,-97.47532016,42.671,-21.409,-3.504,-2.513,1.980
VN300_2026-07-12_14-41-49_VNINS.csv,lap,2,12702,317.659080,8.118186,950.468,133.580,0.486129,,-10.657980,35.52927539,-97.47531932,42.830,-22.017,-3.605,-2.483,1.980
VN300_2026-07-12_14-41-49_VNINS.csv,lap,2,12703,317.659080,8.118186,950.942,134.054,0.486129,,-10.657980,35.52927960,-97.47531850,42.959,-22.573,-3.755,-2.692,1.980
VN300_2026-07-12_14-41-49_VNINS.csv,lap,2,12704,317.912596,8.371702,951.397,134.510,0.739645,,-10.657980,35.52928316,-97.47531601,42.551,-22.815,-3.860,-2.526,1.860
VN300_2026-07-12_14-41-49_VNINS.csv,lap,2,12705,317.912596,8.371702,951.870,134.983,0.739645,,-10.657980,35.52928736,-97.47531518,42.815,-23.069,-3.961,-2.523,1.860
VN300_2026-07-12_14-41-49_VNINS.csv,lap,2,12706,317.912596,8.371702,952.345,135.457,0.739645,,-10.657980,35.52929158,-97.47531438,43.012,-23.322,-4.013,-2.718,1.860
VN300_2026-07-12_14-41-49_VNINS.csv,lap,2,12707,317.912596,8.371702,952.823,135.935,0.739645,,-10.657980,35.52929583,-97.47531361,43.273,-23.520,-4.037,-2.596,1.860
VN300_2026-07-12_14-41-49_VNINS.csv,lap,2,12708,317.912596,8.371702,953.304,136.416,0.739645,,-10.657980,35.52930011,-97.47531283,43.532,-23.653,-4.024,-2.681,1.860
VN300_2026-07-12_14-41-49_VNINS.csv,lap,2,12709,317.912596,8.371702,953.786,136.898,0.739645,,-10.657980,35.52930440,-97.47531205,43.741,-23.750,-4.029,-2.910,1.860
VN300_2026-07-12_14-41-49_VNINS.csv,lap,2,12710,317.912596,8.371702,954.272,137.385,0.521944,,-10.657980,35.52930873,-97.47531130,43.965,-23.783,-4.050,-2.787,1.860
VN300_2026-07-12_14-41-49_VNINS.csv,lap,2,12711,317.912596,8.371702,954.733,137.846,0.486128,,-10.657980,35.52931284,-97.47531064,43.714,-23.773,-4.072,-2.973,1.760
VN300_2026-07-12_14-41-49_VNINS.csv,lap,2,12712,317.912596,8.371702,955.218,138.331,0.486128,,-10.657980,35.52931716,-97.47530988,43.995,-23.705,-3.997,-3.244,1.760
VN300_2026-07-12_14-41-49_VNINS.csv,lap,2,12713,317.912596,8.371702,955.708,138.820,0.486128,,-10.657980,35.52932152,-97.47530915,44.226,-23.649,-3.907,-3.213,1.760
VN300_2026-07-12_14-41-49_VNINS.csv,lap,2,12714,318.191059,8.650165,956.200,139.313,0.764591,,-10.657980,35.52932591,-97.47530840,44.464,-23.558,-3.797,-3.339,1.760
VN300_2026-07-12_14-41-49_VNINS.csv,lap,2,12715,318.191059,8.650165,956.696,139.808,0.764591,,-10.657980,35.52933032,-97.47530765,44.601,-23.480,-3.769,-3.834,1.760
VN300_2026-07-12_14-41-49_VNINS.csv,lap,2,12716,318.191059,8.650165,957.192,140.305,0.764591,,-10.657980,35.52933475,-97.47530694,44.853,-23.371,-3.855,-3.704,1.760
VN300_2026-07-12_14-41-49_VNINS.csv,lap,2,12717,318.191059,8.650165,957.691,140.804,0.764591,,-10.657980,35.52933920,-97.47530622,45.187,-23.213,-3.901,-3.661,1.760
VN300_2026-07-12_14-41-49_VNINS.csv,lap,2,12718,318.191059,8.650165,958.195,141.307,0.764591,,-10.657980,35.52934369,-97.47530550,45.441,-23.192,-3.752,-3.980,1.760
VN300_2026-07-12_14-41-49_VNINS.csv,lap,2,12719,318.191059,8.650165,958.634,141.747,0.487685,,-10.657980,35.52934755,-97.47530655,44.935,-23.142,-3.579,-4.198,1.670
VN300_2026-07-12_14-41-49_VNINS.csv,lap,2,12720,318.191059,8.650165,959.136,142.248,0.487685,,-10.657980,35.52935203,-97.47530592,45.131,-23.121,-3.288,-4.163,1.670
VN300_2026-07-12_14-41-49_VNINS.csv,lap,2,12721,318.191059,8.650165,959.637,142.750,0.487685,,-10.657980,35.52935651,-97.47530531,45.254,-23.092,-3.272,-4.258,1.670
VN300_2026-07-12_14-41-49_VNINS.csv,lap,2,12722,318.191059,8.650165,960.141,143.254,0.487685,,-10.657980,35.52936102,-97.47530473,45.436,-23.035,-3.357,-4.267,1.670
VN300_2026-07-12_14-41-49_VNINS.csv,lap,2,12723,318.191059,8.650165,960.647,143.760,0.487685,,-10.657980,35.52936555,-97.47530418,45.790,-22.978,-3.532,-4.529,1.670
VN300_2026-07-12_14-41-49_VNINS.csv,lap,2,12724,318.191059,8.650165,961.158,144.270,0.487685,,-10.657980,35.52937012,-97.47530365,45.972,-23.043,-3.631,-4.414,1.670
VN300_2026-07-12_14-41-49_VNINS.csv,lap,2,12725,318.445296,8.904402,961.670,144.782,0.741922,,-10.657980,35.52937470,-97.47530311,46.332,-23.095,-3.671,-4.483,1.670
VN300_2026-07-12_14-41-49_VNINS.csv,lap,2,12726,318.445296,8.904402,962.186,145.298,0.741922,,-10.657980,35.52937932,-97.47530255,46.514,-23.172,-3.606,-4.590,1.670
VN300_2026-07-12_14-41-49_VNINS.csv,lap,2,12727,318.445296,8.904402,962.704,145.817,0.741922,,-10.657980,35.52938396,-97.47530199,46.829,-23.293,-3.602,-4.360,1.670
VN300_2026-07-12_14-41-49_VNINS.csv,lap,2,12728,318.445296,8.904402,963.175,146.288,0.506724,,-10.657980,35.52938817,-97.47530255,46.404,-23.217,-3.532,-4.450,1.600
VN300_2026-07-12_14-41-49_VNINS.csv,lap,2,12729,318.445296,8.904402,963.691,146.803,0.487760,,-10.657980,35.52939279,-97.47530204,46.568,-23.181,-3.504,-4.639,1.600
VN300_2026-07-12_14-41-49_VNINS.csv,lap,2,12730,318.445296,8.904402,964.210,147.322,0.487760,,-10.657980,35.52939744,-97.47530155,46.794,-23.149,-3.426,-4.167,1.600
VN300_2026-07-12_14-41-49_VNINS.csv,lap,2,12731,318.445296,8.904402,964.731,147.844,0.487760,,-10.657980,35.52940211,-97.47530104,47.020,-23.037,-3.435,-4.427,1.600
VN300_2026-07-12_14-41-49_VNINS.csv,lap,2,12732,318.445296,8.904402,965.255,148.367,0.487760,,-10.657980,35.52940680,-97.47530052,47.156,-22.898,-3.580,-4.389,1.600
VN300_2026-07-12_14-41-49_VNINS.csv,lap,2,12733,318.445296,8.904402,965.779,148.892,0.487760,,-10.657980,35.52941150,-97.47530001,47.460,-22.726,-3.759,-4.152,1.600
VN300_2026-07-12_14-41-49_VNINS.csv,lap,2,12734,318.445296,8.904402,966.308,149.420,0.487760,,-10.657980,35.52941623,-97.47529947,47.709,-22.547,-3.819,-4.515,1.600
VN300_2026-07-12_14-41-49_VNINS.csv,lap,2,12735,318.445296,8.904402,966.836,149.948,0.444894,,-10.657980,35.52942096,-97.47529999,47.534,-22.312,-3.715,-4.244,1.530
VN300_2026-07-12_14-41-49_VNINS.csv,lap,2,12736,318.699389,9.158495,967.366,150.478,0.488428,,-10.657980,35.52942571,-97.47529950,47.792,-22.075,-3.430,-4.521,1.530
VN300_2026-07-12_14-41-49_VNINS.csv,lap,2,12737,318.699389,9.158495,967.898,151.011,0.488428,,-10.657980,35.52943048,-97.47529900,47.911,-21.854,-3.116,-4.707,1.530
VN300_2026-07-12_14-41-49_VNINS.csv,lap,2,12738,318.699389,9.158495,968.432,151.544,0.488428,,-10.657980,35.52943526,-97.47529848,48.071,-21.634,-2.922,-4.406,1.530
VN300_2026-07-12_14-41-49_VNINS.csv,lap,2,12739,318.699389,9.158495,968.967,152.079,0.488428,,-10.657980,35.52944005,-97.47529793,48.268,-21.378,-2.888,-4.728,1.530
VN300_2026-07-12_14-41-49_VNINS.csv,lap,2,12740,318.699389,9.158495,969.505,152.617,0.488428,,-10.657980,35.52944487,-97.47529738,48.427,-21.122,-2.852,-4.675,1.530
VN300_2026-07-12_14-41-49_VNINS.csv,lap,2,12741,318.699389,9.158495,970.045,153.158,0.488428,,-10.657980,35.52944971,-97.47529684,48.662,-20.883,-2.831,-4.496,1.530
VN300_2026-07-12_14-41-49_VNINS.csv,lap,2,12742,318.699389,9.158495,970.587,153.700,0.488428,,-10.657980,35.52945456,-97.47529626,48.776,-20.611,-2.783,-4.670,1.530
VN300_2026-07-12_14-41-49_VNINS.csv,lap,2,12743,318.699389,9.158495,971.126,154.238,0.255651,,-10.657980,35.52945939,-97.47529671,48.601,-20.296,-2.750,-4.612,1.470
VN300_2026-07-12_14-41-49_VNINS.csv,lap,2,12744,318.699389,9.158495,971.667,154.780,0.234948,,-10.657980,35.52946424,-97.47529618,48.661,-19.965,-2.734,-4.608,1.480
VN300_2026-07-12_14-41-49_VNINS.csv,lap,2,12745,318.699389,9.158495,972.209,155.321,0.234948,,-10.657980,35.52946909,-97.47529564,48.534,-19.671,-2.777,-4.649,1.480
VN300_2026-07-12_14-41-49_VNINS.csv,lap,2,12746,318.952921,9.412027,972.749,155.862,0.488480,,-10.657980,35.52947393,-97.47529510,48.549,-19.408,-2.744,-4.749,1.480
VN300_2026-07-12_14-41-49_VNINS.csv,lap,2,12747,318.952921,9.412027,973.289,156.402,0.488480,,-10.657980,35.52947877,-97.47529456,48.463,-19.197,-2.672,-4.740,1.480
VN300_2026-07-12_14-41-49_VNINS.csv,lap,2,12748,318.952921,9.412027,973.829,156.941,0.488480,,-10.657980,35.52948360,-97.47529400,48.435,-18.999,-2.566,-4.729,1.480
VN300_2026-07-12_14-41-49_VNINS.csv,lap,2,12749,318.952921,9.412027,974.367,157.480,0.488480,,-10.657980,35.52948842,-97.47529343,48.061,-18.810,-2.658,-4.829,1.480
VN300_2026-07-12_14-41-49_VNINS.csv,lap,2,12750,318.952921,9.412027,974.900,158.012,0.281082,,-10.657980,35.52949319,-97.47529289,47.690,-18.662,-2.842,-4.883,1.480
VN300_2026-07-12_14-41-49_VNINS.csv,lap,2,12751,318.952921,9.412027,975.513,158.626,0.221115,,-10.657980,35.52949870,-97.47529314,47.853,-18.544,-2.967,-4.751,1.430
VN300_2026-07-12_14-41-49_VNINS.csv,lap,2,12752,318.952921,9.412027,976.045,159.157,0.221115,,-10.657980,35.52950347,-97.47529270,47.703,-18.412,-2.911,-4.973,1.430
VN300_2026-07-12_14-41-49_VNINS.csv,lap,2,12753,318.952921,9.412027,976.574,159.687,0.221115,,-10.657980,35.52950822,-97.47529230,47.474,-18.384,-2.759,-5.018,1.430
VN300_2026-07-12_14-41-49_VNINS.csv,lap,2,12754,318.952921,9.412027,977.101,160.214,0.221115,,-10.657980,35.52951295,-97.47529194,47.244,-18.342,-2.614,-5.012,1.430
VN300_2026-07-12_14-41-49_VNINS.csv,lap,2,12755,318.952921,9.412027,977.625,160.737,0.221115,,-10.657980,35.52951765,-97.47529159,46.942,-18.359,-2.542,-5.355,1.430
VN300_2026-07-12_14-41-49_VNINS.csv,lap,2,12756,319.219665,9.678771,978.146,161.258,0.487859,,-10.657980,35.52952233,-97.47529130,46.690,-18.394,-2.426,-5.376,1.430
VN300_2026-07-12_14-41-49_VNINS.csv,lap,2,12757,319.219665,9.678771,978.664,161.776,0.487859,,-10.657980,35.52952698,-97.47529103,46.509,-18.415,-2.355,-5.363,1.430
VN300_2026-07-12_14-41-49_VNINS.csv,lap,2,12758,319.219665,9.678771,979.179,162.291,0.234046,,-10.657980,35.52953161,-97.47529077,46.237,-18.454,-2.260,-5.684,1.430
VN300_2026-07-12_14-41-49_VNINS.csv,lap,2,12759,319.219665,9.678771,979.688,162.801,0.234046,,-10.657980,35.52953619,-97.47529089,46.021,-18.585,-2.187,-5.672,1.380
VN300_2026-07-12_14-41-49_VNINS.csv,lap,2,12760,319.219665,9.678771,980.198,163.310,0.234046,,-10.657980,35.52954077,-97.47529074,45.810,-18.504,-2.034,-5.724,1.380
VN300_2026-07-12_14-41-49_VNINS.csv,lap,2,12761,319.219665,9.678771,980.705,163.817,0.234046,,-10.657980,35.52954533,-97.47529060,45.580,-18.552,-1.953,-5.836,1.380
VN300_2026-07-12_14-41-49_VNINS.csv,lap,2,12762,319.219665,9.678771,981.210,164.322,0.234046,,-10.657980,35.52954987,-97.47529051,45.406,-18.568,-1.986,-5.807,1.380
VN300_2026-07-12_14-41-49_VNINS.csv,lap,2,12763,319.219665,9.678771,981.712,164.825,0.234046,,-10.657980,35.52955439,-97.47529044,45.205,-18.596,-2.128,-5.726,1.380
VN300_2026-07-12_14-41-49_VNINS.csv,lap,2,12764,319.219665,9.678771,982.213,165.325,0.234046,,-10.657980,35.52955889,-97.47529039,45.064,-18.702,-2.280,-5.762,1.380
VN300_2026-07-12_14-41-49_VNINS.csv,lap,2,12765,319.219665,9.678771,982.712,165.825,0.234046,,-10.657980,35.52956338,-97.47529039,44.947,-18.838,-2.384,-5.564,1.380
VN300_2026-07-12_14-41-49_VNINS.csv,lap,2,12766,319.473079,9.932185,983.208,166.321,0.430789,,-10.657980,35.52956784,-97.47529040,44.835,-18.992,-2.477,-5.513,1.380
VN300_2026-07-12_14-41-49_VNINS.csv,lap,2,12767,319.473079,9.932185,983.703,166.815,0.234026,,-10.657980,35.52957229,-97.47529046,44.601,-19.238,-2.546,-5.468,1.390
VN300_2026-07-12_14-41-49_VNINS.csv,lap,2,12768,319.473079,9.932185,984.209,167.321,0.234026,,-10.657980,35.52957680,-97.47528973,44.378,-19.435,-2.674,-5.325,1.340
VN300_2026-07-12_14-41-49_VNINS.csv,lap,2,12769,319.473079,9.932185,984.698,167.811,0.234026,,-10.657980,35.52958120,-97.47528981,44.175,-19.688,-2.753,-5.304,1.340
VN300_2026-07-12_14-41-49_VNINS.csv,lap,2,12770,319.473079,9.932185,985.185,168.298,0.234026,,-10.657980,35.52958558,-97.47528994,43.928,-19.976,-2.845,-5.205,1.340
VN300_2026-07-12_14-41-49_VNINS.csv,lap,2,12771,319.473079,9.932185,985.669,168.782,0.234026,,-10.657980,35.52958993,-97.47529011,43.784,-20.313,-2.930,-5.184,1.340
VN300_2026-07-12_14-41-49_VNINS.csv,lap,2,12772,319.473079,9.932185,986.151,169.264,0.234026,,-10.657980,35.52959426,-97.47529033,43.592,-20.693,-2.966,-5.205,1.340
VN300_2026-07-12_14-41-49_VNINS.csv,lap,2,12773,319.473079,9.932185,986.630,169.742,0.234026,,-10.657980,35.52959856,-97.47529061,43.367,-21.075,-2.978,-5.011,1.340
VN300_2026-07-12_14-41-49_VNINS.csv,lap,2,12774,319.473079,9.932185,987.108,170.220,0.234026,,-10.657980,35.52960285,-97.47529093,43.200,-21.501,-2.960,-4.959,1.350
VN300_2026-07-12_14-41-49_VNINS.csv,lap,2,12775,319.473079,9.932185,987.581,170.694,0.076132,,-10.657980,35.52960710,-97.47529129,42.953,-21.957,-2.983,-5.208,1.350
VN300_2026-07-12_14-41-49_VNINS.csv,lap,2,12776,319.473079,9.932185,988.103,171.216,-0.019428,,-10.657980,35.52961179,-97.47529134,42.936,-22.293,-2.996,-4.955,1.310
VN300_2026-07-12_14-41-49_VNINS.csv,lap,2,12777,319.726884,10.185990,988.575,171.688,0.234377,,-10.657980,35.52961602,-97.47529179,42.831,-22.673,-3.010,-4.945,1.310
VN300_2026-07-12_14-41-49_VNINS.csv,lap,2,12778,319.726884,10.185990,989.047,172.159,0.234377,,-10.657980,35.52962024,-97.47529230,42.760,-23.123,-3.010,-5.024,1.310
VN300_2026-07-12_14-41-49_VNINS.csv,lap,2,12779,319.726884,10.185990,989.517,172.630,0.234377,,-10.657980,35.52962445,-97.47529286,42.763,-23.616,-2.960,-4.863,1.310
VN300_2026-07-12_14-41-49_VNINS.csv,lap,2,12780,319.726884,10.185990,989.988,173.100,0.234377,,-10.657980,35.52962865,-97.47529347,42.809,-24.098,-2.926,-4.757,1.310
VN300_2026-07-12_14-41-49_VNINS.csv,lap,2,12781,319.726884,10.185990,990.459,173.571,0.234377,,-10.657980,35.52963285,-97.47529413,42.835,-24.555,-2.981,-4.966,1.310
VN300_2026-07-12_14-41-49_VNINS.csv,lap,2,12782,319.726884,10.185990,990.928,174.040,0.234377,,-10.657980,35.52963703,-97.47529484,42.886,-24.986,-3.062,-4.840,1.310
VN300_2026-07-12_14-41-49_VNINS.csv,lap,2,12783,319.726884,10.185990,991.388,174.501,0.234377,,-10.657980,35.52964117,-97.47529498,42.833,-25.388,-3.160,-4.661,1.270
VN300_2026-07-12_14-41-49_VNINS.csv,lap,2,12784,319.726884,10.185990,991.859,174.971,0.021800,,-10.657980,35.52964536,-97.47529571,42.973,-25.695,-3.221,-4.750,1.270
VN300_2026-07-12_14-41-49_VNINS.csv,lap,2,12785,319.726884,10.185990,992.331,175.444,-0.034403,,-10.657980,35.52964956,-97.47529651,43.069,-26.073,-3.290,-4.692,1.270
VN300_2026-07-12_14-41-49_VNINS.csv,lap,2,12786,319.726884,10.185990,992.804,175.917,-0.034403,,-10.657980,35.52965376,-97.47529734,43.197,-26.436,-3.341,-4.624,1.270
VN300_2026-07-12_14-41-49_VNINS.csv,lap,2,12787,319.980379,10.439485,993.277,176.390,0.219092,,-10.657980,35.52965795,-97.47529823,43.206,-26.749,-3.443,-4.763,1.280
VN300_2026-07-12_14-41-49_VNINS.csv,lap,2,12788,319.980379,10.439485,993.751,176.864,0.219092,,-10.657980,35.52966214,-97.47529920,43.247,-27.093,-3.481,-4.607,1.280
VN300_2026-07-12_14-41-49_VNINS.csv,lap,2,12789,319.980379,10.439485,994.224,177.337,0.219092,,-10.657980,35.52966631,-97.47530022,43.316,-27.450,-3.519,-4.613,1.280
VN300_2026-07-12_14-41-49_VNINS.csv,lap,2,12790,319.980379,10.439485,994.697,177.810,0.219092,,-10.657980,35.52967047,-97.47530131,43.319,-27.906,-3.501,-4.693,1.280
VN300_2026-07-12_14-41-49_VNINS.csv,lap,2,12791,319.980379,10.439485,995.178,178.291,0.219092,,-10.657980,35.52967473,-97.47530224,43.154,-28.430,-3.458,-4.589,1.240
VN300_2026-07-12_14-41-49_VNINS.csv,lap,2,12792,319.980379,10.439485,995.651,178.764,0.219092,,-10.657980,35.52967887,-97.47530343,43.230,-28.836,-3.438,-4.587,1.240
VN300_2026-07-12_14-41-49_VNINS.csv,lap,2,12793,319.980379,10.439485,996.123,179.235,0.219092,,-10.657980,35.52968299,-97.47530468,43.212,-29.242,-3.474,-4.738,1.240
VN300_2026-07-12_14-41-49_VNINS.csv,lap,2,12794,319.980379,10.439485,996.595,179.707,0.044464,,-10.657980,35.52968710,-97.47530597,43.197,-29.596,-3.573,-4.648,1.240
VN300_2026-07-12_14-41-49_VNINS.csv,lap,2,12795,319.980379,10.439485,997.067,180.180,-0.034767,,-10.657980,35.52969121,-97.47530729,43.320,-29.897,-3.691,-4.681,1.250
VN300_2026-07-12_14-41-49_VNINS.csv,lap,2,12796,319.980379,10.439485,997.540,180.652,-0.034767,,-10.657980,35.52969532,-97.47530863,43.430,-30.216,-3.771,-4.796,1.250
VN300_2026-07-12_14-41-49_VNINS.csv,lap,2,12797,320.250955,10.710061,998.015,181.127,0.235809,,-10.657980,35.52969944,-97.47531001,43.464,-30.572,-3.786,-4.681,1.250
VN300_2026-07-12_14-41-49_VNINS.csv,lap,2,12798,320.250955,10.710061,998.489,181.601,0.235809,,-10.657980,35.52970354,-97.47531144,43.634,-30.955,-3.779,-4.819,1.250
VN300_2026-07-12_14-41-49_VNINS.csv,lap,2,12799,320.250955,10.710061,998.968,182.081,0.235809,,-10.657980,35.52970774,-97.47531264,43.556,-31.334,-3.735,-4.785,1.220
VN300_2026-07-12_14-41-49_VNINS.csv,lap,2,12800,320.250955,10.710061,999.445,182.557,0.235809,,-10.657980,35.52971185,-97.47531414,43.614,-31.522,-3.766,-4.626,1.220
VN300_2026-07-12_14-41-49_VNINS.csv,lap,2,12801,320.250955,10.710061,999.921,183.034,0.235809,,-10.657980,35.52971595,-97.47531568,43.880,-31.732,-3.892,-4.681,1.220
VN300_2026-07-12_14-41-49_VNINS.csv,lap,2,12802,320.250955,10.710061,1000.401,183.514,0.235809,,-10.657980,35.52972007,-97.47531726,43.996,-31.976,-3.965,-4.541,1.220
VN300_2026-07-12_14-41-49_VNINS.csv,lap,2,12803,320.250955,10.710061,1000.881,183.993,-0.017672,,-10.657980,35.52972417,-97.47531889,44.072,-32.257,-3.994,-4.343,1.220
VN300_2026-07-12_14-41-49_VNINS.csv,lap,2,12804,320.250955,10.710061,1001.361,184.474,-0.017672,,-10.657980,35.52972827,-97.47532057,44.238,-32.557,-4.031,-4.571,1.220
VN300_2026-07-12_14-41-49_VNINS.csv,lap,2,12805,320.250955,10.710061,1001.844,184.956,-0.017672,,-10.657980,35.52973238,-97.47532229,44.424,-32.887,-4.016,-4.395,1.220
VN300_2026-07-12_14-41-49_VNINS.csv,lap,2,12806,320.250955,10.710061,1002.327,185.439,-0.017672,,-10.657980,35.52973648,-97.47532405,44.449,-33.151,-4.069,-4.043,1.220
VN300_2026-07-12_14-41-49_VNINS.csv,lap,2,12807,320.250955,10.710061,1002.811,185.923,-0.017672,,-10.657980,35.52974058,-97.47532584,44.592,-33.413,-4.202,-4.164,1.220
VN300_2026-07-12_14-41-49_VNINS.csv,lap,2,12808,320.504746,10.963852,1003.234,186.347,0.236119,,-10.657980,35.52974423,-97.47532718,44.263,-33.731,-4.259,-4.057,1.190
VN300_2026-07-12_14-41-49_VNINS.csv,lap,2,12809,320.504746,10.963852,1003.717,186.829,0.236119,,-10.657980,35.52974830,-97.47532903,44.360,-34.023,-4.352,-3.834,1.190
VN300_2026-07-12_14-41-49_VNINS.csv,lap,2,12810,320.504746,10.963852,1004.200,187.312,0.236119,,-10.657980,35.52975236,-97.47533093,44.483,-34.335,-4.447,-3.919,1.190
VN300_2026-07-12_14-41-49_VNINS.csv,lap,2,12811,320.504746,10.963852,1004.683,187.795,0.231062,,-10.657980,35.52975640,-97.47533289,44.532,-34.662,-4.512,-3.690,1.190
VN300_2026-07-12_14-41-49_VNINS.csv,lap,2,12812,320.504746,10.963852,1005.166,188.279,-0.017374,,-10.657980,35.52976043,-97.47533490,44.623,-34.980,-4.552,-3.453,1.190
VN300_2026-07-12_14-41-49_VNINS.csv,lap,2,12813,320.504746,10.963852,1005.652,188.764,-0.017374,,-10.657980,35.52976446,-97.47533696,44.767,-35.397,-4.491,-3.763,1.190
VN300_2026-07-12_14-41-49_VNINS.csv,lap,2,12814,320.504746,10.963852,1006.136,189.249,-0.017374,,-10.657980,35.52976846,-97.47533908,44.771,-35.857,-4.314,-3.755,1.190
VN300_2026-07-12_14-41-49_VNINS.csv,lap,2,12815,320.504746,10.963852,1006.621,189.734,-0.017374,,-10.657980,35.52977245,-97.47534124,44.779,-36.284,-4.207,-3.246,1.190
VN300_2026-07-12_14-41-49_VNINS.csv,lap,2,12816,320.504746,10.963852,1007.072,190.185,-0.017374,,-10.657980,35.52977615,-97.47534328,44.497,-36.741,-4.160,-3.337,1.170
VN300_2026-07-12_14-41-49_VNINS.csv,lap,2,12817,320.504746,10.963852,1007.555,190.667,-0.017374,,-10.657980,35.52978011,-97.47534547,44.403,-37.227,-4.200,-3.342,1.170
VN300_2026-07-12_14-41-49_VNINS.csv,lap,2,12818,320.758136,11.217242,1008.038,191.150,0.236016,,-10.657980,35.52978405,-97.47534771,44.489,-37.744,-4.171,-2.876,1.170
VN300_2026-07-12_14-41-49_VNINS.csv,lap,2,12819,320.758136,11.217242,1008.522,191.635,0.236016,,-10.657980,35.52978800,-97.47534997,44.575,-38.314,-4.122,-2.913,1.170
VN300_2026-07-12_14-41-49_VNINS.csv,lap,2,12820,320.758136,11.217242,1009.005,192.118,0.236016,,-10.657980,35.52979192,-97.47535228,44.447,-38.845,-4.007,-2.781,1.170
VN300_2026-07-12_14-41-49_VNINS.csv,lap,2,12821,320.758136,11.217242,1009.487,192.600,-0.013198,,-10.657980,35.52979581,-97.47535463,44.500,-39.325,-4.003,-2.532,1.170
VN300_2026-07-12_14-41-49_VNINS.csv,lap,2,12822,320.758136,11.217242,1009.970,193.083,-0.042083,,-10.657980,35.52979969,-97.47535702,44.528,-39.797,-3.962,-2.554,1.170
VN300_2026-07-12_14-41-49_VNINS.csv,lap,2,12823,320.758136,11.217242,1010.418,193.531,-0.042083,,-10.657980,35.52980315,-97.47535956,44.109,-40.285,-3.945,-2.355,1.140
VN300_2026-07-12_14-41-49_VNINS.csv,lap,2,12824,320.758136,11.217242,1010.897,194.010,-0.042083,,-10.657980,35.52980698,-97.47536198,44.211,-40.747,-3.807,-2.078,1.140
VN300_2026-07-12_14-41-49_VNINS.csv,lap,2,12825,320.758136,11.217242,1011.377,194.490,-0.042083,,-10.657980,35.52981080,-97.47536445,44.252,-41.262,-3.641,-2.156,1.140
VN300_2026-07-12_14-41-49_VNINS.csv,lap,2,12826,320.758136,11.217242,1011.858,194.970,-0.042083,,-10.657980,35.52981460,-97.47536698,44.334,-41.764,-3.317,-1.690,1.150
VN300_2026-07-12_14-41-49_VNINS.csv,lap,2,12827,320.758136,11.217242,1012.339,195.451,-0.042083,,-10.657980,35.52981839,-97.47536954,44.580,-42.203,-3.066,-1.503,1.150
VN300_2026-07-12_14-41-49_VNINS.csv,lap,2,12828,321.011628,11.470734,1012.823,195.936,0.211409,,-10.657980,35.52982220,-97.47537214,44.725,-42.579,-2.836,-1.379,1.150
VN300_2026-07-12_14-41-49_VNINS.csv,lap,2,12829,321.011628,11.470734,1013.308,196.421,0.211409,,-10.657980,35.52982599,-97.47537479,44.814,-42.836,-2.802,-1.005,1.150
VN300_2026-07-12_14-41-49_VNINS.csv,lap,2,12830,321.011628,11.470734,1013.793,196.906,0.211409,,-10.657980,35.52982977,-97.47537747,44.919,-43.076,-2.799,-0.673,1.150
VN300_2026-07-12_14-41-49_VNINS.csv,lap,2,12831,321.011628,11.470734,1014.280,197.392,0.070208,,-10.657980,35.52983354,-97.47538020,44.980,-43.409,-2.814,-0.575,1.150
VN300_2026-07-12_14-41-49_VNINS.csv,lap,2,12832,321.011628,11.470734,1014.703,197.815,-0.042411,,-10.657980,35.52983656,-97.47538304,44.442,-43.716,-2.684,-0.154,1.120
VN300_2026-07-12_14-41-49_VNINS.csv,lap,2,12833,321.011628,11.470734,1015.186,198.298,-0.042411,,-10.657980,35.52984027,-97.47538581,44.564,-44.099,-2.654,0.089,1.120
VN300_2026-07-12_14-41-49_VNINS.csv,lap,2,12834,321.011628,11.470734,1015.667,198.780,-0.042411,,-10.657980,35.52984396,-97.47538860,44.501,-44.518,-2.449,0.586,1.120
VN300_2026-07-12_14-41-49_VNINS.csv,lap,2,12835,321.011628,11.470734,1016.148,199.261,-0.042411,,-10.657980,35.52984761,-97.47539145,44.361,-45.001,-2.245,1.189,1.130
VN300_2026-07-12_14-41-49_VNINS.csv,lap,2,12836,321.011628,11.470734,1016.628,199.741,-0.042411,,-10.657980,35.52985126,-97.47539428,44.246,-45.499,-1.939,1.895,1.130
VN300_2026-07-12_14-41-49_VNINS.csv,lap,2,12837,321.011628,11.470734,1017.105,200.217,-0.042411,,-10.657980,35.52985488,-97.47539710,43.885,-45.996,-1.802,2.278,1.130
VN300_2026-07-12_14-41-49_VNINS.csv,lap,2,12838,321.294659,11.753765,1017.577,200.689,0.240620,,-10.657980,35.52985845,-97.47539992,43.476,-46.525,-1.493,2.796,1.130
VN300_2026-07-12_14-41-49_VNINS.csv,lap,2,12839,321.294659,11.753765,1018.051,201.163,0.240620,,-10.657980,35.52986148,-97.47540361,42.950,-47.137,-1.158,3.213,1.100
VN300_2026-07-12_14-41-49_VNINS.csv,lap,2,12840,321.294659,11.753765,1018.516,201.629,0.240620,,-10.657980,35.52986497,-97.47540645,42.730,-47.685,-0.644,4.031,1.100
VN300_2026-07-12_14-41-49_VNINS.csv,lap,2,12841,321.294659,11.753765,1018.979,202.091,0.023147,,-10.657980,35.52986842,-97.47540930,42.431,-48.159,-0.179,4.485,1.100
VN300_2026-07-12_14-41-49_VNINS.csv,lap,2,12842,321.294659,11.753765,1019.439,202.551,-0.012715,,-10.657980,35.52987184,-97.47541216,42.062,-48.566,0.161,4.830,1.100
VN300_2026-07-12_14-41-49_VNINS.csv,lap,2,12843,321.294659,11.753765,1019.894,203.006,-0.012715,,-10.657980,35.52987521,-97.47541501,41.730,-48.904,0.126,4.965,1.110
VN300_2026-07-12_14-41-49_VNINS.csv,lap,2,12844,321.294659,11.753765,1020.344,203.457,-0.012715,,-10.657980,35.52987852,-97.47541788,41.475,-49.186,0.047,5.463,1.110
VN300_2026-07-12_14-41-49_VNINS.csv,lap,2,12845,321.294659,11.753765,1020.794,203.906,-0.012715,,-10.657980,35.52988181,-97.47542077,41.415,-49.544,-0.029,5.552,1.110
VN300_2026-07-12_14-41-49_VNINS.csv,lap,2,12846,321.294659,11.753765,1021.242,204.354,-0.012715,,-10.657980,35.52988508,-97.47542366,41.225,-49.967,-0.008,5.559,1.110
VN300_2026-07-12_14-41-49_VNINS.csv,lap,2,12847,321.294659,11.753765,1021.687,204.799,-0.012715,,-10.657980,35.52988831,-97.47542657,41.104,-50.459,0.101,5.697,1.110
VN300_2026-07-12_14-41-49_VNINS.csv,lap,2,12848,321.294659,11.753765,1022.087,205.199,-0.012715,,-10.657980,35.52988894,-97.47543092,40.263,-50.939,0.286,6.010,1.080
VN300_2026-07-12_14-41-49_VNINS.csv,lap,2,12849,321.548470,12.007576,1022.522,205.635,0.241096,,-10.657980,35.52989204,-97.47543386,40.148,-51.340,0.351,6.005,1.080
VN300_2026-07-12_14-41-49_VNINS.csv,lap,2,12850,321.548470,12.007576,1022.956,206.068,0.241096,,-10.657980,35.52989512,-97.47543680,39.811,-51.728,0.376,5.960,1.080
VN300_2026-07-12_14-41-49_VNINS.csv,lap,2,12851,321.548470,12.007576,1023.384,206.496,0.226696,,-10.657980,35.52989814,-97.47543973,39.502,-51.967,0.238,6.186,1.090
VN300_2026-07-12_14-41-49_VNINS.csv,lap,2,12852,321.548470,12.007576,1023.810,206.922,-0.012716,,-10.657980,35.52990113,-97.47544267,39.258,-52.286,0.005,6.216,1.090
VN300_2026-07-12_14-41-49_VNINS.csv,lap,2,12853,321.548470,12.007576,1024.232,207.345,-0.012716,,-10.657980,35.52990408,-97.47544562,39.073,-52.730,-0.158,5.966,1.090
VN300_2026-07-12_14-41-49_VNINS.csv,lap,2,12854,321.548470,12.007576,1024.654,207.767,-0.012716,,-10.657980,35.52990701,-97.47544858,38.944,-53.352,-0.132,6.036,1.090
VN300_2026-07-12_14-41-49_VNINS.csv,lap,2,12855,321.548470,12.007576,1025.084,208.197,-0.012716,,-10.657980,35.52990807,-97.47545315,38.522,-54.029,0.121,6.285,1.060
VN300_2026-07-12_14-41-49_VNINS.csv,lap,2,12856,321.548470,12.007576,1025.501,208.613,-0.012716,,-10.657980,35.52991089,-97.47545618,38.405,-54.725,0.427,6.049,1.060
VN300_2026-07-12_14-41-49_VNINS.csv,lap,2,12857,321.548470,12.007576,1025.913,209.026,-0.012716,,-10.657980,35.52991367,-97.47545920,37.855,-55.407,0.576,5.908,1.070
VN300_2026-07-12_14-41-49_VNINS.csv,lap,2,12858,321.548470,12.007576,1026.321,209.433,-0.012716,,-10.657980,35.52991638,-97.47546223,37.457,-56.005,0.620,6.146,1.070
VN300_2026-07-12_14-41-49_VNINS.csv,lap,2,12859,321.548470,12.007576,1026.725,209.838,-0.012716,,-10.657980,35.52991906,-97.47546525,37.223,-56.622,0.617,6.167,1.070
VN300_2026-07-12_14-41-49_VNINS.csv,lap,2,12860,321.802270,12.261376,1027.125,210.238,0.241084,,-10.657980,35.52992168,-97.47546828,36.923,-57.224,0.592,6.283,1.070
VN300_2026-07-12_14-41-49_VNINS.csv,lap,2,12861,321.802270,12.261376,1027.523,210.635,0.241084,,-10.657980,35.52992426,-97.47547132,36.661,-57.882,0.618,6.267,1.070
VN300_2026-07-12_14-41-49_VNINS.csv,lap,2,12862,321.802270,12.261376,1027.916,211.029,0.026488,,-10.657980,35.52992678,-97.47547437,36.402,-58.496,0.624,6.294,1.070
VN300_2026-07-12_14-41-49_VNINS.csv,lap,2,12863,321.802270,12.261376,1028.370,211.483,-0.038623,,-10.657980,35.52992666,-97.47547939,36.117,-59.083,0.544,6.147,1.050
VN300_2026-07-12_14-41-49_VNINS.csv,lap,2,12864,321.802270,12.261376,1028.757,211.870,-0.038623,,-10.657980,35.52992900,-97.47548255,35.875,-59.649,0.404,6.220,1.050
VN300_2026-07-12_14-41-49_VNINS.csv,lap,2,12865,321.802270,12.261376,1029.142,212.255,-0.038623,,-10.657980,35.52993130,-97.47548573,35.716,-60.276,0.332,6.312,1.050
VN300_2026-07-12_14-41-49_VNINS.csv,lap,2,12866,321.802270,12.261376,1029.524,212.637,-0.038623,,-10.657980,35.52993354,-97.47548893,35.491,-60.953,0.312,6.437,1.050
VN300_2026-07-12_14-41-49_VNINS.csv,lap,2,12867,321.802270,12.261376,1029.903,213.016,-0.038623,,-10.657980,35.52993574,-97.47549213,35.255,-61.701,0.311,6.435,1.050
VN300_2026-07-12_14-41-49_VNINS.csv,lap,2,12868,321.802270,12.261376,1030.279,213.391,-0.038623,,-10.657980,35.52993788,-97.47549534,35.004,-62.460,0.317,6.538,1.050
VN300_2026-07-12_14-41-49_VNINS.csv,lap,2,12869,321.802270,12.261376,1030.651,213.763,-0.038623,,-10.657980,35.52993996,-97.47549856,34.692,-63.250,0.388,6.697,1.050
VN300_2026-07-12_14-41-49_VNINS.csv,lap,2,12870,322.055712,12.514818,1031.019,214.132,0.214819,,-10.657980,35.52994196,-97.47550181,34.410,-64.111,0.566,7.219,1.050
VN300_2026-07-12_14-41-49_VNINS.csv,lap,2,12871,322.055712,12.514818,1031.398,214.510,0.214819,,-10.657980,35.52994220,-97.47550598,34.082,-64.949,0.751,7.239,1.030
VN300_2026-07-12_14-41-49_VNINS.csv,lap,2,12872,322.055712,12.514818,1031.761,214.873,0.214819,,-10.657980,35.52994406,-97.47550928,33.790,-65.776,0.913,6.992,1.030
VN300_2026-07-12_14-41-49_VNINS.csv,lap,2,12873,322.055712,12.514818,1032.120,215.232,0.214819,,-10.657980,35.52994585,-97.47551258,33.561,-66.531,1.005,6.945,1.030
VN300_2026-07-12_14-41-49_VNINS.csv,lap,2,12874,322.055712,12.514818,1032.476,215.589,0.136318,,-10.657980,35.52994758,-97.47551590,33.316,-67.172,0.929,7.021,1.030
VN300_2026-07-12_14-41-49_VNINS.csv,lap,2,12875,322.055712,12.514818,1032.830,215.942,-0.039050,,-10.657980,35.52994924,-97.47551923,33.095,-67.748,0.599,7.414,1.030
VN300_2026-07-12_14-41-49_VNINS.csv,lap,2,12876,322.055712,12.514818,1033.181,216.293,-0.039050,,-10.657980,35.52995086,-97.47552256,32.946,-68.326,0.205,7.561,1.030
VN300_2026-07-12_14-41-49_VNINS.csv,lap,2,12877,322.055712,12.514818,1033.529,216.642,-0.039050,,-10.657980,35.52995242,-97.47552590,32.806,-69.060,-0.099,7.290,1.030
VN300_2026-07-12_14-41-49_VNINS.csv,lap,2,12878,322.055712,12.514818,1033.876,216.988,-0.039050,,-10.657980,35.52995391,-97.47552926,32.692,-69.965,-0.163,7.366,1.030
VN300_2026-07-12_14-41-49_VNINS.csv,lap,2,12879,322.055712,12.514818,1034.227,217.340,-0.039050,,-10.657980,35.52995357,-97.47553312,32.322,-71.007,0.056,7.490,1.010
VN300_2026-07-12_14-41-49_VNINS.csv,lap,2,12880,322.327435,12.786541,1034.569,217.682,0.232673,,-10.657980,35.52995492,-97.47553652,32.155,-72.160,0.438,7.680,1.010
VN300_2026-07-12_14-41-49_VNINS.csv,lap,2,12881,322.327435,12.786541,1034.909,218.022,0.232673,,-10.657980,35.52995620,-97.47553993,31.888,-73.347,0.899,7.977,1.010
VN300_2026-07-12_14-41-49_VNINS.csv,lap,2,12882,322.327435,12.786541,1035.246,218.359,0.232673,,-10.657980,35.52995742,-97.47554334,31.660,-74.516,1.315,7.992,1.010
VN300_2026-07-12_14-41-49_VNINS.csv,lap,2,12883,322.327435,12.786541,1035.579,218.692,0.232673,,-10.657980,35.52995855,-97.47554675,31.353,-75.581,1.630,8.138,1.010
VN300_2026-07-12_14-41-49_VNINS.csv,lap,2,12884,322.327435,12.786541,1035.911,219.023,0.232673,,-10.657980,35.52995961,-97.47555017,31.200,-76.494,1.751,8.472,1.020
VN300_2026-07-12_14-41-49_VNINS.csv,lap,2,12885,322.327435,12.786541,1036.240,219.352,0.232673,,-10.657980,35.52996062,-97.47555359,31.021,-77.307,1.690,8.319,1.020
VN300_2026-07-12_14-41-49_VNINS.csv,lap,2,12886,322.327435,12.786541,1036.566,219.679,0.232673,,-10.657980,35.52996155,-97.47555701,30.859,-78.016,1.468,8.590,1.020
VN300_2026-07-12_14-41-49_VNINS.csv,lap,2,12887,322.327435,12.786541,1036.891,220.004,0.136278,,-10.657980,35.52996242,-97.47556044,30.755,-78.782,1.181,8.672,1.020
VN300_2026-07-12_14-41-49_VNINS.csv,lap,2,12888,322.327435,12.786541,1037.215,220.328,-0.020756,,-10.657980,35.52996323,-97.47556388,30.727,-79.615,0.947,8.539,1.020
VN300_2026-07-12_14-41-49_VNINS.csv,lap,2,12889,322.327435,12.786541,1037.594,220.706,-0.020756,,-10.657980,35.52996214,-97.47556784,30.537,-80.480,0.814,8.331,1.000
VN300_2026-07-12_14-41-49_VNINS.csv,lap,2,12890,322.327435,12.786541,1037.917,221.029,-0.020756,,-10.657980,35.52996280,-97.47557132,30.530,-81.495,0.873,8.489,1.000
VN300_2026-07-12_14-41-49_VNINS.csv,lap,2,12891,322.581270,13.040376,1038.240,221.353,0.233079,,-10.657980,35.52996341,-97.47557481,30.541,-82.708,1.193,8.777,1.000
VN300_2026-07-12_14-41-49_VNINS.csv,lap,2,12892,322.581270,13.040376,1038.561,221.674,0.233079,,-10.657980,35.52996395,-97.47557830,30.498,-83.932,1.575,9.070,1.000
VN300_2026-07-12_14-41-49_VNINS.csv,lap,2,12893,322.581270,13.040376,1038.882,221.995,0.233079,,-10.657980,35.52996446,-97.47558179,30.477,-85.041,1.783,9.027,1.000
VN300_2026-07-12_14-41-49_VNINS.csv,lap,2,12894,322.581270,13.040376,1039.202,222.314,0.233079,,-10.657980,35.52996493,-97.47558527,30.302,-85.923,1.749,9.149,1.000
VN300_2026-07-12_14-41-49_VNINS.csv,lap,2,12895,322.581270,13.040376,1039.500,222.613,0.233079,,-10.657980,35.52996493,-97.47558857,29.501,-86.973,1.905,9.684,0.980
VN300_2026-07-12_14-41-49_VNINS.csv,lap,2,12896,322.581270,13.040376,1039.812,222.924,0.233079,,-10.657980,35.52996526,-97.47559199,29.328,-87.950,2.139,10.088,0.980
VN300_2026-07-12_14-41-49_VNINS.csv,lap,2,12897,322.581270,13.040376,1040.122,223.235,0.233079,,-10.657980,35.52996550,-97.47559541,29.168,-89.102,2.373,10.163,0.980
VN300_2026-07-12_14-41-49_VNINS.csv,lap,2,12898,322.581270,13.040376,1040.433,223.545,0.233079,,-10.657980,35.52996570,-97.47559883,29.170,-90.280,2.639,9.801,0.980
VN300_2026-07-12_14-41-49_VNINS.csv,lap,2,12899,322.581270,13.040376,1040.743,223.855,0.233079,,-10.657980,35.52996584,-97.47560225,29.093,-91.762,3.142,9.510,0.980
VN300_2026-07-12_14-41-49_VNINS.csv,lap,2,12900,322.581270,13.040376,1041.050,224.163,0.233079,,-10.657980,35.52996590,-97.47560565,28.915,-93.014,3.413,9.741,0.980
VN300_2026-07-12_14-41-49_VNINS.csv,lap,2,12901,322.834731,13.293837,1041.357,224.470,0.370366,,-10.657980,35.52996590,-97.47560904,28.685,-94.368,3.579,10.176,0.990
VN300_2026-07-12_14-41-49_VNINS.csv,lap,2,12902,322.834731,13.293837,1041.662,224.775,0.233086,,-10.657980,35.52996581,-97.47561241,28.533,-95.718,3.816,10.813,0.990
VN300_2026-07-12_14-41-49_VNINS.csv,lap,2,12903,322.834731,13.293837,1041.961,225.073,0.233086,,-10.657980,35.52996468,-97.47561540,27.920,-97.174,4.236,10.909,0.970
VN300_2026-07-12_14-41-49_VNINS.csv,lap,2,12904,322.834731,13.293837,1042.259,225.372,0.233086,,-10.657980,35.52996447,-97.47561869,27.874,-98.573,4.803,10.782,0.970
VN300_2026-07-12_14-41-49_VNINS.csv,lap,2,12905,322.834731,13.293837,1042.557,225.670,0.233086,,-10.657980,35.52996420,-97.47562197,27.726,-99.898,5.401,10.844,0.970
VN300_2026-07-12_14-41-49_VNINS.csv,lap,2,12906,322.834731,13.293837,1042.856,225.968,0.233086,,-10.657980,35.52996387,-97.47562524,27.628,-101.260,6.046,11.116,0.970
VN300_2026-07-12_14-41-49_VNINS.csv,lap,2,12907,322.834731,13.293837,1043.153,226.265,0.233086,,-10.657980,35.52996348,-97.47562849,27.437,-102.475,6.641,11.215,0.970
VN300_2026-07-12_14-41-49_VNINS.csv,lap,2,12908,322.834731,13.293837,1043.447,226.559,0.233086,,-10.657980,35.52996303,-97.47563169,27.337,-103.436,6.941,11.413,0.970
VN300_2026-07-12_14-41-49_VNINS.csv,lap,2,12909,322.834731,13.293837,1043.741,226.853,0.233086,,-10.657980,35.52996254,-97.47563488,27.197,-104.089,6.866,11.469,0.970
VN300_2026-07-12_14-41-49_VNINS.csv,lap,2,12910,322.834731,13.293837,1044.033,227.145,0.233086,,-10.657980,35.52996201,-97.47563804,27.143,-104.503,6.500,11.861,0.970
VN300_2026-07-12_14-41-49_VNINS.csv,lap,2,12911,323.088334,13.547440,1044.388,227.500,0.486689,,-10.657980,35.52995937,-97.47564025,26.707,-105.073,6.180,12.083,0.950
VN300_2026-07-12_14-41-49_VNINS.csv,lap,2,12912,323.088334,13.547440,1044.675,227.787,0.486689,,-10.657980,35.52995869,-97.47564331,26.629,-105.483,5.950,12.183,0.950
VN300_2026-07-12_14-41-49_VNINS.csv,lap,2,12913,323.088334,13.547440,1044.963,228.076,0.486689,,-10.657980,35.52995797,-97.47564637,26.617,-106.181,5.930,12.420,0.960
VN300_2026-07-12_14-41-49_VNINS.csv,lap,2,12914,323.088334,13.547440,1045.251,228.363,0.486689,,-10.657980,35.52995718,-97.47564940,26.657,-106.893,6.184,13.046,0.960
VN300_2026-07-12_14-41-49_VNINS.csv,lap,2,12915,323.088334,13.547440,1045.539,228.651,0.486689,,-10.657980,35.52995637,-97.47565242,26.696,-107.789,6.566,13.327,0.960
VN300_2026-07-12_14-41-49_VNINS.csv,lap,2,12916,323.088334,13.547440,1045.828,228.940,0.311781,,-10.657980,35.52995552,-97.47565544,26.863,-108.647,7.171,13.392,0.960
VN300_2026-07-12_14-41-49_VNINS.csv,lap,2,12917,323.088334,13.547440,1046.118,229.231,0.205278,,-10.657980,35.52995462,-97.47565845,26.853,-109.501,7.684,13.328,0.960
VN300_2026-07-12_14-41-49_VNINS.csv,lap,2,12918,323.088334,13.547440,1046.408,229.520,0.205278,,-10.657980,35.52995367,-97.47566143,26.872,-110.200,8.089,13.512,0.960
VN300_2026-07-12_14-41-49_VNINS.csv,lap,2,12919,323.088334,13.547440,1046.738,229.851,0.205278,,-10.657980,35.52995279,-97.47566492,26.921,-110.920,8.324,13.418,0.940
VN300_2026-07-12_14-41-49_VNINS.csv,lap,2,12920,323.088334,13.547440,1047.032,230.144,0.205278,,-10.657980,35.52995177,-97.47566791,27.041,-111.435,8.497,14.109,0.940
VN300_2026-07-12_14-41-49_VNINS.csv,lap,2,12921,323.795944,14.255050,1047.327,230.439,0.912888,,-10.657980,35.52995071,-97.47567090,27.165,-111.977,8.514,14.458,0.940
VN300_2026-07-12_14-41-49_VNINS.csv,lap,2,12922,323.795944,14.255050,1047.624,230.736,0.912888,,-10.657980,35.52994963,-97.47567390,27.339,-112.499,8.339,14.066,0.940
VN300_2026-07-12_14-41-49_VNINS.csv,lap,2,12923,323.795944,14.255050,1047.921,231.034,0.912888,,-10.657980,35.52994852,-97.47567689,27.336,-112.966,7.953,13.513,0.940
VN300_2026-07-12_14-41-49_VNINS.csv,lap,2,12924,323.795944,14.255050,1048.218,231.331,0.912888,,-10.657980,35.52994736,-97.47567985,27.373,-113.410,7.462,13.944,0.940
VN300_2026-07-12_14-41-49_VNINS.csv,lap,2,12925,323.795944,14.255050,1048.516,231.629,0.912888,,-10.657980,35.52994617,-97.47568280,27.537,-113.953,7.066,14.422,0.940
VN300_2026-07-12_14-41-49_VNINS.csv,lap,2,12926,323.795944,14.255050,1048.817,231.929,0.912888,,-10.657980,35.52994495,-97.47568576,27.700,-114.628,6.923,14.802,0.950
VN300_2026-07-12_14-41-49_VNINS.csv,lap,2,12927,323.795944,14.255050,1049.119,232.231,0.912888,,-10.657980,35.52994369,-97.47568872,27.881,-115.597,7.190,14.701,0.950
VN300_2026-07-12_14-41-49_VNINS.csv,lap,2,12928,323.795944,14.255050,1049.450,232.563,0.912888,,-10.657980,35.52994149,-97.47569119,27.724,-116.630,7.770,14.818,0.930
VN300_2026-07-12_14-41-49_VNINS.csv,lap,2,12929,323.795944,14.255050,1049.754,232.867,0.912888,,-10.657980,35.52994014,-97.47569411,28.020,-117.795,8.615,14.800,0.930
VN300_2026-07-12_14-41-49_VNINS.csv,lap,2,12930,323.795944,14.255050,1050.062,233.175,0.912888,,-10.657980,35.52993877,-97.47569707,28.302,-118.876,9.495,15.099,0.930
VN300_2026-07-12_14-41-49_VNINS.csv,lap,2,12931,323.795944,14.255050,1050.373,233.485,0.912888,,-10.657980,35.52993736,-97.47570003,28.554,-119.931,10.239,15.177,0.930
VN300_2026-07-12_14-41-49_VNINS.csv,lap,2,12932,323.795944,14.255050,1050.686,233.799,0.912888,,-10.657980,35.52993592,-97.47570301,28.845,-120.909,10.726,14.857,0.930
VN300_2026-07-12_14-41-49_VNINS.csv,lap,2,12933,323.795944,14.255050,1051.005,234.118,0.737325,,-10.657980,35.52993443,-97.47570602,29.153,-121.820,10.931,14.587,0.930
VN300_2026-07-12_14-41-49_VNINS.csv,lap,2,12934,323.795944,14.255050,1051.326,234.438,0.658696,,-10.657980,35.52993291,-97.47570903,29.361,-122.633,10.889,14.448,0.930
VN300_2026-07-12_14-41-49_VNINS.csv,lap,2,12935,323.795944,14.255050,1051.739,234.852,0.658696,,-10.657980,35.52992920,-97.47570937,29.156,-123.493,10.818,14.403,0.920
VN300_2026-07-12_14-41-49_VNINS.csv,lap,2,12936,323.795944,14.255050,1052.061,235.174,0.658696,,-10.657980,35.52992757,-97.47571231,29.430,-124.362,10.792,14.154,0.920
VN300_2026-07-12_14-41-49_VNINS.csv,lap,2,12937,323.795944,14.255050,1052.385,235.497,0.658696,,-10.657980,35.52992590,-97.47571524,29.472,-125.362,10.842,14.157,0.920
VN300_2026-07-12_14-41-49_VNINS.csv,lap,2,12938,323.795944,14.255050,1052.711,235.823,0.658696,,-10.657980,35.52992421,-97.47571818,29.770,-126.406,11.025,14.018,0.920
VN300_2026-07-12_14-41-49_VNINS.csv,lap,2,12939,323.795944,14.255050,1053.039,236.152,0.658696,,-10.657980,35.52992249,-97.47572113,30.001,-127.593,11.275,13.668,0.920
VN300_2026-07-12_14-41-49_VNINS.csv,lap,2,12940,323.795944,14.255050,1053.369,236.482,0.658696,,-10.657980,35.52992074,-97.47572408,30.162,-128.820,11.654,13.468,0.920
VN300_2026-07-12_14-41-49_VNINS.csv,lap,2,12941,323.795944,14.255050,1053.704,236.816,0.658696,,-10.657980,35.52991895,-97.47572705,30.487,-130.163,12.127,13.133,0.920
VN300_2026-07-12_14-41-49_VNINS.csv,lap,2,12942,323.795944,14.255050,1054.040,237.152,0.658696,,-10.657980,35.52991714,-97.47573002,30.640,-131.489,12.667,13.146,0.920
VN300_2026-07-12_14-41-49_VNINS.csv,lap,2,12943,323.795944,14.255050,1054.495,237.607,0.658696,,-10.657980,35.52991315,-97.47573115,30.933,-132.859,13.132,12.988,0.910
VN300_2026-07-12_14-41-49_VNINS.csv,lap,2,12944,323.795944,14.255050,1054.837,237.949,0.617741,,-10.657980,35.52991122,-97.47573409,31.109,-134.204,13.485,12.837,0.910
VN300_2026-07-12_14-41-49_VNINS.csv,lap,2,12945,323.795944,14.255050,1055.180,238.292,0.406288,,-10.657980,35.52990925,-97.47573701,31.180,-135.536,13.706,12.580,0.910
VN300_2026-07-12_14-41-49_VNINS.csv,lap,2,12946,323.795944,14.255050,1055.525,238.638,0.405245,,-10.657980,35.52990724,-97.47573992,31.282,-136.781,13.775,12.207,0.910
VN300_2026-07-12_14-41-49_VNINS.csv,lap,2,12947,323.795944,14.255050,1055.870,238.983,0.405245,,-10.657980,35.52990520,-97.47574279,31.266,-137.954,13.717,11.942,0.910
VN300_2026-07-12_14-41-49_VNINS.csv,lap,2,12948,323.795944,14.255050,1056.215,239.328,0.405245,,-10.657980,35.52990314,-97.47574564,31.257,-139.110,13.649,11.866,0.910
VN300_2026-07-12_14-41-49_VNINS.csv,lap,2,12949,324.055302,14.514408,1056.560,239.673,0.664603,,-10.657980,35.52990106,-97.47574847,31.276,-140.302,13.628,11.767,0.910
VN300_2026-07-12_14-41-49_VNINS.csv,lap,2,12950,324.055302,14.514408,1056.905,240.017,0.664603,,-10.657980,35.52989896,-97.47575127,31.250,-141.475,13.663,11.568,0.910
VN300_2026-07-12_14-41-49_VNINS.csv,lap,2,12951,324.055302,14.514408,1057.477,240.590,0.664603,,-10.657980,35.52989399,-97.47574962,30.943,-142.647,13.744,11.206,0.900
VN300_2026-07-12_14-41-49_VNINS.csv,lap,2,12952,324.055302,14.514408,1057.819,240.931,0.664603,,-10.657980,35.52989178,-97.47575224,30.992,-143.808,13.881,10.982,0.900
VN300_2026-07-12_14-41-49_VNINS.csv,lap,2,12953,324.055302,14.514408,1058.160,241.273,0.664603,,-10.657980,35.52988954,-97.47575482,31.010,-144.876,14.017,10.968,0.900
VN300_2026-07-12_14-41-49_VNINS.csv,lap,2,12954,324.055302,14.514408,1058.502,241.614,0.664603,,-10.657980,35.52988728,-97.47575738,31.065,-145.882,14.186,10.839,0.900
VN300_2026-07-12_14-41-49_VNINS.csv,lap,2,12955,324.055302,14.514408,1058.846,241.958,0.664603,,-10.657980,35.52988498,-97.47575992,31.143,-146.816,14.315,10.721,0.900
VN300_2026-07-12_14-41-49_VNINS.csv,lap,2,12956,324.055302,14.514408,1059.189,242.302,0.583322,,-10.657980,35.52988267,-97.47576244,31.252,-147.734,14.450,10.499,0.900
VN300_2026-07-12_14-41-49_VNINS.csv,lap,2,12957,324.055302,14.514408,1059.536,242.648,0.411068,,-10.657980,35.52988032,-97.47576496,31.483,-148.575,14.616,10.267,0.900
VN300_2026-07-12_14-41-49_VNINS.csv,lap,2,12958,324.055302,14.514408,1059.885,242.998,0.411068,,-10.657980,35.52987794,-97.47576748,31.641,-149.304,14.851,10.044,0.900
VN300_2026-07-12_14-41-49_VNINS.csv,lap,2,12959,324.055302,14.514408,1060.528,243.640,0.411068,,-10.657980,35.52987237,-97.47576559,31.706,-149.932,15.062,9.851,0.880
VN300_2026-07-12_14-41-49_VNINS.csv,lap,2,12960,324.309091,14.768197,1060.879,243.992,0.664857,,-10.657980,35.52986986,-97.47576795,31.875,-150.447,15.277,9.575,0.890
VN300_2026-07-12_14-41-49_VNINS.csv,lap,2,12961,324.309091,14.768197,1061.233,244.345,0.664857,,-10.657980,35.52986731,-97.47577028,31.913,-150.835,15.427,9.347,0.890
VN300_2026-07-12_14-41-49_VNINS.csv,lap,2,12962,324.309091,14.768197,1061.587,244.699,0.664857,,-10.657980,35.52986474,-97.47577259,32.028,-151.093,15.526,9.036,0.890
VN300_2026-07-12_14-41-49_VNINS.csv,lap,2,12963,324.309091,14.768197,1061.943,245.055,0.664857,,-10.657980,35.52986214,-97.47577489,32.170,-151.264,15.557,8.740,0.890
VN300_2026-07-12_14-41-49_VNINS.csv,lap,2,12964,324.309091,14.768197,1062.301,245.413,0.664857,,-10.657980,35.52985952,-97.47577719,32.428,-151.358,15.601,8.568,0.890
VN300_2026-07-12_14-41-49_VNINS.csv,lap,2,12965,324.309091,14.768197,1062.661,245.774,0.664857,,-10.657980,35.52985688,-97.47577950,32.571,-151.409,15.632,8.333,0.890
VN300_2026-07-12_14-41-49_VNINS.csv,lap,2,12966,324.309091,14.768197,1063.024,246.137,0.664857,,-10.657980,35.52985421,-97.47578181,32.720,-151.501,15.660,8.193,0.890
VN300_2026-07-12_14-41-49_VNINS.csv,lap,2,12967,324.309091,14.768197,1063.387,246.500,0.640149,,-10.657980,35.52985153,-97.47578410,32.863,-151.697,15.679,8.155,0.890
VN300_2026-07-12_14-41-49_VNINS.csv,lap,2,12968,324.309091,14.768197,1064.037,247.149,0.383005,,-10.657980,35.52984583,-97.47578254,33.190,-151.988,15.678,8.080,0.880
VN300_2026-07-12_14-41-49_VNINS.csv,lap,2,12969,324.309091,14.768197,1064.405,247.517,0.383005,,-10.657980,35.52984304,-97.47578473,33.315,-152.434,15.605,8.053,0.880
VN300_2026-07-12_14-41-49_VNINS.csv,lap,2,12970,324.575149,15.034255,1064.776,247.888,0.649063,,-10.657980,35.52984022,-97.47578692,33.517,-153.019,15.624,8.035,0.880
VN300_2026-07-12_14-41-49_VNINS.csv,lap,2,12971,324.575149,15.034255,1065.149,248.261,0.649063,,-10.657980,35.52983738,-97.47578911,33.652,-153.738,15.686,7.950,0.880
VN300_2026-07-12_14-41-49_VNINS.csv,lap,2,12972,324.575149,15.034255,1065.523,248.635,0.649063,,-10.657980,35.52983452,-97.47579129,33.748,-154.495,15.757,7.933,0.880
VN300_2026-07-12_14-41-49_VNINS.csv,lap,2,12973,324.575149,15.034255,1065.898,249.011,0.649063,,-10.657980,35.52983164,-97.47579345,33.790,-155.331,15.885,7.872,0.880
VN300_2026-07-12_14-41-49_VNINS.csv,lap,2,12974,324.575149,15.034255,1066.276,249.388,0.649063,,-10.657980,35.52982874,-97.47579562,34.136,-156.192,16.036,7.812,0.880
VN300_2026-07-12_14-41-49_VNINS.csv,lap,2,12975,324.575149,15.034255,1066.930,250.042,0.649063,,-10.657980,35.52982295,-97.47579434,34.650,-157.095,16.149,7.689,0.870
VN300_2026-07-12_14-41-49_VNINS.csv,lap,2,12976,324.575149,15.034255,1067.315,250.428,0.649063,,-10.657980,35.52981994,-97.47579645,34.744,-157.975,16.286,7.588,0.870
VN300_2026-07-12_14-41-49_VNINS.csv,lap,2,12977,324.575149,15.034255,1067.702,250.814,0.649063,,-10.657980,35.52981692,-97.47579857,34.973,-158.892,16.369,7.470,0.870
VN300_2026-07-12_14-41-49_VNINS.csv,lap,2,12978,324.575149,15.034255,1068.092,251.204,0.530814,,-10.657980,35.52981387,-97.47580070,35.157,-159.765,16.455,7.341,0.870
VN300_2026-07-12_14-41-49_VNINS.csv,lap,2,12979,324.575149,15.034255,1068.483,251.596,0.395175,,-10.657980,35.52981081,-97.47580284,35.287,-160.663,16.532,7.021,0.870
VN300_2026-07-12_14-41-49_VNINS.csv,lap,2,12980,324.575149,15.034255,1068.876,251.988,0.395175,,-10.657980,35.52980773,-97.47580495,35.252,-161.512,16.694,6.968,0.870
VN300_2026-07-12_14-41-49_VNINS.csv,lap,2,12981,324.829053,15.288159,1069.269,252.381,0.649079,,-10.657980,35.52980463,-97.47580704,35.358,-162.354,16.876,6.723,0.870
VN300_2026-07-12_14-41-49_VNINS.csv,lap,2,12982,324.829053,15.288159,1069.663,252.775,0.649079,,-10.657980,35.52980152,-97.47580913,35.499,-163.095,17.019,6.379,0.870
VN300_2026-07-12_14-41-49_VNINS.csv,lap,2,12983,324.829053,15.288159,1070.441,253.554,0.649079,,-10.657980,35.52979537,-97.47580502,35.636,-163.815,17.040,6.111,0.860
VN300_2026-07-12_14-41-49_VNINS.csv,lap,2,12984,324.829053,15.288159,1070.839,253.951,0.649079,,-10.657980,35.52979215,-97.47580693,35.866,-164.450,17.013,6.000,0.860
VN300_2026-07-12_14-41-49_VNINS.csv,lap,2,12985,324.829053,15.288159,1071.238,254.351,0.649079,,-10.657980,35.52978891,-97.47580884,35.918,-165.081,16.918,5.740,0.860
VN300_2026-07-12_14-41-49_VNINS.csv,lap,2,12986,324.829053,15.288159,1071.638,254.750,0.649079,,-10.657980,35.52978566,-97.47581072,36.095,-165.705,16.841,5.537,0.860
VN300_2026-07-12_14-41-49_VNINS.csv,lap,2,12987,324.829053,15.288159,1072.041,255.154,0.649079,,-10.657980,35.52978238,-97.47581262,36.312,-166.399,16.821,5.368,0.860
VN300_2026-07-12_14-41-49_VNINS.csv,lap,2,12988,324.829053,15.288159,1072.446,255.558,0.574537,,-10.657980,35.52977908,-97.47581450,36.370,-167.156,16.881,5.078,0.860
VN300_2026-07-12_14-41-49_VNINS.csv,lap,2,12989,324.829053,15.288159,1072.850,255.962,0.395201,,-10.657980,35.52977577,-97.47581635,36.368,-167.981,16.941,4.853,0.860
VN300_2026-07-12_14-41-49_VNINS.csv,lap,2,12990,324.829053,15.288159,1073.256,256.368,0.395201,,-10.657980,35.52977245,-97.47581821,36.632,-168.826,17.068,4.863,0.860
VN300_2026-07-12_14-41-49_VNINS.csv,lap,2,12991,325.082594,15.541700,1074.083,257.196,0.648742,,-10.657980,35.52976593,-97.47581380,36.947,-169.692,17.080,4.537,0.850
VN300_2026-07-12_14-41-49_VNINS.csv,lap,2,12992,325.082594,15.541700,1074.494,257.607,0.648742,,-10.657980,35.52976251,-97.47581553,37.179,-170.537,16.987,4.293,0.850
VN300_2026-07-12_14-41-49_VNINS.csv,lap,2,12993,325.082594,15.541700,1074.910,258.022,0.648742,,-10.657980,35.52975905,-97.47581726,37.371,-171.460,16.914,4.327,0.850
VN300_2026-07-12_14-41-49_VNINS.csv,lap,2,12994,325.082594,15.541700,1075.328,258.441,0.648742,,-10.657980,35.52975557,-97.47581902,37.684,-172.465,16.888,4.220,0.850
VN300_2026-07-12_14-41-49_VNINS.csv,lap,2,12995,325.082594,15.541700,1075.748,258.860,0.648742,,-10.657980,35.52975208,-97.47582078,37.739,-173.589,16.941,3.927,0.850
VN300_2026-07-12_14-41-49_VNINS.csv,lap,2,12996,325.082594,15.541700,1076.168,259.281,0.648742,,-10.657980,35.52974858,-97.47582254,37.902,-174.858,17.117,3.802,0.850
VN300_2026-07-12_14-41-49_VNINS.csv,lap,2,12997,325.082594,15.541700,1076.593,259.705,0.493724,,-10.657980,35.52974504,-97.47582430,38.174,-176.149,17.283,3.519,0.850
VN300_2026-07-12_14-41-49_VNINS.csv,lap,2,12998,325.082594,15.541700,1077.018,260.130,0.395088,,-10.657980,35.52974150,-97.47582606,38.183,-177.468,17.408,3.205,0.850
VN300_2026-07-12_14-41-49_VNINS.csv,lap,2,12999,325.082594,15.541700,1077.965,261.078,0.395088,,-10.657980,35.52973522,-97.47581898,38.266,-178.744,17.461,3.061,0.840
VN300_2026-07-12_14-41-49_VNINS.csv,lap,2,13000,325.082594,15.541700,1078.391,261.504,0.395088,,-10.657980,35.52973158,-97.47582044,38.209,179.984,17.465,2.882,0.840
VN300_2026-07-12_14-41-49_VNINS.csv,lap,2,13001,325.336161,15.795267,1078.816,261.929,0.648655,,-10.657980,35.52972796,-97.47582196,38.190,178.719,17.425,2.516,0.840
VN300_2026-07-12_14-41-49_VNINS.csv,lap,2,13002,325.336161,15.795267,1079.241,262.354,0.648655,,-10.657980,35.52972434,-97.47582346,38.083,177.489,17.385,2.313,0.840
VN300_2026-07-12_14-41-49_VNINS.csv,lap,2,13003,325.336161,15.795267,1079.667,262.779,0.648655,,-10.657980,35.52972071,-97.47582495,38.460,176.212,17.413,2.132,0.840
VN300_2026-07-12_14-41-49_VNINS.csv,lap,2,13004,325.336161,15.795267,1080.096,263.208,0.648655,,-10.657980,35.52971705,-97.47582645,38.561,174.976,17.519,1.690,0.840
VN300_2026-07-12_14-41-49_VNINS.csv,lap,2,13005,325.336161,15.795267,1080.528,263.640,0.648655,,-10.657980,35.52971336,-97.47582795,38.800,173.766,17.596,1.486,0.840
VN300_2026-07-12_14-41-49_VNINS.csv,lap,2,13006,325.336161,15.795267,1080.961,264.074,0.415112,,-10.657980,35.52970966,-97.47582945,39.072,172.673,17.674,1.401,0.850
VN300_2026-07-12_14-41-49_VNINS.csv,lap,2,13007,325.336161,15.795267,1081.400,264.513,0.382263,,-10.657980,35.52970591,-97.47583097,39.540,171.640,17.691,1.072,0.850
VN300_2026-07-12_14-41-49_VNINS.csv,lap,2,13008,325.336161,15.795267,1082.497,265.609,0.382263,,-10.657980,35.52969959,-97.47582167,39.463,170.685,17.647,0.883,0.830
VN300_2026-07-12_14-41-49_VNINS.csv,lap,2,13009,325.336161,15.795267,1082.937,266.050,0.382263,,-10.657980,35.52969577,-97.47582296,39.656,169.782,17.553,0.781,0.830
VN300_2026-07-12_14-41-49_VNINS.csv,lap,2,13010,325.336161,15.795267,1083.381,266.493,0.382263,,-10.657980,35.52969192,-97.47582425,39.781,168.888,17.518,0.441,0.840
VN300_2026-07-12_14-41-49_VNINS.csv,lap,2,13011,325.608250,16.067356,1083.825,266.938,0.654352,,-10.657980,35.52968806,-97.47582553,39.963,167.948,17.500,0.152,0.840
VN300_2026-07-12_14-41-49_VNINS.csv,lap,2,13012,325.608250,16.067356,1084.270,267.383,0.654352,,-10.657980,35.52968419,-97.47582677,39.975,167.117,17.521,-0.152,0.840
VN300_2026-07-12_14-41-49_VNINS.csv,lap,2,13013,325.608250,16.067356,1084.716,267.828,0.654352,,-10.657980,35.52968031,-97.47582800,40.027,166.351,17.554,-0.662,0.840
VN300_2026-07-12_14-41-49_VNINS.csv,lap,2,13014,325.608250,16.067356,1085.163,268.276,0.605475,,-10.657980,35.52967641,-97.47582923,40.214,165.754,17.549,-0.941,0.840
VN300_2026-07-12_14-41-49_VNINS.csv,lap,2,13015,325.608250,16.067356,1085.612,268.725,0.400897,,-10.657980,35.52967250,-97.47583045,40.398,165.358,17.480,-1.193,0.840
VN300_2026-07-12_14-41-49_VNINS.csv,lap,2,13016,325.608250,16.067356,1086.784,269.897,0.400897,,-10.657980,35.52966704,-97.47581937,40.350,165.069,17.442,-1.635,0.830
VN300_2026-07-12_14-41-49_VNINS.csv,lap,2,13017,325.608250,16.067356,1087.234,270.346,0.400897,,-10.657980,35.52966307,-97.47582032,40.385,164.966,17.369,-1.888,0.830
VN300_2026-07-12_14-41-49_VNINS.csv,lap,2,13018,325.608250,16.067356,1087.686,270.798,0.400897,,-10.657980,35.52965908,-97.47582126,40.747,165.057,17.316,-2.235,0.830
VN300_2026-07-12_14-41-49_VNINS.csv,lap,2,13019,325.608250,16.067356,1088.140,271.252,0.400897,,-10.657980,35.52965507,-97.47582220,40.770,165.289,17.261,-2.488,0.830
VN300_2026-07-12_14-41-49_VNINS.csv,lap,2,13020,325.608250,16.067356,1088.596,271.708,0.400897,,-10.657980,35.52965104,-97.47582314,41.018,165.668,17.214,-2.710,0.830
VN300_2026-07-12_14-41-49_VNINS.csv,lap,2,13021,325.608250,16.067356,1089.056,272.169,0.400897,,-10.657980,35.52964697,-97.47582410,41.553,166.122,17.155,-3.040,0.830
VN300_2026-07-12_14-41-49_VNINS.csv,lap,2,13022,325.862180,16.321286,1089.523,272.636,0.654827,,-10.657980,35.52964285,-97.47582510,42.216,166.634,17.189,-3.147,0.830
VN300_2026-07-12_14-41-49_VNINS.csv,lap,2,13023,325.862180,16.321286,1089.997,273.109,0.654827,,-10.657980,35.52963868,-97.47582615,42.707,167.230,17.189,-3.149,0.830
VN300_2026-07-12_14-41-49_VNINS.csv,lap,2,13024,325.862180,16.321286,1091.212,274.324,0.401067,,-10.657980,35.52963303,-97.47581466,43.275,167.751,17.210,-3.394,0.820
VN300_2026-07-12_14-41-49_VNINS.csv,lap,2,13025,325.862180,16.321286,1091.697,274.809,0.401067,,-10.657980,35.52962872,-97.47581548,43.697,168.519,17.093,-3.014,0.820
VN300_2026-07-12_14-41-49_VNINS.csv,lap,2,13026,325.862180,16.321286,1092.186,275.299,0.401067,,-10.657980,35.52962437,-97.47581634,44.200,169.472,16.937,-2.598,0.820
VN300_2026-07-12_14-41-49_VNINS.csv,lap,2,13027,325.862180,16.321286,1092.683,275.796,0.401067,,-10.657980,35.52961996,-97.47581722,44.727,170.396,16.800,-2.310,0.820
VN300_2026-07-12_14-41-49_VNINS.csv,lap,2,13028,325.862180,16.321286,1093.184,276.296,0.401067,,-10.657980,35.52961552,-97.47581812,45.110,171.241,16.677,-1.799,0.820
VN300_2026-07-12_14-41-49_VNINS.csv,lap,2,13029,325.862180,16.321286,1093.692,276.805,0.401067,,-10.657980,35.52961101,-97.47581905,45.891,172.003,16.519,-1.494,0.820
VN300_2026-07-12_14-41-49_VNINS.csv,lap,2,13030,325.862180,16.321286,1094.207,277.319,0.401067,,-10.657980,35.52960645,-97.47582001,46.314,172.655,16.356,-1.335,0.820
VN300_2026-07-12_14-41-49_VNINS.csv,lap,2,13031,325.862180,16.321286,1095.219,278.332,0.401067,,-10.657980,35.52960160,-97.47581054,46.996,173.263,16.205,-0.946,0.810
VN300_2026-07-12_14-41-49_VNINS.csv,lap,2,13032,326.115659,16.574765,1095.752,278.865,0.432385,,-10.657980,35.52959683,-97.47581113,47.991,173.873,15.992,-0.600,0.810
VN300_2026-07-12_14-41-49_VNINS.csv,lap,2,13033,326.115659,16.574765,1096.290,279.403,0.401119,,-10.657980,35.52959203,-97.47581187,48.424,174.333,15.853,-0.251,0.810
VN300_2026-07-12_14-41-49_VNINS.csv,lap,2,13034,326.115659,16.574765,1096.834,279.946,0.401119,,-10.657980,35.52958718,-97.47581262,49.028,174.575,15.748,0.348,0.820
VN300_2026-07-12_14-41-49_VNINS.csv,lap,2,13035,326.115659,16.574765,1097.386,280.499,0.401119,,-10.657980,35.52958225,-97.47581340,49.844,174.592,15.646,0.423,0.820
VN300_2026-07-12_14-41-49_VNINS.csv,lap,2,13036,326.115659,16.574765,1097.946,281.058,0.401119,,-10.657980,35.52957726,-97.47581419,50.397,174.446,15.585,0.547,0.820
VN300_2026-07-12_14-41-49_VNINS.csv,lap,2,13037,326.115659,16.574765,1098.511,281.624,0.401119,,-10.657980,35.52957222,-97.47581500,50.963,174.360,15.507,0.947,0.820
VN300_2026-07-12_14-41-49_VNINS.csv,lap,2,13038,326.115659,16.574765,1099.084,282.197,0.401119,,-10.657980,35.52956711,-97.47581584,51.841,174.357,15.401,1.161,0.820
VN300_2026-07-12_14-41-49_VNINS.csv,lap,2,13039,326.115659,16.574765,1099.665,282.778,0.401119,,-10.657980,35.52956193,-97.47581669,52.286,174.430,15.292,1.445,0.820
VN300_2026-07-12_14-41-49_VNINS.csv,lap,2,13040,326.115659,16.574765,1100.458,283.571,0.127925,,-10.657980,35.52955917,-97.47580861,52.793,174.525,15.138,1.744,0.810
VN300_2026-07-12_14-41-49_VNINS.csv,lap,2,13041,326.115659,16.574765,1101.052,284.165,0.127925,,-10.657980,35.52955385,-97.47580920,53.537,174.844,15.142,1.902,0.810
VN300_2026-07-12_14-41-49_VNINS.csv,lap,2,13042,326.369101,16.828207,1101.655,284.768,0.381367,,-10.657980,35.52954845,-97.47580980,54.316,175.328,15.146,2.393,0.810
VN300_2026-07-12_14-41-49_VNINS.csv,lap,2,13043,326.369101,16.828207,1102.267,285.380,0.381367,,-10.657980,35.52954297,-97.47581042,55.099,175.922,15.120,2.712,0.810
VN300_2026-07-12_14-41-49_VNINS.csv,lap,2,13044,326.369101,16.828207,1102.886,285.999,0.381367,,-10.657980,35.52953743,-97.47581107,55.644,176.514,14.924,2.907,0.810
VN300_2026-07-12_14-41-49_VNINS.csv,lap,2,13045,326.369101,16.828207,1103.512,286.624,0.381367,,-10.657980,35.52953183,-97.47581174,56.512,177.131,14.654,3.279,0.810
VN300_2026-07-12_14-41-49_VNINS.csv,lap,2,13046,326.369101,16.828207,1104.146,287.259,0.381367,,-10.657980,35.52952615,-97.47581244,57.302,177.840,14.339,3.416,0.810
VN300_2026-07-12_14-41-49_VNINS.csv,lap,2,13047,326.369101,16.828207,1104.791,287.904,0.344437,,-10.657980,35.52952038,-97.47581318,58.094,178.627,14.105,3.538,0.810
VN300_2026-07-12_14-41-49_VNINS.csv,lap,2,13048,326.369101,16.828207,1105.125,288.237,0.227519,,-10.657980,35.52952052,-97.47580950,57.392,179.356,14.021,3.751,0.800
VN300_2026-07-12_14-41-49_VNINS.csv,lap,2,13049,326.369101,16.828207,1105.772,288.885,0.127524,,-10.657980,35.52951473,-97.47581023,58.343,-179.866,13.972,4.045,0.800
VN300_2026-07-12_14-41-49_VNINS.csv,lap,2,13050,326.369101,16.828207,1106.428,289.541,0.127524,,-10.657980,35.52950886,-97.47581100,59.083,-179.113,13.940,4.199,0.800
VN300_2026-07-12_14-41-49_VNINS.csv,lap,2,13051,326.369101,16.828207,1107.093,290.206,0.127524,,-10.657980,35.52950292,-97.47581181,59.789,-178.459,13.828,4.258,0.800
VN300_2026-07-12_14-41-49_VNINS.csv,lap,2,13052,326.653060,17.112166,1107.767,290.879,0.411483,,-10.657980,35.52949690,-97.47581267,60.690,-177.827,13.649,4.637,0.800
VN300_2026-07-12_14-41-49_VNINS.csv,lap,2,13053,326.653060,17.112166,1108.450,291.563,0.411483,,-10.657980,35.52949080,-97.47581359,61.645,-177.174,13.560,4.681,0.810
VN300_2026-07-12_14-41-49_VNINS.csv,lap,2,13054,326.653060,17.112166,1109.144,292.257,0.341273,,-10.657980,35.52948461,-97.47581455,62.334,-176.622,13.563,4.891,0.810
VN300_2026-07-12_14-41-49_VNINS.csv,lap,2,13055,326.653060,17.112166,1109.563,292.675,0.158001,,-10.657980,35.52948834,-97.47581517,60.520,-176.441,13.665,5.205,0.790
VN300_2026-07-12_14-41-49_VNINS.csv,lap,2,13056,326.653060,17.112166,1110.248,293.360,0.158001,,-10.657980,35.52948227,-97.47581647,61.595,-176.517,13.786,5.114,0.800
VN300_2026-07-12_14-41-49_VNINS.csv,lap,2,13057,326.653060,17.112166,1110.939,294.051,0.158001,,-10.657980,35.52947615,-97.47581781,62.047,-176.849,13.803,5.275,0.800
VN300_2026-07-12_14-41-49_VNINS.csv,lap,2,13058,326.653060,17.112166,1111.637,294.749,0.158001,,-10.657980,35.52946998,-97.47581921,62.782,-177.291,13.815,5.327,0.800
VN300_2026-07-12_14-41-49_VNINS.csv,lap,2,13059,326.653060,17.112166,1112.343,295.455,0.158001,,-10.657980,35.52946374,-97.47582065,63.281,-177.930,13.855,5.294,0.800
VN300_2026-07-12_14-41-49_VNINS.csv,lap,2,13060,326.653060,17.112166,1113.052,296.165,-0.005730,,-10.657980,35.52945747,-97.47582212,63.768,-178.749,13.944,5.476,0.800
VN300_2026-07-12_14-41-49_VNINS.csv,lap,2,13061,326.653060,17.112166,1113.770,296.882,-0.095498,,-10.657980,35.52945114,-97.47582364,64.746,-179.782,14.082,5.406,0.800
VN300_2026-07-12_14-41-49_VNINS.csv,lap,2,13062,326.653060,17.112166,1114.500,297.612,-0.095498,,-10.657980,35.52944470,-97.47582521,65.608,178.999,14.200,5.449,0.800
VN300_2026-07-12_14-41-49_VNINS.csv,lap,2,13063,326.653060,17.112166,1115.241,298.354,-0.095498,,-10.657980,35.52945120,-97.47582338,63.075,177.367,14.329,5.307,0.790
VN300_2026-07-12_14-41-49_VNINS.csv,lap,2,13064,326.907181,17.366287,1115.950,299.062,0.158623,,-10.657980,35.52944499,-97.47582513,63.490,175.599,14.493,5.201,0.790
VN300_2026-07-12_14-41-49_VNINS.csv,lap,2,13065,326.907181,17.366287,1116.662,299.774,-0.070198,,-10.657980,35.52943875,-97.47582691,63.979,173.833,14.647,5.336,0.790
VN300_2026-07-12_14-41-49_VNINS.csv,lap,2,13066,326.907181,17.366287,1117.378,300.491,-0.113870,,-10.657980,35.52943247,-97.47582868,64.342,172.077,14.790,5.309,0.790
VN300_2026-07-12_14-41-49_VNINS.csv,lap,2,13067,326.907181,17.366287,1118.098,301.211,-0.113870,,-10.657980,35.52942616,-97.47583046,64.521,170.347,14.867,5.338,0.790
VN300_2026-07-12_14-41-49_VNINS.csv,lap,2,13068,326.907181,17.366287,1118.821,301.933,-0.113870,,-10.657980,35.52941983,-97.47583226,64.752,168.779,14.902,5.327,0.790
VN300_2026-07-12_14-41-49_VNINS.csv,lap,2,13069,326.907181,17.366287,1119.544,302.657,-0.113870,,-10.657980,35.52941349,-97.47583407,64.897,167.317,14.976,5.310,0.790
VN300_2026-07-12_14-41-49_VNINS.csv,lap,2,13070,326.907181,17.366287,1120.271,303.383,-0.113870,,-10.657980,35.52940713,-97.47583590,65.087,165.962,15.053,5.333,0.790
VN300_2026-07-12_14-41-49_VNINS.csv,lap,2,13071,326.907181,17.366287,1121.029,304.141,-0.367755,,-10.657980,35.52941210,-97.47583017,62.946,164.408,15.156,5.227,0.780
VN300_2026-07-12_14-41-49_VNINS.csv,lap,2,13072,326.907181,17.366287,1121.735,304.847,-0.367755,,-10.657980,35.52940591,-97.47583192,63.278,162.836,15.249,5.275,0.780
VN300_2026-07-12_14-41-49_VNINS.csv,lap,2,13073,326.907181,17.366287,1122.442,305.555,-0.367755,,-10.657980,35.52939971,-97.47583368,63.327,161.362,15.344,5.045,0.780
VN300_2026-07-12_14-41-49_VNINS.csv,lap,2,13074,327.160665,17.619771,1123.150,306.262,-1.417287,,-10.657980,35.52939351,-97.47583544,63.297,159.918,15.477,4.833,0.780
VN300_2026-07-12_14-41-49_VNINS.csv,lap,2,13075,327.160665,17.619771,1123.858,306.970,-1.417287,,-10.657980,35.52938731,-97.47583722,63.289,158.509,15.564,4.662,0.790
VN300_2026-07-12_14-41-49_VNINS.csv,lap,2,13076,327.160665,17.619771,1124.564,307.676,-1.417287,,-10.657980,35.52938113,-97.47583900,63.008,157.116,15.664,4.414,0.790
VN300_2026-07-12_14-41-49_VNINS.csv,lap,2,13077,327.160665,17.619771,1125.270,308.383,-1.417287,,-10.657980,35.52937495,-97.47584081,63.247,155.768,15.699,4.198,0.790
VN300_2026-07-12_14-41-49_VNINS.csv,lap,2,13078,327.160665,17.619771,1125.976,309.088,-1.417287,,-10.657980,35.52936878,-97.47584262,63.073,154.365,15.706,3.857,0.790
VN300_2026-07-12_14-41-49_VNINS.csv,lap,2,13079,327.160665,17.619771,1126.618,309.731,-1.417287,,-10.657980,35.52937166,-97.47583646,61.066,152.765,15.758,3.773,0.780
VN300_2026-07-12_14-41-49_VNINS.csv,lap,2,13080,327.160665,17.619771,1127.303,310.415,-1.417287,,-10.657980,35.52936567,-97.47583819,61.133,151.104,15.814,3.454,0.780
VN300_2026-07-12_14-41-49_VNINS.csv,lap,2,13081,327.160665,17.619771,1127.986,311.098,-1.417287,,-10.657980,35.52935970,-97.47583998,60.939,149.499,15.756,3.039,0.780
VN300_2026-07-12_14-41-49_VNINS.csv,lap,2,13082,327.160665,17.619771,1128.665,311.777,-1.417287,,-10.657980,35.52935378,-97.47584182,60.793,147.838,15.650,2.913,0.780
VN300_2026-07-12_14-41-49_VNINS.csv,lap,2,13083,327.160665,17.619771,1129.344,312.457,-1.417287,,-10.657980,35.52934787,-97.47584371,60.823,146.171,15.654,2.402,0.780
VN300_2026-07-12_14-41-49_VNINS.csv,lap,2,13084,327.414112,17.873218,1130.023,313.136,-1.163840,,-10.657980,35.52934196,-97.47584562,60.539,144.716,15.551,1.596,0.780
VN300_2026-07-12_14-41-49_VNINS.csv,lap,2,13085,327.414112,17.873218,1130.696,313.809,-1.163840,,-10.657980,35.52933612,-97.47584757,60.283,143.197,15.677,1.472,0.780
VN300_2026-07-12_14-41-49_VNINS.csv,lap,2,13086,327.414112,17.873218,1131.368,314.480,-1.163840,,-10.657980,35.52933030,-97.47584955,60.089,141.772,15.960,1.323,0.780
VN300_2026-07-12_14-41-49_VNINS.csv,lap,2,13087,327.414112,17.873218,1132.037,315.149,-1.163840,,-10.657980,35.52932451,-97.47585155,59.878,140.033,16.437,0.775,0.780
VN300_2026-07-12_14-41-49_VNINS.csv,lap,2,13088,327.414112,17.873218,1133.012,316.125,-1.163840,,-10.657980,35.52932507,-97.47584079,58.107,138.188,16.731,0.131,0.770
VN300_2026-07-12_14-41-49_VNINS.csv,lap,2,13089,327.414112,17.873218,1133.660,316.773,-1.163840,,-10.657980,35.52931944,-97.47584264,57.892,136.399,16.940,-0.204,0.770
VN300_2026-07-12_14-41-49_VNINS.csv,lap,2,13090,327.414112,17.873218,1134.305,317.418,-1.163840,,-10.657980,35.52931385,-97.47584453,57.726,134.858,16.956,-0.366,0.770
VN300_2026-07-12_14-41-49_VNINS.csv,lap,2,13091,327.414112,17.873218,1134.949,318.062,-1.163840,,-10.657980,35.52930827,-97.47584644,57.637,133.421,16.863,-0.648,0.770
VN300_2026-07-12_14-41-49_VNINS.csv,lap,2,13092,327.414112,17.873218,1135.590,318.702,-1.163840,,-10.657980,35.52930273,-97.47584838,57.469,132.042,16.770,-0.965,0.780
VN300_2026-07-12_14-41-49_VNINS.csv,lap,2,13093,327.414112,17.873218,1136.231,319.344,-1.163840,,-10.657980,35.52929719,-97.47585035,57.621,130.556,16.807,-1.451,0.780
VN300_2026-07-12_14-41-49_VNINS.csv,lap,2,13094,327.682568,18.141674,1136.874,319.986,-0.895384,,-10.657980,35.52929164,-97.47585233,57.620,129.069,16.979,-1.857,0.780
VN300_2026-07-12_14-41-49_VNINS.csv,lap,2,13095,327.682568,18.141674,1138.091,321.204,-0.895384,,-10.657980,35.52929085,-97.47583891,56.460,127.733,17.129,-2.121,0.770
VN300_2026-07-12_14-41-49_VNINS.csv,lap,2,13096,327.682568,18.141674,1138.715,321.827,-0.895384,,-10.657980,35.52928541,-97.47584059,56.294,126.213,17.177,-2.736,0.770
VN300_2026-07-12_14-41-49_VNINS.csv,lap,2,13097,327.682568,18.141674,1139.340,322.453,-1.148757,,-10.657980,35.52927998,-97.47584239,56.055,124.981,17.111,-2.953,0.770
VN300_2026-07-12_14-41-49_VNINS.csv,lap,2,13098,327.682568,18.141674,1139.964,323.077,-1.148757,,-10.657980,35.52927457,-97.47584422,55.995,123.848,16.988,-3.168,0.770
VN300_2026-07-12_14-41-49_VNINS.csv,lap,2,13099,327.682568,18.141674,1140.587,323.699,-1.148757,,-10.657980,35.52926918,-97.47584608,55.701,122.715,16.915,-3.743,0.770
VN300_2026-07-12_14-41-49_VNINS.csv,lap,2,13100,327.682568,18.141674,1141.204,324.317,-1.148757,,-10.657980,35.52926384,-97.47584796,55.374,121.722,16.898,-3.983,0.770
VN300_2026-07-12_14-41-49_VNINS.csv,lap,2,13101,327.682568,18.141674,1141.819,324.931,-1.148757,,-10.657980,35.52925854,-97.47584987,55.165,120.774,16.913,-4.372,0.770
VN300_2026-07-12_14-41-49_VNINS.csv,lap,2,13102,327.682568,18.141674,1142.430,325.543,-1.294719,,-10.657980,35.52925326,-97.47585177,55.077,119.944,17.015,-4.702,0.770
VN300_2026-07-12_14-41-49_VNINS.csv,lap,2,13103,327.682568,18.141674,1143.853,326.966,-1.424625,,-10.657980,35.52925153,-97.47583619,54.015,119.350,17.070,-4.798,0.760
VN300_2026-07-12_14-41-49_VNINS.csv,lap,2,13104,327.682568,18.141674,1144.450,327.563,-1.424625,,-10.657980,35.52924631,-97.47583772,54.071,118.602,17.103,-5.343,0.760
VN300_2026-07-12_14-41-49_VNINS.csv,lap,2,13105,327.936307,18.395413,1145.052,328.164,-1.170886,,-10.657980,35.52924107,-97.47583938,54.041,118.128,17.097,-5.561,0.760
VN300_2026-07-12_14-41-49_VNINS.csv,lap,2,13106,327.936307,18.395413,1145.655,328.768,-1.170886,,-10.657980,35.52923582,-97.47584106,54.550,117.834,17.072,-5.785,0.760
VN300_2026-07-12_14-41-49_VNINS.csv,lap,2,13107,327.936307,18.395413,1146.262,329.375,-1.424724,,-10.657980,35.52923053,-97.47584272,54.768,117.602,17.079,-6.224,0.770
VN300_2026-07-12_14-41-49_VNINS.csv,lap,2,13108,327.936307,18.395413,1146.873,329.985,-1.424724,,-10.657980,35.52922521,-97.47584439,54.869,117.465,17.050,-6.299,0.770
VN300_2026-07-12_14-41-49_VNINS.csv,lap,2,13109,327.936307,18.395413,1147.485,330.598,-1.424724,,-10.657980,35.52921987,-97.47584605,55.187,117.425,16.994,-6.952,0.770
VN300_2026-07-12_14-41-49_VNINS.csv,lap,2,13110,327.936307,18.395413,1148.099,331.211,-1.424724,,-10.657980,35.52921452,-97.47584772,55.201,117.334,16.999,-7.210,0.770
VN300_2026-07-12_14-41-49_VNINS.csv,lap,2,13111,327.936307,18.395413,1148.716,331.828,-1.424724,,-10.657980,35.52920914,-97.47584939,55.644,117.263,16.967,-7.326,0.770
VN300_2026-07-12_14-41-49_VNINS.csv,lap,2,13112,327.936307,18.395413,1150.280,333.393,-1.678181,,-10.657980,35.52920597,-97.47583255,55.033,117.070,17.040,-7.796,0.760
VN300_2026-07-12_14-41-49_VNINS.csv,lap,2,13113,327.936307,18.395413,1150.894,334.007,-1.678181,,-10.657980,35.52920056,-97.47583392,55.174,116.885,17.092,-7.916,0.760
VN300_2026-07-12_14-41-49_VNINS.csv,lap,2,13114,327.936307,18.395413,1151.510,334.623,-1.678181,,-10.657980,35.52919513,-97.47583527,55.630,116.734,17.182,-8.203,0.760
VN300_2026-07-12_14-41-49_VNINS.csv,lap,2,13115,328.189923,18.649029,1152.132,335.245,-1.424565,,-10.657980,35.52918964,-97.47583659,55.958,116.563,17.275,-8.402,0.760
VN300_2026-07-12_14-41-49_VNINS.csv,lap,2,13116,328.189923,18.649029,1152.759,335.871,-1.676771,,-10.657980,35.52918411,-97.47583791,56.240,116.430,17.327,-8.467,0.760
VN300_2026-07-12_14-41-49_VNINS.csv,lap,2,13117,328.189923,18.649029,1153.388,336.500,-1.678125,,-10.657980,35.52917855,-97.47583920,56.629,116.253,17.377,-8.787,0.760
VN300_2026-07-12_14-41-49_VNINS.csv,lap,2,13118,328.189923,18.649029,1154.020,337.133,-1.678125,,-10.657980,35.52917296,-97.47584049,56.987,116.110,17.393,-8.830,0.760
VN300_2026-07-12_14-41-49_VNINS.csv,lap,2,13119,328.189923,18.649029,1154.658,337.770,-1.678125,,-10.657980,35.52916732,-97.47584176,57.348,116.091,17.350,-9.032,0.760
VN300_2026-07-12_14-41-49_VNINS.csv,lap,2,13120,328.189923,18.649029,1156.099,339.211,-1.773407,,-10.657980,35.52916473,-97.47582616,56.498,115.851,17.269,-9.273,0.750
VN300_2026-07-12_14-41-49_VNINS.csv,lap,2,13121,328.189923,18.649029,1156.732,339.845,-1.943787,,-10.657980,35.52915909,-97.47582716,56.991,115.795,17.237,-9.197,0.760
VN300_2026-07-12_14-41-49_VNINS.csv,lap,2,13122,328.189923,18.649029,1157.371,340.484,-1.943787,,-10.657980,35.52915340,-97.47582814,57.261,115.726,17.324,-9.425,0.760
VN300_2026-07-12_14-41-49_VNINS.csv,lap,2,13123,328.189923,18.649029,1158.012,341.125,-1.943787,,-10.657980,35.52914769,-97.47582912,57.473,115.582,17.487,-9.306,0.760
VN300_2026-07-12_14-41-49_VNINS.csv,lap,2,13124,328.189923,18.649029,1158.658,341.770,-1.943787,,-10.657980,35.52914194,-97.47583010,58.060,115.384,17.638,-9.431,0.760
VN300_2026-07-12_14-41-49_VNINS.csv,lap,2,13125,328.443391,18.902497,1159.307,342.420,-1.690319,,-10.657980,35.52913615,-97.47583106,58.289,115.070,17.777,-9.532,0.760
VN300_2026-07-12_14-41-49_VNINS.csv,lap,2,13126,328.443391,18.902497,1159.961,343.073,-1.690319,,-10.657980,35.52913033,-97.47583204,58.560,114.714,17.829,-9.574,0.760
VN300_2026-07-12_14-41-49_VNINS.csv,lap,2,13127,328.443391,18.902497,1160.618,343.731,-1.944212,,-10.657980,35.52912447,-97.47583301,59.014,114.354,17.811,-9.695,0.760
VN300_2026-07-12_14-41-49_VNINS.csv,lap,2,13128,328.443391,18.902497,1161.280,344.393,-1.944212,,-10.657980,35.52911857,-97.47583398,59.390,113.984,17.729,-9.677,0.760
VN300_2026-07-12_14-41-49_VNINS.csv,lap,2,13129,328.443391,18.902497,1162.399,345.511,-1.944212,,-10.657980,35.52911684,-97.47582180,59.061,113.561,17.636,-9.757,0.750
VN300_2026-07-12_14-41-49_VNINS.csv,lap,2,13130,328.443391,18.902497,1163.062,346.174,-1.944212,,-10.657980,35.52911091,-97.47582254,59.463,113.107,17.607,-9.794,0.750
VN300_2026-07-12_14-41-49_VNINS.csv,lap,2,13131,328.443391,18.902497,1163.731,346.844,-1.944212,,-10.657980,35.52910492,-97.47582329,60.042,112.692,17.604,-9.958,0.750
VN300_2026-07-12_14-41-49_VNINS.csv,lap,2,13132,328.443391,18.902497,1164.405,347.518,-2.123293,,-10.657980,35.52909889,-97.47582403,60.374,112.258,17.582,-10.058,0.750
VN300_2026-07-12_14-41-49_VNINS.csv,lap,2,13133,328.443391,18.902497,1165.083,348.196,-2.197693,,-10.657980,35.52909282,-97.47582475,60.836,111.860,17.509,-9.973,0.760
VN300_2026-07-12_14-41-49_VNINS.csv,lap,2,13134,328.443391,18.902497,1165.765,348.878,-2.197693,,-10.657980,35.52908671,-97.47582543,61.064,111.545,17.467,-10.146,0.760
VN300_2026-07-12_14-41-49_VNINS.csv,lap,2,13135,328.443391,18.902497,1166.451,349.563,-2.197693,,-10.657980,35.52908057,-97.47582611,61.493,111.212,17.559,-10.312,0.760
VN300_2026-07-12_14-41-49_VNINS.csv,lap,2,13136,328.719299,19.178405,1167.391,350.503,-1.921785,,-10.657980,35.52907936,-97.47581583,61.088,110.900,17.708,-10.333,0.750
VN300_2026-07-12_14-41-49_VNINS.csv,lap,2,13137,328.719299,19.178405,1168.079,351.191,-1.956805,,-10.657980,35.52907318,-97.47581623,61.732,110.621,17.794,-10.405,0.750
VN300_2026-07-12_14-41-49_VNINS.csv,lap,2,13138,328.719299,19.178405,1168.772,351.885,-2.175267,,-10.657980,35.52906695,-97.47581660,62.263,110.440,17.798,-10.496,0.750
VN300_2026-07-12_14-41-49_VNINS.csv,lap,2,13139,328.719299,19.178405,1169.474,352.586,-2.175267,,-10.657980,35.52906065,-97.47581698,62.956,110.309,17.774,-10.682,0.750
VN300_2026-07-12_14-41-49_VNINS.csv,lap,2,13140,328.719299,19.178405,1170.183,353.295,-2.175267,,-10.657980,35.52905428,-97.47581733,63.627,110.241,17.736,-10.687,0.750
VN300_2026-07-12_14-41-49_VNINS.csv,lap,2,13141,328.719299,19.178405,1170.898,354.011,-2.175267,,-10.657980,35.52904785,-97.47581767,64.169,110.203,17.732,-10.879,0.750
VN300_2026-07-12_14-41-49_VNINS.csv,lap,2,13142,328.719299,19.178405,1171.621,354.733,-2.175267,,-10.657980,35.52904136,-97.47581799,64.737,110.189,17.782,-10.938,0.750
VN300_2026-07-12_14-41-49_VNINS.csv,lap,2,13143,328.719299,19.178405,1172.161,355.274,-2.434683,,-10.657980,35.52904152,-97.47581202,64.043,110.220,17.809,-11.020,0.740
VN300_2026-07-12_14-41-49_VNINS.csv,lap,2,13144,328.719299,19.178405,1172.875,355.988,-2.444457,,-10.657980,35.52903510,-97.47581215,64.531,110.018,17.752,-11.085,0.740
VN300_2026-07-12_14-41-49_VNINS.csv,lap,2,13145,328.719299,19.178405,1173.603,356.715,-2.444457,,-10.657980,35.52902856,-97.47581234,65.200,109.896,17.634,-11.105,0.740
VN300_2026-07-12_14-41-49_VNINS.csv,lap,2,13146,328.972852,19.431958,1174.337,357.449,-2.190904,,-10.657980,35.52902196,-97.47581253,65.789,109.727,17.516,-11.265,0.750
VN300_2026-07-12_14-41-49_VNINS.csv,lap,2,13147,328.972852,19.431958,1175.079,358.191,-2.190904,,-10.657980,35.52901529,-97.47581270,66.526,109.498,17.476,-11.160,0.750
VN300_2026-07-12_14-41-49_VNINS.csv,lap,2,13148,328.972852,19.431958,1175.827,358.940,-2.190904,,-10.657980,35.52900856,-97.47581286,67.121,109.236,17.505,-11.326,0.750
VN300_2026-07-12_14-41-49_VNINS.csv,lap,2,13149,328.972852,19.431958,1176.580,359.692,-2.444799,,-10.657980,35.52900179,-97.47581301,67.459,108.898,17.606,-11.332,0.750
VN300_2026-07-12_14-41-49_VNINS.csv,lap,2,13150,328.972852,19.431958,1177.338,360.451,-2.444799,,-10.657980,35.52899497,-97.47581315,67.978,108.525,17.617,-11.468,0.750
VN300_2026-07-12_14-41-49_VNINS.csv,lap,2,13151,328.972852,19.431958,1177.650,360.762,-2.444799,,-10.657980,35.52899681,-97.47581056,66.873,108.177,17.484,-11.512,0.740
VN300_2026-07-12_14-41-49_VNINS.csv,lap,2,13152,328.972852,19.431958,1178.393,361.506,-2.444799,,-10.657980,35.52899012,-97.47581063,67.313,107.639,17.286,-11.647,0.740
VN300_2026-07-12_14-41-49_VNINS.csv,lap,2,13153,328.972852,19.431958,1179.150,362.262,-2.444799,,-10.657980,35.52898332,-97.47581074,67.721,107.181,17.155,-11.813,0.740
VN300_2026-07-12_14-41-49_VNINS.csv,lap,2,13154,328.972852,19.431958,1179.910,363.023,-2.668824,,-10.657980,35.52897648,-97.47581086,68.121,106.716,17.122,-11.940,0.740
VN300_2026-07-12_14-41-49_VNINS.csv,lap,2,13155,328.972852,19.431958,1180.675,363.788,-2.698157,,-10.657980,35.52896960,-97.47581102,68.404,106.195,17.018,-12.291,0.740
VN300_2026-07-12_14-41-49_VNINS.csv,lap,2,13156,328.972852,19.431958,1181.444,364.557,-2.698157,,-10.657980,35.52896269,-97.47581125,68.751,105.657,17.186,-12.340,0.740
VN300_2026-07-12_14-41-49_VNINS.csv,lap,2,13157,329.226830,19.685936,1182.216,365.329,-2.444179,,-10.657980,35.52895575,-97.47581150,69.098,104.973,17.947,-12.932,0.740
VN300_2026-07-12_14-41-49_VNINS.csv,lap,2,13158,329.226830,19.685936,1182.994,366.106,-2.444179,,-10.657980,35.52894876,-97.47581180,69.697,104.300,18.710,-13.244,0.750
VN300_2026-07-12_14-41-49_VNINS.csv,lap,2,13159,329.226830,19.685936,1183.421,366.533,-2.697813,,-10.657980,35.52895245,-97.47581050,68.590,103.747,18.707,-13.587,0.740
VN300_2026-07-12_14-41-49_VNINS.csv,lap,2,13160,329.226830,19.685936,1184.192,367.305,-2.697813,,-10.657980,35.52894552,-97.47581093,69.120,103.386,17.920,-13.999,0.740
VN300_2026-07-12_14-41-49_VNINS.csv,lap,2,13161,329.226830,19.685936,1184.967,368.080,-2.697813,,-10.657980,35.52893856,-97.47581140,69.503,103.132,16.869,-14.208,0.740
VN300_2026-07-12_14-41-49_VNINS.csv,lap,2,13162,329.226830,19.685936,1185.744,368.857,-2.697813,,-10.657980,35.52893158,-97.47581183,69.468,102.758,16.180,-14.542,0.740
VN300_2026-07-12_14-41-49_VNINS.csv,lap,2,13163,329.226830,19.685936,1186.522,369.634,-2.864334,,-10.657980,35.52892460,-97.47581227,69.522,102.354,15.783,-15.106,0.740
VN300_2026-07-12_14-41-49_VNINS.csv,lap,2,13164,329.226830,19.685936,1187.299,370.411,-2.980942,,-10.657980,35.52891762,-97.47581271,69.360,101.842,15.633,-15.343,0.740
VN300_2026-07-12_14-41-49_VNINS.csv,lap,2,13165,329.226830,19.685936,1188.075,371.187,-2.980942,,-10.657980,35.52891065,-97.47581315,69.398,101.255,15.665,-15.809,0.740
VN300_2026-07-12_14-41-49_VNINS.csv,lap,2,13166,329.226830,19.685936,1188.852,371.964,-2.980942,,-10.657980,35.52890367,-97.47581358,69.307,100.598,15.863,-16.237,0.740
VN300_2026-07-12_14-41-49_VNINS.csv,lap,2,13167,329.480279,19.939385,1189.628,372.741,-2.727493,,-10.657980,35.52889670,-97.47581403,69.312,99.995,16.124,-16.380,0.740
VN300_2026-07-12_14-41-49_VNINS.csv,lap,2,13168,329.480279,19.939385,1190.569,373.682,-2.814998,,-10.657980,35.52890427,-97.47580938,67.096,99.251,16.284,-16.502,0.730
VN300_2026-07-12_14-41-49_VNINS.csv,lap,2,13169,329.480279,19.939385,1191.323,374.436,-2.982064,,-10.657980,35.52889750,-97.47580989,67.622,98.690,16.329,-16.652,0.730
VN300_2026-07-12_14-41-49_VNINS.csv,lap,2,13170,329.480279,19.939385,1192.084,375.197,-2.982064,,-10.657980,35.52889067,-97.47581046,68.093,98.159,16.326,-17.116,0.730
VN300_2026-07-12_14-41-49_VNINS.csv,lap,2,13171,329.480279,19.939385,1192.849,375.961,-2.982064,,-10.657980,35.52888382,-97.47581113,68.489,97.590,16.291,-17.013,0.740
VN300_2026-07-12_14-41-49_VNINS.csv,lap,2,13172,329.480279,19.939385,1193.620,376.732,-2.982064,,-10.657980,35.52887691,-97.47581187,69.267,97.038,16.276,-17.137,0.740
VN300_2026-07-12_14-41-49_VNINS.csv,lap,2,13173,329.480279,19.939385,1194.397,377.509,-3.170755,,-10.657980,35.52886995,-97.47581264,69.495,96.525,16.191,-17.375,0.740
VN300_2026-07-12_14-41-49_VNINS.csv,lap,2,13174,329.480279,19.939385,1195.177,378.289,-3.237128,,-10.657980,35.52886297,-97.47581347,69.942,96.111,16.122,-17.337,0.740
VN300_2026-07-12_14-41-49_VNINS.csv,lap,2,13175,329.480279,19.939385,1196.071,379.183,-3.237128,,-10.657980,35.52886966,-97.47580799,67.534,95.610,16.014,-17.919,0.730
VN300_2026-07-12_14-41-49_VNINS.csv,lap,2,13176,329.480279,19.939385,1196.827,379.939,-3.237128,,-10.657980,35.52886289,-97.47580878,67.699,95.135,15.896,-18.092,0.730
VN300_2026-07-12_14-41-49_VNINS.csv,lap,2,13177,329.749703,20.208809,1197.585,380.698,-2.967704,,-10.657980,35.52885610,-97.47580957,68.010,94.739,15.621,-18.214,0.730
VN300_2026-07-12_14-41-49_VNINS.csv,lap,2,13178,329.749703,20.208809,1198.346,381.458,-3.221442,,-10.657980,35.52884929,-97.47581035,68.142,94.400,15.092,-18.436,0.730
VN300_2026-07-12_14-41-49_VNINS.csv,lap,2,13179,329.749703,20.208809,1199.109,382.221,-3.221442,,-10.657980,35.52884246,-97.47581114,68.192,94.166,14.674,-18.715,0.730
VN300_2026-07-12_14-41-49_VNINS.csv,lap,2,13180,329.749703,20.208809,1199.872,382.984,-3.221442,,-10.657980,35.52883563,-97.47581195,68.162,93.825,14.565,-18.827,0.730
VN300_2026-07-12_14-41-49_VNINS.csv,lap,2,13181,329.749703,20.208809,1200.634,383.746,-3.221442,,-10.657980,35.52882881,-97.47581277,68.084,93.389,14.744,-19.045,0.730
VN300_2026-07-12_14-41-49_VNINS.csv,lap,2,13182,329.749703,20.208809,1201.397,384.509,-3.221442,,-10.657980,35.52882198,-97.47581361,68.409,92.949,15.011,-19.128,0.740
VN300_2026-07-12_14-41-49_VNINS.csv,lap,2,13183,329.749703,20.208809,1202.447,385.560,-3.498455,,-10.657980,35.52882981,-97.47580712,66.009,92.667,14.562,-19.303,0.730
VN300_2026-07-12_14-41-49_VNINS.csv,lap,2,13184,329.749703,20.208809,1203.178,386.290,-3.498455,,-10.657980,35.52882327,-97.47580793,66.498,92.254,13.866,-19.443,0.730
VN300_2026-07-12_14-41-49_VNINS.csv,lap,2,13185,329.749703,20.208809,1203.922,387.034,-3.498455,,-10.657980,35.52881662,-97.47580883,66.426,91.737,13.532,-19.709,0.730
VN300_2026-07-12_14-41-49_VNINS.csv,lap,2,13186,329.749703,20.208809,1204.664,387.777,-3.498455,,-10.657980,35.52880999,-97.47580977,66.297,90.917,13.981,-20.246,0.730
VN300_2026-07-12_14-41-49_VNINS.csv,lap,2,13187,329.749703,20.208809,1205.407,388.519,-3.587556,,-10.657980,35.52880336,-97.47581076,66.752,89.954,14.780,-20.403,0.730
VN300_2026-07-12_14-41-49_VNINS.csv,lap,2,13188,330.003505,20.462611,1206.157,389.269,-3.498536,,-10.657980,35.52879667,-97.47581181,67.240,89.165,15.238,-20.551,0.730
VN300_2026-07-12_14-41-49_VNINS.csv,lap,2,13189,330.003505,20.462611,1206.914,390.026,-3.498536,,-10.657980,35.52878992,-97.47581291,67.869,88.663,15.062,-21.025,0.730
VN300_2026-07-12_14-41-49_VNINS.csv,lap,2,13190,330.003505,20.462611,1207.674,390.787,-3.498536,,-10.657980,35.52878315,-97.47581409,68.119,88.278,14.671,-20.897,0.730
VN300_2026-07-12_14-41-49_VNINS.csv,lap,2,13191,330.003505,20.462611,1208.729,391.842,-3.498536,,-10.657980,35.52879055,-97.47580679,65.490,88.018,14.341,-21.158,0.720
VN300_2026-07-12_14-41-49_VNINS.csv,lap,2,13192,330.003505,20.462611,1209.447,392.559,-3.504274,,-10.657980,35.52878416,-97.47580788,65.337,87.397,14.155,-21.553,0.720
VN300_2026-07-12_14-41-49_VNINS.csv,lap,2,13193,330.003505,20.462611,1210.177,393.289,-3.752405,,-10.657980,35.52877766,-97.47580903,65.462,86.881,14.127,-21.689,0.720
VN300_2026-07-12_14-41-49_VNINS.csv,lap,2,13194,330.003505,20.462611,1210.908,394.021,-3.752405,,-10.657980,35.52877115,-97.47581020,65.526,86.365,14.176,-21.991,0.730
VN300_2026-07-12_14-41-49_VNINS.csv,lap,2,13195,330.003505,20.462611,1211.641,394.754,-3.752405,,-10.657980,35.52876463,-97.47581140,65.626,85.887,14.199,-22.124,0.730
VN300_2026-07-12_14-41-49_VNINS.csv,lap,2,13196,330.003505,20.462611,1212.377,395.490,-3.752405,,-10.657980,35.52875809,-97.47581265,65.971,85.508,14.142,-22.289,0.730
VN300_2026-07-12_14-41-49_VNINS.csv,lap,2,13197,330.003505,20.462611,1213.116,396.229,-3.752405,,-10.657980,35.52875153,-97.47581394,66.053,85.172,14.008,-22.626,0.730
VN300_2026-07-12_14-41-49_VNINS.csv,lap,2,13198,330.256997,20.716103,1213.857,396.969,-3.713858,,-10.657980,35.52874496,-97.47581528,66.227,84.817,13.810,-22.704,0.730
VN300_2026-07-12_14-41-49_VNINS.csv,lap,2,13199,330.256997,20.716103,1215.076,398.188,-3.752544,,-10.657980,35.52875362,-97.47580702,63.253,84.396,13.611,-22.924,0.720
VN300_2026-07-12_14-41-49_VNINS.csv,lap,2,13200,330.256997,20.716103,1215.784,398.896,-3.752544,,-10.657980,35.52874735,-97.47580837,63.337,83.859,13.410,-23.289,0.720
VN300_2026-07-12_14-41-49_VNINS.csv,lap,2,13201,330.256997,20.716103,1216.491,399.604,-3.752544,,-10.657980,35.52874109,-97.47580979,63.402,83.194,13.275,-23.347,0.720
VN300_2026-07-12_14-41-49_VNINS.csv,lap,2,13202,330.256997,20.716103,1217.202,400.314,-3.752544,,-10.657980,35.52873481,-97.47581124,63.681,82.520,13.090,-23.627,0.720
VN300_2026-07-12_14-41-49_VNINS.csv,lap,2,13203,330.256997,20.716103,1217.914,401.027,-3.752544,,-10.657980,35.52872852,-97.47581274,63.727,81.833,12.850,-24.100,0.720
VN300_2026-07-12_14-41-49_VNINS.csv,lap,2,13204,330.256997,20.716103,1218.627,401.739,-4.405980,,-10.657980,35.52872224,-97.47581431,63.823,81.129,12.580,-24.153,0.720
VN300_2026-07-12_14-41-49_VNINS.csv,lap,2,13205,330.256997,20.716103,1219.341,402.454,-4.405980,,-10.657980,35.52871595,-97.47581592,64.071,80.445,12.342,-24.400,0.730
VN300_2026-07-12_14-41-49_VNINS.csv,lap,2,13206,330.256997,20.716103,1220.057,403.170,-4.405980,,-10.657980,35.52870965,-97.47581755,64.063,79.778,12.101,-24.776,0.730
VN300_2026-07-12_14-41-49_VNINS.csv,lap,2,13207,330.256997,20.716103,1220.774,403.887,-4.405980,,-10.657980,35.52870335,-97.47581923,64.218,79.126,11.821,-24.991,0.730
VN300_2026-07-12_14-41-49_VNINS.csv,lap,2,13208,330.510454,20.969560,1222.101,405.214,-4.152523,,-10.657980,35.52871184,-97.47580892,61.078,78.509,11.449,-25.137,0.720
VN300_2026-07-12_14-41-49_VNINS.csv,lap,2,13209,330.510454,20.969560,1222.784,405.896,-4.152523,,-10.657980,35.52870585,-97.47581055,61.027,77.887,11.258,-25.656,0.720
VN300_2026-07-12_14-41-49_VNINS.csv,lap,2,13210,330.510454,20.969560,1223.467,406.579,-4.152523,,-10.657980,35.52869986,-97.47581223,61.207,77.277,11.100,-25.851,0.720
VN300_2026-07-12_14-41-49_VNINS.csv,lap,2,13211,330.510454,20.969560,1224.152,407.265,-4.152523,,-10.657980,35.52869386,-97.47581396,61.418,76.704,11.077,-26.160,0.720
VN300_2026-07-12_14-41-49_VNINS.csv,lap,2,13212,330.510454,20.969560,1224.838,407.951,-4.152523,,-10.657980,35.52868786,-97.47581573,61.476,76.191,11.030,-26.431,0.720
VN300_2026-07-12_14-41-49_VNINS.csv,lap,2,13213,330.510454,20.969560,1225.526,408.638,-4.152523,,-10.657980,35.52868186,-97.47581757,61.580,75.715,10.897,-26.699,0.720
VN300_2026-07-12_14-41-49_VNINS.csv,lap,2,13214,330.510454,20.969560,1226.217,409.330,-4.152523,,-10.657980,35.52867584,-97.47581948,61.880,75.344,10.652,-26.997,0.720
VN300_2026-07-12_14-41-49_VNINS.csv,lap,2,13215,330.510454,20.969560,1227.577,410.690,-4.152523,,-10.657980,35.52868324,-97.47580751,58.746,74.953,10.366,-27.349,0.720
VN300_2026-07-12_14-41-49_VNINS.csv,lap,2,13216,330.510454,20.969560,1228.235,411.347,-4.152523,,-10.657980,35.52867752,-97.47580934,58.784,74.477,10.131,-27.629,0.720
VN300_2026-07-12_14-41-49_VNINS.csv,lap,2,13217,330.510454,20.969560,1228.892,412.005,-4.152523,,-10.657980,35.52867181,-97.47581122,58.904,74.029,9.935,-27.794,0.720
VN300_2026-07-12_14-41-49_VNINS.csv,lap,2,13218,330.777764,21.236870,1229.551,412.663,-3.885213,,-10.657980,35.52866610,-97.47581315,59.047,73.590,9.761,-28.279,0.720
VN300_2026-07-12_14-41-49_VNINS.csv,lap,2,13219,330.777764,21.236870,1230.210,413.322,-3.885213,,-10.657980,35.52866039,-97.47581511,59.125,73.088,9.609,-28.560,0.720
VN300_2026-07-12_14-41-49_VNINS.csv,lap,2,13220,330.777764,21.236870,1230.871,413.983,-3.988797,,-10.657980,35.52865467,-97.47581710,59.302,72.615,9.478,-28.715,0.720
VN300_2026-07-12_14-41-49_VNINS.csv,lap,2,13221,330.777764,21.236870,1231.535,414.647,-4.143627,,-10.657980,35.52864893,-97.47581912,59.468,72.182,9.328,-29.101,0.720
VN300_2026-07-12_14-41-49_VNINS.csv,lap,2,13222,330.777764,21.236870,1232.199,415.312,-4.143627,,-10.657980,35.52864319,-97.47582117,59.505,71.728,9.147,-29.419,0.720
VN300_2026-07-12_14-41-49_VNINS.csv,lap,2,13223,330.777764,21.236870,1233.583,416.695,-4.143627,,-10.657980,35.52864985,-97.47580826,56.462,71.331,8.946,-29.470,0.710
VN300_2026-07-12_14-41-49_VNINS.csv,lap,2,13224,330.777764,21.236870,1234.200,417.312,-4.143627,,-10.657980,35.52864451,-97.47581011,56.549,70.774,8.605,-29.844,0.710
VN300_2026-07-12_14-41-49_VNINS.csv,lap,2,13225,330.777764,21.236870,1234.831,417.943,-4.143627,,-10.657980,35.52863907,-97.47581210,56.574,70.278,8.293,-30.117,0.710
VN300_2026-07-12_14-41-49_VNINS.csv,lap,2,13226,330.777764,21.236870,1235.463,418.575,-4.143627,,-10.657980,35.52863363,-97.47581413,56.632,69.725,8.037,-30.190,0.720
VN300_2026-07-12_14-41-49_VNINS.csv,lap,2,13227,330.777764,21.236870,1236.095,419.207,-4.306307,,-10.657980,35.52862820,-97.47581619,56.707,69.178,7.795,-30.418,0.720
VN300_2026-07-12_14-41-49_VNINS.csv,lap,2,13228,330.777764,21.236870,1236.729,419.841,-4.397093,,-10.657980,35.52862276,-97.47581829,56.697,68.617,7.530,-30.797,0.720
VN300_2026-07-12_14-41-49_VNINS.csv,lap,2,13229,331.031581,21.490687,1237.363,420.476,-4.143276,,-10.657980,35.52861733,-97.47582045,56.792,68.012,7.281,-30.940,0.720
VN300_2026-07-12_14-41-49_VNINS.csv,lap,2,13230,331.031581,21.490687,1237.999,421.112,-4.143276,,-10.657980,35.52861190,-97.47582265,56.916,67.416,7.023,-31.007,0.720
VN300_2026-07-12_14-41-49_VNINS.csv,lap,2,13231,331.031581,21.490687,1239.394,422.507,-4.143276,,-10.657980,35.52861806,-97.47580922,53.912,66.903,6.771,-31.299,0.710
VN300_2026-07-12_14-41-49_VNINS.csv,lap,2,13232,331.031581,21.490687,1239.982,423.095,-4.143276,,-10.657980,35.52861302,-97.47581119,54.019,66.182,6.388,-31.587,0.710
VN300_2026-07-12_14-41-49_VNINS.csv,lap,2,13233,331.031581,21.490687,1240.586,423.699,-4.143276,,-10.657980,35.52860787,-97.47581331,54.116,65.558,6.025,-31.677,0.710
VN300_2026-07-12_14-41-49_VNINS.csv,lap,2,13234,331.031581,21.490687,1241.190,424.303,-4.162856,,-10.657980,35.52860272,-97.47581543,54.228,64.961,5.642,-31.916,0.710
VN300_2026-07-12_14-41-49_VNINS.csv,lap,2,13235,331.031581,21.490687,1241.796,424.908,-4.496873,,-10.657980,35.52859757,-97.47581760,54.215,64.388,5.201,-32.188,0.710
VN300_2026-07-12_14-41-49_VNINS.csv,lap,2,13236,331.031581,21.490687,1242.402,425.515,-4.732404,,-10.657980,35.52859242,-97.47581981,54.371,63.769,4.791,-32.348,0.720
VN300_2026-07-12_14-41-49_VNINS.csv,lap,2,13237,331.031581,21.490687,1243.008,426.120,-4.732404,,-10.657980,35.52858729,-97.47582206,54.339,63.130,4.446,-32.507,0.720
VN300_2026-07-12_14-41-49_VNINS.csv,lap,2,13238,331.031581,21.490687,1243.615,426.727,-4.732404,,-10.657980,35.52858216,-97.47582435,54.346,62.474,4.147,-32.813,0.720
VN300_2026-07-12_14-41-49_VNINS.csv,lap,2,13239,331.285048,21.744154,1245.035,428.148,-4.478937,,-10.657980,35.52858744,-97.47581006,51.495,61.843,3.885,-33.012,0.710
VN300_2026-07-12_14-41-49_VNINS.csv,lap,2,13240,331.285048,21.744154,1245.597,428.710,-4.478937,,-10.657980,35.52858266,-97.47581209,51.668,61.052,3.483,-33.128,0.710
VN300_2026-07-12_14-41-49_VNINS.csv,lap,2,13241,331.285048,21.744154,1246.175,429.288,-4.478937,,-10.657980,35.52857778,-97.47581428,51.714,60.386,3.074,-33.327,0.710
VN300_2026-07-12_14-41-49_VNINS.csv,lap,2,13242,331.285048,21.744154,1246.753,429.865,-4.478937,,-10.657980,35.52857291,-97.47581651,51.756,59.742,2.619,-33.662,0.710
VN300_2026-07-12_14-41-49_VNINS.csv,lap,2,13243,331.285048,21.744154,1247.331,430.443,-4.478937,,-10.657980,35.52856806,-97.47581880,51.729,59.038,2.192,-33.831,0.710
VN300_2026-07-12_14-41-49_VNINS.csv,lap,2,13244,331.285048,21.744154,1247.909,431.021,-4.478937,,-10.657980,35.52856323,-97.47582116,51.840,58.283,1.772,-33.891,0.710
VN300_2026-07-12_14-41-49_VNINS.csv,lap,2,13245,331.285048,21.744154,1248.488,431.601,-4.478937,,-10.657980,35.52855840,-97.47582357,51.905,57.524,1.324,-34.102,0.710
VN300_2026-07-12_14-41-49_VNINS.csv,lap,2,13246,331.285048,21.744154,1249.069,432.181,-4.478937,,-10.657980,35.52855358,-97.47582603,51.963,56.746,0.879,-34.331,0.720
VN300_2026-07-12_14-41-49_VNINS.csv,lap,2,13247,331.285048,21.744154,1249.649,432.762,-4.478937,,-10.657980,35.52854878,-97.47582856,52.072,55.959,0.439,-34.517,0.720
VN300_2026-07-12_14-41-49_VNINS.csv,lap,2,13248,331.285048,21.744154,1251.156,434.269,-4.478937,,-10.657980,35.52855350,-97.47581295,49.219,55.248,-0.008,-34.654,0.710
VN300_2026-07-12_14-41-49_VNINS.csv,lap,2,13249,331.538548,21.997654,1251.695,434.807,-4.225437,,-10.657980,35.52854902,-97.47581521,49.363,54.450,-0.581,-34.797,0.710
VN300_2026-07-12_14-41-49_VNINS.csv,lap,2,13250,331.538548,21.997654,1252.246,435.359,-4.225437,,-10.657980,35.52854447,-97.47581763,49.405,53.758,-1.122,-35.051,0.710
VN300_2026-07-12_14-41-49_VNINS.csv,lap,2,13251,331.538548,21.997654,1252.799,435.912,-4.225437,,-10.657980,35.52853992,-97.47582010,49.517,53.246,-1.692,-35.274,0.710
VN300_2026-07-12_14-41-49_VNINS.csv,lap,2,13252,331.538548,21.997654,1253.352,436.465,-4.225437,,-10.657980,35.52853540,-97.47582265,49.432,52.649,-2.089,-35.366,0.710
VN300_2026-07-12_14-41-49_VNINS.csv,lap,2,13253,331.538548,21.997654,1253.907,437.019,-4.291008,,-10.657980,35.52853089,-97.47582526,49.568,51.970,-2.397,-35.532,0.710
VN300_2026-07-12_14-41-49_VNINS.csv,lap,2,13254,331.538548,21.997654,1254.461,437.573,-4.485989,,-10.657980,35.52852640,-97.47582792,49.661,51.292,-2.720,-35.825,0.710
VN300_2026-07-12_14-41-49_VNINS.csv,lap,2,13255,331.538548,21.997654,1255.017,438.129,-4.485989,,-10.657980,35.52852192,-97.47583064,49.843,50.646,-3.057,-36.047,0.710
VN300_2026-07-12_14-41-49_VNINS.csv,lap,2,13256,331.538548,21.997654,1256.686,439.798,-4.485989,,-10.657980,35.52852554,-97.47581274,46.911,49.945,-3.388,-36.171,0.710
VN300_2026-07-12_14-41-49_VNINS.csv,lap,2,13257,331.538548,21.997654,1257.212,440.324,-4.485989,,-10.657980,35.52852127,-97.47581524,46.969,49.370,-3.866,-36.046,0.710
VN300_2026-07-12_14-41-49_VNINS.csv,lap,2,13258,331.538548,21.997654,1257.737,440.849,-4.485989,,-10.657980,35.52851703,-97.47581779,47.059,48.922,-4.366,-36.342,0.710
VN300_2026-07-12_14-41-49_VNINS.csv,lap,2,13259,331.812930,22.272036,1258.263,441.375,-4.211607,,-10.657980,35.52851279,-97.47582037,47.135,48.425,-4.826,-36.397,0.710
VN300_2026-07-12_14-41-49_VNINS.csv,lap,2,13260,331.812930,22.272036,1258.790,441.903,-4.465594,,-10.657980,35.52850856,-97.47582301,47.147,47.947,-5.219,-36.592,0.710
VN300_2026-07-12_14-41-49_VNINS.csv,lap,2,13261,331.812930,22.272036,1259.317,442.429,-4.465594,,-10.657980,35.52850436,-97.47582570,47.193,47.420,-5.552,-36.663,0.710
VN300_2026-07-12_14-41-49_VNINS.csv,lap,2,13262,331.812930,22.272036,1259.845,442.958,-4.465594,,-10.657980,35.52850017,-97.47582845,47.243,46.893,-5.861,-36.796,0.710
VN300_2026-07-12_14-41-49_VNINS.csv,lap,2,13263,331.812930,22.272036,1261.547,444.659,-4.465594,,-10.657980,35.52850257,-97.47580988,44.590,46.430,-6.171,-36.838,0.700
VN300_2026-07-12_14-41-49_VNINS.csv,lap,2,13264,331.812930,22.272036,1262.033,445.146,-4.465594,,-10.657980,35.52849863,-97.47581222,44.669,45.836,-6.637,-36.972,0.700
