source,segment_type,segment_number,row_index,time_s,segment_time_s,distance_m,segment_distance_m,live_delta_to_best_s,live_delta_error,final_delta_to_best_s,lat,lon,speed_mph,yaw_deg,pitch_deg,roll_deg,pos_uncertainty_m
VN300_2026-07-12_14-41-49_VNINS.csv,lap,8,49769,1244.270049,0.000000,3600.596,0.000,0.000000,,-0.414796,35.52849830,-97.47520232,35.421,-157.717,30.965,-20.498,1.200
VN300_2026-07-12_14-41-49_VNINS.csv,lap,8,49770,1244.540768,0.270719,3600.992,0.396,0.270719,,-0.414796,35.52849513,-97.47520431,35.139,-157.077,30.890,-20.926,1.200
VN300_2026-07-12_14-41-49_VNINS.csv,lap,8,49771,1244.540768,0.270719,3601.384,0.788,0.270719,,-0.414796,35.52849201,-97.47520633,34.829,-156.328,30.929,-20.787,1.200
VN300_2026-07-12_14-41-49_VNINS.csv,lap,8,49772,1244.540768,0.270719,3601.773,1.177,0.270719,,-0.414796,35.52848893,-97.47520838,34.646,-155.463,31.068,-20.588,1.210
VN300_2026-07-12_14-41-49_VNINS.csv,lap,8,49773,1244.540768,0.270719,3602.161,1.565,0.261391,,-0.414796,35.52848589,-97.47521047,34.376,-154.460,31.415,-20.324,1.210
VN300_2026-07-12_14-41-49_VNINS.csv,lap,8,49774,1244.540768,0.270719,3602.544,1.948,-0.008572,,-0.414796,35.52848290,-97.47521258,34.219,-153.479,31.624,-20.260,1.210
VN300_2026-07-12_14-41-49_VNINS.csv,lap,8,49775,1244.540768,0.270719,3602.979,2.383,-0.008572,,-0.414796,35.52847936,-97.47521463,34.193,-152.443,31.725,-20.230,1.180
VN300_2026-07-12_14-41-49_VNINS.csv,lap,8,49776,1244.540768,0.270719,3603.360,2.764,-0.008572,,-0.414796,35.52847641,-97.47521677,33.876,-151.439,31.554,-19.794,1.180
VN300_2026-07-12_14-41-49_VNINS.csv,lap,8,49777,1244.540768,0.270719,3603.738,3.142,-0.008572,,-0.414796,35.52847351,-97.47521895,33.695,-150.357,31.329,-19.178,1.180
VN300_2026-07-12_14-41-49_VNINS.csv,lap,8,49778,1244.540768,0.270719,3604.116,3.520,-0.008572,,-0.414796,35.52847064,-97.47522118,33.616,-149.246,31.163,-18.730,1.180
VN300_2026-07-12_14-41-49_VNINS.csv,lap,8,49779,1244.540768,0.270719,3604.493,3.897,-0.008572,,-0.414796,35.52846781,-97.47522347,33.599,-147.916,31.408,-18.572,1.180
VN300_2026-07-12_14-41-49_VNINS.csv,lap,8,49780,1244.540768,0.270719,3604.868,4.272,-0.008572,,-0.414796,35.52846501,-97.47522579,33.413,-146.562,31.839,-18.259,1.180
VN300_2026-07-12_14-41-49_VNINS.csv,lap,8,49781,1244.794805,0.524756,3605.241,4.645,0.245465,,-0.414796,35.52846226,-97.47522815,33.123,-145.161,32.296,-17.651,1.180
VN300_2026-07-12_14-41-49_VNINS.csv,lap,8,49782,1244.794805,0.524756,3605.610,5.014,0.245465,,-0.414796,35.52845958,-97.47523056,32.856,-143.918,32.427,-17.518,1.180
VN300_2026-07-12_14-41-49_VNINS.csv,lap,8,49783,1244.794805,0.524756,3606.099,5.503,0.210255,,-0.414796,35.52845692,-97.47523486,33.276,-142.743,32.436,-17.363,1.150
VN300_2026-07-12_14-41-49_VNINS.csv,lap,8,49784,1244.794805,0.524756,3606.471,5.875,-0.008282,,-0.414796,35.52845435,-97.47523748,33.074,-141.749,32.170,-17.165,1.150
VN300_2026-07-12_14-41-49_VNINS.csv,lap,8,49785,1244.794805,0.524756,3606.841,6.245,-0.008282,,-0.414796,35.52845182,-97.47524015,33.152,-140.634,32.026,-16.863,1.150
VN300_2026-07-12_14-41-49_VNINS.csv,lap,8,49786,1244.794805,0.524756,3607.212,6.616,-0.008282,,-0.414796,35.52844932,-97.47524286,33.121,-139.587,31.936,-16.446,1.150
VN300_2026-07-12_14-41-49_VNINS.csv,lap,8,49787,1244.794805,0.524756,3607.582,6.987,-0.008282,,-0.414796,35.52844686,-97.47524562,33.131,-138.474,31.988,-16.145,1.160
VN300_2026-07-12_14-41-49_VNINS.csv,lap,8,49788,1244.794805,0.524756,3607.953,7.357,-0.008282,,-0.414796,35.52844442,-97.47524841,33.177,-137.616,31.823,-16.076,1.160
VN300_2026-07-12_14-41-49_VNINS.csv,lap,8,49789,1244.794805,0.524756,3608.324,7.728,-0.008282,,-0.414796,35.52844200,-97.47525123,33.167,-136.776,31.681,-15.885,1.160
VN300_2026-07-12_14-41-49_VNINS.csv,lap,8,49790,1244.794805,0.524756,3608.695,8.099,-0.008282,,-0.414796,35.52843962,-97.47525410,33.232,-136.216,31.248,-16.027,1.160
VN300_2026-07-12_14-41-49_VNINS.csv,lap,8,49791,1245.049396,0.779347,3609.028,8.432,0.246309,,-0.414796,35.52843778,-97.47525700,33.134,-135.540,30.949,-15.773,1.130
VN300_2026-07-12_14-41-49_VNINS.csv,lap,8,49792,1245.049396,0.779347,3609.398,8.802,0.246309,,-0.414796,35.52843546,-97.47525994,33.272,-135.085,30.424,-16.127,1.130
VN300_2026-07-12_14-41-49_VNINS.csv,lap,8,49793,1245.049396,0.779347,3609.771,9.175,-0.007230,,-0.414796,35.52843315,-97.47526293,33.403,-134.462,30.117,-16.554,1.130
VN300_2026-07-12_14-41-49_VNINS.csv,lap,8,49794,1245.049396,0.779347,3610.143,9.547,-0.007230,,-0.414796,35.52843088,-97.47526595,33.360,-133.987,29.604,-17.216,1.130
VN300_2026-07-12_14-41-49_VNINS.csv,lap,8,49795,1245.049396,0.779347,3610.518,9.922,-0.007230,,-0.414796,35.52842865,-97.47526905,33.504,-133.157,29.462,-17.680,1.130
VN300_2026-07-12_14-41-49_VNINS.csv,lap,8,49796,1245.049396,0.779347,3610.890,10.294,-0.007230,,-0.414796,35.52842646,-97.47527217,33.409,-132.477,29.229,-17.921,1.130
VN300_2026-07-12_14-41-49_VNINS.csv,lap,8,49797,1245.049396,0.779347,3611.264,10.668,-0.007230,,-0.414796,35.52842431,-97.47527534,33.418,-131.422,29.422,-17.866,1.130
VN300_2026-07-12_14-41-49_VNINS.csv,lap,8,49798,1245.049396,0.779347,3611.638,11.042,-0.007230,,-0.414796,35.52842222,-97.47527858,33.564,-130.614,29.665,-18.141,1.130
VN300_2026-07-12_14-41-49_VNINS.csv,lap,8,49799,1245.049396,0.779347,3611.969,11.373,-0.007230,,-0.414796,35.52842053,-97.47528159,33.339,-129.686,30.107,-18.627,1.110
VN300_2026-07-12_14-41-49_VNINS.csv,lap,8,49800,1245.049396,0.779347,3612.341,11.745,-0.007230,,-0.414796,35.52841856,-97.47528491,33.260,-129.289,29.824,-19.799,1.110
VN300_2026-07-12_14-41-49_VNINS.csv,lap,8,49801,1245.302995,1.032946,3612.711,12.115,0.245639,,-0.414796,35.52841663,-97.47528825,33.065,-128.681,29.452,-19.995,1.110
VN300_2026-07-12_14-41-49_VNINS.csv,lap,8,49802,1245.302995,1.032946,3613.080,12.484,-0.007186,,-0.414796,35.52841477,-97.47529162,33.004,-128.572,28.388,-20.409,1.110
VN300_2026-07-12_14-41-49_VNINS.csv,lap,8,49803,1245.302995,1.032946,3613.447,12.851,-0.007186,,-0.414796,35.52841297,-97.47529502,32.921,-128.181,27.497,-20.623,1.110
VN300_2026-07-12_14-41-49_VNINS.csv,lap,8,49804,1245.302995,1.032946,3613.815,13.219,-0.007186,,-0.414796,35.52841124,-97.47529849,33.067,-128.095,26.402,-21.671,1.110
VN300_2026-07-12_14-41-49_VNINS.csv,lap,8,49805,1245.302995,1.032946,3614.183,13.587,-0.007186,,-0.414796,35.52840955,-97.47530198,32.905,-127.600,25.827,-21.729,1.110
VN300_2026-07-12_14-41-49_VNINS.csv,lap,8,49806,1245.302995,1.032946,3614.549,13.953,-0.007186,,-0.414796,35.52840794,-97.47530551,33.043,-126.952,25.332,-22.382,1.110
VN300_2026-07-12_14-41-49_VNINS.csv,lap,8,49807,1245.302995,1.032946,3614.901,14.305,-0.007186,,-0.414796,35.52840838,-97.47530936,32.543,-125.899,25.469,-22.598,1.090
VN300_2026-07-12_14-41-49_VNINS.csv,lap,8,49808,1245.302995,1.032946,3615.260,14.664,-0.007186,,-0.414796,35.52840694,-97.47531291,32.385,-124.886,25.586,-22.507,1.090
VN300_2026-07-12_14-41-49_VNINS.csv,lap,8,49809,1245.302995,1.032946,3615.619,15.023,-0.007186,,-0.414796,35.52840555,-97.47531649,32.318,-123.609,25.890,-22.178,1.090
VN300_2026-07-12_14-41-49_VNINS.csv,lap,8,49810,1245.302995,1.032946,3615.977,15.381,-0.166139,,-0.414796,35.52840423,-97.47532010,32.304,-122.490,25.927,-22.353,1.090
VN300_2026-07-12_14-41-49_VNINS.csv,lap,8,49811,1245.578836,1.308787,3616.331,15.735,0.001731,,-0.414796,35.52840299,-97.47532371,32.174,-121.257,25.987,-22.412,1.090
VN300_2026-07-12_14-41-49_VNINS.csv,lap,8,49812,1245.578836,1.308787,3616.686,16.090,0.001731,,-0.414796,35.52840182,-97.47532736,32.042,-120.217,25.863,-22.847,1.090
VN300_2026-07-12_14-41-49_VNINS.csv,lap,8,49813,1245.578836,1.308787,3617.038,16.442,0.001731,,-0.414796,35.52840073,-97.47533101,31.969,-119.061,25.789,-22.799,1.090
VN300_2026-07-12_14-41-49_VNINS.csv,lap,8,49814,1245.578836,1.308787,3617.389,16.793,0.001731,,-0.414796,35.52839971,-97.47533468,31.934,-117.993,25.703,-22.728,1.090
VN300_2026-07-12_14-41-49_VNINS.csv,lap,8,49815,1245.578836,1.308787,3617.634,17.038,0.001731,,-0.414796,35.52840049,-97.47533721,30.939,-116.667,25.829,-22.556,1.070
VN300_2026-07-12_14-41-49_VNINS.csv,lap,8,49816,1245.578836,1.308787,3617.975,17.379,0.001731,,-0.414796,35.52839967,-97.47534084,30.979,-115.411,25.987,-22.745,1.070
VN300_2026-07-12_14-41-49_VNINS.csv,lap,8,49817,1245.578836,1.308787,3618.315,17.719,0.001731,,-0.414796,35.52839894,-97.47534449,30.997,-113.985,26.384,-22.656,1.070
VN300_2026-07-12_14-41-49_VNINS.csv,lap,8,49818,1245.578836,1.308787,3618.654,18.058,0.001731,,-0.414796,35.52839828,-97.47534815,31.001,-112.747,26.712,-22.500,1.070
VN300_2026-07-12_14-41-49_VNINS.csv,lap,8,49819,1245.578836,1.308787,3618.994,18.398,0.001731,,-0.414796,35.52839768,-97.47535183,31.004,-111.417,27.104,-22.132,1.070
VN300_2026-07-12_14-41-49_VNINS.csv,lap,8,49820,1245.578836,1.308787,3619.332,18.736,-0.244582,,-0.414796,35.52839716,-97.47535551,31.037,-110.389,27.220,-22.096,1.070
VN300_2026-07-12_14-41-49_VNINS.csv,lap,8,49821,1245.578836,1.308787,3619.670,19.074,-0.252064,,-0.414796,35.52839671,-97.47535920,30.991,-109.210,27.434,-21.843,1.070
VN300_2026-07-12_14-41-49_VNINS.csv,lap,8,49822,1245.832656,1.562607,3620.006,19.410,0.001756,,-0.414796,35.52839634,-97.47536289,31.063,-108.226,27.346,-22.096,1.080
VN300_2026-07-12_14-41-49_VNINS.csv,lap,8,49823,1245.832656,1.562607,3620.109,19.513,0.001756,,-0.414796,35.52839638,-97.47536403,29.210,-107.063,27.255,-22.023,1.050
VN300_2026-07-12_14-41-49_VNINS.csv,lap,8,49824,1245.832656,1.562607,3620.426,19.830,0.001756,,-0.414796,35.52839616,-97.47536752,29.117,-106.004,27.013,-21.964,1.050
VN300_2026-07-12_14-41-49_VNINS.csv,lap,8,49825,1245.832656,1.562607,3620.742,20.146,0.001756,,-0.414796,35.52839601,-97.47537101,29.141,-104.797,26.969,-21.668,1.050
VN300_2026-07-12_14-41-49_VNINS.csv,lap,8,49826,1245.832656,1.562607,3621.059,20.463,0.001756,,-0.414796,35.52839595,-97.47537451,29.254,-103.591,27.065,-21.586,1.060
VN300_2026-07-12_14-41-49_VNINS.csv,lap,8,49827,1245.832656,1.562607,3621.378,20.782,0.001756,,-0.414796,35.52839597,-97.47537803,29.391,-102.161,27.520,-21.378,1.060
VN300_2026-07-12_14-41-49_VNINS.csv,lap,8,49828,1245.832656,1.562607,3621.695,21.099,0.001756,,-0.414796,35.52839608,-97.47538154,29.489,-100.699,28.102,-21.097,1.060
VN300_2026-07-12_14-41-49_VNINS.csv,lap,8,49829,1245.832656,1.562607,3622.015,21.419,-0.081824,,-0.414796,35.52839626,-97.47538506,29.581,-99.163,28.759,-20.633,1.060
VN300_2026-07-12_14-41-49_VNINS.csv,lap,8,49830,1245.832656,1.562607,3622.334,21.738,-0.251671,,-0.414796,35.52839653,-97.47538857,29.626,-97.785,29.257,-20.295,1.060
VN300_2026-07-12_14-41-49_VNINS.csv,lap,8,49831,1245.832656,1.562607,3622.550,21.954,-0.251671,,-0.414796,35.52839477,-97.47538960,27.682,-96.157,29.765,-19.819,1.040
VN300_2026-07-12_14-41-49_VNINS.csv,lap,8,49832,1245.832656,1.562607,3622.853,22.257,-0.251671,,-0.414796,35.52839510,-97.47539292,27.719,-94.665,30.142,-19.522,1.040
VN300_2026-07-12_14-41-49_VNINS.csv,lap,8,49833,1246.086542,1.816493,3623.155,22.559,0.002215,,-0.414796,35.52839550,-97.47539622,27.702,-93.274,30.363,-19.187,1.040
VN300_2026-07-12_14-41-49_VNINS.csv,lap,8,49834,1246.086542,1.816493,3623.456,22.860,0.002215,,-0.414796,35.52839597,-97.47539950,27.750,-92.157,30.258,-19.098,1.040
VN300_2026-07-12_14-41-49_VNINS.csv,lap,8,49835,1246.086542,1.816493,3623.759,23.163,0.002215,,-0.414796,35.52839653,-97.47540277,27.862,-91.030,30.128,-18.980,1.040
VN300_2026-07-12_14-41-49_VNINS.csv,lap,8,49836,1246.086542,1.816493,3624.061,23.465,0.002215,,-0.414796,35.52839716,-97.47540602,27.922,-89.973,29.997,-18.728,1.040
VN300_2026-07-12_14-41-49_VNINS.csv,lap,8,49837,1246.086542,1.816493,3624.366,23.770,0.002215,,-0.414796,35.52839787,-97.47540927,28.110,-88.744,30.079,-18.404,1.040
VN300_2026-07-12_14-41-49_VNINS.csv,lap,8,49838,1246.086542,1.816493,3624.671,24.075,0.002215,,-0.414796,35.52839865,-97.47541251,28.286,-87.516,30.282,-18.218,1.040
VN300_2026-07-12_14-41-49_VNINS.csv,lap,8,49839,1246.086542,1.816493,3624.762,24.166,-0.036726,,-0.414796,35.52839835,-97.47541344,26.526,-85.883,30.718,-17.876,1.020
VN300_2026-07-12_14-41-49_VNINS.csv,lap,8,49840,1246.086542,1.816493,3625.053,24.457,-0.251318,,-0.414796,35.52839919,-97.47541649,26.641,-84.315,31.126,-17.488,1.020
VN300_2026-07-12_14-41-49_VNINS.csv,lap,8,49841,1246.086542,1.816493,3625.345,24.749,-0.251318,,-0.414796,35.52840007,-97.47541953,26.761,-82.702,31.537,-17.084,1.020
VN300_2026-07-12_14-41-49_VNINS.csv,lap,8,49842,1246.086542,1.816493,3625.639,25.043,-0.251318,,-0.414796,35.52840102,-97.47542256,26.923,-81.289,31.821,-16.825,1.020
VN300_2026-07-12_14-41-49_VNINS.csv,lap,8,49843,1246.339976,2.069927,3625.934,25.338,0.002116,,-0.414796,35.52840202,-97.47542558,27.065,-79.838,32.068,-16.392,1.020
VN300_2026-07-12_14-41-49_VNINS.csv,lap,8,49844,1246.339976,2.069927,3626.232,25.636,0.002116,,-0.414796,35.52840308,-97.47542860,27.352,-78.572,32.137,-16.095,1.020
VN300_2026-07-12_14-41-49_VNINS.csv,lap,8,49845,1246.339976,2.069927,3626.532,25.936,0.002116,,-0.414796,35.52840421,-97.47543161,27.564,-77.209,32.168,-15.825,1.020
VN300_2026-07-12_14-41-49_VNINS.csv,lap,8,49846,1246.339976,2.069927,3626.835,26.239,0.002116,,-0.414796,35.52840541,-97.47543462,27.898,-75.897,32.151,-15.570,1.020
VN300_2026-07-12_14-41-49_VNINS.csv,lap,8,49847,1246.339976,2.069927,3627.141,26.545,0.002116,,-0.414796,35.52840670,-97.47543760,28.106,-74.414,32.228,-15.209,1.030
VN300_2026-07-12_14-41-49_VNINS.csv,lap,8,49848,1246.339976,2.069927,3627.448,26.852,0.002116,,-0.414796,35.52840805,-97.47544056,28.269,-72.981,32.305,-15.032,1.030
VN300_2026-07-12_14-41-49_VNINS.csv,lap,8,49849,1246.339976,2.069927,3627.506,26.911,0.002116,,-0.414796,35.52840848,-97.47544094,26.810,-71.119,32.597,-14.591,1.010
VN300_2026-07-12_14-41-49_VNINS.csv,lap,8,49850,1246.339976,2.069927,3627.804,27.208,-0.106307,,-0.414796,35.52840988,-97.47544374,26.970,-69.206,32.985,-13.711,1.010
VN300_2026-07-12_14-41-49_VNINS.csv,lap,8,49851,1246.339976,2.069927,3628.101,27.505,-0.276855,,-0.414796,35.52841133,-97.47544650,27.042,-67.103,33.432,-13.056,1.010
VN300_2026-07-12_14-41-49_VNINS.csv,lap,8,49852,1246.339976,2.069927,3628.400,27.805,-0.276855,,-0.414796,35.52841285,-97.47544923,27.288,-65.145,33.866,-12.901,1.010
VN300_2026-07-12_14-41-49_VNINS.csv,lap,8,49853,1246.605624,2.335575,3628.702,28.106,-0.011207,,-0.414796,35.52841441,-97.47545195,27.315,-63.088,34.268,-12.218,1.010
VN300_2026-07-12_14-41-49_VNINS.csv,lap,8,49854,1246.605624,2.335575,3629.003,28.407,-0.011207,,-0.414796,35.52841602,-97.47545463,27.421,-61.215,34.500,-11.855,1.010
VN300_2026-07-12_14-41-49_VNINS.csv,lap,8,49855,1246.605624,2.335575,3629.120,28.524,-0.011207,,-0.414796,35.52841629,-97.47545588,26.451,-59.128,34.647,-11.074,0.990
VN300_2026-07-12_14-41-49_VNINS.csv,lap,8,49856,1246.605624,2.335575,3629.413,28.817,-0.011207,,-0.414796,35.52841789,-97.47545845,26.489,-57.176,34.577,-10.068,0.990
VN300_2026-07-12_14-41-49_VNINS.csv,lap,8,49857,1246.605624,2.335575,3629.707,29.111,-0.011207,,-0.414796,35.52841955,-97.47546098,26.691,-55.119,34.490,-9.476,0.990
VN300_2026-07-12_14-41-49_VNINS.csv,lap,8,49858,1246.605624,2.335575,3630.004,29.408,-0.011207,,-0.414796,35.52842128,-97.47546348,26.806,-53.342,34.422,-9.507,0.990
VN300_2026-07-12_14-41-49_VNINS.csv,lap,8,49859,1246.605624,2.335575,3630.303,29.707,-0.011207,,-0.414796,35.52842307,-97.47546594,27.124,-51.265,34.443,-9.226,0.990
VN300_2026-07-12_14-41-49_VNINS.csv,lap,8,49860,1246.605624,2.335575,3630.605,30.009,-0.043872,,-0.414796,35.52842490,-97.47546841,27.464,-49.274,34.515,-8.416,0.990
VN300_2026-07-12_14-41-49_VNINS.csv,lap,8,49861,1246.605624,2.335575,3630.910,30.314,-0.264979,,-0.414796,35.52842679,-97.47547086,27.787,-47.053,34.672,-7.702,1.000
VN300_2026-07-12_14-41-49_VNINS.csv,lap,8,49862,1246.605624,2.335575,3631.220,30.624,-0.264979,,-0.414796,35.52842873,-97.47547332,28.201,-44.960,34.800,-7.172,1.000
VN300_2026-07-12_14-41-49_VNINS.csv,lap,8,49863,1246.605624,2.335575,3631.332,30.736,-0.264979,,-0.414796,35.52842967,-97.47547374,27.406,-42.589,34.965,-6.440,0.980
VN300_2026-07-12_14-41-49_VNINS.csv,lap,8,49864,1246.859492,2.589443,3631.639,31.043,-0.011111,,-0.414796,35.52843167,-97.47547608,27.782,-40.184,35.178,-5.722,0.980
VN300_2026-07-12_14-41-49_VNINS.csv,lap,8,49865,1246.859492,2.589443,3631.949,31.353,-0.011111,,-0.414796,35.52843372,-97.47547840,28.086,-37.703,35.374,-4.710,0.980
VN300_2026-07-12_14-41-49_VNINS.csv,lap,8,49866,1246.859492,2.589443,3632.262,31.666,-0.011111,,-0.414796,35.52843583,-97.47548069,28.333,-35.326,35.530,-3.741,0.980
VN300_2026-07-12_14-41-49_VNINS.csv,lap,8,49867,1246.859492,2.589443,3632.578,31.982,-0.011111,,-0.414796,35.52843801,-97.47548294,28.666,-32.936,35.648,-2.772,0.980
VN300_2026-07-12_14-41-49_VNINS.csv,lap,8,49868,1246.859492,2.589443,3632.898,32.302,-0.011111,,-0.414796,35.52844025,-97.47548516,28.954,-30.658,35.734,-1.985,0.980
VN300_2026-07-12_14-41-49_VNINS.csv,lap,8,49869,1246.859492,2.589443,3633.222,32.626,-0.011111,,-0.414796,35.52844255,-97.47548735,29.232,-28.404,35.791,-1.000,0.980
VN300_2026-07-12_14-41-49_VNINS.csv,lap,8,49870,1246.859492,2.589443,3633.547,32.951,-0.264542,,-0.414796,35.52844490,-97.47548950,29.496,-26.363,35.796,-0.028,0.980
VN300_2026-07-12_14-41-49_VNINS.csv,lap,8,49871,1246.859492,2.589443,3633.732,33.136,-0.264542,,-0.414796,35.52844656,-97.47548948,28.944,-24.331,35.785,0.905,0.970
VN300_2026-07-12_14-41-49_VNINS.csv,lap,8,49872,1246.859492,2.589443,3634.056,33.460,-0.264542,,-0.414796,35.52844898,-97.47549147,29.222,-22.437,35.766,1.814,0.970
VN300_2026-07-12_14-41-49_VNINS.csv,lap,8,49873,1246.859492,2.589443,3634.382,33.786,-0.264542,,-0.414796,35.52845144,-97.47549343,29.504,-20.649,35.716,2.648,0.970
VN300_2026-07-12_14-41-49_VNINS.csv,lap,8,49874,1247.112987,2.842938,3634.713,34.117,-0.011047,,-0.414796,35.52845396,-97.47549537,29.685,-19.062,35.613,3.330,0.970
VN300_2026-07-12_14-41-49_VNINS.csv,lap,8,49875,1247.112987,2.842938,3635.044,34.448,-0.011047,,-0.414796,35.52845652,-97.47549724,29.892,-17.510,35.452,3.790,0.970
VN300_2026-07-12_14-41-49_VNINS.csv,lap,8,49876,1247.112987,2.842938,3635.378,34.782,-0.011047,,-0.414796,35.52845913,-97.47549908,30.218,-16.113,35.233,4.045,0.970
VN300_2026-07-12_14-41-49_VNINS.csv,lap,8,49877,1247.112987,2.842938,3635.716,35.120,-0.011047,,-0.414796,35.52846179,-97.47550088,30.320,-14.580,34.996,4.609,0.970
VN300_2026-07-12_14-41-49_VNINS.csv,lap,8,49878,1247.112987,2.842938,3636.055,35.459,-0.091084,,-0.414796,35.52846448,-97.47550264,30.572,-13.041,34.806,5.216,0.970
VN300_2026-07-12_14-41-49_VNINS.csv,lap,8,49879,1247.112987,2.842938,3636.205,35.609,-0.237619,,-0.414796,35.52846583,-97.47550265,29.823,-11.215,34.652,5.836,0.960
VN300_2026-07-12_14-41-49_VNINS.csv,lap,8,49880,1247.112987,2.842938,3636.538,35.942,-0.264583,,-0.414796,35.52846855,-97.47550420,29.901,-9.357,34.550,6.392,0.960
VN300_2026-07-12_14-41-49_VNINS.csv,lap,8,49881,1247.112987,2.842938,3636.873,36.277,-0.264583,,-0.414796,35.52847131,-97.47550568,30.034,-7.401,34.435,7.128,0.960
VN300_2026-07-12_14-41-49_VNINS.csv,lap,8,49882,1247.112987,2.842938,3637.211,36.615,-0.264583,,-0.414796,35.52847411,-97.47550712,30.230,-5.589,34.258,8.048,0.960
VN300_2026-07-12_14-41-49_VNINS.csv,lap,8,49883,1247.112987,2.842938,3637.549,36.953,-0.264583,,-0.414796,35.52847694,-97.47550849,30.444,-3.737,34.058,8.867,0.960
VN300_2026-07-12_14-41-49_VNINS.csv,lap,8,49884,1247.366506,3.096457,3637.891,37.295,-0.011064,,-0.414796,35.52847982,-97.47550983,30.752,-2.067,33.855,9.575,0.960
VN300_2026-07-12_14-41-49_VNINS.csv,lap,8,49885,1247.366506,3.096457,3638.237,37.641,-0.011064,,-0.414796,35.52848274,-97.47551113,30.951,-0.438,33.611,10.254,0.960
VN300_2026-07-12_14-41-49_VNINS.csv,lap,8,49886,1247.366506,3.096457,3638.584,37.988,-0.011064,,-0.414796,35.52848569,-97.47551239,31.162,0.935,33.388,10.926,0.960
VN300_2026-07-12_14-41-49_VNINS.csv,lap,8,49887,1247.366506,3.096457,3638.810,38.214,-0.199342,,-0.414796,35.52848772,-97.47551230,30.692,2.337,33.118,11.604,0.950
VN300_2026-07-12_14-41-49_VNINS.csv,lap,8,49888,1247.366506,3.096457,3639.154,38.558,-0.278206,,-0.414796,35.52849068,-97.47551340,30.926,3.644,32.854,11.823,0.950
VN300_2026-07-12_14-41-49_VNINS.csv,lap,8,49889,1247.366506,3.096457,3639.503,38.907,-0.278206,,-0.414796,35.52849369,-97.47551449,31.291,5.025,32.622,12.225,0.950
VN300_2026-07-12_14-41-49_VNINS.csv,lap,8,49890,1247.366506,3.096457,3639.854,39.258,-0.278206,,-0.414796,35.52849673,-97.47551554,31.416,6.278,32.443,12.777,0.950
VN300_2026-07-12_14-41-49_VNINS.csv,lap,8,49891,1247.366506,3.096457,3640.205,39.609,-0.278206,,-0.414796,35.52849979,-97.47551651,31.561,7.600,32.227,13.238,0.950
VN300_2026-07-12_14-41-49_VNINS.csv,lap,8,49892,1247.366506,3.096457,3640.561,39.965,-0.278206,,-0.414796,35.52850290,-97.47551743,31.784,8.797,32.012,13.497,0.950
VN300_2026-07-12_14-41-49_VNINS.csv,lap,8,49893,1247.366506,3.096457,3640.918,40.322,-0.278206,,-0.414796,35.52850603,-97.47551830,31.978,10.013,31.747,13.665,0.950
VN300_2026-07-12_14-41-49_VNINS.csv,lap,8,49894,1247.635685,3.365636,3641.279,40.683,-0.009027,,-0.414796,35.52850921,-97.47551914,32.390,11.103,31.495,13.916,0.950
VN300_2026-07-12_14-41-49_VNINS.csv,lap,8,49895,1247.635685,3.365636,3641.516,40.920,-0.009027,,-0.414796,35.52851133,-97.47551930,32.076,12.350,31.242,14.304,0.940
VN300_2026-07-12_14-41-49_VNINS.csv,lap,8,49896,1247.635685,3.365636,3641.878,41.282,-0.207140,,-0.414796,35.52851454,-97.47552001,32.519,13.419,31.031,14.365,0.940
VN300_2026-07-12_14-41-49_VNINS.csv,lap,8,49897,1247.635685,3.365636,3642.244,41.648,-0.262809,,-0.414796,35.52851778,-97.47552068,32.834,14.527,30.870,14.589,0.940
VN300_2026-07-12_14-41-49_VNINS.csv,lap,8,49898,1247.635685,3.365636,3642.614,42.018,-0.262809,,-0.414796,35.52852107,-97.47552133,33.118,15.433,30.756,14.741,0.940
VN300_2026-07-12_14-41-49_VNINS.csv,lap,8,49899,1247.635685,3.365636,3642.987,42.391,-0.262809,,-0.414796,35.52852439,-97.47552193,33.505,16.309,30.571,14.806,0.940
VN300_2026-07-12_14-41-49_VNINS.csv,lap,8,49900,1247.635685,3.365636,3643.363,42.767,-0.262809,,-0.414796,35.52852774,-97.47552245,33.525,16.961,30.373,14.749,0.940
VN300_2026-07-12_14-41-49_VNINS.csv,lap,8,49901,1247.635685,3.365636,3643.740,43.144,-0.262809,,-0.414796,35.52853111,-97.47552289,33.760,17.677,30.136,14.820,0.940
VN300_2026-07-12_14-41-49_VNINS.csv,lap,8,49902,1247.635685,3.365636,3644.121,43.525,-0.262809,,-0.414796,35.52853452,-97.47552331,34.100,18.277,29.873,14.881,0.940
VN300_2026-07-12_14-41-49_VNINS.csv,lap,8,49903,1247.635685,3.365636,3644.407,43.811,-0.262809,,-0.414796,35.52853708,-97.47552363,34.028,19.126,29.511,14.876,0.930
VN300_2026-07-12_14-41-49_VNINS.csv,lap,8,49904,1247.635685,3.365636,3644.789,44.193,-0.516439,,-0.414796,35.52854051,-97.47552396,34.234,19.932,29.206,14.984,0.930
VN300_2026-07-12_14-41-49_VNINS.csv,lap,8,49905,1247.889536,3.619487,3645.174,44.578,-0.262588,,-0.414796,35.52854396,-97.47552423,34.407,20.969,28.935,15.076,0.930
VN300_2026-07-12_14-41-49_VNINS.csv,lap,8,49906,1247.889536,3.619487,3645.561,44.965,-0.262588,,-0.414796,35.52854744,-97.47552447,34.802,21.989,28.707,15.286,0.930
VN300_2026-07-12_14-41-49_VNINS.csv,lap,8,49907,1247.889536,3.619487,3645.952,45.356,-0.262588,,-0.414796,35.52855095,-97.47552468,34.959,23.103,28.430,15.561,0.930
VN300_2026-07-12_14-41-49_VNINS.csv,lap,8,49908,1247.889536,3.619487,3646.346,45.750,-0.262588,,-0.414796,35.52855449,-97.47552483,35.157,24.125,28.206,15.712,0.930
VN300_2026-07-12_14-41-49_VNINS.csv,lap,8,49909,1247.889536,3.619487,3646.742,46.146,-0.262588,,-0.414796,35.52855805,-97.47552493,35.401,25.205,27.864,15.914,0.930
VN300_2026-07-12_14-41-49_VNINS.csv,lap,8,49910,1247.889536,3.619487,3647.140,46.544,-0.262588,,-0.414796,35.52856163,-97.47552497,35.675,26.164,27.478,15.920,0.930
VN300_2026-07-12_14-41-49_VNINS.csv,lap,8,49911,1247.889536,3.619487,3647.534,46.938,-0.516188,,-0.414796,35.52856502,-97.47552625,35.812,27.298,27.059,16.209,0.920
VN300_2026-07-12_14-41-49_VNINS.csv,lap,8,49912,1247.889536,3.619487,3647.937,47.341,-0.516188,,-0.414796,35.52856864,-97.47552623,36.026,28.383,26.651,16.485,0.920
VN300_2026-07-12_14-41-49_VNINS.csv,lap,8,49913,1247.889536,3.619487,3648.342,47.746,-0.516188,,-0.414796,35.52857228,-97.47552614,36.119,29.585,26.300,16.544,0.920
VN300_2026-07-12_14-41-49_VNINS.csv,lap,8,49914,1247.889536,3.619487,3648.748,48.152,-0.516188,,-0.414796,35.52857593,-97.47552598,36.378,30.702,26.020,16.755,0.920
VN300_2026-07-12_14-41-49_VNINS.csv,lap,8,49915,1248.143078,3.873029,3649.156,48.560,-0.262646,,-0.414796,35.52857960,-97.47552577,36.407,31.826,25.682,17.281,0.920
VN300_2026-07-12_14-41-49_VNINS.csv,lap,8,49916,1248.143078,3.873029,3649.565,48.969,-0.262646,,-0.414796,35.52858327,-97.47552550,36.469,32.778,25.358,17.476,0.920
VN300_2026-07-12_14-41-49_VNINS.csv,lap,8,49917,1248.143078,3.873029,3649.974,49.378,-0.263953,,-0.414796,35.52858694,-97.47552515,36.491,33.649,25.010,17.568,0.920
VN300_2026-07-12_14-41-49_VNINS.csv,lap,8,49918,1248.143078,3.873029,3650.384,49.788,-0.529887,,-0.414796,35.52859061,-97.47552472,36.773,34.378,24.664,17.702,0.920
VN300_2026-07-12_14-41-49_VNINS.csv,lap,8,49919,1248.143078,3.873029,3650.830,50.234,-0.529887,,-0.414796,35.52859459,-97.47552529,36.875,35.178,24.294,17.968,0.910
VN300_2026-07-12_14-41-49_VNINS.csv,lap,8,49920,1248.143078,3.873029,3651.244,50.648,-0.529887,,-0.414796,35.52859829,-97.47552476,36.959,35.806,23.997,18.058,0.910
VN300_2026-07-12_14-41-49_VNINS.csv,lap,8,49921,1248.143078,3.873029,3651.660,51.064,-0.529887,,-0.414796,35.52860200,-97.47552416,37.285,36.441,23.739,18.231,0.910
VN300_2026-07-12_14-41-49_VNINS.csv,lap,8,49922,1248.143078,3.873029,3652.077,51.481,-0.529887,,-0.414796,35.52860571,-97.47552347,37.320,36.918,23.556,18.240,0.910
VN300_2026-07-12_14-41-49_VNINS.csv,lap,8,49923,1248.143078,3.873029,3652.495,51.900,-0.529887,,-0.414796,35.52860942,-97.47552272,37.394,37.429,23.429,17.998,0.910
VN300_2026-07-12_14-41-49_VNINS.csv,lap,8,49924,1248.143078,3.873029,3652.918,52.322,-0.529887,,-0.414796,35.52861317,-97.47552194,37.803,37.790,23.451,18.053,0.910
VN300_2026-07-12_14-41-49_VNINS.csv,lap,8,49925,1248.396546,4.126497,3653.343,52.747,-0.474737,,-0.414796,35.52861693,-97.47552110,37.949,38.245,23.473,18.188,0.920
VN300_2026-07-12_14-41-49_VNINS.csv,lap,8,49926,1248.396546,4.126497,3653.771,53.175,-0.530166,,-0.414796,35.52862070,-97.47552019,38.190,38.454,23.542,17.896,0.920
VN300_2026-07-12_14-41-49_VNINS.csv,lap,8,49927,1248.396546,4.126497,3654.200,53.604,-0.530166,,-0.414796,35.52862448,-97.47551924,38.310,38.522,23.451,17.897,0.920
VN300_2026-07-12_14-41-49_VNINS.csv,lap,8,49928,1248.396546,4.126497,3654.784,54.188,-0.530166,,-0.414796,35.52862950,-97.47552115,39.062,38.616,23.383,17.829,0.900
VN300_2026-07-12_14-41-49_VNINS.csv,lap,8,49929,1248.396546,4.126497,3655.223,54.627,-0.530166,,-0.414796,35.52863336,-97.47552012,39.151,38.687,23.236,17.622,0.900
VN300_2026-07-12_14-41-49_VNINS.csv,lap,8,49930,1248.396546,4.126497,3655.665,55.069,-0.530166,,-0.414796,35.52863723,-97.47551902,39.568,38.644,23.220,17.327,0.900
VN300_2026-07-12_14-41-49_VNINS.csv,lap,8,49931,1248.396546,4.126497,3656.110,55.514,-0.767775,,-0.414796,35.52864112,-97.47551788,39.679,38.698,23.133,17.566,0.910
VN300_2026-07-12_14-41-49_VNINS.csv,lap,8,49932,1248.396546,4.126497,3656.555,55.960,-0.783649,,-0.414796,35.52864501,-97.47551668,39.904,38.620,22.983,17.378,0.910
VN300_2026-07-12_14-41-49_VNINS.csv,lap,8,49933,1248.396546,4.126497,3657.005,56.409,-0.783649,,-0.414796,35.52864892,-97.47551543,40.243,38.651,22.777,17.202,0.910
VN300_2026-07-12_14-41-49_VNINS.csv,lap,8,49934,1248.396546,4.126497,3657.457,56.861,-0.783649,,-0.414796,35.52865285,-97.47551414,40.484,38.656,22.661,17.164,0.910
VN300_2026-07-12_14-41-49_VNINS.csv,lap,8,49935,1248.669439,4.399390,3658.180,57.584,-0.510756,,-0.414796,35.52865860,-97.47551786,41.119,37.533,21.374,15.335,0.890
VN300_2026-07-12_14-41-49_VNINS.csv,lap,8,49936,1248.669439,4.399390,3658.643,58.047,-0.646140,,-0.414796,35.52866262,-97.47551653,41.348,36.348,19.939,13.430,0.890
VN300_2026-07-12_14-41-49_VNINS.csv,lap,8,49937,1248.669439,4.399390,3659.106,58.510,-0.764332,,-0.414796,35.52866663,-97.47551512,41.504,35.451,18.456,11.825,0.900
VN300_2026-07-12_14-41-49_VNINS.csv,lap,8,49938,1248.669439,4.399390,3659.571,58.975,-0.764332,,-0.414796,35.52867063,-97.47551362,41.635,34.749,17.043,10.366,0.900
VN300_2026-07-12_14-41-49_VNINS.csv,lap,8,49939,1248.669439,4.399390,3660.039,59.443,-0.764332,,-0.414796,35.52867464,-97.47551207,41.886,34.167,15.693,9.176,0.900
VN300_2026-07-12_14-41-49_VNINS.csv,lap,8,49940,1248.669439,4.399390,3660.510,59.914,-0.764332,,-0.414796,35.52867866,-97.47551043,42.058,33.692,14.489,8.108,0.900
VN300_2026-07-12_14-41-49_VNINS.csv,lap,8,49941,1248.669439,4.399390,3660.981,60.385,-0.764332,,-0.414796,35.52868266,-97.47550872,42.124,33.269,13.362,6.976,0.900
VN300_2026-07-12_14-41-49_VNINS.csv,lap,8,49942,1248.669439,4.399390,3661.452,60.856,-0.979094,,-0.414796,35.52868664,-97.47550692,42.323,32.764,12.350,6.352,0.900
VN300_2026-07-12_14-41-49_VNINS.csv,lap,8,49943,1248.669439,4.399390,3662.299,61.703,-1.038851,,-0.414796,35.52869298,-97.47551210,43.211,32.133,11.405,5.838,0.890
VN300_2026-07-12_14-41-49_VNINS.csv,lap,8,49944,1248.669439,4.399390,3662.784,62.188,-1.038851,,-0.414796,35.52869710,-97.47551034,43.412,31.374,10.525,5.015,0.890
VN300_2026-07-12_14-41-49_VNINS.csv,lap,8,49945,1248.669439,4.399390,3663.272,62.676,-1.038851,,-0.414796,35.52870124,-97.47550854,43.841,30.550,9.694,4.342,0.890
VN300_2026-07-12_14-41-49_VNINS.csv,lap,8,49946,1248.923359,4.653310,3663.766,63.170,-0.784931,,-0.414796,35.52870542,-97.47550671,44.121,29.713,8.793,3.936,0.890
VN300_2026-07-12_14-41-49_VNINS.csv,lap,8,49947,1248.923359,4.653310,3664.261,63.665,-0.961535,,-0.414796,35.52870961,-97.47550486,44.369,28.822,7.812,3.688,0.890
VN300_2026-07-12_14-41-49_VNINS.csv,lap,8,49948,1248.923359,4.653310,3664.760,64.164,-1.038811,,-0.414796,35.52871383,-97.47550298,44.698,27.904,6.919,3.456,0.890
VN300_2026-07-12_14-41-49_VNINS.csv,lap,8,49949,1248.923359,4.653310,3665.263,64.667,-1.038811,,-0.414796,35.52871809,-97.47550110,45.085,26.931,6.069,2.949,0.890
VN300_2026-07-12_14-41-49_VNINS.csv,lap,8,49950,1248.923359,4.653310,3665.770,65.174,-1.038811,,-0.414796,35.52872238,-97.47549921,45.474,25.903,5.390,2.452,0.890
VN300_2026-07-12_14-41-49_VNINS.csv,lap,8,49951,1248.923359,4.653310,3666.933,66.337,-1.292264,,-0.414796,35.52872938,-97.47550876,46.242,24.855,4.723,2.275,0.880
VN300_2026-07-12_14-41-49_VNINS.csv,lap,8,49952,1248.923359,4.653310,3667.452,66.856,-1.292264,,-0.414796,35.52873384,-97.47550706,46.519,23.832,4.074,1.661,0.880
VN300_2026-07-12_14-41-49_VNINS.csv,lap,8,49953,1248.923359,4.653310,3667.976,67.380,-1.292264,,-0.414796,35.52873834,-97.47550536,46.824,22.822,3.365,1.048,0.880
VN300_2026-07-12_14-41-49_VNINS.csv,lap,8,49954,1248.923359,4.653310,3668.502,67.906,-1.292264,,-0.414796,35.52874287,-97.47550366,47.180,21.865,2.630,0.686,0.880
VN300_2026-07-12_14-41-49_VNINS.csv,lap,8,49955,1248.923359,4.653310,3669.031,68.435,-1.292264,,-0.414796,35.52874741,-97.47550192,47.389,21.001,1.888,0.327,0.880
VN300_2026-07-12_14-41-49_VNINS.csv,lap,8,49956,1249.176922,4.906873,3669.563,68.968,-1.214539,,-0.414796,35.52875198,-97.47550017,47.750,20.113,1.189,-0.030,0.890
VN300_2026-07-12_14-41-49_VNINS.csv,lap,8,49957,1249.176922,4.906873,3670.100,69.504,-1.292550,,-0.414796,35.52875659,-97.47549842,47.996,19.287,0.511,-0.300,0.890
VN300_2026-07-12_14-41-49_VNINS.csv,lap,8,49958,1249.176922,4.906873,3670.638,70.042,-1.292550,,-0.414796,35.52876122,-97.47549668,48.331,18.498,-0.104,-0.572,0.890
VN300_2026-07-12_14-41-49_VNINS.csv,lap,8,49959,1249.176922,4.906873,3671.848,71.252,-1.292550,,-0.414796,35.52876644,-97.47550841,48.561,17.768,-0.720,-0.702,0.870
VN300_2026-07-12_14-41-49_VNINS.csv,lap,8,49960,1249.176922,4.906873,3672.395,71.799,-1.558031,,-0.414796,35.52877121,-97.47550694,48.918,17.133,-1.300,-0.841,0.870
VN300_2026-07-12_14-41-49_VNINS.csv,lap,8,49961,1249.176922,4.906873,3672.943,72.347,-1.558031,,-0.414796,35.52877598,-97.47550543,49.085,16.532,-1.874,-1.198,0.880
VN300_2026-07-12_14-41-49_VNINS.csv,lap,8,49962,1249.176922,4.906873,3673.494,72.898,-1.558031,,-0.414796,35.52878078,-97.47550390,49.365,16.095,-2.508,-1.394,0.880
VN300_2026-07-12_14-41-49_VNINS.csv,lap,8,49963,1249.176922,4.906873,3674.048,73.452,-1.558031,,-0.414796,35.52878560,-97.47550235,49.647,15.861,-3.135,-1.586,0.880
VN300_2026-07-12_14-41-49_VNINS.csv,lap,8,49964,1249.176922,4.906873,3674.605,74.009,-1.811559,,-0.414796,35.52879044,-97.47550075,49.862,15.681,-3.672,-1.648,0.880
VN300_2026-07-12_14-41-49_VNINS.csv,lap,8,49965,1249.176922,4.906873,3675.164,74.568,-1.811559,,-0.414796,35.52879528,-97.47549911,50.089,15.664,-4.127,-1.826,0.880
VN300_2026-07-12_14-41-49_VNINS.csv,lap,8,49966,1249.176922,4.906873,3675.725,75.129,-1.811559,,-0.414796,35.52880014,-97.47549742,50.271,15.787,-4.499,-2.165,0.880
VN300_2026-07-12_14-41-49_VNINS.csv,lap,8,49967,1249.430720,5.160671,3676.288,75.692,-1.557761,,-0.414796,35.52880501,-97.47549573,50.414,16.117,-4.926,-2.266,0.880
VN300_2026-07-12_14-41-49_VNINS.csv,lap,8,49968,1249.430720,5.160671,3677.553,76.957,-1.811589,,-0.414796,35.52880922,-97.47550872,50.273,16.654,-5.358,-2.508,0.870
VN300_2026-07-12_14-41-49_VNINS.csv,lap,8,49969,1249.430720,5.160671,3678.115,77.519,-1.811589,,-0.414796,35.52881413,-97.47550727,50.234,17.335,-5.718,-2.948,0.870
VN300_2026-07-12_14-41-49_VNINS.csv,lap,8,49970,1249.430720,5.160671,3678.679,78.083,-1.811589,,-0.414796,35.52881907,-97.47550584,50.405,18.061,-6.075,-3.237,0.870
VN300_2026-07-12_14-41-49_VNINS.csv,lap,8,49971,1249.430720,5.160671,3679.244,78.648,-1.811589,,-0.414796,35.52882401,-97.47550441,50.202,18.768,-6.447,-3.522,0.870
VN300_2026-07-12_14-41-49_VNINS.csv,lap,8,49972,1249.430720,5.160671,3679.802,79.206,-2.065145,,-0.414796,35.52882890,-97.47550298,49.827,19.564,-6.942,-4.025,0.870
VN300_2026-07-12_14-41-49_VNINS.csv,lap,8,49973,1249.430720,5.160671,3680.361,79.765,-2.065145,,-0.414796,35.52883378,-97.47550154,49.750,20.434,-7.389,-4.471,0.870
VN300_2026-07-12_14-41-49_VNINS.csv,lap,8,49974,1249.430720,5.160671,3680.918,80.322,-2.065145,,-0.414796,35.52883865,-97.47550009,49.676,21.359,-7.703,-4.783,0.870
VN300_2026-07-12_14-41-49_VNINS.csv,lap,8,49975,1249.430720,5.160671,3682.010,81.414,-2.341318,,-0.414796,35.52884196,-97.47551145,49.087,22.345,-7.963,-5.266,0.860
VN300_2026-07-12_14-41-49_VNINS.csv,lap,8,49976,1249.430720,5.160671,3682.559,81.963,-2.341318,,-0.414796,35.52884680,-97.47551025,49.089,23.423,-8.144,-5.847,0.860
VN300_2026-07-12_14-41-49_VNINS.csv,lap,8,49977,1250.131709,5.861660,3683.108,82.512,-1.640329,,-0.414796,35.52885163,-97.47550899,48.944,24.511,-8.298,-6.183,0.860
VN300_2026-07-12_14-41-49_VNINS.csv,lap,8,49978,1250.131709,5.861660,3683.655,83.059,-1.640329,,-0.414796,35.52885644,-97.47550771,48.787,25.627,-8.466,-6.682,0.870
VN300_2026-07-12_14-41-49_VNINS.csv,lap,8,49979,1250.131709,5.861660,3684.201,83.606,-1.894204,,-0.414796,35.52886124,-97.47550641,48.748,26.781,-8.584,-7.162,0.870
VN300_2026-07-12_14-41-49_VNINS.csv,lap,8,49980,1250.131709,5.861660,3684.747,84.151,-1.894204,,-0.414796,35.52886603,-97.47550510,48.637,27.908,-8.732,-7.532,0.870
VN300_2026-07-12_14-41-49_VNINS.csv,lap,8,49981,1250.131709,5.861660,3685.292,84.696,-1.894204,,-0.414796,35.52887081,-97.47550377,48.622,29.023,-8.822,-7.734,0.870
VN300_2026-07-12_14-41-49_VNINS.csv,lap,8,49982,1250.131709,5.861660,3685.836,85.240,-1.894204,,-0.414796,35.52887557,-97.47550241,48.425,30.076,-8.893,-8.113,0.870
VN300_2026-07-12_14-41-49_VNINS.csv,lap,8,49983,1250.131709,5.861660,3686.500,85.904,-2.147638,,-0.414796,35.52887706,-97.47550952,47.597,31.047,-9.046,-8.554,0.860
VN300_2026-07-12_14-41-49_VNINS.csv,lap,8,49984,1250.131709,5.861660,3687.032,86.436,-2.147638,,-0.414796,35.52888173,-97.47550825,47.458,31.947,-9.181,-8.781,0.860
VN300_2026-07-12_14-41-49_VNINS.csv,lap,8,49985,1250.131709,5.861660,3687.563,86.967,-2.147638,,-0.414796,35.52888639,-97.47550694,47.334,32.773,-9.348,-8.980,0.860
VN300_2026-07-12_14-41-49_VNINS.csv,lap,8,49986,1250.131709,5.861660,3688.092,87.496,-2.147638,,-0.414796,35.52889102,-97.47550559,47.169,33.500,-9.487,-9.044,0.860
VN300_2026-07-12_14-41-49_VNINS.csv,lap,8,49987,1250.131709,5.861660,3688.620,88.024,-2.401148,,-0.414796,35.52889563,-97.47550420,47.117,34.086,-9.571,-9.207,0.860
VN300_2026-07-12_14-41-49_VNINS.csv,lap,8,49988,1250.131709,5.861660,3689.149,88.553,-2.401148,,-0.414796,35.52890024,-97.47550279,47.182,34.492,-9.703,-9.301,0.860
VN300_2026-07-12_14-41-49_VNINS.csv,lap,8,49989,1250.131709,5.861660,3689.677,89.081,-2.401148,,-0.414796,35.52890485,-97.47550137,47.248,34.675,-9.910,-9.122,0.860
VN300_2026-07-12_14-41-49_VNINS.csv,lap,8,49990,1250.131709,5.861660,3690.207,89.611,-2.401148,,-0.414796,35.52890947,-97.47549992,47.260,34.724,-10.043,-8.811,0.860
VN300_2026-07-12_14-41-49_VNINS.csv,lap,8,49991,1250.131709,5.861660,3690.691,90.095,-2.678214,,-0.414796,35.52891059,-97.47550509,46.506,34.671,-10.126,-9.240,0.850
VN300_2026-07-12_14-41-49_VNINS.csv,lap,8,49992,1250.131709,5.861660,3691.213,90.617,-2.678214,,-0.414796,35.52891515,-97.47550372,46.593,34.502,-10.206,-9.142,0.850
VN300_2026-07-12_14-41-49_VNINS.csv,lap,8,49993,1250.131709,5.861660,3691.735,91.139,-2.678214,,-0.414796,35.52891970,-97.47550233,46.682,34.302,-10.330,-8.793,0.850
VN300_2026-07-12_14-41-49_VNINS.csv,lap,8,49994,1250.131709,5.861660,3692.256,91.660,-2.678214,,-0.414796,35.52892425,-97.47550092,46.427,34.116,-10.560,-8.744,0.860
VN300_2026-07-12_14-41-49_VNINS.csv,lap,8,49995,1250.131709,5.861660,3692.775,92.179,-2.814567,,-0.414796,35.52892876,-97.47549947,46.427,34.138,-10.954,-9.140,0.860
VN300_2026-07-12_14-41-49_VNINS.csv,lap,8,49996,1250.131709,5.861660,3693.296,92.700,-2.932125,,-0.414796,35.52893329,-97.47549799,46.534,34.417,-11.223,-9.178,0.860
VN300_2026-07-12_14-41-49_VNINS.csv,lap,8,49997,1250.131709,5.861660,3693.818,93.222,-2.932125,,-0.414796,35.52893782,-97.47549649,46.643,34.961,-11.400,-9.227,0.860
VN300_2026-07-12_14-41-49_VNINS.csv,lap,8,49998,1250.131709,5.861660,3694.340,93.744,-2.932125,,-0.414796,35.52894235,-97.47549496,46.786,35.656,-11.447,-9.389,0.860
VN300_2026-07-12_14-41-49_VNINS.csv,lap,8,49999,1250.131709,5.861660,3694.883,94.287,-2.932125,,-0.414796,35.52894335,-97.47550083,45.983,36.503,-11.433,-9.604,0.850
VN300_2026-07-12_14-41-49_VNINS.csv,lap,8,50000,1250.131709,5.861660,3695.397,94.801,-3.185968,,-0.414796,35.52894783,-97.47549941,45.952,37.461,-11.410,-9.987,0.850
VN300_2026-07-12_14-41-49_VNINS.csv,lap,8,50001,1250.131709,5.861660,3695.912,95.316,-3.185968,,-0.414796,35.52895230,-97.47549795,46.017,38.524,-11.370,-10.409,0.850
VN300_2026-07-12_14-41-49_VNINS.csv,lap,8,50002,1250.131709,5.861660,3696.427,95.831,-3.185968,,-0.414796,35.52895677,-97.47549643,46.180,39.686,-11.225,-10.807,0.850
VN300_2026-07-12_14-41-49_VNINS.csv,lap,8,50003,1250.131709,5.861660,3696.944,96.348,-3.439411,,-0.414796,35.52896124,-97.47549487,46.212,40.981,-10.996,-11.294,0.850
VN300_2026-07-12_14-41-49_VNINS.csv,lap,8,50004,1250.131709,5.861660,3697.461,96.865,-3.439411,,-0.414796,35.52896570,-97.47549325,46.271,42.334,-10.728,-11.710,0.850
VN300_2026-07-12_14-41-49_VNINS.csv,lap,8,50005,1250.390760,6.120711,3697.977,97.381,-3.180360,,-0.414796,35.52897013,-97.47549155,46.104,43.689,-10.507,-12.253,0.850
VN300_2026-07-12_14-41-49_VNINS.csv,lap,8,50006,1250.390760,6.120711,3698.493,97.897,-3.185921,,-0.414796,35.52897454,-97.47548980,46.053,45.061,-10.371,-12.761,0.860
VN300_2026-07-12_14-41-49_VNINS.csv,lap,8,50007,1250.390760,6.120711,3699.006,98.410,-3.446420,,-0.414796,35.52897892,-97.47548799,45.907,46.475,-10.343,-13.104,0.860
VN300_2026-07-12_14-41-49_VNINS.csv,lap,8,50008,1250.390760,6.120711,3699.060,98.464,-3.446420,,-0.414796,35.52897873,-97.47548853,44.818,47.933,-10.297,-13.554,0.840
VN300_2026-07-12_14-41-49_VNINS.csv,lap,8,50009,1250.390760,6.120711,3699.559,98.963,-3.446420,,-0.414796,35.52898295,-97.47548665,44.614,49.462,-10.184,-14.028,0.840
VN300_2026-07-12_14-41-49_VNINS.csv,lap,8,50010,1250.390760,6.120711,3700.055,99.459,-3.446420,,-0.414796,35.52898713,-97.47548473,44.271,51.037,-10.031,-14.262,0.850
VN300_2026-07-12_14-41-49_VNINS.csv,lap,8,50011,1250.390760,6.120711,3700.545,99.949,-3.699941,,-0.414796,35.52899123,-97.47548273,43.801,52.596,-9.819,-14.688,0.850
VN300_2026-07-12_14-41-49_VNINS.csv,lap,8,50012,1250.390760,6.120711,3701.031,100.435,-3.699941,,-0.414796,35.52899526,-97.47548067,43.230,54.104,-9.624,-15.169,0.850
VN300_2026-07-12_14-41-49_VNINS.csv,lap,8,50013,1250.390760,6.120711,3701.512,100.916,-3.699941,,-0.414796,35.52899924,-97.47547858,43.074,55.596,-9.439,-15.343,0.850
VN300_2026-07-12_14-41-49_VNINS.csv,lap,8,50014,1250.390760,6.120711,3701.990,101.394,-3.699941,,-0.414796,35.52900317,-97.47547644,42.804,57.106,-9.234,-15.673,0.850
VN300_2026-07-12_14-41-49_VNINS.csv,lap,8,50015,1250.644310,6.374261,3702.186,101.590,-3.446391,,-0.414796,35.52900481,-97.47547566,42.183,58.596,-8.956,-16.157,0.840
VN300_2026-07-12_14-41-49_VNINS.csv,lap,8,50016,1250.644310,6.374261,3702.654,102.058,-3.700220,,-0.414796,35.52900861,-97.47547342,41.835,60.061,-8.668,-16.364,0.840
VN300_2026-07-12_14-41-49_VNINS.csv,lap,8,50017,1250.644310,6.374261,3703.119,102.523,-3.700220,,-0.414796,35.52901234,-97.47547111,41.636,61.500,-8.362,-16.719,0.840
VN300_2026-07-12_14-41-49_VNINS.csv,lap,8,50018,1250.644310,6.374261,3703.580,102.984,-3.700220,,-0.414796,35.52901602,-97.47546875,41.463,62.872,-8.077,-17.169,0.840
VN300_2026-07-12_14-41-49_VNINS.csv,lap,8,50019,1250.644310,6.374261,3704.042,103.446,-3.953674,,-0.414796,35.52901968,-97.47546635,41.253,64.177,-7.810,-17.386,0.840
VN300_2026-07-12_14-41-49_VNINS.csv,lap,8,50020,1250.644310,6.374261,3704.498,103.902,-3.953674,,-0.414796,35.52902327,-97.47546390,40.934,65.434,-7.567,-17.594,0.840
VN300_2026-07-12_14-41-49_VNINS.csv,lap,8,50021,1250.644310,6.374261,3704.952,104.356,-3.953674,,-0.414796,35.52902681,-97.47546140,40.899,66.609,-7.372,-17.856,0.840
VN300_2026-07-12_14-41-49_VNINS.csv,lap,8,50022,1250.644310,6.374261,3705.404,104.808,-3.953674,,-0.414796,35.52903030,-97.47545884,40.544,67.684,-7.195,-17.976,0.850
VN300_2026-07-12_14-41-49_VNINS.csv,lap,8,50023,1250.644310,6.374261,3705.913,105.317,-4.225648,,-0.414796,35.52903428,-97.47545606,40.230,68.720,-7.051,-18.065,0.830
VN300_2026-07-12_14-41-49_VNINS.csv,lap,8,50024,1250.644310,6.374261,3706.357,105.761,-4.225648,,-0.414796,35.52903763,-97.47545340,39.895,69.696,-6.888,-18.104,0.830
VN300_2026-07-12_14-41-49_VNINS.csv,lap,8,50025,1250.930539,6.660490,3706.797,106.201,-3.939419,,-0.414796,35.52904092,-97.47545069,39.562,70.567,-6.716,-18.222,0.830
VN300_2026-07-12_14-41-49_VNINS.csv,lap,8,50026,1250.930539,6.660490,3707.236,106.640,-3.939419,,-0.414796,35.52904416,-97.47544793,39.276,71.385,-6.555,-18.434,0.840
VN300_2026-07-12_14-41-49_VNINS.csv,lap,8,50027,1250.930539,6.660490,3707.670,107.074,-3.958003,,-0.414796,35.52904733,-97.47544512,39.147,72.046,-6.400,-18.397,0.840
VN300_2026-07-12_14-41-49_VNINS.csv,lap,8,50028,1250.930539,6.660490,3708.101,107.505,-4.193238,,-0.414796,35.52905043,-97.47544226,38.817,72.542,-6.374,-18.525,0.840
VN300_2026-07-12_14-41-49_VNINS.csv,lap,8,50029,1250.930539,6.660490,3708.530,107.934,-4.193238,,-0.414796,35.52905348,-97.47543936,38.823,72.821,-6.497,-18.556,0.840
VN300_2026-07-12_14-41-49_VNINS.csv,lap,8,50030,1250.930539,6.660490,3708.957,108.361,-4.193238,,-0.414796,35.52905648,-97.47543641,38.343,72.909,-6.735,-18.484,0.840
VN300_2026-07-12_14-41-49_VNINS.csv,lap,8,50031,1250.930539,6.660490,3709.910,109.314,-4.446757,,-0.414796,35.52906422,-97.47543190,39.645,72.790,-7.151,-18.381,0.830
VN300_2026-07-12_14-41-49_VNINS.csv,lap,8,50032,1250.930539,6.660490,3710.349,109.753,-4.446757,,-0.414796,35.52906728,-97.47542883,39.610,72.510,-7.655,-17.992,0.830
VN300_2026-07-12_14-41-49_VNINS.csv,lap,8,50033,1250.930539,6.660490,3710.788,110.192,-4.554004,,-0.414796,35.52907032,-97.47542573,39.476,72.077,-8.109,-17.488,0.830
VN300_2026-07-12_14-41-49_VNINS.csv,lap,8,50034,1250.930539,6.660490,3711.225,110.629,-4.700148,,-0.414796,35.52907333,-97.47542263,39.344,71.514,-8.651,-17.413,0.830
VN300_2026-07-12_14-41-49_VNINS.csv,lap,8,50035,1250.930539,6.660490,3711.663,111.067,-4.700148,,-0.414796,35.52907635,-97.47541953,39.331,70.921,-9.156,-16.879,0.830
VN300_2026-07-12_14-41-49_VNINS.csv,lap,8,50036,1250.930539,6.660490,3712.098,111.502,-4.700148,,-0.414796,35.52907936,-97.47541646,39.259,70.411,-9.674,-16.560,0.830
VN300_2026-07-12_14-41-49_VNINS.csv,lap,8,50037,1251.184698,6.914649,3712.534,111.938,-4.712363,,-0.414796,35.52908239,-97.47541339,39.366,69.869,-10.009,-16.199,0.830
VN300_2026-07-12_14-41-49_VNINS.csv,lap,8,50038,1251.184698,6.914649,3712.972,112.376,-4.712363,,-0.414796,35.52908544,-97.47541033,39.505,69.265,-10.181,-15.978,0.830
VN300_2026-07-12_14-41-49_VNINS.csv,lap,8,50039,1251.184698,6.914649,3714.142,113.546,-4.966120,,-0.414796,35.52909574,-97.47540767,40.926,68.618,-10.253,-15.714,0.820
VN300_2026-07-12_14-41-49_VNINS.csv,lap,8,50040,1251.184698,6.914649,3714.598,114.002,-4.966120,,-0.414796,35.52909899,-97.47540460,40.915,68.033,-10.438,-15.888,0.820
VN300_2026-07-12_14-41-49_VNINS.csv,lap,8,50041,1251.184698,6.914649,3715.055,114.459,-4.966120,,-0.414796,35.52910228,-97.47540157,41.335,67.502,-10.746,-15.411,0.820
VN300_2026-07-12_14-41-49_VNINS.csv,lap,8,50042,1251.184698,6.914649,3715.516,114.920,-5.219672,,-0.414796,35.52910561,-97.47539854,41.373,67.116,-11.098,-15.075,0.820
VN300_2026-07-12_14-41-49_VNINS.csv,lap,8,50043,1251.184698,6.914649,3715.977,115.381,-5.219672,,-0.414796,35.52910896,-97.47539554,41.613,66.586,-11.451,-15.145,0.830
VN300_2026-07-12_14-41-49_VNINS.csv,lap,8,50044,1251.184698,6.914649,3716.443,115.847,-5.219672,,-0.414796,35.52911236,-97.47539253,42.100,65.970,-11.733,-15.099,0.830
VN300_2026-07-12_14-41-49_VNINS.csv,lap,8,50045,1251.184698,6.914649,3716.915,116.319,-5.473088,,-0.414796,35.52911582,-97.47538951,42.581,65.164,-11.832,-14.657,0.830
VN300_2026-07-12_14-41-49_VNINS.csv,lap,8,50046,1251.184698,6.914649,3717.390,116.794,-5.473088,,-0.414796,35.52911931,-97.47538648,42.704,64.397,-11.980,-14.480,0.830
VN300_2026-07-12_14-41-49_VNINS.csv,lap,8,50047,1251.438164,7.168115,3717.892,117.296,-5.463522,,-0.414796,35.52912366,-97.47538502,42.913,63.755,-12.168,-14.335,0.820
VN300_2026-07-12_14-41-49_VNINS.csv,lap,8,50048,1251.438164,7.168115,3718.374,117.778,-5.494334,,-0.414796,35.52912724,-97.47538200,43.680,63.130,-12.336,-13.981,0.820
VN300_2026-07-12_14-41-49_VNINS.csv,lap,8,50049,1251.438164,7.168115,3718.863,118.267,-5.494334,,-0.414796,35.52913085,-97.47537893,43.846,62.519,-12.434,-13.871,0.820
VN300_2026-07-12_14-41-49_VNINS.csv,lap,8,50050,1251.438164,7.168115,3719.354,118.758,-5.704116,,-0.414796,35.52913447,-97.47537582,44.330,61.921,-12.585,-14.056,0.820
VN300_2026-07-12_14-41-49_VNINS.csv,lap,8,50051,1251.438164,7.168115,3719.853,119.257,-5.748152,,-0.414796,35.52913815,-97.47537266,44.888,61.303,-12.694,-13.751,0.820
VN300_2026-07-12_14-41-49_VNINS.csv,lap,8,50052,1251.438164,7.168115,3720.356,119.760,-5.748152,,-0.414796,35.52914185,-97.47536947,45.266,60.908,-12.993,-13.588,0.820
VN300_2026-07-12_14-41-49_VNINS.csv,lap,8,50053,1251.438164,7.168115,3720.863,120.267,-6.001696,,-0.414796,35.52914559,-97.47536625,45.676,60.552,-13.362,-13.522,0.820
VN300_2026-07-12_14-41-49_VNINS.csv,lap,8,50054,1251.438164,7.168115,3721.376,120.780,-6.001696,,-0.414796,35.52914936,-97.47536298,46.226,60.100,-13.669,-13.347,0.820
VN300_2026-07-12_14-41-49_VNINS.csv,lap,8,50055,1251.438164,7.168115,3721.732,121.136,-6.001696,,-0.414796,35.52915231,-97.47536450,46.038,59.677,-13.917,-13.304,0.810
VN300_2026-07-12_14-41-49_VNINS.csv,lap,8,50056,1251.438164,7.168115,3722.247,121.651,-6.255432,,-0.414796,35.52915612,-97.47536126,46.184,59.185,-14.087,-13.465,0.810
VN300_2026-07-12_14-41-49_VNINS.csv,lap,8,50057,1251.691703,7.421654,3722.763,122.167,-6.001893,,-0.414796,35.52915990,-97.47535796,46.349,58.678,-14.156,-13.293,0.810
VN300_2026-07-12_14-41-49_VNINS.csv,lap,8,50058,1251.691703,7.421654,3723.283,122.687,-6.001893,,-0.414796,35.52916371,-97.47535463,46.762,58.253,-14.240,-13.149,0.810
VN300_2026-07-12_14-41-49_VNINS.csv,lap,8,50059,1251.691703,7.421654,3723.807,123.211,-6.703308,,-0.414796,35.52916753,-97.47535124,47.020,57.899,-14.419,-13.066,0.820
VN300_2026-07-12_14-41-49_VNINS.csv,lap,8,50060,1251.691703,7.421654,3724.334,123.738,-6.703308,,-0.414796,35.52917137,-97.47534782,47.318,57.614,-14.660,-13.051,0.820
VN300_2026-07-12_14-41-49_VNINS.csv,lap,8,50061,1251.691703,7.421654,3724.863,124.267,-6.703308,,-0.414796,35.52917520,-97.47534435,47.509,57.349,-14.917,-12.944,0.820
VN300_2026-07-12_14-41-49_VNINS.csv,lap,8,50062,1251.691703,7.421654,3725.396,124.800,-6.703308,,-0.414796,35.52917904,-97.47534083,47.798,57.123,-15.211,-12.761,0.820
VN300_2026-07-12_14-41-49_VNINS.csv,lap,8,50063,1251.691703,7.421654,3726.007,125.411,-6.703308,,-0.414796,35.52918317,-97.47534528,47.349,56.931,-15.474,-12.642,0.810
VN300_2026-07-12_14-41-49_VNINS.csv,lap,8,50064,1251.691703,7.421654,3726.537,125.941,-6.703308,,-0.414796,35.52918706,-97.47534189,47.602,56.790,-15.770,-12.659,0.810
VN300_2026-07-12_14-41-49_VNINS.csv,lap,8,50065,1251.691703,7.421654,3727.072,126.476,-6.962647,,-0.414796,35.52919098,-97.47533847,47.954,56.597,-16.097,-12.285,0.810
VN300_2026-07-12_14-41-49_VNINS.csv,lap,8,50066,1251.691703,7.421654,3727.611,127.015,-6.962647,,-0.414796,35.52919493,-97.47533502,48.334,56.325,-16.359,-12.165,0.810
VN300_2026-07-12_14-41-49_VNINS.csv,lap,8,50067,1252.340874,8.070825,3728.152,127.556,-6.566944,,-0.414796,35.52919889,-97.47533153,48.591,55.872,-16.543,-12.099,0.810
VN300_2026-07-12_14-41-49_VNINS.csv,lap,8,50068,1252.340874,8.070825,3728.697,128.101,-6.566944,,-0.414796,35.52920286,-97.47532800,48.952,55.340,-16.640,-11.578,0.810
VN300_2026-07-12_14-41-49_VNINS.csv,lap,8,50069,1252.340874,8.070825,3729.246,128.650,-6.832996,,-0.414796,35.52920684,-97.47532442,49.121,54.798,-16.705,-11.270,0.810
VN300_2026-07-12_14-41-49_VNINS.csv,lap,8,50070,1252.340874,8.070825,3729.796,129.200,-6.832996,,-0.414796,35.52921083,-97.47532082,49.521,54.222,-16.859,-11.038,0.810
VN300_2026-07-12_14-41-49_VNINS.csv,lap,8,50071,1252.340874,8.070825,3730.546,129.950,-7.086794,,-0.414796,35.52921563,-97.47532664,49.329,53.553,-16.965,-10.486,0.800
VN300_2026-07-12_14-41-49_VNINS.csv,lap,8,50072,1252.340874,8.070825,3731.098,130.502,-7.086794,,-0.414796,35.52921975,-97.47532323,49.481,52.897,-17.092,-10.310,0.810
VN300_2026-07-12_14-41-49_VNINS.csv,lap,8,50073,1252.340874,8.070825,3731.653,131.057,-7.340278,,-0.414796,35.52922387,-97.47531977,49.820,52.247,-17.298,-10.211,0.810
VN300_2026-07-12_14-41-49_VNINS.csv,lap,8,50074,1252.340874,8.070825,3732.213,131.617,-7.340278,,-0.414796,35.52922803,-97.47531629,50.297,51.694,-17.613,-9.709,0.810
VN300_2026-07-12_14-41-49_VNINS.csv,lap,8,50075,1252.340874,8.070825,3732.779,132.183,-7.593683,,-0.414796,35.52923224,-97.47531278,50.759,51.203,-17.808,-9.786,0.810
VN300_2026-07-12_14-41-49_VNINS.csv,lap,8,50076,1252.340874,8.070825,3733.350,132.754,-7.593683,,-0.414796,35.52923650,-97.47530924,51.243,50.643,-17.850,-9.353,0.810
VN300_2026-07-12_14-41-49_VNINS.csv,lap,8,50077,1252.340874,8.070825,3733.924,133.328,-7.864258,,-0.414796,35.52924077,-97.47530568,51.391,50.130,-17.824,-8.999,0.810
VN300_2026-07-12_14-41-49_VNINS.csv,lap,8,50078,1252.340874,8.070825,3734.498,133.902,-7.864258,,-0.414796,35.52924502,-97.47530208,51.486,49.728,-17.950,-9.353,0.810
VN300_2026-07-12_14-41-49_VNINS.csv,lap,8,50079,1252.340874,8.070825,3735.542,134.946,-8.118053,,-0.414796,35.52925029,-97.47531163,51.273,49.512,-18.174,-9.073,0.800
VN300_2026-07-12_14-41-49_VNINS.csv,lap,8,50080,1252.340874,8.070825,3736.117,135.521,-8.371797,,-0.414796,35.52925475,-97.47530843,51.595,49.315,-18.510,-8.732,0.800
VN300_2026-07-12_14-41-49_VNINS.csv,lap,8,50081,1252.340874,8.070825,3736.694,136.098,-8.625189,,-0.414796,35.52925919,-97.47530512,51.756,49.132,-18.804,-8.754,0.800
VN300_2026-07-12_14-41-49_VNINS.csv,lap,8,50082,1252.340874,8.070825,3737.275,136.679,-8.625189,,-0.414796,35.52926366,-97.47530179,52.131,48.859,-19.100,-8.691,0.800
VN300_2026-07-12_14-41-49_VNINS.csv,lap,8,50083,1252.340874,8.070825,3737.860,137.264,-8.904998,,-0.414796,35.52926815,-97.47529843,52.455,48.569,-19.285,-8.566,0.800
VN300_2026-07-12_14-41-49_VNINS.csv,lap,8,50084,1252.340874,8.070825,3738.448,137.852,-9.147067,,-0.414796,35.52927267,-97.47529506,52.483,48.179,-19.497,-8.332,0.810
VN300_2026-07-12_14-41-49_VNINS.csv,lap,8,50085,1252.340874,8.070825,3739.037,138.441,-9.400735,,-0.414796,35.52927719,-97.47529167,52.712,47.801,-19.692,-8.243,0.810
VN300_2026-07-12_14-41-49_VNINS.csv,lap,8,50086,1252.340874,8.070825,3739.628,139.032,-9.400735,,-0.414796,35.52928172,-97.47528824,53.034,47.452,-19.875,-8.112,0.810
VN300_2026-07-12_14-41-49_VNINS.csv,lap,8,50087,1252.340874,8.070825,3740.223,139.627,-9.654189,,-0.414796,35.52928626,-97.47528477,53.329,47.154,-20.091,-7.803,0.810
VN300_2026-07-12_14-41-49_VNINS.csv,lap,8,50088,1252.340874,8.070825,3741.279,140.683,-9.920641,,-0.414796,35.52929071,-97.47529508,52.829,46.891,-20.284,-7.796,0.800
VN300_2026-07-12_14-41-49_VNINS.csv,lap,8,50089,1252.340874,8.070825,3741.871,141.275,-9.920641,,-0.414796,35.52929541,-97.47529201,53.189,46.765,-20.446,-7.780,0.800
VN300_2026-07-12_14-41-49_VNINS.csv,lap,8,50090,1252.340874,8.070825,3742.467,141.871,-9.920641,,-0.414796,35.52930011,-97.47528883,53.514,46.646,-20.558,-7.700,0.800
VN300_2026-07-12_14-41-49_VNINS.csv,lap,8,50091,1252.340874,8.070825,3743.067,142.471,-10.174124,,-0.414796,35.52930483,-97.47528563,53.642,46.472,-20.656,-7.670,0.800
VN300_2026-07-12_14-41-49_VNINS.csv,lap,8,50092,1252.340874,8.070825,3743.669,143.073,-10.174124,,-0.414796,35.52930956,-97.47528240,53.894,46.370,-20.762,-7.585,0.800
VN300_2026-07-12_14-41-49_VNINS.csv,lap,8,50093,1252.599270,8.329221,3744.273,143.677,-9.915728,,-0.414796,35.52931430,-97.47527914,54.140,46.259,-20.850,-7.542,0.800
VN300_2026-07-12_14-41-49_VNINS.csv,lap,8,50094,1252.599270,8.329221,3744.880,144.284,-10.169499,,-0.414796,35.52931905,-97.47527583,54.244,46.152,-20.881,-7.588,0.800
VN300_2026-07-12_14-41-49_VNINS.csv,lap,8,50095,1252.599270,8.329221,3746.001,145.405,-10.169499,,-0.414796,35.52932339,-97.47528702,53.709,46.191,-20.879,-7.713,0.800
VN300_2026-07-12_14-41-49_VNINS.csv,lap,8,50096,1252.599270,8.329221,3746.603,146.007,-10.423039,,-0.414796,35.52932821,-97.47528401,53.752,46.290,-20.884,-7.826,0.800
VN300_2026-07-12_14-41-49_VNINS.csv,lap,8,50097,1252.599270,8.329221,3747.204,146.608,-10.423039,,-0.414796,35.52933300,-97.47528092,53.839,46.336,-20.982,-7.928,0.800
VN300_2026-07-12_14-41-49_VNINS.csv,lap,8,50098,1252.599270,8.329221,3747.806,147.210,-10.423039,,-0.414796,35.52933777,-97.47527778,53.940,46.509,-21.177,-8.102,0.800
VN300_2026-07-12_14-41-49_VNINS.csv,lap,8,50099,1252.599270,8.329221,3748.413,147.817,-10.574336,,-0.414796,35.52934257,-97.47527458,54.393,46.529,-21.192,-8.023,0.800
VN300_2026-07-12_14-41-49_VNINS.csv,lap,8,50100,1252.599270,8.329221,3749.023,148.427,-10.775627,,-0.414796,35.52934737,-97.47527133,54.656,46.539,-21.141,-8.166,0.800
VN300_2026-07-12_14-41-49_VNINS.csv,lap,8,50101,1252.599270,8.329221,3749.633,149.037,-10.775627,,-0.414796,35.52935216,-97.47526804,54.726,46.421,-20.942,-8.335,0.800
VN300_2026-07-12_14-41-49_VNINS.csv,lap,8,50102,1252.599270,8.329221,3750.248,149.652,-10.775627,,-0.414796,35.52935699,-97.47526472,55.204,46.346,-20.929,-8.228,0.800
VN300_2026-07-12_14-41-49_VNINS.csv,lap,8,50103,1252.852753,8.582704,3751.560,150.964,-10.776857,,-0.414796,35.52936246,-97.47527757,54.846,46.419,-20.978,-8.241,0.790
VN300_2026-07-12_14-41-49_VNINS.csv,lap,8,50104,1252.852753,8.582704,3752.175,151.579,-10.776857,,-0.414796,35.52936745,-97.47527464,55.172,46.544,-21.229,-8.328,0.790
VN300_2026-07-12_14-41-49_VNINS.csv,lap,8,50105,1252.852753,8.582704,3752.795,152.199,-10.776857,,-0.414796,35.52937247,-97.47527167,55.447,46.713,-21.503,-8.384,0.790
VN300_2026-07-12_14-41-49_VNINS.csv,lap,8,50106,1252.852753,8.582704,3753.417,152.821,-10.951208,,-0.414796,35.52937750,-97.47526866,55.754,46.768,-21.644,-8.514,0.800
VN300_2026-07-12_14-41-49_VNINS.csv,lap,8,50107,1252.852753,8.582704,3754.042,153.446,-11.030225,,-0.414796,35.52938253,-97.47526559,55.951,46.878,-21.745,-8.320,0.800
VN300_2026-07-12_14-41-49_VNINS.csv,lap,8,50108,1252.852753,8.582704,3754.669,154.073,-11.030225,,-0.414796,35.52938757,-97.47526246,56.167,46.998,-21.796,-8.422,0.800
VN300_2026-07-12_14-41-49_VNINS.csv,lap,8,50109,1252.852753,8.582704,3755.299,154.703,-11.030225,,-0.414796,35.52939261,-97.47525929,56.459,47.100,-21.881,-8.559,0.800
VN300_2026-07-12_14-41-49_VNINS.csv,lap,8,50110,1252.852753,8.582704,3755.931,155.335,-11.283672,,-0.414796,35.52939765,-97.47525607,56.471,47.253,-21.923,-8.326,0.800
VN300_2026-07-12_14-41-49_VNINS.csv,lap,8,50111,1252.852753,8.582704,3757.320,156.724,-11.283672,,-0.414796,35.52940297,-97.47526996,56.059,47.512,-22.021,-8.426,0.790
VN300_2026-07-12_14-41-49_VNINS.csv,lap,8,50112,1252.852753,8.582704,3757.948,157.352,-11.551060,,-0.414796,35.52940812,-97.47526711,56.270,47.908,-22.253,-8.546,0.790
VN300_2026-07-12_14-41-49_VNINS.csv,lap,8,50113,1253.122084,8.852035,3758.577,157.981,-11.281729,,-0.414796,35.52941327,-97.47526422,56.253,48.335,-22.428,-8.709,0.790
VN300_2026-07-12_14-41-49_VNINS.csv,lap,8,50114,1253.122084,8.852035,3759.208,158.612,-11.281729,,-0.414796,35.52941843,-97.47526133,56.402,48.767,-22.540,-8.901,0.790
VN300_2026-07-12_14-41-49_VNINS.csv,lap,8,50115,1253.122084,8.852035,3759.840,159.244,-11.281729,,-0.414796,35.52942357,-97.47525836,56.580,49.136,-22.338,-8.783,0.790
VN300_2026-07-12_14-41-49_VNINS.csv,lap,8,50116,1253.122084,8.852035,3760.474,159.878,-11.281729,,-0.414796,35.52942872,-97.47525535,56.773,49.463,-22.135,-8.931,0.790
VN300_2026-07-12_14-41-49_VNINS.csv,lap,8,50117,1253.122084,8.852035,3761.110,160.514,-11.535572,,-0.414796,35.52943388,-97.47525232,57.008,49.732,-22.011,-9.114,0.800
VN300_2026-07-12_14-41-49_VNINS.csv,lap,8,50118,1253.122084,8.852035,3761.748,161.152,-11.535572,,-0.414796,35.52943906,-97.47524927,57.235,49.991,-22.079,-8.975,0.800
VN300_2026-07-12_14-41-49_VNINS.csv,lap,8,50119,1253.122084,8.852035,3763.208,162.612,-11.535572,,-0.414796,35.52944492,-97.47526370,56.905,50.257,-22.129,-8.811,0.790
VN300_2026-07-12_14-41-49_VNINS.csv,lap,8,50120,1253.122084,8.852035,3763.845,163.249,-11.535572,,-0.414796,35.52945024,-97.47526109,57.099,50.570,-22.210,-8.897,0.790
VN300_2026-07-12_14-41-49_VNINS.csv,lap,8,50121,1253.122084,8.852035,3764.483,163.887,-11.789096,,-0.414796,35.52945557,-97.47525846,57.145,50.793,-22.289,-8.681,0.790
VN300_2026-07-12_14-41-49_VNINS.csv,lap,8,50122,1253.122084,8.852035,3765.121,164.525,-11.789096,,-0.414796,35.52946087,-97.47525577,57.003,51.053,-22.353,-8.450,0.790
VN300_2026-07-12_14-41-49_VNINS.csv,lap,8,50123,1253.122084,8.852035,3765.757,165.161,-11.789096,,-0.414796,35.52946615,-97.47525308,56.845,51.288,-22.396,-8.529,0.790
VN300_2026-07-12_14-41-49_VNINS.csv,lap,8,50124,1253.375974,9.105925,3766.393,165.797,-11.535206,,-0.414796,35.52947141,-97.47525032,56.974,51.502,-22.468,-8.197,0.790
VN300_2026-07-12_14-41-49_VNINS.csv,lap,8,50125,1253.375974,9.105925,3767.030,166.434,-11.535206,,-0.414796,35.52947667,-97.47524752,57.068,51.769,-22.548,-8.230,0.790
VN300_2026-07-12_14-41-49_VNINS.csv,lap,8,50126,1253.375974,9.105925,3767.668,167.072,-11.656994,,-0.414796,35.52948193,-97.47524469,57.321,52.025,-22.573,-8.167,0.800
VN300_2026-07-12_14-41-49_VNINS.csv,lap,8,50127,1253.375974,9.105925,3768.310,167.714,-11.788654,,-0.414796,35.52948721,-97.47524182,57.465,52.263,-22.627,-8.119,0.800
VN300_2026-07-12_14-41-49_VNINS.csv,lap,8,50128,1253.375974,9.105925,3769.882,169.286,-11.788654,,-0.414796,35.52949326,-97.47525751,57.051,52.770,-22.649,-8.229,0.790
VN300_2026-07-12_14-41-49_VNINS.csv,lap,8,50129,1253.375974,9.105925,3770.519,169.923,-11.788654,,-0.414796,35.52949864,-97.47525508,57.187,53.213,-22.718,-8.228,0.790
VN300_2026-07-12_14-41-49_VNINS.csv,lap,8,50130,1253.375974,9.105925,3771.155,170.559,-11.788654,,-0.414796,35.52950400,-97.47525261,57.129,53.681,-22.753,-8.460,0.790
VN300_2026-07-12_14-41-49_VNINS.csv,lap,8,50131,1253.375974,9.105925,3771.794,171.198,-11.842573,,-0.414796,35.52950937,-97.47525011,57.295,54.162,-22.823,-8.523,0.790
VN300_2026-07-12_14-41-49_VNINS.csv,lap,8,50132,1253.375974,9.105925,3772.433,171.837,-12.060740,,-0.414796,35.52951474,-97.47524759,57.431,54.626,-22.868,-8.783,0.790
VN300_2026-07-12_14-41-49_VNINS.csv,lap,8,50133,1253.375974,9.105925,3773.074,172.478,-12.060740,,-0.414796,35.52952012,-97.47524504,57.646,54.986,-22.864,-8.948,0.790
VN300_2026-07-12_14-41-49_VNINS.csv,lap,8,50134,1253.629438,9.359389,3773.716,173.120,-11.807276,,-0.414796,35.52952551,-97.47524250,57.591,55.361,-22.842,-8.997,0.790
VN300_2026-07-12_14-41-49_VNINS.csv,lap,8,50135,1253.629438,9.359389,3775.112,174.516,-11.807276,,-0.414796,35.52953186,-97.47525580,57.259,55.772,-22.900,-9.161,0.780
VN300_2026-07-12_14-41-49_VNINS.csv,lap,8,50136,1253.629438,9.359389,3775.748,175.152,-11.807276,,-0.414796,35.52953732,-97.47525369,57.331,56.167,-23.034,-9.199,0.790
VN300_2026-07-12_14-41-49_VNINS.csv,lap,8,50137,1253.629438,9.359389,3776.385,175.789,-12.059542,,-0.414796,35.52954279,-97.47525161,57.315,56.432,-23.124,-9.138,0.790
VN300_2026-07-12_14-41-49_VNINS.csv,lap,8,50138,1253.629438,9.359389,3777.020,176.424,-12.060879,,-0.414796,35.52954826,-97.47524957,57.123,56.685,-23.248,-8.950,0.790
VN300_2026-07-12_14-41-49_VNINS.csv,lap,8,50139,1253.629438,9.359389,3777.655,177.059,-12.060879,,-0.414796,35.52955372,-97.47524754,56.882,56.976,-23.552,-9.042,0.790
VN300_2026-07-12_14-41-49_VNINS.csv,lap,8,50140,1253.629438,9.359389,3778.285,177.689,-12.060879,,-0.414796,35.52955916,-97.47524558,56.689,57.195,-23.955,-8.741,0.790
VN300_2026-07-12_14-41-49_VNINS.csv,lap,8,50141,1253.629438,9.359389,3778.916,178.320,-12.060879,,-0.414796,35.52956461,-97.47524364,56.646,57.334,-24.224,-8.545,0.790
VN300_2026-07-12_14-41-49_VNINS.csv,lap,8,50142,1253.629438,9.359389,3779.546,178.950,-12.060879,,-0.414796,35.52957006,-97.47524175,56.528,57.358,-24.382,-8.336,0.790
VN300_2026-07-12_14-41-49_VNINS.csv,lap,8,50143,1253.629438,9.359389,3780.904,180.308,-12.060879,,-0.414796,35.52957603,-97.47525484,55.915,57.383,-24.517,-8.022,0.780
VN300_2026-07-12_14-41-49_VNINS.csv,lap,8,50144,1253.882908,9.612859,3781.525,180.929,-12.011245,,-0.414796,35.52958150,-97.47525341,55.896,57.423,-24.622,-7.984,0.780
VN300_2026-07-12_14-41-49_VNINS.csv,lap,8,50145,1253.882908,9.612859,3782.146,181.550,-12.061149,,-0.414796,35.52958697,-97.47525205,55.599,57.406,-24.726,-7.603,0.790
VN300_2026-07-12_14-41-49_VNINS.csv,lap,8,50146,1253.882908,9.612859,3782.766,182.170,-12.061149,,-0.414796,35.52959244,-97.47525073,55.590,57.434,-24.876,-7.429,0.790
VN300_2026-07-12_14-41-49_VNINS.csv,lap,8,50147,1253.882908,9.612859,3783.387,182.791,-12.061149,,-0.414796,35.52959793,-97.47524947,55.642,57.374,-24.994,-7.358,0.790
VN300_2026-07-12_14-41-49_VNINS.csv,lap,8,50148,1253.882908,9.612859,3784.007,183.411,-12.061149,,-0.414796,35.52960342,-97.47524828,55.563,57.300,-25.076,-6.904,0.790
VN300_2026-07-12_14-41-49_VNINS.csv,lap,8,50149,1253.882908,9.612859,3784.628,184.032,-12.061149,,-0.414796,35.52960893,-97.47524714,55.521,57.204,-25.112,-6.805,0.790
VN300_2026-07-12_14-41-49_VNINS.csv,lap,8,50150,1253.882908,9.612859,3785.247,184.651,-12.061149,,-0.414796,35.52961443,-97.47524607,55.425,57.117,-25.152,-6.633,0.790
VN300_2026-07-12_14-41-49_VNINS.csv,lap,8,50151,1253.882908,9.612859,3786.285,185.689,-12.177753,,-0.414796,35.52961806,-97.47525664,54.803,57.101,-25.214,-6.356,0.780
VN300_2026-07-12_14-41-49_VNINS.csv,lap,8,50152,1253.882908,9.612859,3786.898,186.302,-12.314631,,-0.414796,35.52962354,-97.47525597,54.880,57.164,-25.284,-6.467,0.780
VN300_2026-07-12_14-41-49_VNINS.csv,lap,8,50153,1253.882908,9.612859,3787.511,186.915,-12.314631,,-0.414796,35.52962903,-97.47525536,54.816,57.210,-25.383,-6.158,0.780
VN300_2026-07-12_14-41-49_VNINS.csv,lap,8,50154,1253.882908,9.612859,3788.125,187.529,-12.314631,,-0.414796,35.52963454,-97.47525481,55.020,57.264,-25.434,-6.094,0.790
VN300_2026-07-12_14-41-49_VNINS.csv,lap,8,50155,1254.160542,9.890493,3788.742,188.146,-12.036997,,-0.414796,35.52964007,-97.47525431,55.159,57.283,-25.527,-6.145,0.790
VN300_2026-07-12_14-41-49_VNINS.csv,lap,8,50156,1254.160542,9.890493,3789.358,188.762,-12.036997,,-0.414796,35.52964560,-97.47525388,55.142,57.372,-25.643,-5.953,0.790
VN300_2026-07-12_14-41-49_VNINS.csv,lap,8,50157,1254.160542,9.890493,3789.976,189.380,-12.036997,,-0.414796,35.52965115,-97.47525350,55.253,57.455,-25.774,-5.893,0.790
VN300_2026-07-12_14-41-49_VNINS.csv,lap,8,50158,1254.160542,9.890493,3790.595,189.999,-12.036997,,-0.414796,35.52965671,-97.47525318,55.378,57.509,-25.911,-5.678,0.790
VN300_2026-07-12_14-41-49_VNINS.csv,lap,8,50159,1254.160542,9.890493,3791.390,190.794,-12.036997,,-0.414796,35.52965794,-97.47526183,54.736,57.580,-25.983,-5.583,0.780
VN300_2026-07-12_14-41-49_VNINS.csv,lap,8,50160,1254.160542,9.890493,3792.002,191.406,-12.036997,,-0.414796,35.52966345,-97.47526181,54.725,57.661,-26.050,-5.678,0.780
VN300_2026-07-12_14-41-49_VNINS.csv,lap,8,50161,1254.160542,9.890493,3792.617,192.021,-12.036997,,-0.414796,35.52966898,-97.47526186,55.064,57.671,-26.123,-5.436,0.780
VN300_2026-07-12_14-41-49_VNINS.csv,lap,8,50162,1254.160542,9.890493,3793.235,192.639,-12.036997,,-0.414796,35.52967453,-97.47526199,55.249,57.687,-26.174,-5.264,0.780
VN300_2026-07-12_14-41-49_VNINS.csv,lap,8,50163,1254.160542,9.890493,3793.854,193.258,-12.036997,,-0.414796,35.52968010,-97.47526220,55.444,57.636,-26.261,-5.217,0.790
VN300_2026-07-12_14-41-49_VNINS.csv,lap,8,50164,1254.160542,9.890493,3794.475,193.879,-12.036997,,-0.414796,35.52968568,-97.47526248,55.600,57.529,-26.350,-5.031,0.790
VN300_2026-07-12_14-41-49_VNINS.csv,lap,8,50165,1254.160542,9.890493,3795.098,194.502,-12.036997,,-0.414796,35.52969127,-97.47526283,55.780,57.369,-26.446,-4.880,0.790
VN300_2026-07-12_14-41-49_VNINS.csv,lap,8,50166,1254.414412,10.144363,3795.723,195.127,-11.783127,,-0.414796,35.52969688,-97.47526326,56.085,57.214,-26.573,-4.742,0.790
VN300_2026-07-12_14-41-49_VNINS.csv,lap,8,50167,1254.414412,10.144363,3796.349,195.753,-11.783127,,-0.414796,35.52970250,-97.47526378,56.239,56.983,-26.688,-4.422,0.790
VN300_2026-07-12_14-41-49_VNINS.csv,lap,8,50168,1254.414412,10.144363,3797.042,196.446,-11.783127,,-0.414796,35.52970130,-97.47527129,55.430,56.716,-26.771,-4.198,0.780
VN300_2026-07-12_14-41-49_VNINS.csv,lap,8,50169,1254.414412,10.144363,3797.661,197.065,-11.783127,,-0.414796,35.52970683,-97.47527206,55.638,56.391,-26.840,-3.834,0.780
VN300_2026-07-12_14-41-49_VNINS.csv,lap,8,50170,1254.414412,10.144363,3798.281,197.685,-11.783127,,-0.414796,35.52971237,-97.47527290,55.763,56.060,-26.909,-3.512,0.780
VN300_2026-07-12_14-41-49_VNINS.csv,lap,8,50171,1254.414412,10.144363,3798.905,198.309,-11.783127,,-0.414796,35.52971793,-97.47527379,56.024,55.729,-27.040,-3.415,0.780
VN300_2026-07-12_14-41-49_VNINS.csv,lap,8,50172,1254.414412,10.144363,3799.529,198.933,-11.783127,,-0.414796,35.52972349,-97.47527477,56.447,55.431,-27.238,-3.004,0.790
VN300_2026-07-12_14-41-49_VNINS.csv,lap,8,50173,1254.414412,10.144363,3800.158,199.562,-11.783127,,-0.414796,35.52972908,-97.47527583,56.829,55.140,-27.467,-2.468,0.790
VN300_2026-07-12_14-41-49_VNINS.csv,lap,8,50174,1254.414412,10.144363,3800.790,200.194,-11.783127,,-0.414796,35.52973468,-97.47527697,57.181,54.718,-27.649,-2.171,0.790
VN300_2026-07-12_14-41-49_VNINS.csv,lap,8,50175,1254.414412,10.144363,3801.512,200.916,-11.783127,,-0.414796,35.52973128,-97.47528377,56.203,54.214,-27.714,-1.893,0.780
VN300_2026-07-12_14-41-49_VNINS.csv,lap,8,50176,1254.667989,10.397940,3802.135,201.539,-11.529550,,-0.414796,35.52973677,-97.47528515,56.514,53.715,-27.720,-1.607,0.780
VN300_2026-07-12_14-41-49_VNINS.csv,lap,8,50177,1254.667989,10.397940,3802.761,202.165,-11.529550,,-0.414796,35.52974228,-97.47528660,56.935,53.397,-27.765,-1.236,0.780
VN300_2026-07-12_14-41-49_VNINS.csv,lap,8,50178,1254.667989,10.397940,3803.389,202.793,-11.529550,,-0.414796,35.52974779,-97.47528811,57.005,53.316,-27.927,-0.952,0.780
VN300_2026-07-12_14-41-49_VNINS.csv,lap,8,50179,1254.667989,10.397940,3804.019,203.423,-11.529550,,-0.414796,35.52975331,-97.47528968,57.510,53.360,-28.145,-0.834,0.780
VN300_2026-07-12_14-41-49_VNINS.csv,lap,8,50180,1254.667989,10.397940,3804.654,204.058,-11.529550,,-0.414796,35.52975886,-97.47529133,58.067,53.425,-28.263,-0.832,0.790
VN300_2026-07-12_14-41-49_VNINS.csv,lap,8,50181,1254.667989,10.397940,3805.294,204.698,-11.529550,,-0.414796,35.52976444,-97.47529305,58.551,53.551,-28.332,-0.934,0.790
VN300_2026-07-12_14-41-49_VNINS.csv,lap,8,50182,1254.667989,10.397940,3805.937,205.341,-11.529550,,-0.414796,35.52977004,-97.47529483,59.052,53.675,-28.327,-0.844,0.790
VN300_2026-07-12_14-41-49_VNINS.csv,lap,8,50183,1254.667989,10.397940,3806.747,206.151,-11.529550,,-0.414796,35.52976457,-97.47530074,57.622,53.997,-28.350,-0.772,0.780
VN300_2026-07-12_14-41-49_VNINS.csv,lap,8,50184,1254.667989,10.397940,3807.371,206.775,-11.529550,,-0.414796,35.52976994,-97.47530274,58.080,54.464,-28.495,-0.991,0.780
VN300_2026-07-12_14-41-49_VNINS.csv,lap,8,50185,1254.667989,10.397940,3808.006,207.410,-11.529550,,-0.414796,35.52977540,-97.47530479,58.582,54.968,-28.626,-1.364,0.780
VN300_2026-07-12_14-41-49_VNINS.csv,lap,8,50186,1254.921370,10.651321,3808.647,208.051,-11.276169,,-0.414796,35.52978090,-97.47530692,59.295,55.471,-28.598,-1.663,0.780
VN300_2026-07-12_14-41-49_VNINS.csv,lap,8,50187,1254.921370,10.651321,3809.292,208.696,-11.276169,,-0.414796,35.52978642,-97.47530911,59.715,56.010,-28.511,-1.846,0.780
VN300_2026-07-12_14-41-49_VNINS.csv,lap,8,50188,1254.921370,10.651321,3809.940,209.344,-11.276169,,-0.414796,35.52979196,-97.47531133,60.087,56.606,-28.509,-2.140,0.790
VN300_2026-07-12_14-41-49_VNINS.csv,lap,8,50189,1254.921370,10.651321,3810.592,209.996,-11.276169,,-0.414796,35.52979752,-97.47531362,60.507,57.219,-28.620,-2.434,0.790
VN300_2026-07-12_14-41-49_VNINS.csv,lap,8,50190,1254.921370,10.651321,3811.249,210.653,-11.276169,,-0.414796,35.52980311,-97.47531597,60.974,57.873,-28.707,-2.686,0.790
VN300_2026-07-12_14-41-49_VNINS.csv,lap,8,50191,1254.921370,10.651321,3812.083,211.487,-11.276169,,-0.414796,35.52979601,-97.47531896,59.155,58.551,-28.600,-2.977,0.780
VN300_2026-07-12_14-41-49_VNINS.csv,lap,8,50192,1254.921370,10.651321,3812.719,212.123,-11.276169,,-0.414796,35.52980137,-97.47532141,59.459,59.203,-28.343,-3.526,0.780
VN300_2026-07-12_14-41-49_VNINS.csv,lap,8,50193,1254.921370,10.651321,3813.366,212.770,-11.276169,,-0.414796,35.52980682,-97.47532390,60.105,59.855,-28.135,-3.804,0.780
VN300_2026-07-12_14-41-49_VNINS.csv,lap,8,50194,1254.921370,10.651321,3814.017,213.421,-11.276169,,-0.414796,35.52981230,-97.47532644,60.512,60.454,-28.092,-3.733,0.780
VN300_2026-07-12_14-41-49_VNINS.csv,lap,8,50195,1254.921370,10.651321,3814.672,214.076,-11.276169,,-0.414796,35.52981780,-97.47532902,60.552,61.011,-28.292,-4.023,0.780
VN300_2026-07-12_14-41-49_VNINS.csv,lap,8,50196,1255.205943,10.935894,3815.329,214.733,-10.991596,,-0.414796,35.52982332,-97.47533162,60.941,61.416,-28.621,-4.244,0.780
VN300_2026-07-12_14-41-49_VNINS.csv,lap,8,50197,1255.205943,10.935894,3815.990,215.394,-10.991596,,-0.414796,35.52982886,-97.47533427,61.488,61.673,-28.906,-3.887,0.790
VN300_2026-07-12_14-41-49_VNINS.csv,lap,8,50198,1255.205943,10.935894,3816.655,216.059,-10.991596,,-0.414796,35.52983442,-97.47533697,61.949,61.740,-29.115,-3.709,0.790
VN300_2026-07-12_14-41-49_VNINS.csv,lap,8,50199,1255.205943,10.935894,3817.549,216.953,-10.991596,,-0.414796,35.52982643,-97.47533806,59.854,61.677,-29.098,-3.738,0.780
VN300_2026-07-12_14-41-49_VNINS.csv,lap,8,50200,1255.205943,10.935894,3818.192,217.596,-10.991596,,-0.414796,35.52983175,-97.47534085,60.212,61.485,-28.973,-3.398,0.780
VN300_2026-07-12_14-41-49_VNINS.csv,lap,8,50201,1255.205943,10.935894,3818.844,218.249,-10.991596,,-0.414796,35.52983715,-97.47534367,60.726,61.285,-28.897,-2.946,0.780
VN300_2026-07-12_14-41-49_VNINS.csv,lap,8,50202,1255.205943,10.935894,3819.501,218.905,-10.991596,,-0.414796,35.52984257,-97.47534655,61.323,61.057,-28.910,-2.674,0.780
VN300_2026-07-12_14-41-49_VNINS.csv,lap,8,50203,1255.205943,10.935894,3820.163,219.567,-10.991596,,-0.414796,35.52984802,-97.47534948,61.802,60.832,-29.072,-2.413,0.780
VN300_2026-07-12_14-41-49_VNINS.csv,lap,8,50204,1255.205943,10.935894,3820.830,220.234,-10.991596,,-0.414796,35.52985351,-97.47535247,62.387,60.576,-29.298,-2.048,0.780
VN300_2026-07-12_14-41-49_VNINS.csv,lap,8,50205,1255.205943,10.935894,3821.502,220.906,-10.991596,,-0.414796,35.52985902,-97.47535551,63.013,60.331,-29.591,-1.808,0.790
VN300_2026-07-12_14-41-49_VNINS.csv,lap,8,50206,1255.205943,10.935894,3822.179,221.583,-10.991596,,-0.414796,35.52986456,-97.47535861,63.656,60.033,-29.876,-1.522,0.790
VN300_2026-07-12_14-41-49_VNINS.csv,lap,8,50207,1255.205943,10.935894,3822.862,222.266,-10.991596,,-0.414796,35.52987014,-97.47536176,64.256,59.619,-30.047,-0.987,0.790
VN300_2026-07-12_14-41-49_VNINS.csv,lap,8,50208,1255.460121,11.190072,3823.834,223.238,-10.737418,,-0.414796,35.52986154,-97.47536370,62.495,59.124,-30.039,-0.334,0.780
VN300_2026-07-12_14-41-49_VNINS.csv,lap,8,50209,1255.460121,11.190072,3824.502,223.906,-10.737418,,-0.414796,35.52986692,-97.47536699,62.947,58.562,-29.904,0.401,0.780
VN300_2026-07-12_14-41-49_VNINS.csv,lap,8,50210,1255.460121,11.190072,3825.177,224.581,-10.737418,,-0.414796,35.52987234,-97.47537034,63.681,57.924,-29.804,0.954,0.780
VN300_2026-07-12_14-41-49_VNINS.csv,lap,8,50211,1255.460121,11.190072,3825.855,225.259,-10.737418,,-0.414796,35.52987777,-97.47537376,64.128,57.304,-29.700,1.555,0.780
VN300_2026-07-12_14-41-49_VNINS.csv,lap,8,50212,1255.460121,11.190072,3826.542,225.946,-10.737418,,-0.414796,35.52988324,-97.47537728,65.136,56.696,-29.573,2.191,0.780
VN300_2026-07-12_14-41-49_VNINS.csv,lap,8,50213,1255.460121,11.190072,3827.235,226.639,-10.737418,,-0.414796,35.52988874,-97.47538088,65.740,56.109,-29.467,2.712,0.790
VN300_2026-07-12_14-41-49_VNINS.csv,lap,8,50214,1255.460121,11.190072,3827.931,227.335,-10.737418,,-0.414796,35.52989425,-97.47538454,66.103,55.602,-29.452,3.199,0.790
VN300_2026-07-12_14-41-49_VNINS.csv,lap,8,50215,1255.460121,11.190072,3829.485,228.889,-10.737418,,-0.414796,35.52988028,-97.47538453,63.344,55.213,-29.532,3.426,0.780
VN300_2026-07-12_14-41-49_VNINS.csv,lap,8,50216,1255.460121,11.190072,3830.157,229.561,-10.737418,,-0.414796,35.52988546,-97.47538836,63.952,54.981,-29.797,3.429,0.780
VN300_2026-07-12_14-41-49_VNINS.csv,lap,8,50217,1255.460121,11.190072,3830.834,230.238,-10.737418,,-0.414796,35.52989066,-97.47539226,64.582,54.809,-30.081,3.736,0.780
VN300_2026-07-12_14-41-49_VNINS.csv,lap,8,50218,1255.713635,11.443586,3831.515,230.919,-10.483904,,-0.414796,35.52989586,-97.47539624,65.134,54.646,-30.308,4.015,0.780
VN300_2026-07-12_14-41-49_VNINS.csv,lap,8,50219,1255.713635,11.443586,3832.202,231.606,-10.483904,,-0.414796,35.52990108,-97.47540029,65.735,54.376,-30.431,4.182,0.780
VN300_2026-07-12_14-41-49_VNINS.csv,lap,8,50220,1255.713635,11.443586,3832.891,232.295,-10.483904,,-0.414796,35.52990630,-97.47540440,66.393,54.048,-30.505,4.466,0.780
VN300_2026-07-12_14-41-49_VNINS.csv,lap,8,50221,1255.713635,11.443586,3833.584,232.988,-10.483904,,-0.414796,35.52991151,-97.47540860,66.795,53.694,-30.494,5.200,0.780
VN300_2026-07-12_14-41-49_VNINS.csv,lap,8,50222,1255.713635,11.443586,3834.279,233.683,-10.483904,,-0.414796,35.52991670,-97.47541287,67.061,53.452,-30.619,5.243,0.790
VN300_2026-07-12_14-41-49_VNINS.csv,lap,8,50223,1255.713635,11.443586,3835.401,234.805,-10.483904,,-0.414796,35.52990662,-97.47541234,64.354,53.186,-30.921,5.185,0.780
VN300_2026-07-12_14-41-49_VNINS.csv,lap,8,50224,1255.713635,11.443586,3836.062,235.466,-10.483904,,-0.414796,35.52991136,-97.47541675,64.732,52.870,-31.284,5.727,0.780
VN300_2026-07-12_14-41-49_VNINS.csv,lap,8,50225,1255.713635,11.443586,3836.732,236.136,-10.483904,,-0.414796,35.52991615,-97.47542125,65.191,52.310,-31.547,6.290,0.780
VN300_2026-07-12_14-41-49_VNINS.csv,lap,8,50226,1255.713635,11.443586,3837.404,236.808,-10.483904,,-0.414796,35.52992090,-97.47542584,65.760,51.526,-31.720,6.353,0.780
VN300_2026-07-12_14-41-49_VNINS.csv,lap,8,50227,1255.713635,11.443586,3838.081,237.485,-10.483904,,-0.414796,35.52992564,-97.47543053,66.417,50.383,-31.537,7.332,0.780
VN300_2026-07-12_14-41-49_VNINS.csv,lap,8,50228,1255.967163,11.697114,3838.761,238.165,-10.230376,,-0.414796,35.52993035,-97.47543533,66.762,49.258,-31.139,8.056,0.780
VN300_2026-07-12_14-41-49_VNINS.csv,lap,8,50229,1255.967163,11.697114,3839.443,238.847,-10.230376,,-0.414796,35.52993504,-97.47544019,67.185,48.154,-30.822,8.395,0.780
VN300_2026-07-12_14-41-49_VNINS.csv,lap,8,50230,1255.967163,11.697114,3840.127,239.531,-10.230376,,-0.414796,35.52993968,-97.47544515,67.634,47.078,-30.621,9.207,0.790
VN300_2026-07-12_14-41-49_VNINS.csv,lap,8,50231,1255.967163,11.697114,3841.530,240.934,-10.230376,,-0.414796,35.52992762,-97.47544059,64.130,46.083,-30.539,10.058,0.780
VN300_2026-07-12_14-41-49_VNINS.csv,lap,8,50232,1255.967163,11.697114,3842.182,241.586,-10.230376,,-0.414796,35.52993179,-97.47544565,64.492,45.186,-30.573,10.714,0.780
VN300_2026-07-12_14-41-49_VNINS.csv,lap,8,50233,1255.967163,11.697114,3842.835,242.239,-10.230376,,-0.414796,35.52993591,-97.47545080,64.900,44.330,-30.702,11.075,0.780
VN300_2026-07-12_14-41-49_VNINS.csv,lap,8,50234,1255.967163,11.697114,3843.491,242.895,-10.230376,,-0.414796,35.52994000,-97.47545602,65.414,43.493,-30.783,11.607,0.780
VN300_2026-07-12_14-41-49_VNINS.csv,lap,8,50235,1255.967163,11.697114,3844.150,243.554,-10.230376,,-0.414796,35.52994405,-97.47546134,65.922,42.620,-30.822,12.139,0.780
VN300_2026-07-12_14-41-49_VNINS.csv,lap,8,50236,1255.967163,11.697114,3844.810,244.214,-10.230376,,-0.414796,35.52994806,-97.47546672,66.285,41.710,-30.862,12.592,0.780
VN300_2026-07-12_14-41-49_VNINS.csv,lap,8,50237,1255.967163,11.697114,3845.474,244.878,-10.230376,,-0.414796,35.52995204,-97.47547218,66.837,40.679,-30.797,13.116,0.780
VN300_2026-07-12_14-41-49_VNINS.csv,lap,8,50238,1256.243986,11.973937,3846.140,245.544,-9.953553,,-0.414796,35.52995598,-97.47547772,67.389,39.624,-30.627,13.877,0.780
VN300_2026-07-12_14-41-49_VNINS.csv,lap,8,50239,1256.243986,11.973937,3847.647,247.051,-9.953553,,-0.414796,35.52994402,-97.47546987,63.153,38.564,-30.463,14.550,0.770
VN300_2026-07-12_14-41-49_VNINS.csv,lap,8,50240,1256.243986,11.973937,3848.276,247.681,-9.953553,,-0.414796,35.52994745,-97.47547540,63.695,37.479,-30.315,15.181,0.780
VN300_2026-07-12_14-41-49_VNINS.csv,lap,8,50241,1256.243986,11.973937,3848.909,248.313,-9.953553,,-0.414796,35.52995080,-97.47548105,64.255,36.335,-30.028,16.286,0.780
VN300_2026-07-12_14-41-49_VNINS.csv,lap,8,50242,1256.243986,11.973937,3849.546,248.950,-9.953553,,-0.414796,35.52995410,-97.47548680,64.751,35.273,-29.640,17.194,0.780
VN300_2026-07-12_14-41-49_VNINS.csv,lap,8,50243,1256.243986,11.973937,3850.186,249.590,-9.953553,,-0.414796,35.52995736,-97.47549263,65.187,34.326,-29.313,17.361,0.780
VN300_2026-07-12_14-41-49_VNINS.csv,lap,8,50244,1256.243986,11.973937,3850.827,250.231,-9.953553,,-0.414796,35.52996057,-97.47549852,65.664,33.523,-29.174,17.307,0.780
VN300_2026-07-12_14-41-49_VNINS.csv,lap,8,50245,1256.243986,11.973937,3851.470,250.874,-9.953553,,-0.414796,35.52996372,-97.47550448,66.175,32.918,-29.218,17.698,0.780
VN300_2026-07-12_14-41-49_VNINS.csv,lap,8,50246,1256.243986,11.973937,3852.116,251.520,-9.953553,,-0.414796,35.52996680,-97.47551053,66.634,32.369,-29.480,18.553,0.780
VN300_2026-07-12_14-41-49_VNINS.csv,lap,8,50247,1256.243986,11.973937,3852.765,252.169,-9.953553,,-0.414796,35.52996984,-97.47551665,66.988,31.926,-29.918,18.821,0.790
VN300_2026-07-12_14-41-49_VNINS.csv,lap,8,50248,1256.243986,11.973937,3854.592,253.996,-9.953553,,-0.414796,35.52995733,-97.47550356,61.592,31.338,-30.235,18.707,0.770
VN300_2026-07-12_14-41-49_VNINS.csv,lap,8,50249,1256.497785,12.227736,3855.199,254.603,-9.699754,,-0.414796,35.52995979,-97.47550955,62.274,30.485,-30.121,19.132,0.780
VN300_2026-07-12_14-41-49_VNINS.csv,lap,8,50250,1256.497785,12.227736,3855.811,255.215,-9.699754,,-0.414796,35.52996219,-97.47551563,62.926,29.461,-29.638,19.968,0.780
VN300_2026-07-12_14-41-49_VNINS.csv,lap,8,50251,1256.497785,12.227736,3856.425,255.829,-9.699754,,-0.414796,35.52996453,-97.47552178,63.342,28.370,-28.890,20.761,0.780
VN300_2026-07-12_14-41-49_VNINS.csv,lap,8,50252,1256.497785,12.227736,3857.042,256.446,-9.699754,,-0.414796,35.52996681,-97.47552800,63.770,27.298,-28.129,21.172,0.780
VN300_2026-07-12_14-41-49_VNINS.csv,lap,8,50253,1256.497785,12.227736,3857.662,257.066,-9.699754,,-0.414796,35.52996900,-97.47553429,64.184,26.332,-27.550,21.598,0.780
VN300_2026-07-12_14-41-49_VNINS.csv,lap,8,50254,1256.497785,12.227736,3858.283,257.687,-9.699754,,-0.414796,35.52997110,-97.47554065,64.497,25.495,-27.284,22.326,0.780
VN300_2026-07-12_14-41-49_VNINS.csv,lap,8,50255,1256.497785,12.227736,3860.054,259.458,-9.699754,,-0.414796,35.52996300,-97.47552380,58.891,24.884,-27.382,22.801,0.770
VN300_2026-07-12_14-41-49_VNINS.csv,lap,8,50256,1256.497785,12.227736,3860.624,260.028,-9.699754,,-0.414796,35.52996449,-97.47552983,59.215,24.394,-27.734,23.197,0.770
VN300_2026-07-12_14-41-49_VNINS.csv,lap,8,50257,1256.497785,12.227736,3861.206,260.610,-9.699754,,-0.414796,35.52996597,-97.47553600,59.624,23.888,-28.119,23.588,0.770
VN300_2026-07-12_14-41-49_VNINS.csv,lap,8,50258,1256.497785,12.227736,3861.793,261.197,-9.699754,,-0.414796,35.52996738,-97.47554225,59.954,23.363,-28.398,23.522,0.780
VN300_2026-07-12_14-41-49_VNINS.csv,lap,8,50259,1256.751440,12.481391,3862.381,261.785,-9.446099,,-0.414796,35.52996873,-97.47554854,60.576,22.650,-28.417,23.622,0.780
VN300_2026-07-12_14-41-49_VNINS.csv,lap,8,50260,1256.751440,12.481391,3862.975,262.379,-9.446099,,-0.414796,35.52997000,-97.47555491,61.057,21.747,-28.057,24.055,0.780
VN300_2026-07-12_14-41-49_VNINS.csv,lap,8,50261,1256.751440,12.481391,3863.572,262.976,-9.446099,,-0.414796,35.52997120,-97.47556134,61.516,20.697,-27.332,24.688,0.780
VN300_2026-07-12_14-41-49_VNINS.csv,lap,8,50262,1256.751440,12.481391,3864.169,263.573,-9.446099,,-0.414796,35.52997235,-97.47556779,61.770,19.743,-26.710,25.185,0.780
VN300_2026-07-12_14-41-49_VNINS.csv,lap,8,50263,1256.751440,12.481391,3866.875,266.279,-9.446099,,-0.414796,35.52996699,-97.47553862,53.843,19.724,-27.021,23.968,0.770
VN300_2026-07-12_14-41-49_VNINS.csv,lap,8,50264,1256.751440,12.481391,3867.414,266.818,-9.446099,,-0.414796,35.52996767,-97.47554451,54.208,19.774,-27.490,22.752,0.770
VN300_2026-07-12_14-41-49_VNINS.csv,lap,8,50265,1256.751440,12.481391,3867.958,267.362,-9.446099,,-0.414796,35.52996823,-97.47555048,54.695,19.700,-27.723,22.366,0.770
VN300_2026-07-12_14-41-49_VNINS.csv,lap,8,50266,1256.751440,12.481391,3868.505,267.909,-9.446099,,-0.414796,35.52996867,-97.47555651,54.947,19.513,-27.882,22.049,0.770
VN300_2026-07-12_14-41-49_VNINS.csv,lap,8,50267,1256.751440,12.481391,3869.057,268.461,-9.446099,,-0.414796,35.52996908,-97.47556258,55.211,19.170,-28.085,20.921,0.770
VN300_2026-07-12_14-41-49_VNINS.csv,lap,8,50268,1256.751440,12.481391,3869.611,269.015,-9.446099,,-0.414796,35.52996942,-97.47556869,55.806,18.517,-28.021,20.106,0.770
VN300_2026-07-12_14-41-49_VNINS.csv,lap,8,50269,1256.751440,12.481391,3870.170,269.574,-9.446099,,-0.414796,35.52996964,-97.47557486,55.906,17.783,-27.806,19.973,0.780
VN300_2026-07-12_14-41-49_VNINS.csv,lap,8,50270,1257.005112,12.735063,3870.733,270.137,-9.192427,,-0.414796,35.52996981,-97.47558108,56.408,16.890,-27.740,19.810,0.780
VN300_2026-07-12_14-41-49_VNINS.csv,lap,8,50271,1257.005112,12.735063,3872.775,272.179,-9.192427,,-0.414796,35.52996922,-97.47555853,50.372,15.697,-27.686,20.026,0.770
VN300_2026-07-12_14-41-49_VNINS.csv,lap,8,50272,1257.005112,12.735063,3873.297,272.701,-9.192427,,-0.414796,35.52996897,-97.47556429,50.657,14.312,-27.449,20.069,0.770
VN300_2026-07-12_14-41-49_VNINS.csv,lap,8,50273,1257.005112,12.735063,3873.822,273.227,-9.192427,,-0.414796,35.52996866,-97.47557009,50.933,12.786,-27.016,19.997,0.770
VN300_2026-07-12_14-41-49_VNINS.csv,lap,8,50274,1257.005112,12.735063,3874.350,273.754,-9.192427,,-0.414796,35.52996828,-97.47557590,51.278,11.322,-26.494,19.988,0.770
VN300_2026-07-12_14-41-49_VNINS.csv,lap,8,50275,1257.005112,12.735063,3874.880,274.284,-9.192427,,-0.414796,35.52996784,-97.47558173,51.377,9.756,-25.955,20.319,0.770
VN300_2026-07-12_14-41-49_VNINS.csv,lap,8,50276,1257.005112,12.735063,3875.411,274.815,-9.192427,,-0.414796,35.52996732,-97.47558756,51.617,8.252,-25.531,20.545,0.770
VN300_2026-07-12_14-41-49_VNINS.csv,lap,8,50277,1257.005112,12.735063,3875.944,275.348,-9.192427,,-0.414796,35.52996672,-97.47559341,51.821,6.939,-25.460,20.954,0.770
VN300_2026-07-12_14-41-49_VNINS.csv,lap,8,50278,1257.005112,12.735063,3876.480,275.884,-9.192427,,-0.414796,35.52996605,-97.47559927,51.936,5.842,-25.762,21.274,0.770
VN300_2026-07-12_14-41-49_VNINS.csv,lap,8,50279,1257.005112,12.735063,3878.478,277.882,-9.192427,,-0.414796,35.52996576,-97.47557719,45.754,4.736,-26.179,21.511,0.760
VN300_2026-07-12_14-41-49_VNINS.csv,lap,8,50280,1257.272638,13.002589,3878.964,278.368,-8.924901,,-0.414796,35.52996482,-97.47558244,45.898,3.561,-26.545,21.573,0.760
VN300_2026-07-12_14-41-49_VNINS.csv,lap,8,50281,1257.272638,13.002589,3879.452,278.856,-8.924901,,-0.414796,35.52996383,-97.47558769,46.075,2.346,-26.806,21.528,0.760
VN300_2026-07-12_14-41-49_VNINS.csv,lap,8,50282,1257.272638,13.002589,3879.944,279.348,-8.924901,,-0.414796,35.52996274,-97.47559296,46.328,1.035,-26.857,21.808,0.770
VN300_2026-07-12_14-41-49_VNINS.csv,lap,8,50283,1257.272638,13.002589,3880.437,279.841,-8.924901,,-0.414796,35.52996158,-97.47559822,46.508,-0.368,-26.623,22.229,0.770
VN300_2026-07-12_14-41-49_VNINS.csv,lap,8,50284,1257.272638,13.002589,3880.934,280.338,-8.924901,,-0.414796,35.52996039,-97.47560351,46.629,-1.776,-26.225,22.365,0.770
VN300_2026-07-12_14-41-49_VNINS.csv,lap,8,50285,1257.272638,13.002589,3881.432,280.836,-8.924901,,-0.414796,35.52995916,-97.47560880,46.889,-3.162,-25.698,22.405,0.770
VN300_2026-07-12_14-41-49_VNINS.csv,lap,8,50286,1257.272638,13.002589,3881.931,281.335,-8.924901,,-0.414796,35.52995786,-97.47561408,47.011,-4.428,-25.313,22.606,0.770
VN300_2026-07-12_14-41-49_VNINS.csv,lap,8,50287,1257.272638,13.002589,3882.432,281.836,-8.924901,,-0.414796,35.52995651,-97.47561936,47.025,-5.583,-25.074,22.760,0.770
VN300_2026-07-12_14-41-49_VNINS.csv,lap,8,50288,1257.272638,13.002589,3884.271,283.675,-8.924901,,-0.414796,35.52996120,-97.47559987,42.283,-6.745,-24.886,22.937,0.760
VN300_2026-07-12_14-41-49_VNINS.csv,lap,8,50289,1257.272638,13.002589,3884.732,284.136,-8.924901,,-0.414796,35.52995971,-97.47560462,42.261,-7.807,-24.620,23.555,0.760
VN300_2026-07-12_14-41-49_VNINS.csv,lap,8,50290,1257.526155,13.256106,3885.198,284.602,-8.671384,,-0.414796,35.52995823,-97.47560944,43.097,-8.898,-24.440,23.783,0.760
VN300_2026-07-12_14-41-49_VNINS.csv,lap,8,50291,1257.526155,13.256106,3885.671,285.075,-8.671384,,-0.414796,35.52995674,-97.47561434,43.707,-10.034,-24.339,23.631,0.760
VN300_2026-07-12_14-41-49_VNINS.csv,lap,8,50292,1257.526155,13.256106,3886.148,285.552,-8.671384,,-0.414796,35.52995520,-97.47561926,43.950,-11.158,-24.365,23.472,0.760
VN300_2026-07-12_14-41-49_VNINS.csv,lap,8,50293,1257.526155,13.256106,3886.629,286.033,-8.671384,,-0.414796,35.52995363,-97.47562421,44.409,-12.237,-24.542,23.490,0.760
VN300_2026-07-12_14-41-49_VNINS.csv,lap,8,50294,1257.526155,13.256106,3887.112,286.516,-8.671384,,-0.414796,35.52995202,-97.47562917,44.906,-13.269,-24.841,23.749,0.770
VN300_2026-07-12_14-41-49_VNINS.csv,lap,8,50295,1257.526155,13.256106,3888.597,288.001,-8.671384,,-0.414796,35.52995541,-97.47561330,40.976,-14.418,-25.026,24.476,0.760
VN300_2026-07-12_14-41-49_VNINS.csv,lap,8,50296,1257.526155,13.256106,3889.050,288.454,-8.671384,,-0.414796,35.52995369,-97.47561784,41.305,-15.794,-24.826,24.934,0.760
VN300_2026-07-12_14-41-49_VNINS.csv,lap,8,50297,1257.526155,13.256106,3889.506,288.910,-8.671384,,-0.414796,35.52995193,-97.47562239,41.629,-17.285,-24.251,25.227,0.760
VN300_2026-07-12_14-41-49_VNINS.csv,lap,8,50298,1257.526155,13.256106,3889.968,289.372,-8.671384,,-0.414796,35.52995013,-97.47562699,42.138,-18.855,-23.313,25.774,0.760
VN300_2026-07-12_14-41-49_VNINS.csv,lap,8,50299,1257.526155,13.256106,3890.434,289.838,-8.671384,,-0.414796,35.52994829,-97.47563162,42.490,-20.462,-22.187,26.380,0.760
VN300_2026-07-12_14-41-49_VNINS.csv,lap,8,50300,1257.779688,13.509639,3890.905,290.309,-8.417851,,-0.414796,35.52994643,-97.47563629,43.074,-22.033,-21.077,26.992,0.760
VN300_2026-07-12_14-41-49_VNINS.csv,lap,8,50301,1257.779688,13.509639,3891.382,290.786,-8.417851,,-0.414796,35.52994451,-97.47564101,43.513,-23.544,-20.230,27.437,0.760
VN300_2026-07-12_14-41-49_VNINS.csv,lap,8,50302,1257.779688,13.509639,3891.863,291.267,-8.417851,,-0.414796,35.52994256,-97.47564575,43.868,-25.027,-19.719,27.585,0.760
VN300_2026-07-12_14-41-49_VNINS.csv,lap,8,50303,1257.779688,13.509639,3892.841,292.245,-8.417851,,-0.414796,35.52994372,-97.47563503,41.348,-26.509,-19.464,27.594,0.750
VN300_2026-07-12_14-41-49_VNINS.csv,lap,8,50304,1257.779688,13.509639,3893.304,292.708,-8.417851,,-0.414796,35.52994164,-97.47563946,41.865,-27.921,-19.330,27.806,0.750
VN300_2026-07-12_14-41-49_VNINS.csv,lap,8,50305,1257.779688,13.509639,3893.769,293.173,-8.417851,,-0.414796,35.52993953,-97.47564390,42.180,-29.262,-19.138,27.872,0.750
VN300_2026-07-12_14-41-49_VNINS.csv,lap,8,50306,1257.779688,13.509639,3894.238,293.642,-8.417851,,-0.414796,35.52993738,-97.47564836,42.375,-30.576,-18.852,28.207,0.760
VN300_2026-07-12_14-41-49_VNINS.csv,lap,8,50307,1257.779688,13.509639,3894.711,294.115,-8.417851,,-0.414796,35.52993520,-97.47565284,42.716,-31.857,-18.474,28.431,0.760
VN300_2026-07-12_14-41-49_VNINS.csv,lap,8,50308,1257.779688,13.509639,3895.187,294.591,-8.417851,,-0.414796,35.52993300,-97.47565736,43.273,-33.099,-17.954,28.423,0.760
VN300_2026-07-12_14-41-49_VNINS.csv,lap,8,50309,1257.779688,13.509639,3895.668,295.072,-8.417851,,-0.414796,35.52993076,-97.47566190,43.542,-34.302,-17.327,28.256,0.760
VN300_2026-07-12_14-41-49_VNINS.csv,lap,8,50310,1257.779688,13.509639,3896.152,295.556,-8.417851,,-0.414796,35.52992849,-97.47566647,43.987,-35.486,-16.678,28.135,0.760
VN300_2026-07-12_14-41-49_VNINS.csv,lap,8,50311,1258.033665,13.763616,3897.000,296.404,-8.163874,,-0.414796,35.52992818,-97.47565711,41.729,-36.598,-16.073,28.455,0.750
VN300_2026-07-12_14-41-49_VNINS.csv,lap,8,50312,1258.033665,13.763616,3897.462,296.866,-8.163874,,-0.414796,35.52992577,-97.47566127,42.063,-37.707,-15.498,28.777,0.750
VN300_2026-07-12_14-41-49_VNINS.csv,lap,8,50313,1258.033665,13.763616,3897.933,297.337,-8.163874,,-0.414796,35.52992332,-97.47566552,42.494,-38.760,-15.028,28.834,0.750
VN300_2026-07-12_14-41-49_VNINS.csv,lap,8,50314,1258.033665,13.763616,3898.407,297.811,-8.163874,,-0.414796,35.52992084,-97.47566978,42.700,-39.804,-14.703,29.007,0.750
VN300_2026-07-12_14-41-49_VNINS.csv,lap,8,50315,1258.033665,13.763616,3898.886,298.290,-8.163874,,-0.414796,35.52991832,-97.47567407,43.124,-40.854,-14.443,29.005,0.750
VN300_2026-07-12_14-41-49_VNINS.csv,lap,8,50316,1258.033665,13.763616,3899.368,298.772,-8.163874,,-0.414796,35.52991576,-97.47567836,43.300,-41.841,-14.237,28.933,0.750
VN300_2026-07-12_14-41-49_VNINS.csv,lap,8,50317,1258.033665,13.763616,3899.852,299.256,-8.163874,,-0.414796,35.52991316,-97.47568266,43.590,-42.792,-14.089,28.946,0.750
VN300_2026-07-12_14-41-49_VNINS.csv,lap,8,50318,1258.033665,13.763616,3900.339,299.743,-8.163874,,-0.414796,35.52991053,-97.47568696,43.811,-43.695,-13.945,29.075,0.760
VN300_2026-07-12_14-41-49_VNINS.csv,lap,8,50319,1258.033665,13.763616,3901.046,300.450,-8.163874,,-0.414796,35.52990959,-97.47567923,42.240,-44.601,-13.807,29.120,0.750
VN300_2026-07-12_14-41-49_VNINS.csv,lap,8,50320,1258.033665,13.763616,3901.518,300.922,-8.163874,,-0.414796,35.52990689,-97.47568325,42.418,-45.546,-13.719,29.169,0.750
VN300_2026-07-12_14-41-49_VNINS.csv,lap,8,50321,1258.302859,14.032810,3901.992,301.396,-7.894680,,-0.414796,35.52990415,-97.47568726,42.525,-46.514,-13.590,29.297,0.750
VN300_2026-07-12_14-41-49_VNINS.csv,lap,8,50322,1258.302859,14.032810,3902.466,301.870,-7.894680,,-0.414796,35.52990139,-97.47569126,42.744,-47.516,-13.367,29.552,0.750
VN300_2026-07-12_14-41-49_VNINS.csv,lap,8,50323,1258.302859,14.032810,3902.944,302.348,-7.894680,,-0.414796,35.52989860,-97.47569528,42.870,-48.572,-13.059,29.677,0.750
VN300_2026-07-12_14-41-49_VNINS.csv,lap,8,50324,1258.302859,14.032810,3903.425,302.829,-7.894680,,-0.414796,35.52989578,-97.47569931,43.340,-49.698,-12.590,29.652,0.750
VN300_2026-07-12_14-41-49_VNINS.csv,lap,8,50325,1258.302859,14.032810,3903.911,303.315,-7.894680,,-0.414796,35.52989292,-97.47570336,43.540,-50.863,-11.952,29.707,0.750
VN300_2026-07-12_14-41-49_VNINS.csv,lap,8,50326,1258.302859,14.032810,3904.397,303.801,-7.894680,,-0.414796,35.52989004,-97.47570741,43.780,-52.015,-11.256,29.798,0.750
VN300_2026-07-12_14-41-49_VNINS.csv,lap,8,50327,1258.302859,14.032810,3904.889,304.293,-7.894680,,-0.414796,35.52988713,-97.47571150,44.121,-53.162,-10.589,29.765,0.750
VN300_2026-07-12_14-41-49_VNINS.csv,lap,8,50328,1258.302859,14.032810,3905.489,304.893,-7.894680,,-0.414796,35.52988466,-97.47570561,43.280,-54.331,-9.975,29.637,0.750
VN300_2026-07-12_14-41-49_VNINS.csv,lap,8,50329,1258.302859,14.032810,3905.970,305.374,-7.894680,,-0.414796,35.52988166,-97.47570945,43.338,-55.530,-9.455,29.519,0.750
VN300_2026-07-12_14-41-49_VNINS.csv,lap,8,50330,1258.302859,14.032810,3906.455,305.859,-7.894680,,-0.414796,35.52987865,-97.47571333,43.517,-56.755,-9.018,29.509,0.750
VN300_2026-07-12_14-41-49_VNINS.csv,lap,8,50331,1258.302859,14.032810,3906.943,306.347,-7.894680,,-0.414796,35.52987562,-97.47571723,43.708,-58.016,-8.588,29.272,0.750
VN300_2026-07-12_14-41-49_VNINS.csv,lap,8,50332,1258.556670,14.286621,3907.433,306.837,-7.640869,,-0.414796,35.52987258,-97.47572114,43.855,-59.283,-8.121,29.133,0.750
VN300_2026-07-12_14-41-49_VNINS.csv,lap,8,50333,1258.556670,14.286621,3907.924,307.328,-7.640869,,-0.414796,35.52986952,-97.47572506,44.189,-60.568,-7.617,29.172,0.750
VN300_2026-07-12_14-41-49_VNINS.csv,lap,8,50334,1258.556670,14.286621,3908.420,307.824,-7.640869,,-0.414796,35.52986645,-97.47572903,44.308,-61.892,-7.154,29.111,0.750
VN300_2026-07-12_14-41-49_VNINS.csv,lap,8,50335,1258.556670,14.286621,3908.919,308.323,-7.640869,,-0.414796,35.52986336,-97.47573303,44.684,-63.265,-6.668,29.179,0.750
VN300_2026-07-12_14-41-49_VNINS.csv,lap,8,50336,1258.556670,14.286621,3909.694,309.098,-7.640869,,-0.414796,35.52985956,-97.47572585,43.553,-64.708,-6.111,29.154,0.740
VN300_2026-07-12_14-41-49_VNINS.csv,lap,8,50337,1258.556670,14.286621,3910.182,309.586,-7.640869,,-0.414796,35.52985637,-97.47572955,43.724,-66.185,-5.612,29.143,0.740
VN300_2026-07-12_14-41-49_VNINS.csv,lap,8,50338,1258.556670,14.286621,3910.669,310.073,-7.640869,,-0.414796,35.52985317,-97.47573323,43.763,-67.702,-5.018,29.296,0.750
VN300_2026-07-12_14-41-49_VNINS.csv,lap,8,50339,1258.556670,14.286621,3911.156,310.560,-7.640869,,-0.414796,35.52984996,-97.47573690,43.665,-69.246,-4.373,29.309,0.750
VN300_2026-07-12_14-41-49_VNINS.csv,lap,8,50340,1258.556670,14.286621,3911.644,311.048,-7.640869,,-0.414796,35.52984673,-97.47574055,43.667,-70.821,-3.768,29.259,0.750
VN300_2026-07-12_14-41-49_VNINS.csv,lap,8,50341,1258.556670,14.286621,3912.131,311.535,-7.640869,,-0.414796,35.52984350,-97.47574418,43.697,-72.357,-3.128,29.255,0.750
VN300_2026-07-12_14-41-49_VNINS.csv,lap,8,50342,1258.810273,14.540224,3912.619,312.023,-7.387266,,-0.414796,35.52984026,-97.47574782,43.712,-73.860,-2.566,29.165,0.750
VN300_2026-07-12_14-41-49_VNINS.csv,lap,8,50343,1258.810273,14.540224,3913.504,312.908,-7.387266,,-0.414796,35.52983557,-97.47573992,42.655,-75.384,-2.040,29.020,0.740
VN300_2026-07-12_14-41-49_VNINS.csv,lap,8,50344,1258.810273,14.540224,3913.983,313.387,-7.387266,,-0.414796,35.52983224,-97.47574328,42.923,-76.911,-1.478,28.903,0.740
VN300_2026-07-12_14-41-49_VNINS.csv,lap,8,50345,1258.810273,14.540224,3914.462,313.866,-7.387266,,-0.414796,35.52982891,-97.47574664,42.958,-78.398,-0.843,28.772,0.740
VN300_2026-07-12_14-41-49_VNINS.csv,lap,8,50346,1258.810273,14.540224,3914.942,314.346,-7.387266,,-0.414796,35.52982556,-97.47574998,42.925,-79.898,-0.247,28.437,0.740
VN300_2026-07-12_14-41-49_VNINS.csv,lap,8,50347,1258.810273,14.540224,3915.423,314.827,-7.387266,,-0.414796,35.52982220,-97.47575332,42.939,-81.387,0.296,28.096,0.740
VN300_2026-07-12_14-41-49_VNINS.csv,lap,8,50348,1258.810273,14.540224,3915.904,315.308,-7.387266,,-0.414796,35.52981884,-97.47575667,43.140,-82.832,0.749,27.871,0.740
VN300_2026-07-12_14-41-49_VNINS.csv,lap,8,50349,1258.810273,14.540224,3916.388,315.792,-7.387266,,-0.414796,35.52981547,-97.47576005,43.323,-84.271,1.088,27.572,0.750
VN300_2026-07-12_14-41-49_VNINS.csv,lap,8,50350,1258.810273,14.540224,3916.878,316.282,-7.387266,,-0.414796,35.52981205,-97.47576347,43.793,-85.736,1.419,27.256,0.750
VN300_2026-07-12_14-41-49_VNINS.csv,lap,8,50351,1258.810273,14.540224,3917.933,317.337,-7.387266,,-0.414796,35.52980607,-97.47575441,43.070,-87.217,1.819,27.112,0.740
VN300_2026-07-12_14-41-49_VNINS.csv,lap,8,50352,1259.063782,14.793733,3918.415,317.819,-7.133757,,-0.414796,35.52980256,-97.47575752,43.086,-88.731,2.276,26.882,0.740
VN300_2026-07-12_14-41-49_VNINS.csv,lap,8,50353,1259.063782,14.793733,3918.900,318.304,-7.133757,,-0.414796,35.52979901,-97.47576065,43.425,-90.304,2.782,26.663,0.740
VN300_2026-07-12_14-41-49_VNINS.csv,lap,8,50354,1259.063782,14.793733,3919.388,318.792,-7.133757,,-0.414796,35.52979544,-97.47576378,43.477,-91.854,3.327,26.604,0.740
VN300_2026-07-12_14-41-49_VNINS.csv,lap,8,50355,1259.063782,14.793733,3919.878,319.282,-7.133757,,-0.414796,35.52979187,-97.47576696,43.863,-93.387,3.773,26.460,0.740
VN300_2026-07-12_14-41-49_VNINS.csv,lap,8,50356,1259.063782,14.793733,3920.374,319.778,-7.133757,,-0.414796,35.52978827,-97.47577018,44.166,-94.921,4.132,26.176,0.740
VN300_2026-07-12_14-41-49_VNINS.csv,lap,8,50357,1259.063782,14.793733,3920.869,320.273,-7.133757,,-0.414796,35.52978466,-97.47577339,44.421,-96.469,4.517,26.097,0.740
VN300_2026-07-12_14-41-49_VNINS.csv,lap,8,50358,1259.063782,14.793733,3921.366,320.770,-7.133757,,-0.414796,35.52978104,-97.47577661,44.565,-98.046,4.973,26.055,0.740
VN300_2026-07-12_14-41-49_VNINS.csv,lap,8,50359,1259.063782,14.793733,3922.557,321.961,-7.133757,,-0.414796,35.52977500,-97.47576574,44.102,-99.744,5.600,25.891,0.740
VN300_2026-07-12_14-41-49_VNINS.csv,lap,8,50360,1259.063782,14.793733,3923.048,322.452,-7.133757,,-0.414796,35.52977127,-97.47576865,44.119,-101.503,6.320,25.600,0.740
VN300_2026-07-12_14-41-49_VNINS.csv,lap,8,50361,1259.063782,14.793733,3923.541,322.945,-7.133757,,-0.414796,35.52976753,-97.47577157,44.044,-103.264,6.936,25.339,0.740
VN300_2026-07-12_14-41-49_VNINS.csv,lap,8,50362,1259.336607,15.066558,3924.031,323.435,-6.860932,,-0.414796,35.52976380,-97.47577446,43.872,-105.001,7.483,25.149,0.740
VN300_2026-07-12_14-41-49_VNINS.csv,lap,8,50363,1259.336607,15.066558,3924.524,323.928,-6.860932,,-0.414796,35.52976005,-97.47577735,44.176,-106.717,7.946,24.979,0.740
VN300_2026-07-12_14-41-49_VNINS.csv,lap,8,50364,1259.336607,15.066558,3925.016,324.420,-6.860932,,-0.414796,35.52975629,-97.47578023,43.998,-108.414,8.314,24.692,0.740
VN300_2026-07-12_14-41-49_VNINS.csv,lap,8,50365,1259.336607,15.066558,3925.507,324.911,-6.860932,,-0.414796,35.52975254,-97.47578308,43.881,-110.143,8.770,24.405,0.740
VN300_2026-07-12_14-41-49_VNINS.csv,lap,8,50366,1259.336607,15.066558,3925.995,325.399,-6.860932,,-0.414796,35.52974880,-97.47578592,43.723,-111.872,9.234,24.134,0.740
VN300_2026-07-12_14-41-49_VNINS.csv,lap,8,50367,1259.336607,15.066558,3927.439,326.843,-6.860932,,-0.414796,35.52974258,-97.47577192,43.027,-113.651,9.732,23.808,0.730
VN300_2026-07-12_14-41-49_VNINS.csv,lap,8,50368,1259.336607,15.066558,3927.919,327.323,-6.860932,,-0.414796,35.52973873,-97.47577432,42.959,-115.425,10.324,23.466,0.730
VN300_2026-07-12_14-41-49_VNINS.csv,lap,8,50369,1259.336607,15.066558,3928.407,327.811,-6.860932,,-0.414796,35.52973485,-97.47577685,43.723,-117.187,10.881,23.164,0.740
VN300_2026-07-12_14-41-49_VNINS.csv,lap,8,50370,1259.336607,15.066558,3928.899,328.303,-6.860932,,-0.414796,35.52973094,-97.47577940,44.003,-118.898,11.343,22.860,0.740
VN300_2026-07-12_14-41-49_VNINS.csv,lap,8,50371,1259.336607,15.066558,3929.392,328.796,-6.860932,,-0.414796,35.52972703,-97.47578196,44.022,-120.524,11.735,22.524,0.740
VN300_2026-07-12_14-41-49_VNINS.csv,lap,8,50372,1259.336607,15.066558,3929.888,329.292,-6.860932,,-0.414796,35.52972309,-97.47578453,44.410,-122.102,11.978,22.147,0.740
VN300_2026-07-12_14-41-49_VNINS.csv,lap,8,50373,1259.590479,15.320430,3930.383,329.787,-6.607060,,-0.414796,35.52971916,-97.47578710,44.459,-123.670,12.206,21.778,0.740
VN300_2026-07-12_14-41-49_VNINS.csv,lap,8,50374,1259.590479,15.320430,3930.884,330.288,-6.607060,,-0.414796,35.52971518,-97.47578969,44.775,-125.179,12.488,21.339,0.740
VN300_2026-07-12_14-41-49_VNINS.csv,lap,8,50375,1259.590479,15.320430,3932.633,332.037,-6.607060,,-0.414796,35.52970891,-97.47577196,44.345,-126.678,12.750,20.817,0.730
VN300_2026-07-12_14-41-49_VNINS.csv,lap,8,50376,1259.590479,15.320430,3933.129,332.533,-6.607060,,-0.414796,35.52970482,-97.47577414,44.518,-128.033,13.000,20.154,0.730
VN300_2026-07-12_14-41-49_VNINS.csv,lap,8,50377,1259.590479,15.320430,3933.626,333.030,-6.607060,,-0.414796,35.52970071,-97.47577630,44.415,-129.206,13.155,19.642,0.730
VN300_2026-07-12_14-41-49_VNINS.csv,lap,8,50378,1259.590479,15.320430,3934.128,333.532,-6.607060,,-0.414796,35.52969656,-97.47577848,44.985,-130.233,13.220,19.195,0.730
VN300_2026-07-12_14-41-49_VNINS.csv,lap,8,50379,1259.590479,15.320430,3934.633,334.037,-6.607060,,-0.414796,35.52969238,-97.47578067,45.328,-131.110,13.289,18.575,0.730
VN300_2026-07-12_14-41-49_VNINS.csv,lap,8,50380,1259.590479,15.320430,3935.140,334.545,-6.607060,,-0.414796,35.52968818,-97.47578286,45.405,-131.877,13.369,18.048,0.740
VN300_2026-07-12_14-41-49_VNINS.csv,lap,8,50381,1259.590479,15.320430,3935.649,335.053,-6.607060,,-0.414796,35.52968397,-97.47578505,45.518,-132.481,13.363,17.609,0.740
VN300_2026-07-12_14-41-49_VNINS.csv,lap,8,50382,1259.590479,15.320430,3936.162,335.566,-6.607060,,-0.414796,35.52967972,-97.47578727,46.015,-132.995,13.328,17.057,0.740
VN300_2026-07-12_14-41-49_VNINS.csv,lap,8,50383,1259.843993,15.573944,3937.946,337.350,-6.353546,,-0.414796,35.52967445,-97.47576865,45.729,-133.497,13.213,16.558,0.730
VN300_2026-07-12_14-41-49_VNINS.csv,lap,8,50384,1259.843993,15.573944,3938.461,337.865,-6.353546,,-0.414796,35.52967008,-97.47577052,45.961,-134.005,13.078,16.065,0.730
VN300_2026-07-12_14-41-49_VNINS.csv,lap,8,50385,1259.843993,15.573944,3938.977,338.381,-6.353546,,-0.414796,35.52966570,-97.47577242,46.272,-134.547,12.976,15.508,0.730
VN300_2026-07-12_14-41-49_VNINS.csv,lap,8,50386,1259.843993,15.573944,3939.498,338.902,-6.353546,,-0.414796,35.52966129,-97.47577434,46.596,-135.081,12.849,15.085,0.730
VN300_2026-07-12_14-41-49_VNINS.csv,lap,8,50387,1259.843993,15.573944,3940.023,339.427,-6.353546,,-0.414796,35.52965684,-97.47577629,46.926,-135.619,12.685,14.586,0.730
VN300_2026-07-12_14-41-49_VNINS.csv,lap,8,50388,1259.843993,15.573944,3940.550,339.954,-6.353546,,-0.414796,35.52965238,-97.47577825,47.226,-136.139,12.544,14.121,0.730
VN300_2026-07-12_14-41-49_VNINS.csv,lap,8,50389,1259.843993,15.573944,3941.082,340.486,-6.353546,,-0.414796,35.52964788,-97.47578025,47.754,-136.657,12.384,13.834,0.730
VN300_2026-07-12_14-41-49_VNINS.csv,lap,8,50390,1259.843993,15.573944,3941.619,341.023,-6.353546,,-0.414796,35.52964334,-97.47578228,48.043,-137.101,12.281,13.509,0.740
VN300_2026-07-12_14-41-49_VNINS.csv,lap,8,50391,1259.843993,15.573944,3943.204,342.608,-6.353546,,-0.414796,35.52963841,-97.47576584,47.896,-137.603,12.187,13.189,0.730
VN300_2026-07-12_14-41-49_VNINS.csv,lap,8,50392,1259.843993,15.573944,3943.744,343.148,-6.353546,,-0.414796,35.52963377,-97.47576758,48.252,-138.033,12.100,12.964,0.730
VN300_2026-07-12_14-41-49_VNINS.csv,lap,8,50393,1260.097533,15.827484,3944.291,343.695,-6.100006,,-0.414796,35.52962907,-97.47576938,48.950,-138.327,12.053,12.714,0.730
VN300_2026-07-12_14-41-49_VNINS.csv,lap,8,50394,1260.097533,15.827484,3944.842,344.246,-6.100006,,-0.414796,35.52962435,-97.47577123,49.342,-138.521,12.035,12.554,0.730
VN300_2026-07-12_14-41-49_VNINS.csv,lap,8,50395,1260.097533,15.827484,3945.400,344.804,-6.100006,,-0.414796,35.52961958,-97.47577313,49.896,-138.617,12.010,12.487,0.730
VN300_2026-07-12_14-41-49_VNINS.csv,lap,8,50396,1260.097533,15.827484,3945.965,345.369,-6.100006,,-0.414796,35.52961476,-97.47577510,50.614,-138.608,11.918,12.391,0.730
VN300_2026-07-12_14-41-49_VNINS.csv,lap,8,50397,1260.097533,15.827484,3946.535,345.939,-6.100006,,-0.414796,35.52960990,-97.47577712,51.044,-138.528,11.794,12.358,0.730
VN300_2026-07-12_14-41-49_VNINS.csv,lap,8,50398,1260.097533,15.827484,3947.113,346.517,-6.100006,,-0.414796,35.52960499,-97.47577921,51.582,-138.390,11.625,12.235,0.730
VN300_2026-07-12_14-41-49_VNINS.csv,lap,8,50399,1260.097533,15.827484,3948.576,347.980,-6.100006,,-0.414796,35.52960144,-97.47576364,51.248,-138.242,11.465,12.251,0.720
VN300_2026-07-12_14-41-49_VNINS.csv,lap,8,50400,1260.097533,15.827484,3949.155,348.559,-6.100006,,-0.414796,35.52959646,-97.47576551,51.726,-138.038,11.340,12.405,0.730
VN300_2026-07-12_14-41-49_VNINS.csv,lap,8,50401,1260.097533,15.827484,3949.740,349.144,-6.100006,,-0.414796,35.52959144,-97.47576745,52.323,-137.895,11.211,12.320,0.730
VN300_2026-07-12_14-41-49_VNINS.csv,lap,8,50402,1260.097533,15.827484,3950.330,349.734,-6.100006,,-0.414796,35.52958639,-97.47576944,52.880,-137.800,11.077,12.320,0.730
VN300_2026-07-12_14-41-49_VNINS.csv,lap,8,50403,1260.373364,16.103315,3950.925,350.329,-5.824175,,-0.414796,35.52958131,-97.47577150,53.062,-137.641,11.057,12.295,0.730
VN300_2026-07-12_14-41-49_VNINS.csv,lap,8,50404,1260.373364,16.103315,3951.525,350.929,-5.824175,,-0.414796,35.52957620,-97.47577363,53.684,-137.496,11.041,12.308,0.730
VN300_2026-07-12_14-41-49_VNINS.csv,lap,8,50405,1260.373364,16.103315,3952.130,351.534,-5.824175,,-0.414796,35.52957106,-97.47577582,54.109,-137.339,11.014,12.396,0.730
VN300_2026-07-12_14-41-49_VNINS.csv,lap,8,50406,1260.373364,16.103315,3952.741,352.145,-5.824175,,-0.414796,35.52956588,-97.47577808,54.622,-137.421,10.856,12.187,0.730
VN300_2026-07-12_14-41-49_VNINS.csv,lap,8,50407,1260.373364,16.103315,3953.357,352.761,-5.824175,,-0.414796,35.52956067,-97.47578040,55.342,-137.578,10.623,12.131,0.730
VN300_2026-07-12_14-41-49_VNINS.csv,lap,8,50408,1260.373364,16.103315,3954.665,354.069,,GPS uncertainty 100.0 m > 4.0 m,-0.414796,35.52956200,-97.47576604,54.730,-137.507,10.454,11.922,99.990
VN300_2026-07-12_14-41-49_VNINS.csv,lap,8,50409,1260.373364,16.103315,3954.665,354.069,,GPS uncertainty 100.0 m > 4.0 m,-0.414796,35.52956200,-97.47576604,54.730,-137.088,10.342,11.497,99.990
VN300_2026-07-12_14-41-49_VNINS.csv,lap,8,50410,1260.373364,16.103315,3954.665,354.069,,GPS uncertainty 100.0 m > 4.0 m,-0.414796,35.52956200,-97.47576604,54.730,-136.462,10.364,11.523,99.990
VN300_2026-07-12_14-41-49_VNINS.csv,lap,8,50411,1260.373364,16.103315,3954.665,354.069,,GPS uncertainty 100.0 m > 4.0 m,-0.414796,35.52956200,-97.47576604,54.730,-135.878,10.421,11.301,99.990
VN300_2026-07-12_14-41-49_VNINS.csv,lap,8,50412,1260.373364,16.103315,3954.665,354.069,,GPS uncertainty 100.0 m > 4.0 m,-0.414796,35.52956200,-97.47576604,54.730,-135.286,10.497,11.080,99.990
VN300_2026-07-12_14-41-49_VNINS.csv,lap,8,50413,1260.373364,16.103315,3954.665,354.069,,GPS uncertainty 100.0 m > 4.0 m,-0.414796,35.52956200,-97.47576604,54.730,-134.782,10.542,10.898,99.990
VN300_2026-07-12_14-41-49_VNINS.csv,lap,8,50414,1260.627153,16.357104,3954.665,354.069,,GPS uncertainty 100.0 m > 4.0 m,-0.414796,35.52956200,-97.47576604,54.730,-134.354,10.573,10.745,99.990
VN300_2026-07-12_14-41-49_VNINS.csv,lap,8,50415,1260.627153,16.357104,3954.665,354.069,,GPS uncertainty 100.0 m > 4.0 m,-0.414796,35.52956200,-97.47576604,54.730,-133.965,10.682,10.586,99.990
VN300_2026-07-12_14-41-49_VNINS.csv,lap,8,50416,1260.627153,16.357104,3954.665,354.069,,GPS uncertainty 100.0 m > 4.0 m,-0.414796,35.52956200,-97.47576604,54.730,-133.719,10.899,10.436,99.990
VN300_2026-07-12_14-41-49_VNINS.csv,lap,8,50417,1260.627153,16.357104,3954.665,354.069,,GPS uncertainty 100.0 m > 4.0 m,-0.414796,35.52956200,-97.47576604,54.730,-133.685,11.099,10.226,99.990
VN300_2026-07-12_14-41-49_VNINS.csv,lap,8,50418,1260.627153,16.357104,3954.665,354.069,,GPS uncertainty 100.0 m > 4.0 m,-0.414796,35.52956200,-97.47576604,54.730,-133.809,11.299,10.057,99.990
VN300_2026-07-12_14-41-49_VNINS.csv,lap,8,50419,1260.627153,16.357104,3954.665,354.069,,GPS uncertainty 100.0 m > 4.0 m,-0.414796,35.52956200,-97.47576604,54.730,-134.267,11.411,9.793,99.990
VN300_2026-07-12_14-41-49_VNINS.csv,lap,8,50420,1260.627153,16.357104,3954.665,354.069,,GPS uncertainty 100.0 m > 4.0 m,-0.414796,35.52956200,-97.47576604,54.730,-134.770,11.569,9.670,99.990
VN300_2026-07-12_14-41-49_VNINS.csv,lap,8,50421,1260.627153,16.357104,3954.665,354.069,,GPS uncertainty 100.0 m > 4.0 m,-0.414796,35.52956200,-97.47576604,54.730,-135.483,11.817,9.284,99.990
VN300_2026-07-12_14-41-49_VNINS.csv,lap,8,50422,1260.627153,16.357104,3954.665,354.069,,GPS uncertainty 100.0 m > 4.0 m,-0.414796,35.52956200,-97.47576604,54.730,-136.301,12.088,9.143,99.990
VN300_2026-07-12_14-41-49_VNINS.csv,lap,8,50423,1260.627153,16.357104,3954.665,354.069,,GPS uncertainty 100.0 m > 4.0 m,-0.414796,35.52956200,-97.47576604,54.730,-137.198,12.367,8.819,99.990
VN300_2026-07-12_14-41-49_VNINS.csv,lap,8,50424,1260.627153,16.357104,3954.665,354.069,,GPS uncertainty 100.0 m > 4.0 m,-0.414796,35.52956200,-97.47576604,54.730,-137.998,12.562,8.516,99.990
VN300_2026-07-12_14-41-49_VNINS.csv,lap,8,50425,1260.880961,16.610912,3954.665,354.069,,GPS uncertainty 100.0 m > 4.0 m,-0.414796,35.52956200,-97.47576604,54.730,-138.824,12.753,8.184,99.990
VN300_2026-07-12_14-41-49_VNINS.csv,lap,8,50426,1260.880961,16.610912,3954.665,354.069,,GPS uncertainty 100.0 m > 4.0 m,-0.414796,35.52956200,-97.47576604,54.730,-139.459,12.921,7.827,99.990
VN300_2026-07-12_14-41-49_VNINS.csv,lap,8,50427,1260.880961,16.610912,3954.665,354.069,,GPS uncertainty 100.0 m > 4.0 m,-0.414796,35.52956200,-97.47576604,54.730,-140.132,12.994,7.511,99.990
VN300_2026-07-12_14-41-49_VNINS.csv,lap,8,50428,1260.880961,16.610912,3954.665,354.069,,GPS uncertainty 100.0 m > 4.0 m,-0.414796,35.52956200,-97.47576604,54.730,-140.641,13.102,7.194,99.990
VN300_2026-07-12_14-41-49_VNINS.csv,lap,8,50429,1260.880961,16.610912,3954.665,354.069,,GPS uncertainty 100.0 m > 4.0 m,-0.414796,35.52956200,-97.47576604,54.730,-141.195,13.161,6.744,99.990
VN300_2026-07-12_14-41-49_VNINS.csv,lap,8,50430,1260.880961,16.610912,3954.665,354.069,,GPS uncertainty 100.0 m > 4.0 m,-0.414796,35.52956200,-97.47576604,54.730,-141.531,13.296,6.440,99.990
VN300_2026-07-12_14-41-49_VNINS.csv,lap,8,50431,1260.880961,16.610912,3954.665,354.069,,GPS uncertainty 100.0 m > 4.0 m,-0.414796,35.52956200,-97.47576604,54.730,-141.946,13.404,5.891,99.990
VN300_2026-07-12_14-41-49_VNINS.csv,lap,8,50432,1260.880961,16.610912,3954.665,354.069,,GPS uncertainty 100.0 m > 4.0 m,-0.414796,35.52956200,-97.47576604,54.730,-142.218,13.518,5.650,99.990
VN300_2026-07-12_14-41-49_VNINS.csv,lap,8,50433,1260.880961,16.610912,3954.665,354.069,,GPS uncertainty 100.0 m > 4.0 m,-0.414796,35.52956200,-97.47576604,54.730,-142.692,13.657,5.091,99.990
VN300_2026-07-12_14-41-49_VNINS.csv,lap,8,50434,1260.880961,16.610912,3954.665,354.069,,GPS uncertainty 100.0 m > 4.0 m,-0.414796,35.52956200,-97.47576604,54.730,-143.093,13.765,4.659,99.990
VN300_2026-07-12_14-41-49_VNINS.csv,lap,8,50435,1261.134525,16.864476,3954.665,354.069,,GPS uncertainty 100.0 m > 4.0 m,-0.414796,35.52956200,-97.47576604,54.730,-143.674,13.859,3.924,99.990
VN300_2026-07-12_14-41-49_VNINS.csv,lap,8,50436,1261.134525,16.864476,3954.665,354.069,,GPS uncertainty 100.0 m > 4.0 m,-0.414796,35.52956200,-97.47576604,54.730,-144.133,13.900,3.332,99.990
VN300_2026-07-12_14-41-49_VNINS.csv,lap,8,50437,1261.134525,16.864476,3954.665,354.069,,GPS uncertainty 100.0 m > 4.0 m,-0.414796,35.52956200,-97.47576604,54.730,-144.850,13.893,2.608,99.990
VN300_2026-07-12_14-41-49_VNINS.csv,lap,8,50438,1261.134525,16.864476,3954.665,354.069,,GPS uncertainty 100.0 m > 4.0 m,-0.414796,35.52956200,-97.47576604,54.730,-145.446,13.951,2.024,99.990
VN300_2026-07-12_14-41-49_VNINS.csv,lap,8,50439,1261.134525,16.864476,3954.665,354.069,,GPS uncertainty 100.0 m > 4.0 m,-0.414796,35.52956200,-97.47576604,54.730,-146.387,13.931,1.074,99.990
VN300_2026-07-12_14-41-49_VNINS.csv,lap,8,50440,1261.134525,16.864476,3954.665,354.069,,GPS uncertainty 100.0 m > 4.0 m,-0.414796,35.52956200,-97.47576604,54.730,-147.183,14.005,0.367,99.990
VN300_2026-07-12_14-41-49_VNINS.csv,lap,8,50441,1261.134525,16.864476,3954.665,354.069,,GPS uncertainty 100.0 m > 4.0 m,-0.414796,35.52956200,-97.47576604,54.730,-148.330,14.001,-0.388,99.990
VN300_2026-07-12_14-41-49_VNINS.csv,lap,8,50442,1261.134525,16.864476,3954.665,354.069,,GPS uncertainty 100.0 m > 4.0 m,-0.414796,35.52956200,-97.47576604,54.730,-149.318,14.041,-1.027,99.990
VN300_2026-07-12_14-41-49_VNINS.csv,lap,8,50443,1261.134525,16.864476,3954.665,354.069,,GPS uncertainty 100.0 m > 4.0 m,-0.414796,35.52956200,-97.47576604,54.730,-150.570,14.008,-1.919,99.990
VN300_2026-07-12_14-41-49_VNINS.csv,lap,8,50444,1261.134525,16.864476,3954.665,354.069,,GPS uncertainty 100.0 m > 4.0 m,-0.414796,35.52956200,-97.47576604,54.730,-151.560,13.905,-2.598,99.990
VN300_2026-07-12_14-41-49_VNINS.csv,lap,8,50445,1261.410453,17.140404,3954.665,354.069,,GPS uncertainty 100.0 m > 4.0 m,-0.414796,35.52956200,-97.47576604,54.730,-152.639,13.681,-3.178,99.990
VN300_2026-07-12_14-41-49_VNINS.csv,lap,8,50446,1261.410453,17.140404,3954.665,354.069,,GPS uncertainty 100.0 m > 4.0 m,-0.414796,35.52956200,-97.47576604,54.730,-153.788,13.727,-3.523,99.990
VN300_2026-07-12_14-41-49_VNINS.csv,lap,8,50447,1261.410453,17.140404,3954.665,354.069,,GPS uncertainty 100.0 m > 4.0 m,-0.414796,35.52956200,-97.47576604,54.730,-155.208,13.948,-4.356,99.990
VN300_2026-07-12_14-41-49_VNINS.csv,lap,8,50448,1261.410453,17.140404,3954.665,354.069,,GPS uncertainty 100.0 m > 4.0 m,-0.414796,35.52956200,-97.47576604,54.730,-156.887,14.110,-5.423,99.990
VN300_2026-07-12_14-41-49_VNINS.csv,lap,8,50449,1261.410453,17.140404,3954.665,354.069,,GPS uncertainty 100.0 m > 4.0 m,-0.414796,35.52956200,-97.47576604,54.730,-158.459,14.113,-5.794,99.990
VN300_2026-07-12_14-41-49_VNINS.csv,lap,8,50450,1261.410453,17.140404,3954.665,354.069,,GPS uncertainty 100.0 m > 4.0 m,-0.414796,35.52956200,-97.47576604,54.730,-159.831,13.756,-6.569,99.990
VN300_2026-07-12_14-41-49_VNINS.csv,lap,8,50451,1261.410453,17.140404,3954.665,354.069,,GPS uncertainty 100.0 m > 4.0 m,-0.414796,35.52956200,-97.47576604,54.730,-161.092,13.386,-7.130,99.990
VN300_2026-07-12_14-41-49_VNINS.csv,lap,8,50452,1261.410453,17.140404,3954.665,354.069,,GPS uncertainty 100.0 m > 4.0 m,-0.414796,35.52956200,-97.47576604,54.730,-162.536,13.155,-7.815,99.990
VN300_2026-07-12_14-41-49_VNINS.csv,lap,8,50453,1261.410453,17.140404,3954.665,354.069,,GPS uncertainty 100.0 m > 4.0 m,-0.414796,35.52956200,-97.47576604,54.730,-163.990,13.106,-8.572,99.990
VN300_2026-07-12_14-41-49_VNINS.csv,lap,8,50454,1261.410453,17.140404,3954.665,354.069,,GPS uncertainty 100.0 m > 4.0 m,-0.414796,35.52956200,-97.47576604,54.730,-165.515,13.111,-9.357,99.990
VN300_2026-07-12_14-41-49_VNINS.csv,lap,8,50455,1261.410453,17.140404,3984.449,383.853,,GPS uncertainty 100.0 m > 4.0 m,-0.414796,35.52930009,-97.47583497,52.467,-166.782,13.123,-9.925,99.990
VN300_2026-07-12_14-41-49_VNINS.csv,lap,8,50456,1261.664306,17.394257,3985.036,384.440,,GPS uncertainty 100.0 m > 4.0 m,-0.414796,35.52929485,-97.47583579,52.437,-167.853,12.993,-10.436,99.990
VN300_2026-07-12_14-41-49_VNINS.csv,lap,8,50457,1261.664306,17.394257,3985.621,385.025,,GPS uncertainty 100.0 m > 4.0 m,-0.414796,35.52928964,-97.47583668,52.250,-168.683,12.889,-10.749,99.990
VN300_2026-07-12_14-41-49_VNINS.csv,lap,8,50458,1261.664306,17.394257,3986.204,385.608,,GPS uncertainty 100.0 m > 4.0 m,-0.414796,35.52928445,-97.47583763,52.132,-169.462,12.702,-11.072,99.990
VN300_2026-07-12_14-41-49_VNINS.csv,lap,8,50459,1261.664306,17.394257,3986.785,386.189,,GPS uncertainty 100.0 m > 4.0 m,-0.414796,35.52927929,-97.47583860,51.953,-170.177,12.653,-11.375,99.990
VN300_2026-07-12_14-41-49_VNINS.csv,lap,8,50460,1261.664306,17.394257,3987.361,386.765,,GPS uncertainty 100.0 m > 4.0 m,-0.414796,35.52927418,-97.47583964,51.701,-170.873,12.626,-11.667,99.990
VN300_2026-07-12_14-41-49_VNINS.csv,lap,8,50461,1261.664306,17.394257,3987.936,387.340,,GPS uncertainty 100.0 m > 4.0 m,-0.414796,35.52926907,-97.47584065,51.560,-171.610,12.686,-12.013,99.990
VN300_2026-07-12_14-41-49_VNINS.csv,lap,8,50462,1261.664306,17.394257,3988.510,387.914,,GPS uncertainty 100.0 m > 4.0 m,-0.414796,35.52926398,-97.47584168,51.280,-172.344,12.806,-12.322,99.990
VN300_2026-07-12_14-41-49_VNINS.csv,lap,8,50463,1261.664306,17.394257,3989.603,389.007,,GPS uncertainty 100.0 m > 4.0 m,-0.414796,35.52925645,-97.47583391,47.215,-173.017,12.862,-12.637,99.990
VN300_2026-07-12_14-41-49_VNINS.csv,lap,8,50464,1261.664306,17.394257,3990.129,389.533,,GPS uncertainty 100.0 m > 4.0 m,-0.414796,35.52925172,-97.47583387,47.133,-173.587,12.892,-13.037,99.990
VN300_2026-07-12_14-41-49_VNINS.csv,lap,8,50465,1261.664306,17.394257,3990.655,390.059,,GPS uncertainty 100.0 m > 4.0 m,-0.414796,35.52924699,-97.47583377,46.911,-174.064,12.897,-13.293,99.990
VN300_2026-07-12_14-41-49_VNINS.csv,lap,8,50466,1261.917714,17.647665,3991.177,390.581,,GPS uncertainty 100.0 m > 4.0 m,-0.414796,35.52924230,-97.47583363,46.557,-174.492,12.936,-13.603,99.990
VN300_2026-07-12_14-41-49_VNINS.csv,lap,8,50467,1261.917714,17.647665,3991.693,391.097,,GPS uncertainty 100.0 m > 4.0 m,-0.414796,35.52923766,-97.47583347,46.180,-174.866,13.052,-13.884,99.990
VN300_2026-07-12_14-41-49_VNINS.csv,lap,8,50468,1261.917714,17.647665,3992.209,391.613,,GPS uncertainty 100.0 m > 4.0 m,-0.414796,35.52923302,-97.47583324,45.922,-175.103,13.154,-14.361,99.990
VN300_2026-07-12_14-41-49_VNINS.csv,lap,8,50469,1261.917714,17.647665,3992.719,392.123,,GPS uncertainty 100.0 m > 4.0 m,-0.414796,35.52922844,-97.47583298,45.545,-175.254,13.328,-14.615,99.990
VN300_2026-07-12_14-41-49_VNINS.csv,lap,8,50470,1261.917714,17.647665,3993.227,392.631,,GPS uncertainty 100.0 m > 4.0 m,-0.414796,35.52922388,-97.47583267,45.237,-175.228,13.426,-14.787,99.990
VN300_2026-07-12_14-41-49_VNINS.csv,lap,8,50471,1261.917714,17.647665,3994.425,393.829,,GPS uncertainty 100.0 m > 4.0 m,-0.414796,35.52921458,-97.47582599,49.000,-175.138,13.489,-15.263,99.990
VN300_2026-07-12_14-41-49_VNINS.csv,lap,8,50472,1261.917714,17.647665,3994.973,394.377,,GPS uncertainty 100.0 m > 4.0 m,-0.414796,35.52920970,-97.47582510,49.183,-174.981,13.604,-15.431,99.990
VN300_2026-07-12_14-41-49_VNINS.csv,lap,8,50473,1261.917714,17.647665,3995.527,394.931,,GPS uncertainty 100.0 m > 4.0 m,-0.414796,35.52920478,-97.47582416,49.423,-174.796,13.784,-15.626,99.990
VN300_2026-07-12_14-41-49_VNINS.csv,lap,8,50474,1261.917714,17.647665,3996.086,395.490,,GPS uncertainty 100.0 m > 4.0 m,-0.414796,35.52919982,-97.47582317,49.940,-174.566,14.033,-15.988,99.990
VN300_2026-07-12_14-41-49_VNINS.csv,lap,8,50475,1261.917714,17.647665,3996.648,396.052,,GPS uncertainty 100.0 m > 4.0 m,-0.414796,35.52919484,-97.47582212,50.228,-174.352,14.283,-16.182,99.990
VN300_2026-07-12_14-41-49_VNINS.csv,lap,8,50476,1262.171221,17.901172,3997.213,396.617,,GPS uncertainty 100.0 m > 4.0 m,-0.414796,35.52918983,-97.47582103,50.607,-174.136,14.519,-16.430,99.990
VN300_2026-07-12_14-41-49_VNINS.csv,lap,8,50477,1262.171221,17.901172,3997.783,397.187,,GPS uncertainty 100.0 m > 4.0 m,-0.414796,35.52918479,-97.47581989,51.111,-173.970,14.734,-16.786,99.990
VN300_2026-07-12_14-41-49_VNINS.csv,lap,8,50478,1262.171221,17.901172,3998.360,397.764,,GPS uncertainty 100.0 m > 4.0 m,-0.414796,35.52917969,-97.47581870,51.782,-173.865,14.893,-16.973,99.990
VN300_2026-07-12_14-41-49_VNINS.csv,lap,8,50479,1262.171221,17.901172,3999.222,398.626,,GPS uncertainty 100.0 m > 4.0 m,-0.414796,35.52917209,-97.47581682,52.784,-173.776,15.064,-17.296,99.990
VN300_2026-07-12_14-41-49_VNINS.csv,lap,8,50480,1262.171221,17.901172,3999.815,399.219,,GPS uncertainty 100.0 m > 4.0 m,-0.414796,35.52916686,-97.47581554,53.261,-173.775,15.180,-17.479,99.990
VN300_2026-07-12_14-41-49_VNINS.csv,lap,8,50481,1262.171221,17.901172,4000.416,399.820,,GPS uncertainty 100.0 m > 4.0 m,-0.414796,35.52916157,-97.47581421,53.813,-173.809,15.372,-17.682,99.990
VN300_2026-07-12_14-41-49_VNINS.csv,lap,8,50482,1262.171221,17.901172,4001.022,400.426,,GPS uncertainty 100.0 m > 4.0 m,-0.414796,35.52915623,-97.47581285,54.517,-173.886,15.539,-17.964,99.990
VN300_2026-07-12_14-41-49_VNINS.csv,lap,8,50483,1262.171221,17.901172,4001.633,401.037,,GPS uncertainty 100.0 m > 4.0 m,-0.414796,35.52915086,-97.47581144,54.994,-173.962,15.721,-17.982,99.990
VN300_2026-07-12_14-41-49_VNINS.csv,lap,8,50484,1262.171221,17.901172,4002.248,401.652,,GPS uncertainty 100.0 m > 4.0 m,-0.414796,35.52914545,-97.47581000,55.667,-174.045,15.939,-18.207,99.990
VN300_2026-07-12_14-41-49_VNINS.csv,lap,8,50485,1262.171221,17.901172,4002.871,402.275,,GPS uncertainty 100.0 m > 4.0 m,-0.414796,35.52913998,-97.47580852,56.203,-174.145,16.140,-18.320,99.990
VN300_2026-07-12_14-41-49_VNINS.csv,lap,8,50486,1262.438563,18.168514,4003.500,402.904,,GPS uncertainty 100.0 m > 4.0 m,-0.414796,35.52913446,-97.47580701,56.795,-174.188,16.328,-18.362,99.990
VN300_2026-07-12_14-41-49_VNINS.csv,lap,8,50487,1262.438563,18.168514,4004.135,403.539,,GPS uncertainty 100.0 m > 4.0 m,-0.414796,35.52912889,-97.47580544,57.519,-174.208,16.455,-18.586,99.990
VN300_2026-07-12_14-41-49_VNINS.csv,lap,8,50488,1262.438563,18.168514,4004.644,404.048,-3.758976,,-0.414796,35.52912432,-97.47580525,56.691,-174.127,16.642,-18.500,2.240
VN300_2026-07-12_14-41-49_VNINS.csv,lap,8,50489,1262.438563,18.168514,4005.280,404.684,-3.758976,,-0.414796,35.52911877,-97.47580356,57.417,-173.999,16.850,-18.732,2.250
VN300_2026-07-12_14-41-49_VNINS.csv,lap,8,50490,1262.438563,18.168514,4005.922,405.326,-3.758976,,-0.414796,35.52911317,-97.47580182,58.187,-173.838,17.075,-18.831,2.250
VN300_2026-07-12_14-41-49_VNINS.csv,lap,8,50491,1262.438563,18.168514,4006.572,405.976,-3.758976,,-0.414796,35.52910751,-97.47580003,58.866,-173.618,17.250,-18.765,2.250
VN300_2026-07-12_14-41-49_VNINS.csv,lap,8,50492,1262.438563,18.168514,4007.230,406.634,-3.758976,,-0.414796,35.52910178,-97.47579819,59.615,-173.427,17.337,-18.919,2.250
VN300_2026-07-12_14-41-49_VNINS.csv,lap,8,50493,1262.438563,18.168514,4007.898,407.302,-3.758976,,-0.414796,35.52909598,-97.47579628,60.491,-173.147,17.560,-18.964,2.250
VN300_2026-07-12_14-41-49_VNINS.csv,lap,8,50494,1262.438563,18.168514,4008.575,407.979,-3.758976,,-0.414796,35.52909011,-97.47579431,61.495,-172.867,17.919,-19.153,2.250
VN300_2026-07-12_14-41-49_VNINS.csv,lap,8,50495,1262.438563,18.168514,4009.148,408.552,-3.758976,,-0.414796,35.52908582,-97.47579782,61.291,-172.533,18.387,-19.037,2.080
VN300_2026-07-12_14-41-49_VNINS.csv,lap,8,50496,1262.438563,18.168514,4009.838,409.242,-3.758976,,-0.414796,35.52907976,-97.47579617,62.115,-172.151,18.695,-19.029,2.080
VN300_2026-07-12_14-41-49_VNINS.csv,lap,8,50497,1262.692408,18.422359,4010.535,409.939,-3.505131,,-0.414796,35.52907364,-97.47579449,62.964,-171.801,18.932,-19.065,2.080
VN300_2026-07-12_14-41-49_VNINS.csv,lap,8,50498,1262.692408,18.422359,4011.244,410.648,-3.505131,,-0.414796,35.52906742,-97.47579279,63.732,-171.424,19.157,-19.073,2.080
VN300_2026-07-12_14-41-49_VNINS.csv,lap,8,50499,1262.692408,18.422359,4011.960,411.364,-3.505131,,-0.414796,35.52906113,-97.47579107,64.679,-171.086,19.367,-19.347,2.080
VN300_2026-07-12_14-41-49_VNINS.csv,lap,8,50500,1262.692408,18.422359,4012.686,412.090,-3.505131,,-0.414796,35.52905476,-97.47578931,65.547,-170.748,19.624,-19.312,2.080
VN300_2026-07-12_14-41-49_VNINS.csv,lap,8,50501,1262.692408,18.422359,4013.419,412.823,-3.505131,,-0.414796,35.52904833,-97.47578753,66.121,-170.425,19.903,-19.472,2.080
VN300_2026-07-12_14-41-49_VNINS.csv,lap,8,50502,1262.692408,18.422359,4014.161,413.565,-3.505131,,-0.414796,35.52904182,-97.47578574,66.842,-170.156,20.152,-19.562,2.090
VN300_2026-07-12_14-41-49_VNINS.csv,lap,8,50503,1262.692408,18.422359,4014.740,414.144,-3.505131,,-0.414796,35.52904110,-97.47579208,63.756,-169.921,20.383,-19.609,1.950
VN300_2026-07-12_14-41-49_VNINS.csv,lap,8,50504,1262.692408,18.422359,4015.459,414.863,-3.505131,,-0.414796,35.52903472,-97.47579084,64.172,-169.733,20.520,-19.769,1.950
VN300_2026-07-12_14-41-49_VNINS.csv,lap,8,50505,1262.692408,18.422359,4016.180,415.584,-3.505131,,-0.414796,35.52902831,-97.47578959,64.402,-169.603,20.630,-19.775,1.950
VN300_2026-07-12_14-41-49_VNINS.csv,lap,8,50506,1262.692408,18.422359,4016.906,416.310,-3.505131,,-0.414796,35.52902186,-97.47578834,64.854,-169.483,20.755,-19.928,1.950
VN300_2026-07-12_14-41-49_VNINS.csv,lap,8,50507,1262.945812,18.675763,4017.638,417.042,-3.251727,,-0.414796,35.52901536,-97.47578708,65.366,-169.393,20.958,-19.974,1.950
VN300_2026-07-12_14-41-49_VNINS.csv,lap,8,50508,1262.945812,18.675763,4018.374,417.778,-3.251727,,-0.414796,35.52900882,-97.47578580,65.742,-169.389,21.188,-20.162,1.950
VN300_2026-07-12_14-41-49_VNINS.csv,lap,8,50509,1262.945812,18.675763,4019.115,418.519,-3.251727,,-0.414796,35.52900224,-97.47578450,66.225,-169.434,21.370,-20.336,1.950
VN300_2026-07-12_14-41-49_VNINS.csv,lap,8,50510,1262.945812,18.675763,4019.861,419.265,-3.251727,,-0.414796,35.52899562,-97.47578319,66.502,-169.455,21.548,-20.428,1.950
VN300_2026-07-12_14-41-49_VNINS.csv,lap,8,50511,1262.945812,18.675763,4020.476,419.880,-3.251727,,-0.414796,35.52899674,-97.47578985,62.459,-169.570,21.549,-20.752,1.840
VN300_2026-07-12_14-41-49_VNINS.csv,lap,8,50512,1262.945812,18.675763,4021.162,420.566,-3.251727,,-0.414796,35.52899061,-97.47578907,62.409,-169.810,21.552,-20.803,1.840
VN300_2026-07-12_14-41-49_VNINS.csv,lap,8,50513,1262.945812,18.675763,4021.858,421.262,-3.251727,,-0.414796,35.52898439,-97.47578819,62.585,-170.044,21.589,-21.053,1.840
VN300_2026-07-12_14-41-49_VNINS.csv,lap,8,50514,1262.945812,18.675763,4022.555,421.959,-3.251727,,-0.414796,35.52897816,-97.47578730,62.795,-170.346,21.672,-21.463,1.840
VN300_2026-07-12_14-41-49_VNINS.csv,lap,8,50515,1262.945812,18.675763,4023.254,422.658,-3.251727,,-0.414796,35.52897192,-97.47578641,62.709,-170.614,21.907,-21.660,1.840
VN300_2026-07-12_14-41-49_VNINS.csv,lap,8,50516,1262.945812,18.675763,4023.956,423.360,-3.251727,,-0.414796,35.52896565,-97.47578545,63.429,-171.103,22.463,-22.277,1.840
VN300_2026-07-12_14-41-49_VNINS.csv,lap,8,50517,1263.199535,18.929486,4024.663,424.067,-2.998004,,-0.414796,35.52895935,-97.47578447,63.646,-171.696,23.218,-22.837,1.840
VN300_2026-07-12_14-41-49_VNINS.csv,lap,8,50518,1263.199535,18.929486,4025.370,424.774,-2.998004,,-0.414796,35.52895304,-97.47578345,63.537,-172.262,23.642,-23.244,1.840
VN300_2026-07-12_14-41-49_VNINS.csv,lap,8,50519,1263.199535,18.929486,4026.048,425.452,-2.998004,,-0.414796,35.52895278,-97.47579093,60.152,-172.442,23.141,-23.666,1.740
VN300_2026-07-12_14-41-49_VNINS.csv,lap,8,50520,1263.199535,18.929486,4026.712,426.116,-2.998004,,-0.414796,35.52894683,-97.47579028,60.118,-172.364,22.210,-24.226,1.740
VN300_2026-07-12_14-41-49_VNINS.csv,lap,8,50521,1263.199535,18.929486,4027.376,426.780,-2.998004,,-0.414796,35.52894088,-97.47578962,60.274,-172.280,21.406,-24.461,1.750
VN300_2026-07-12_14-41-49_VNINS.csv,lap,8,50522,1263.199535,18.929486,4028.042,427.446,-2.998004,,-0.414796,35.52893492,-97.47578896,60.292,-172.418,20.920,-24.810,1.750
VN300_2026-07-12_14-41-49_VNINS.csv,lap,8,50523,1263.199535,18.929486,4028.709,428.113,-2.998004,,-0.414796,35.52892894,-97.47578829,60.327,-172.605,20.758,-25.158,1.750
VN300_2026-07-12_14-41-49_VNINS.csv,lap,8,50524,1263.199535,18.929486,4029.376,428.780,-2.998004,,-0.414796,35.52892297,-97.47578762,60.333,-172.982,20.810,-25.670,1.750
VN300_2026-07-12_14-41-49_VNINS.csv,lap,8,50525,1263.199535,18.929486,4030.044,429.448,-2.998004,,-0.414796,35.52891699,-97.47578695,60.193,-173.375,21.062,-26.293,1.750
VN300_2026-07-12_14-41-49_VNINS.csv,lap,8,50526,1263.199535,18.929486,4030.713,430.117,-2.998004,,-0.414796,35.52891100,-97.47578627,60.247,-173.940,21.374,-26.650,1.750
VN300_2026-07-12_14-41-49_VNINS.csv,lap,8,50527,1263.468611,19.198562,4031.381,430.785,-2.728928,,-0.414796,35.52890502,-97.47578555,60.057,-174.347,21.704,-26.822,1.750
VN300_2026-07-12_14-41-49_VNINS.csv,lap,8,50528,1263.468611,19.198562,4031.983,431.387,-2.728928,,-0.414796,35.52890361,-97.47579198,57.094,-174.756,21.846,-27.496,1.660
VN300_2026-07-12_14-41-49_VNINS.csv,lap,8,50529,1263.468611,19.198562,4032.614,432.018,-2.728928,,-0.414796,35.52889795,-97.47579152,56.745,-174.889,21.994,-27.595,1.670
VN300_2026-07-12_14-41-49_VNINS.csv,lap,8,50530,1263.468611,19.198562,4033.241,432.645,-2.728928,,-0.414796,35.52889233,-97.47579103,56.152,-175.066,22.170,-27.994,1.670
VN300_2026-07-12_14-41-49_VNINS.csv,lap,8,50531,1263.468611,19.198562,4033.860,433.265,-2.728928,,-0.414796,35.52888677,-97.47579052,55.981,-175.077,22.353,-28.180,1.670
VN300_2026-07-12_14-41-49_VNINS.csv,lap,8,50532,1263.468611,19.198562,4034.476,433.880,-2.728928,,-0.414796,35.52888125,-97.47578999,55.481,-175.054,22.395,-28.476,1.670
VN300_2026-07-12_14-41-49_VNINS.csv,lap,8,50533,1263.468611,19.198562,4035.087,434.491,-2.728928,,-0.414796,35.52887578,-97.47578943,55.071,-174.889,22.332,-28.918,1.670
VN300_2026-07-12_14-41-49_VNINS.csv,lap,8,50534,1263.468611,19.198562,4035.694,435.098,-2.728928,,-0.414796,35.52887034,-97.47578886,54.997,-174.758,22.185,-29.051,1.670
VN300_2026-07-12_14-41-49_VNINS.csv,lap,8,50535,1263.468611,19.198562,4036.260,435.664,-2.728928,,-0.414796,35.52886809,-97.47579448,52.077,-174.538,22.277,-29.179,1.600
VN300_2026-07-12_14-41-49_VNINS.csv,lap,8,50536,1263.468611,19.198562,4036.831,436.235,-2.728928,,-0.414796,35.52886296,-97.47579440,51.982,-174.230,22.314,-29.565,1.600
VN300_2026-07-12_14-41-49_VNINS.csv,lap,8,50537,1263.468611,19.198562,4037.407,436.811,-2.728928,,-0.414796,35.52885778,-97.47579429,51.842,-173.780,22.375,-29.748,1.600
VN300_2026-07-12_14-41-49_VNINS.csv,lap,8,50538,1263.722480,19.452431,4037.980,437.384,-2.475059,,-0.414796,35.52885263,-97.47579425,51.616,-173.390,22.427,-29.653,1.600
VN300_2026-07-12_14-41-49_VNINS.csv,lap,8,50539,1263.722480,19.452431,4038.551,437.955,-2.475059,,-0.414796,35.52884749,-97.47579424,51.263,-172.874,22.741,-29.458,1.600
VN300_2026-07-12_14-41-49_VNINS.csv,lap,8,50540,1263.722480,19.452431,4039.119,438.523,-2.475059,,-0.414796,35.52884238,-97.47579427,51.119,-172.378,23.360,-29.679,1.600
VN300_2026-07-12_14-41-49_VNINS.csv,lap,8,50541,1263.722480,19.452431,4039.686,439.090,-2.475059,,-0.414796,35.52883728,-97.47579433,50.957,-172.054,24.013,-30.159,1.600
VN300_2026-07-12_14-41-49_VNINS.csv,lap,8,50542,1263.722480,19.452431,4040.250,439.654,-2.475059,,-0.414796,35.52883221,-97.47579445,50.532,-171.834,24.077,-30.629,1.600
VN300_2026-07-12_14-41-49_VNINS.csv,lap,8,50543,1263.722480,19.452431,4040.924,440.328,-2.475059,,-0.414796,35.52882697,-97.47579819,50.237,-171.689,23.761,-30.162,1.530
VN300_2026-07-12_14-41-49_VNINS.csv,lap,8,50544,1263.722480,19.452431,4041.480,440.884,-2.475059,,-0.414796,35.52882198,-97.47579858,49.824,-171.745,23.706,-30.747,1.530
VN300_2026-07-12_14-41-49_VNINS.csv,lap,8,50545,1263.722480,19.452431,4042.033,441.437,-2.475059,,-0.414796,35.52881702,-97.47579898,49.310,-172.237,24.158,-30.491,1.530
VN300_2026-07-12_14-41-49_VNINS.csv,lap,8,50546,1263.722480,19.452431,4042.574,441.978,-2.475059,,-0.414796,35.52881217,-97.47579941,48.022,-172.910,24.451,-30.742,1.540
VN300_2026-07-12_14-41-49_VNINS.csv,lap,8,50547,1263.722480,19.452431,4043.099,442.503,-2.475059,,-0.414796,35.52880746,-97.47579982,46.512,-173.684,24.284,-31.053,1.540
VN300_2026-07-12_14-41-49_VNINS.csv,lap,8,50548,1263.975946,19.705897,4043.609,443.013,-2.221593,,-0.414796,35.52880288,-97.47580019,45.409,-174.308,23.597,-31.249,1.540
VN300_2026-07-12_14-41-49_VNINS.csv,lap,8,50549,1263.975946,19.705897,4044.110,443.514,-2.221593,,-0.414796,35.52879838,-97.47580055,44.792,-174.861,23.020,-31.334,1.540
VN300_2026-07-12_14-41-49_VNINS.csv,lap,8,50550,1263.975946,19.705897,4044.606,444.010,-2.221593,,-0.414796,35.52879393,-97.47580092,44.537,-175.487,22.611,-31.716,1.540
VN300_2026-07-12_14-41-49_VNINS.csv,lap,8,50551,1263.975946,19.705897,4045.417,444.821,-2.221593,,-0.414796,35.52878669,-97.47580196,45.742,-176.271,22.432,-32.103,1.480
VN300_2026-07-12_14-41-49_VNINS.csv,lap,8,50552,1263.975946,19.705897,4045.925,445.329,-2.221593,,-0.414796,35.52878214,-97.47580245,45.258,-177.068,22.288,-32.536,1.480
VN300_2026-07-12_14-41-49_VNINS.csv,lap,8,50553,1263.975946,19.705897,4046.428,445.832,-2.221593,,-0.414796,35.52877763,-97.47580295,45.005,-177.736,22.160,-32.893,1.480
VN300_2026-07-12_14-41-49_VNINS.csv,lap,8,50554,1263.975946,19.705897,4046.928,446.333,-2.221593,,-0.414796,35.52877315,-97.47580345,44.612,-178.294,21.974,-33.214,1.480
VN300_2026-07-12_14-41-49_VNINS.csv,lap,8,50555,1263.975946,19.705897,4047.425,446.829,-2.221593,,-0.414796,35.52876870,-97.47580394,44.186,-178.600,21.730,-33.428,1.480
VN300_2026-07-12_14-41-49_VNINS.csv,lap,8,50556,1263.975946,19.705897,4047.917,447.321,-2.221593,,-0.414796,35.52876430,-97.47580443,43.718,-178.866,21.401,-33.668,1.480
VN300_2026-07-12_14-41-49_VNINS.csv,lap,8,50557,1263.975946,19.705897,4048.403,447.807,-2.221593,,-0.414796,35.52875994,-97.47580489,43.174,-179.031,21.193,-33.809,1.480
VN300_2026-07-12_14-41-49_VNINS.csv,lap,8,50558,1264.229569,19.959520,4048.883,448.287,-1.967970,,-0.414796,35.52875564,-97.47580536,42.693,-179.303,20.933,-33.994,1.480
VN300_2026-07-12_14-41-49_VNINS.csv,lap,8,50559,1264.229569,19.959520,4049.750,449.154,-1.967970,,-0.414796,35.52874790,-97.47580424,43.785,-179.416,20.843,-34.310,1.430
VN300_2026-07-12_14-41-49_VNINS.csv,lap,8,50560,1264.229569,19.959520,4050.237,449.641,-1.967970,,-0.414796,35.52874353,-97.47580456,43.174,-179.555,20.664,-34.592,1.430
VN300_2026-07-12_14-41-49_VNINS.csv,lap,8,50561,1264.229569,19.959520,4050.716,450.120,-1.967970,,-0.414796,35.52873923,-97.47580489,42.652,-179.577,20.565,-34.848,1.430
VN300_2026-07-12_14-41-49_VNINS.csv,lap,8,50562,1264.229569,19.959520,4051.190,450.594,-1.967970,,-0.414796,35.52873497,-97.47580524,42.148,-179.713,20.456,-35.095,1.430
VN300_2026-07-12_14-41-49_VNINS.csv,lap,8,50563,1264.229569,19.959520,4051.660,451.064,-1.967970,,-0.414796,35.52873076,-97.47580559,41.663,-179.704,20.418,-35.364,1.430
VN300_2026-07-12_14-41-49_VNINS.csv,lap,8,50564,1264.229569,19.959520,4052.123,451.527,-1.967970,,-0.414796,35.52872660,-97.47580593,41.272,-179.676,20.220,-35.556,1.430
VN300_2026-07-12_14-41-49_VNINS.csv,lap,8,50565,1264.229569,19.959520,4052.582,451.986,-1.967970,,-0.414796,35.52872248,-97.47580626,40.770,-179.599,20.201,-35.647,1.440
VN300_2026-07-12_14-41-49_VNINS.csv,lap,8,50566,1264.229569,19.959520,4053.037,452.441,-1.967970,,-0.414796,35.52871840,-97.47580658,40.478,-179.703,20.120,-35.966,1.440
VN300_2026-07-12_14-41-49_VNINS.csv,lap,8,50567,1264.229569,19.959520,4053.488,452.892,-1.967970,,-0.414796,35.52871435,-97.47580690,40.060,-179.889,20.198,-36.258,1.440
VN300_2026-07-12_14-41-49_VNINS.csv,lap,8,50568,1264.229569,19.959520,4054.332,453.736,-1.967970,,-0.414796,35.52870676,-97.47580707,41.034,179.926,20.221,-36.312,1.390
VN300_2026-07-12_14-41-49_VNINS.csv,lap,8,50569,1264.503238,20.233189,4054.793,454.197,-1.694301,,-0.414796,35.52870262,-97.47580734,40.652,179.934,20.154,-36.690,1.390
VN300_2026-07-12_14-41-49_VNINS.csv,lap,8,50570,1264.503238,20.233189,4055.245,454.649,-1.694301,,-0.414796,35.52869856,-97.47580758,40.129,179.939,19.900,-36.941,1.390
VN300_2026-07-12_14-41-49_VNINS.csv,lap,8,50571,1264.503238,20.233189,4055.692,455.096,-1.694301,,-0.414796,35.52869455,-97.47580781,39.651,179.992,19.649,-37.188,1.390
VN300_2026-07-12_14-41-49_VNINS.csv,lap,8,50572,1264.503238,20.233189,4056.132,455.536,-1.694301,,-0.414796,35.52869059,-97.47580804,39.217,179.948,19.314,-37.424,1.390
VN300_2026-07-12_14-41-49_VNINS.csv,lap,8,50573,1264.503238,20.233189,4056.569,455.973,-1.694301,,-0.414796,35.52868667,-97.47580825,38.818,179.914,19.118,-37.629,1.390
VN300_2026-07-12_14-41-49_VNINS.csv,lap,8,50574,1264.503238,20.233189,4057.001,456.405,-1.694301,,-0.414796,35.52868279,-97.47580846,38.405,179.780,18.919,-37.971,1.390
VN300_2026-07-12_14-41-49_VNINS.csv,lap,8,50575,1264.503238,20.233189,4057.818,457.222,-1.694301,,-0.414796,35.52867544,-97.47580859,39.425,179.793,18.862,-38.261,1.350
VN300_2026-07-12_14-41-49_VNINS.csv,lap,8,50576,1264.503238,20.233189,4058.256,457.660,-1.694301,,-0.414796,35.52867150,-97.47580872,39.023,179.865,18.753,-38.482,1.350
VN300_2026-07-12_14-41-49_VNINS.csv,lap,8,50577,1264.503238,20.233189,4058.691,458.095,-1.694301,,-0.414796,35.52866759,-97.47580884,38.543,-179.940,18.694,-38.707,1.350
VN300_2026-07-12_14-41-49_VNINS.csv,lap,8,50578,1264.503238,20.233189,4059.119,458.523,-1.694301,,-0.414796,35.52866374,-97.47580894,38.130,-179.709,18.507,-38.792,1.350
VN300_2026-07-12_14-41-49_VNINS.csv,lap,8,50579,1264.756763,20.486714,4059.543,458.947,-1.440776,,-0.414796,35.52865993,-97.47580903,37.686,-179.377,18.390,-38.954,1.350
VN300_2026-07-12_14-41-49_VNINS.csv,lap,8,50580,1264.756763,20.486714,4059.962,459.366,-1.440776,,-0.414796,35.52865616,-97.47580910,37.284,-179.088,18.182,-39.102,1.350
VN300_2026-07-12_14-41-49_VNINS.csv,lap,8,50581,1264.756763,20.486714,4060.377,459.781,-1.440776,,-0.414796,35.52865243,-97.47580917,36.902,-178.801,18.099,-39.161,1.350
VN300_2026-07-12_14-41-49_VNINS.csv,lap,8,50582,1264.756763,20.486714,4060.786,460.190,-1.440776,,-0.414796,35.52864875,-97.47580924,36.460,-178.605,18.001,-39.230,1.350
VN300_2026-07-12_14-41-49_VNINS.csv,lap,8,50583,1264.756763,20.486714,4061.627,461.031,-1.440776,,-0.414796,35.52864119,-97.47580929,37.616,-178.251,18.040,-39.479,1.310
VN300_2026-07-12_14-41-49_VNINS.csv,lap,8,50584,1264.756763,20.486714,4062.046,461.450,-1.440776,,-0.414796,35.52863742,-97.47580931,37.180,-177.877,17.991,-39.551,1.310
VN300_2026-07-12_14-41-49_VNINS.csv,lap,8,50585,1264.756763,20.486714,4062.459,461.863,-1.440776,,-0.414796,35.52863371,-97.47580933,36.617,-177.450,18.048,-39.697,1.310
VN300_2026-07-12_14-41-49_VNINS.csv,lap,8,50586,1264.756763,20.486714,4062.866,462.270,-1.440776,,-0.414796,35.52863005,-97.47580939,36.053,-177.020,17.958,-39.797,1.310
VN300_2026-07-12_14-41-49_VNINS.csv,lap,8,50587,1264.756763,20.486714,4063.266,462.670,-1.440776,,-0.414796,35.52862645,-97.47580944,35.628,-176.481,17.862,-39.904,1.320
VN300_2026-07-12_14-41-49_VNINS.csv,lap,8,50588,1264.756763,20.486714,4063.662,463.066,-1.440776,,-0.414796,35.52862289,-97.47580950,35.180,-176.015,17.684,-39.945,1.320
VN300_2026-07-12_14-41-49_VNINS.csv,lap,8,50589,1264.756763,20.486714,4064.053,463.457,-1.440776,,-0.414796,35.52861937,-97.47580956,34.831,-175.529,17.580,-40.079,1.320
VN300_2026-07-12_14-41-49_VNINS.csv,lap,8,50590,1265.010508,20.740459,4064.440,463.844,-1.187031,,-0.414796,35.52861589,-97.47580962,34.483,-175.219,17.423,-40.097,1.320
VN300_2026-07-12_14-41-49_VNINS.csv,lap,8,50591,1265.010508,20.740459,4065.282,464.686,-1.187031,,-0.414796,35.52860833,-97.47581005,35.760,-174.846,17.378,-40.295,1.280
VN300_2026-07-12_14-41-49_VNINS.csv,lap,8,50592,1265.010508,20.740459,4065.680,465.084,-1.187031,,-0.414796,35.52860475,-97.47581010,35.341,-174.577,17.225,-40.396,1.280
VN300_2026-07-12_14-41-49_VNINS.csv,lap,8,50593,1265.010508,20.740459,4066.073,465.477,-1.187031,,-0.414796,35.52860122,-97.47581014,34.952,-174.295,17.082,-40.571,1.280
VN300_2026-07-12_14-41-49_VNINS.csv,lap,8,50594,1265.010508,20.740459,4066.462,465.866,-1.187031,,-0.414796,35.52859772,-97.47581020,34.506,-174.081,16.790,-40.626,1.280
VN300_2026-07-12_14-41-49_VNINS.csv,lap,8,50595,1265.010508,20.740459,4066.845,466.249,-1.187031,,-0.414796,35.52859427,-97.47581024,34.128,-173.771,16.509,-40.841,1.280
VN300_2026-07-12_14-41-49_VNINS.csv,lap,8,50596,1265.010508,20.740459,4067.225,466.629,-1.187031,,-0.414796,35.52859086,-97.47581028,33.744,-173.597,16.119,-40.823,1.280
VN300_2026-07-12_14-41-49_VNINS.csv,lap,8,50597,1265.010508,20.740459,4067.600,467.005,-1.187031,,-0.414796,35.52858748,-97.47581033,33.371,-173.417,15.837,-40.845,1.280
VN300_2026-07-12_14-41-49_VNINS.csv,lap,8,50598,1265.010508,20.740459,4067.971,467.375,-1.187031,,-0.414796,35.52858415,-97.47581039,32.946,-173.345,15.436,-40.876,1.280
VN300_2026-07-12_14-41-49_VNINS.csv,lap,8,50599,1265.010508,20.740459,4068.769,468.173,-1.187031,,-0.414796,35.52857697,-97.47581015,34.193,-173.150,15.127,-41.150,1.250
VN300_2026-07-12_14-41-49_VNINS.csv,lap,8,50600,1265.264071,20.994022,4069.150,468.554,-0.933468,,-0.414796,35.52857355,-97.47581018,33.843,-173.040,14.626,-41.176,1.250
VN300_2026-07-12_14-41-49_VNINS.csv,lap,8,50601,1265.264071,20.994022,4069.527,468.931,-0.933468,,-0.414796,35.52857016,-97.47581022,33.510,-172.833,14.216,-41.067,1.250
VN300_2026-07-12_14-41-49_VNINS.csv,lap,8,50602,1265.264071,20.994022,4069.899,469.303,-0.933468,,-0.414796,35.52856681,-97.47581027,33.155,-172.691,13.628,-41.060,1.250
VN300_2026-07-12_14-41-49_VNINS.csv,lap,8,50603,1265.264071,20.994022,4070.268,469.672,-0.933468,,-0.414796,35.52856349,-97.47581031,32.881,-172.340,13.092,-41.158,1.250
VN300_2026-07-12_14-41-49_VNINS.csv,lap,8,50604,1265.264071,20.994022,4070.633,470.037,-0.933468,,-0.414796,35.52856021,-97.47581037,32.501,-172.276,12.519,-40.877,1.250
VN300_2026-07-12_14-41-49_VNINS.csv,lap,8,50605,1265.264071,20.994022,4070.995,470.399,-0.933468,,-0.414796,35.52855696,-97.47581044,32.148,-172.236,12.133,-40.824,1.250
VN300_2026-07-12_14-41-49_VNINS.csv,lap,8,50606,1265.264071,20.994022,4071.353,470.757,-0.933468,,-0.414796,35.52855374,-97.47581051,31.976,-172.351,11.556,-40.844,1.250
VN300_2026-07-12_14-41-49_VNINS.csv,lap,8,50607,1265.264071,20.994022,4072.133,471.537,-0.933468,,-0.414796,35.52854682,-97.47580908,33.270,-172.477,11.167,-40.873,1.220
VN300_2026-07-12_14-41-49_VNINS.csv,lap,8,50608,1265.264071,20.994022,4072.507,471.911,-0.933468,,-0.414796,35.52854346,-97.47580905,32.996,-172.478,10.411,-40.392,1.220
VN300_2026-07-12_14-41-49_VNINS.csv,lap,8,50609,1265.264071,20.994022,4072.872,472.277,-0.933468,,-0.414796,35.52854017,-97.47580904,32.524,-172.383,9.835,-40.360,1.220
VN300_2026-07-12_14-41-49_VNINS.csv,lap,8,50610,1265.528812,21.258763,4073.235,472.639,-0.668727,,-0.414796,35.52853691,-97.47580904,32.346,-172.330,9.087,-40.149,1.220
VN300_2026-07-12_14-41-49_VNINS.csv,lap,8,50611,1265.528812,21.258763,4073.595,472.999,-0.668727,,-0.414796,35.52853367,-97.47580904,32.090,-172.228,8.512,-40.001,1.220
VN300_2026-07-12_14-41-49_VNINS.csv,lap,8,50612,1265.528812,21.258763,4073.952,473.356,-0.668727,,-0.414796,35.52853046,-97.47580904,31.830,-172.282,7.871,-39.785,1.220
VN300_2026-07-12_14-41-49_VNINS.csv,lap,8,50613,1265.528812,21.258763,4074.306,473.710,-0.668727,,-0.414796,35.52852728,-97.47580906,31.534,-172.260,7.379,-39.806,1.230
VN300_2026-07-12_14-41-49_VNINS.csv,lap,8,50614,1265.528812,21.258763,4074.657,474.061,-0.668727,,-0.414796,35.52852412,-97.47580908,31.231,-172.277,6.799,-39.538,1.230
VN300_2026-07-12_14-41-49_VNINS.csv,lap,8,50615,1265.528812,21.258763,4075.392,474.796,-0.668727,,-0.414796,35.52851791,-97.47580629,32.435,-172.108,6.371,-39.498,1.200
VN300_2026-07-12_14-41-49_VNINS.csv,lap,8,50616,1265.528812,21.258763,4075.754,475.158,-0.668727,,-0.414796,35.52851466,-97.47580619,32.203,-172.031,5.899,-39.171,1.200
VN300_2026-07-12_14-41-49_VNINS.csv,lap,8,50617,1265.528812,21.258763,4076.111,475.515,-0.668727,,-0.414796,35.52851145,-97.47580610,31.889,-171.851,5.560,-39.105,1.200
VN300_2026-07-12_14-41-49_VNINS.csv,lap,8,50618,1265.528812,21.258763,4076.466,475.870,-0.668727,,-0.414796,35.52850826,-97.47580601,31.616,-171.716,5.088,-38.820,1.200
VN300_2026-07-12_14-41-49_VNINS.csv,lap,8,50619,1265.528812,21.258763,4076.817,476.221,-0.668727,,-0.414796,35.52850510,-97.47580594,31.315,-171.520,4.777,-38.773,1.200
VN300_2026-07-12_14-41-49_VNINS.csv,lap,8,50620,1265.528812,21.258763,4077.165,476.569,-0.668727,,-0.414796,35.52850197,-97.47580589,31.025,-171.472,4.410,-38.532,1.200
VN300_2026-07-12_14-41-49_VNINS.csv,lap,8,50621,1265.782743,21.512694,4077.509,476.913,-0.414796,,-0.414796,35.52849888,-97.47580586,30.661,-171.295,4.136,-38.313,1.200
