source,segment_type,segment_number,row_index,time_s,segment_time_s,distance_m,segment_distance_m,live_delta_to_best_s,live_delta_error,final_delta_to_best_s,lat,lon,speed_mph,yaw_deg,pitch_deg,roll_deg,pos_uncertainty_m
VN300_2026-07-12_14-41-49_VNINS.csv,lap,6,47636,1191.040477,0.000000,2856.186,0.000,0.000000,,-0.120641,35.52849923,-97.47580577,32.362,96.666,-16.294,-21.605,1.310
VN300_2026-07-12_14-41-49_VNINS.csv,lap,6,47637,1191.040477,0.000000,2856.548,0.362,0.000000,,-0.120641,35.52849602,-97.47580511,32.178,96.368,-16.526,-21.183,1.320
VN300_2026-07-12_14-41-49_VNINS.csv,lap,6,47638,1191.040477,0.000000,2856.908,0.722,0.000000,,-0.120641,35.52849283,-97.47580442,32.048,96.200,-16.729,-20.940,1.320
VN300_2026-07-12_14-41-49_VNINS.csv,lap,6,47639,1191.040477,0.000000,2857.379,1.193,0.000000,,-0.120641,35.52848876,-97.47580586,32.128,95.936,-16.942,-20.592,1.280
VN300_2026-07-12_14-41-49_VNINS.csv,lap,6,47640,1191.040477,0.000000,2857.739,1.553,0.000000,,-0.120641,35.52848556,-97.47580527,32.084,95.770,-17.122,-20.469,1.280
VN300_2026-07-12_14-41-49_VNINS.csv,lap,6,47641,1191.319768,0.279291,2858.098,1.912,0.279291,,-0.120641,35.52848237,-97.47580467,31.915,95.432,-17.297,-20.020,1.280
VN300_2026-07-12_14-41-49_VNINS.csv,lap,6,47642,1191.319768,0.279291,2858.455,2.269,0.219971,,-0.120641,35.52847920,-97.47580405,31.796,95.239,-17.440,-19.696,1.280
VN300_2026-07-12_14-41-49_VNINS.csv,lap,6,47643,1191.319768,0.279291,2858.809,2.623,0.026429,,-0.120641,35.52847605,-97.47580343,31.603,94.889,-17.630,-19.320,1.280
VN300_2026-07-12_14-41-49_VNINS.csv,lap,6,47644,1191.319768,0.279291,2859.162,2.976,0.006826,,-0.120641,35.52847292,-97.47580279,31.390,94.591,-17.857,-19.059,1.280
VN300_2026-07-12_14-41-49_VNINS.csv,lap,6,47645,1191.319768,0.279291,2859.514,3.328,0.006826,,-0.120641,35.52846980,-97.47580212,31.335,94.100,-18.078,-18.387,1.280
VN300_2026-07-12_14-41-49_VNINS.csv,lap,6,47646,1191.319768,0.279291,2859.864,3.678,0.006826,,-0.120641,35.52846670,-97.47580146,31.197,93.738,-18.263,-17.965,1.290
VN300_2026-07-12_14-41-49_VNINS.csv,lap,6,47647,1191.319768,0.279291,2860.213,4.027,0.006826,,-0.120641,35.52846361,-97.47580078,30.967,93.290,-18.434,-17.658,1.290
VN300_2026-07-12_14-41-49_VNINS.csv,lap,6,47648,1191.319768,0.279291,2860.613,4.427,0.006826,,-0.120641,35.52846006,-97.47580147,30.858,92.751,-18.651,-17.091,1.250
VN300_2026-07-12_14-41-49_VNINS.csv,lap,6,47649,1191.319768,0.279291,2860.958,4.772,0.006826,,-0.120641,35.52845700,-97.47580082,30.686,92.069,-18.824,-16.288,1.250
VN300_2026-07-12_14-41-49_VNINS.csv,lap,6,47650,1191.319768,0.279291,2861.301,5.115,0.006826,,-0.120641,35.52845397,-97.47580014,30.518,91.541,-18.991,-15.663,1.250
VN300_2026-07-12_14-41-49_VNINS.csv,lap,6,47651,1191.319768,0.279291,2861.642,5.456,0.006826,,-0.120641,35.52845095,-97.47579945,30.342,90.766,-19.155,-14.861,1.260
VN300_2026-07-12_14-41-49_VNINS.csv,lap,6,47652,1191.573515,0.533038,2861.981,5.795,0.260573,,-0.120641,35.52844796,-97.47579874,30.146,90.161,-19.383,-14.272,1.260
VN300_2026-07-12_14-41-49_VNINS.csv,lap,6,47653,1191.573515,0.533038,2862.318,6.132,0.260573,,-0.120641,35.52844499,-97.47579800,29.999,89.291,-19.510,-13.344,1.260
VN300_2026-07-12_14-41-49_VNINS.csv,lap,6,47654,1191.573515,0.533038,2862.653,6.467,0.149816,,-0.120641,35.52844204,-97.47579724,29.846,88.594,-19.597,-12.684,1.260
VN300_2026-07-12_14-41-49_VNINS.csv,lap,6,47655,1191.573515,0.533038,2863.053,6.867,0.006721,,-0.120641,35.52843844,-97.47579723,29.889,87.693,-19.616,-11.861,1.230
VN300_2026-07-12_14-41-49_VNINS.csv,lap,6,47656,1191.573515,0.533038,2863.386,7.200,0.006721,,-0.120641,35.52843551,-97.47579647,29.648,86.983,-19.706,-11.191,1.230
VN300_2026-07-12_14-41-49_VNINS.csv,lap,6,47657,1191.573515,0.533038,2863.718,7.532,0.006721,,-0.120641,35.52843260,-97.47579568,29.554,86.030,-19.675,-10.144,1.230
VN300_2026-07-12_14-41-49_VNINS.csv,lap,6,47658,1191.573515,0.533038,2864.048,7.862,0.006721,,-0.120641,35.52842970,-97.47579487,29.367,85.271,-19.661,-9.438,1.230
VN300_2026-07-12_14-41-49_VNINS.csv,lap,6,47659,1191.573515,0.533038,2864.376,8.190,0.006721,,-0.120641,35.52842683,-97.47579405,29.187,84.296,-19.609,-8.496,1.230
VN300_2026-07-12_14-41-49_VNINS.csv,lap,6,47660,1191.573515,0.533038,2864.702,8.516,0.006721,,-0.120641,35.52842398,-97.47579321,28.958,83.510,-19.663,-8.014,1.230
VN300_2026-07-12_14-41-49_VNINS.csv,lap,6,47661,1191.573515,0.533038,2865.025,8.839,0.006721,,-0.120641,35.52842116,-97.47579235,28.774,82.388,-19.568,-6.943,1.230
VN300_2026-07-12_14-41-49_VNINS.csv,lap,6,47662,1191.827054,0.786577,2865.348,9.162,0.260260,,-0.120641,35.52841835,-97.47579144,28.688,81.474,-19.492,-6.027,1.230
VN300_2026-07-12_14-41-49_VNINS.csv,lap,6,47663,1191.827054,0.786577,2865.711,9.525,0.260260,,-0.120641,35.52841514,-97.47579072,28.654,80.312,-19.330,-4.952,1.200
VN300_2026-07-12_14-41-49_VNINS.csv,lap,6,47664,1191.827054,0.786577,2866.030,9.844,0.260260,,-0.120641,35.52841237,-97.47578978,28.511,79.382,-19.331,-4.178,1.200
VN300_2026-07-12_14-41-49_VNINS.csv,lap,6,47665,1191.827054,0.786577,2866.349,10.163,0.058606,,-0.120641,35.52840961,-97.47578883,28.296,78.146,-19.170,-3.069,1.200
VN300_2026-07-12_14-41-49_VNINS.csv,lap,6,47666,1191.827054,0.786577,2866.665,10.479,0.006798,,-0.120641,35.52840688,-97.47578785,28.176,77.093,-19.068,-2.218,1.200
VN300_2026-07-12_14-41-49_VNINS.csv,lap,6,47667,1191.827054,0.786577,2866.981,10.795,0.006798,,-0.120641,35.52840416,-97.47578684,28.080,75.759,-18.712,-0.926,1.210
VN300_2026-07-12_14-41-49_VNINS.csv,lap,6,47668,1191.827054,0.786577,2867.294,11.108,0.006798,,-0.120641,35.52840147,-97.47578582,27.828,74.638,-18.445,-0.090,1.210
VN300_2026-07-12_14-41-49_VNINS.csv,lap,6,47669,1191.827054,0.786577,2867.606,11.420,0.006798,,-0.120641,35.52839881,-97.47578475,27.653,73.249,-17.951,1.303,1.210
VN300_2026-07-12_14-41-49_VNINS.csv,lap,6,47670,1191.827054,0.786577,2867.914,11.728,0.006798,,-0.120641,35.52839618,-97.47578367,27.501,72.071,-17.615,2.317,1.210
VN300_2026-07-12_14-41-49_VNINS.csv,lap,6,47671,1191.827054,0.786577,2868.301,12.115,0.006798,,-0.120641,35.52839295,-97.47578209,27.641,70.605,-16.995,3.854,1.180
VN300_2026-07-12_14-41-49_VNINS.csv,lap,6,47672,1192.080609,1.040132,2868.609,12.423,0.260353,,-0.120641,35.52839034,-97.47578093,27.496,69.371,-16.595,4.947,1.180
VN300_2026-07-12_14-41-49_VNINS.csv,lap,6,47673,1192.080609,1.040132,2868.916,12.730,0.260353,,-0.120641,35.52838775,-97.47577975,27.251,67.850,-15.918,6.469,1.180
VN300_2026-07-12_14-41-49_VNINS.csv,lap,6,47674,1192.080609,1.040132,2869.222,13.036,0.260353,,-0.120641,35.52838519,-97.47577853,27.124,66.562,-15.459,7.892,1.180
VN300_2026-07-12_14-41-49_VNINS.csv,lap,6,47675,1192.080609,1.040132,2869.525,13.339,0.260353,,-0.120641,35.52838266,-97.47577728,27.024,65.063,-14.626,9.711,1.180
VN300_2026-07-12_14-41-49_VNINS.csv,lap,6,47676,1192.080609,1.040132,2869.826,13.640,0.048311,,-0.120641,35.52838016,-97.47577601,26.787,63.795,-13.994,11.035,1.180
VN300_2026-07-12_14-41-49_VNINS.csv,lap,6,47677,1192.080609,1.040132,2870.125,13.939,0.006884,,-0.120641,35.52837769,-97.47577470,26.681,62.264,-12.872,12.977,1.180
VN300_2026-07-12_14-41-49_VNINS.csv,lap,6,47678,1192.080609,1.040132,2870.423,14.237,0.006884,,-0.120641,35.52837523,-97.47577338,26.496,60.921,-11.970,14.291,1.180
VN300_2026-07-12_14-41-49_VNINS.csv,lap,6,47679,1192.080609,1.040132,2870.719,14.533,0.006884,,-0.120641,35.52837281,-97.47577203,26.285,59.629,-11.066,15.743,1.180
VN300_2026-07-12_14-41-49_VNINS.csv,lap,6,47680,1192.080609,1.040132,2871.096,14.911,0.006884,,-0.120641,35.52837009,-97.47576953,26.517,58.463,-9.871,17.793,1.160
VN300_2026-07-12_14-41-49_VNINS.csv,lap,6,47681,1192.080609,1.040132,2871.392,15.206,0.006884,,-0.120641,35.52836771,-97.47576808,26.322,57.395,-8.737,19.623,1.160
VN300_2026-07-12_14-41-49_VNINS.csv,lap,6,47682,1192.347533,1.307056,2871.686,15.500,0.273808,,-0.120641,35.52836536,-97.47576660,26.186,56.444,-8.006,20.782,1.160
VN300_2026-07-12_14-41-49_VNINS.csv,lap,6,47683,1192.347533,1.307056,2871.978,15.792,0.273808,,-0.120641,35.52836303,-97.47576510,26.050,55.535,-7.182,22.038,1.160
VN300_2026-07-12_14-41-49_VNINS.csv,lap,6,47684,1192.347533,1.307056,2872.268,16.082,0.273808,,-0.120641,35.52836074,-97.47576357,25.906,54.625,-6.626,22.767,1.160
VN300_2026-07-12_14-41-49_VNINS.csv,lap,6,47685,1192.347533,1.307056,2872.557,16.371,0.273808,,-0.120641,35.52835847,-97.47576201,25.815,53.744,-5.938,23.649,1.160
VN300_2026-07-12_14-41-49_VNINS.csv,lap,6,47686,1192.347533,1.307056,2872.844,16.658,0.273808,,-0.120641,35.52835623,-97.47576043,25.654,52.918,-5.428,24.138,1.160
VN300_2026-07-12_14-41-49_VNINS.csv,lap,6,47687,1192.347533,1.307056,2873.130,16.944,0.080278,,-0.120641,35.52835401,-97.47575884,25.449,52.144,-4.898,24.616,1.160
VN300_2026-07-12_14-41-49_VNINS.csv,lap,6,47688,1192.347533,1.307056,2873.510,17.324,0.000533,,-0.120641,35.52835183,-97.47575560,25.617,51.421,-4.524,25.093,1.140
VN300_2026-07-12_14-41-49_VNINS.csv,lap,6,47689,1192.347533,1.307056,2873.797,17.611,0.000533,,-0.120641,35.52834967,-97.47575387,25.562,50.817,-4.101,25.543,1.140
VN300_2026-07-12_14-41-49_VNINS.csv,lap,6,47690,1192.347533,1.307056,2874.082,17.896,0.000533,,-0.120641,35.52834753,-97.47575214,25.445,50.185,-3.764,25.822,1.140
VN300_2026-07-12_14-41-49_VNINS.csv,lap,6,47691,1192.347533,1.307056,2874.366,18.180,0.000533,,-0.120641,35.52834541,-97.47575038,25.377,49.555,-3.403,26.067,1.140
VN300_2026-07-12_14-41-49_VNINS.csv,lap,6,47692,1192.347533,1.307056,2874.649,18.463,0.000533,,-0.120641,35.52834332,-97.47574861,25.188,48.855,-3.117,26.066,1.140
VN300_2026-07-12_14-41-49_VNINS.csv,lap,6,47693,1192.601328,1.560851,2874.930,18.744,0.254328,,-0.120641,35.52834125,-97.47574682,25.072,48.200,-2.906,26.256,1.140
VN300_2026-07-12_14-41-49_VNINS.csv,lap,6,47694,1192.601328,1.560851,2875.209,19.023,0.254328,,-0.120641,35.52833921,-97.47574503,24.961,47.502,-2.842,26.348,1.140
VN300_2026-07-12_14-41-49_VNINS.csv,lap,6,47695,1192.601328,1.560851,2875.548,19.362,0.254328,,-0.120641,35.52833736,-97.47574205,24.987,46.850,-2.796,26.582,1.120
VN300_2026-07-12_14-41-49_VNINS.csv,lap,6,47696,1192.601328,1.560851,2875.828,19.642,0.254328,,-0.120641,35.52833537,-97.47574016,25.101,46.168,-2.701,26.782,1.120
VN300_2026-07-12_14-41-49_VNINS.csv,lap,6,47697,1192.601328,1.560851,2876.107,19.921,0.254328,,-0.120641,35.52833338,-97.47573828,24.858,45.494,-2.642,26.576,1.120
VN300_2026-07-12_14-41-49_VNINS.csv,lap,6,47698,1192.601328,1.560851,2876.384,20.198,0.227975,,-0.120641,35.52833142,-97.47573639,24.705,44.793,-2.803,26.432,1.120
VN300_2026-07-12_14-41-49_VNINS.csv,lap,6,47699,1192.601328,1.560851,2876.660,20.474,0.006125,,-0.120641,35.52832949,-97.47573447,24.691,44.121,-2.882,26.914,1.120
VN300_2026-07-12_14-41-49_VNINS.csv,lap,6,47700,1192.601328,1.560851,2876.937,20.751,0.000476,,-0.120641,35.52832756,-97.47573254,24.820,43.454,-2.552,26.949,1.120
VN300_2026-07-12_14-41-49_VNINS.csv,lap,6,47701,1192.601328,1.560851,2877.213,21.027,0.000476,,-0.120641,35.52832565,-97.47573059,24.654,42.782,-1.902,26.730,1.120
VN300_2026-07-12_14-41-49_VNINS.csv,lap,6,47702,1192.601328,1.560851,2877.488,21.302,0.000476,,-0.120641,35.52832377,-97.47572861,24.637,42.106,-1.227,26.877,1.120
VN300_2026-07-12_14-41-49_VNINS.csv,lap,6,47703,1192.854755,1.814278,2877.841,21.655,0.253903,,-0.120641,35.52832205,-97.47572533,24.800,41.499,-0.449,26.751,1.100
VN300_2026-07-12_14-41-49_VNINS.csv,lap,6,47704,1192.854755,1.814278,2878.119,21.933,0.253903,,-0.120641,35.52832020,-97.47572327,24.686,40.885,0.404,26.674,1.100
VN300_2026-07-12_14-41-49_VNINS.csv,lap,6,47705,1192.854755,1.814278,2878.394,22.208,0.253903,,-0.120641,35.52831840,-97.47572119,24.642,40.289,1.136,27.311,1.100
VN300_2026-07-12_14-41-49_VNINS.csv,lap,6,47706,1192.854755,1.814278,2878.667,22.481,0.253903,,-0.120641,35.52831659,-97.47571914,24.588,39.601,1.402,27.228,1.100
VN300_2026-07-12_14-41-49_VNINS.csv,lap,6,47707,1192.854755,1.814278,2878.939,22.753,0.253903,,-0.120641,35.52831480,-97.47571709,24.209,38.784,1.265,26.933,1.100
VN300_2026-07-12_14-41-49_VNINS.csv,lap,6,47708,1192.854755,1.814278,2879.210,23.024,0.253903,,-0.120641,35.52831307,-97.47571499,24.233,37.932,1.031,27.214,1.100
VN300_2026-07-12_14-41-49_VNINS.csv,lap,6,47709,1192.854755,1.814278,2879.480,23.294,0.080702,,-0.120641,35.52831134,-97.47571289,24.231,37.056,0.831,27.330,1.110
VN300_2026-07-12_14-41-49_VNINS.csv,lap,6,47710,1192.854755,1.814278,2879.751,23.565,0.000499,,-0.120641,35.52830961,-97.47571078,24.285,36.214,0.716,27.518,1.110
VN300_2026-07-12_14-41-49_VNINS.csv,lap,6,47711,1192.854755,1.814278,2880.040,23.854,0.000499,,-0.120641,35.52830937,-97.47570760,24.273,35.458,0.844,27.618,1.080
VN300_2026-07-12_14-41-49_VNINS.csv,lap,6,47712,1192.854755,1.814278,2880.311,24.125,0.000499,,-0.120641,35.52830770,-97.47570543,24.157,34.739,1.272,27.274,1.080
VN300_2026-07-12_14-41-49_VNINS.csv,lap,6,47713,1193.108288,2.067811,2880.580,24.394,0.254032,,-0.120641,35.52830605,-97.47570325,24.018,34.039,1.774,27.237,1.090
VN300_2026-07-12_14-41-49_VNINS.csv,lap,6,47714,1193.108288,2.067811,2880.848,24.662,0.254032,,-0.120641,35.52830444,-97.47570105,23.995,33.350,2.202,27.429,1.090
VN300_2026-07-12_14-41-49_VNINS.csv,lap,6,47715,1193.108288,2.067811,2881.115,24.929,0.254032,,-0.120641,35.52830284,-97.47569885,23.821,32.686,2.497,27.653,1.090
VN300_2026-07-12_14-41-49_VNINS.csv,lap,6,47716,1193.108288,2.067811,2881.379,25.194,0.254032,,-0.120641,35.52830127,-97.47569665,23.768,32.044,2.783,27.919,1.090
VN300_2026-07-12_14-41-49_VNINS.csv,lap,6,47717,1193.108288,2.067811,2881.645,25.459,0.254032,,-0.120641,35.52829970,-97.47569444,23.824,31.398,3.094,28.034,1.090
VN300_2026-07-12_14-41-49_VNINS.csv,lap,6,47718,1193.108288,2.067811,2881.910,25.724,0.254032,,-0.120641,35.52829814,-97.47569223,23.673,30.699,3.293,27.795,1.090
VN300_2026-07-12_14-41-49_VNINS.csv,lap,6,47719,1193.108288,2.067811,2882.233,26.047,0.000550,,-0.120641,35.52829752,-97.47568874,23.688,30.006,3.468,27.768,1.070
VN300_2026-07-12_14-41-49_VNINS.csv,lap,6,47720,1193.108288,2.067811,2882.497,26.311,0.000550,,-0.120641,35.52829604,-97.47568646,23.718,29.332,3.640,27.631,1.070
VN300_2026-07-12_14-41-49_VNINS.csv,lap,6,47721,1193.108288,2.067811,2882.761,26.576,0.000550,,-0.120641,35.52829456,-97.47568417,23.752,28.733,3.866,27.492,1.070
VN300_2026-07-12_14-41-49_VNINS.csv,lap,6,47722,1193.108288,2.067811,2883.027,26.841,0.000550,,-0.120641,35.52829309,-97.47568186,23.750,28.193,4.174,27.276,1.070
VN300_2026-07-12_14-41-49_VNINS.csv,lap,6,47723,1193.108288,2.067811,2883.292,27.106,0.000550,,-0.120641,35.52829163,-97.47567955,23.669,27.700,4.501,27.212,1.070
VN300_2026-07-12_14-41-49_VNINS.csv,lap,6,47724,1193.387259,2.346782,2883.555,27.369,0.279521,,-0.120641,35.52829019,-97.47567724,23.615,27.224,4.792,27.151,1.070
VN300_2026-07-12_14-41-49_VNINS.csv,lap,6,47725,1193.387259,2.346782,2883.817,27.631,0.279521,,-0.120641,35.52828875,-97.47567495,23.403,26.719,4.910,26.979,1.070
VN300_2026-07-12_14-41-49_VNINS.csv,lap,6,47726,1193.387259,2.346782,2884.077,27.891,0.279521,,-0.120641,35.52828734,-97.47567266,23.293,26.175,4.817,26.967,1.070
VN300_2026-07-12_14-41-49_VNINS.csv,lap,6,47727,1193.387259,2.346782,2884.365,28.179,0.279521,,-0.120641,35.52828720,-97.47566948,23.060,25.662,4.672,26.840,1.050
VN300_2026-07-12_14-41-49_VNINS.csv,lap,6,47728,1193.387259,2.346782,2884.620,28.434,0.279521,,-0.120641,35.52828587,-97.47566718,22.965,25.160,4.634,26.617,1.050
VN300_2026-07-12_14-41-49_VNINS.csv,lap,6,47729,1193.387259,2.346782,2884.876,28.690,0.128804,,-0.120641,35.52828455,-97.47566486,22.944,24.677,4.722,26.629,1.050
VN300_2026-07-12_14-41-49_VNINS.csv,lap,6,47730,1193.387259,2.346782,2885.133,28.947,0.010871,,-0.120641,35.52828322,-97.47566254,22.988,24.208,4.891,26.572,1.050
VN300_2026-07-12_14-41-49_VNINS.csv,lap,6,47731,1193.387259,2.346782,2885.388,29.203,0.010871,,-0.120641,35.52828190,-97.47566023,22.991,23.749,5.037,26.419,1.060
VN300_2026-07-12_14-41-49_VNINS.csv,lap,6,47732,1193.387259,2.346782,2885.645,29.459,0.010871,,-0.120641,35.52828058,-97.47565791,22.929,23.183,5.206,26.131,1.060
VN300_2026-07-12_14-41-49_VNINS.csv,lap,6,47733,1193.387259,2.346782,2885.901,29.715,0.010871,,-0.120641,35.52827927,-97.47565558,22.924,22.625,5.367,26.093,1.060
VN300_2026-07-12_14-41-49_VNINS.csv,lap,6,47734,1193.387259,2.346782,2886.156,29.970,0.010871,,-0.120641,35.52827798,-97.47565325,22.938,22.082,5.498,25.989,1.060
VN300_2026-07-12_14-41-49_VNINS.csv,lap,6,47735,1193.641031,2.600554,2886.458,30.272,0.264643,,-0.120641,35.52827752,-97.47564996,23.132,21.669,5.677,25.918,1.040
VN300_2026-07-12_14-41-49_VNINS.csv,lap,6,47736,1193.641031,2.600554,2886.718,30.532,0.264643,,-0.120641,35.52827626,-97.47564754,23.293,21.326,5.829,25.943,1.040
VN300_2026-07-12_14-41-49_VNINS.csv,lap,6,47737,1193.641031,2.600554,2886.980,30.794,0.264643,,-0.120641,35.52827499,-97.47564510,23.591,21.028,5.989,25.964,1.040
VN300_2026-07-12_14-41-49_VNINS.csv,lap,6,47738,1193.641031,2.600554,2887.245,31.059,0.264643,,-0.120641,35.52827372,-97.47564263,23.694,20.718,6.092,25.820,1.040
VN300_2026-07-12_14-41-49_VNINS.csv,lap,6,47739,1193.641031,2.600554,2887.509,31.323,0.115513,,-0.120641,35.52827245,-97.47564016,23.844,20.378,6.183,25.651,1.040
VN300_2026-07-12_14-41-49_VNINS.csv,lap,6,47740,1193.641031,2.600554,2887.773,31.587,0.011082,,-0.120641,35.52827117,-97.47563770,23.726,20.008,6.327,25.579,1.040
VN300_2026-07-12_14-41-49_VNINS.csv,lap,6,47741,1193.641031,2.600554,2888.037,31.851,0.011082,,-0.120641,35.52826990,-97.47563524,23.725,19.597,6.440,25.547,1.040
VN300_2026-07-12_14-41-49_VNINS.csv,lap,6,47742,1193.641031,2.600554,2888.301,32.115,0.011082,,-0.120641,35.52826862,-97.47563278,23.650,19.174,6.412,25.453,1.040
VN300_2026-07-12_14-41-49_VNINS.csv,lap,6,47743,1193.641031,2.600554,2888.592,32.406,0.011082,,-0.120641,35.52826865,-97.47562956,23.351,18.739,6.256,25.272,1.020
VN300_2026-07-12_14-41-49_VNINS.csv,lap,6,47744,1193.641031,2.600554,2888.852,32.666,0.011082,,-0.120641,35.52826745,-97.47562710,23.342,18.326,6.076,25.290,1.030
VN300_2026-07-12_14-41-49_VNINS.csv,lap,6,47745,1193.894462,2.853985,2889.112,32.926,0.264513,,-0.120641,35.52826624,-97.47562464,23.328,17.922,5.925,25.181,1.030
VN300_2026-07-12_14-41-49_VNINS.csv,lap,6,47746,1193.894462,2.853985,2889.373,33.187,0.264513,,-0.120641,35.52826503,-97.47562217,23.337,17.549,5.777,25.272,1.030
VN300_2026-07-12_14-41-49_VNINS.csv,lap,6,47747,1193.894462,2.853985,2889.632,33.446,0.264513,,-0.120641,35.52826383,-97.47561972,23.299,17.189,5.626,25.188,1.030
VN300_2026-07-12_14-41-49_VNINS.csv,lap,6,47748,1193.894462,2.853985,2889.891,33.705,0.264513,,-0.120641,35.52826261,-97.47561728,23.252,16.871,5.494,24.943,1.030
VN300_2026-07-12_14-41-49_VNINS.csv,lap,6,47749,1193.894462,2.853985,2890.149,33.963,0.264513,,-0.120641,35.52826140,-97.47561485,23.141,16.576,5.400,24.584,1.030
VN300_2026-07-12_14-41-49_VNINS.csv,lap,6,47750,1193.894462,2.853985,2890.406,34.220,0.123051,,-0.120641,35.52826019,-97.47561242,23.106,16.359,5.354,24.472,1.030
VN300_2026-07-12_14-41-49_VNINS.csv,lap,6,47751,1193.894462,2.853985,2890.785,34.599,0.011090,,-0.120641,35.52826040,-97.47560825,23.370,16.273,5.420,24.457,1.010
VN300_2026-07-12_14-41-49_VNINS.csv,lap,6,47752,1193.894462,2.853985,2891.044,34.859,0.011090,,-0.120641,35.52825922,-97.47560577,23.390,16.320,5.528,24.534,1.010
VN300_2026-07-12_14-41-49_VNINS.csv,lap,6,47753,1193.894462,2.853985,2891.303,35.117,0.011090,,-0.120641,35.52825803,-97.47560331,23.339,16.381,5.594,24.567,1.010
VN300_2026-07-12_14-41-49_VNINS.csv,lap,6,47754,1193.894462,2.853985,2891.563,35.377,0.011090,,-0.120641,35.52825682,-97.47560086,23.350,16.500,5.635,24.510,1.010
VN300_2026-07-12_14-41-49_VNINS.csv,lap,6,47755,1194.147998,3.107521,2891.823,35.637,0.264626,,-0.120641,35.52825559,-97.47559842,23.315,16.612,5.710,24.124,1.010
VN300_2026-07-12_14-41-49_VNINS.csv,lap,6,47756,1194.147998,3.107521,2892.082,35.896,0.264626,,-0.120641,35.52825436,-97.47559598,23.348,16.825,5.895,24.073,1.010
VN300_2026-07-12_14-41-49_VNINS.csv,lap,6,47757,1194.147998,3.107521,2892.342,36.156,0.264626,,-0.120641,35.52825312,-97.47559355,23.332,16.993,5.997,24.089,1.020
VN300_2026-07-12_14-41-49_VNINS.csv,lap,6,47758,1194.147998,3.107521,2892.601,36.415,0.264626,,-0.120641,35.52825186,-97.47559114,23.290,17.133,5.942,24.118,1.020
VN300_2026-07-12_14-41-49_VNINS.csv,lap,6,47759,1194.147998,3.107521,2892.903,36.717,0.264626,,-0.120641,35.52825179,-97.47558780,23.152,17.255,5.774,24.054,1.000
VN300_2026-07-12_14-41-49_VNINS.csv,lap,6,47760,1194.147998,3.107521,2893.160,36.974,0.264626,,-0.120641,35.52825055,-97.47558541,23.077,17.384,5.521,24.020,1.000
VN300_2026-07-12_14-41-49_VNINS.csv,lap,6,47761,1194.147998,3.107521,2893.420,37.234,0.264626,,-0.120641,35.52824928,-97.47558299,23.486,17.526,5.415,24.136,1.000
VN300_2026-07-12_14-41-49_VNINS.csv,lap,6,47762,1194.147998,3.107521,2893.683,37.497,0.093823,,-0.120641,35.52824798,-97.47558057,23.620,17.749,5.458,23.979,1.000
VN300_2026-07-12_14-41-49_VNINS.csv,lap,6,47763,1194.147998,3.107521,2893.947,37.761,0.010709,,-0.120641,35.52824667,-97.47557813,23.812,17.895,5.471,23.939,1.000
VN300_2026-07-12_14-41-49_VNINS.csv,lap,6,47764,1194.147998,3.107521,2894.213,38.027,0.010709,,-0.120641,35.52824534,-97.47557569,23.892,17.985,5.327,23.949,1.000
VN300_2026-07-12_14-41-49_VNINS.csv,lap,6,47765,1194.415140,3.374663,2894.478,38.292,0.277851,,-0.120641,35.52824400,-97.47557327,23.854,17.981,5.028,23.983,1.000
VN300_2026-07-12_14-41-49_VNINS.csv,lap,6,47766,1194.415140,3.374663,2894.743,38.557,0.277851,,-0.120641,35.52824264,-97.47557086,23.866,18.020,4.737,23.681,1.000
VN300_2026-07-12_14-41-49_VNINS.csv,lap,6,47767,1194.415140,3.374663,2895.010,38.824,0.277851,,-0.120641,35.52824127,-97.47556844,23.877,18.096,4.545,23.838,1.000
VN300_2026-07-12_14-41-49_VNINS.csv,lap,6,47768,1194.415140,3.374663,2895.306,39.120,0.277851,,-0.120641,35.52824132,-97.47556517,23.758,18.379,4.276,24.147,0.990
VN300_2026-07-12_14-41-49_VNINS.csv,lap,6,47769,1194.415140,3.374663,2895.571,39.385,0.277851,,-0.120641,35.52823996,-97.47556277,23.795,18.670,4.080,23.990,0.990
VN300_2026-07-12_14-41-49_VNINS.csv,lap,6,47770,1194.415140,3.374663,2895.835,39.649,0.277851,,-0.120641,35.52823859,-97.47556039,23.732,19.045,4.005,23.890,0.990
VN300_2026-07-12_14-41-49_VNINS.csv,lap,6,47771,1194.415140,3.374663,2896.101,39.915,0.277851,,-0.120641,35.52823721,-97.47555799,23.878,19.413,4.043,24.096,0.990
VN300_2026-07-12_14-41-49_VNINS.csv,lap,6,47772,1194.415140,3.374663,2896.365,40.179,0.277851,,-0.120641,35.52823580,-97.47555563,23.882,19.813,4.116,23.853,0.990
VN300_2026-07-12_14-41-49_VNINS.csv,lap,6,47773,1194.415140,3.374663,2896.630,40.444,0.277851,,-0.120641,35.52823437,-97.47555329,23.764,20.119,4.105,23.678,0.990
VN300_2026-07-12_14-41-49_VNINS.csv,lap,6,47774,1194.415140,3.374663,2896.894,40.708,0.124457,,-0.120641,35.52823295,-97.47555096,23.732,20.420,3.947,23.899,0.990
VN300_2026-07-12_14-41-49_VNINS.csv,lap,6,47775,1194.415140,3.374663,2897.260,41.074,0.003164,,-0.120641,35.52823277,-97.47554692,24.102,20.742,3.712,23.968,0.970
VN300_2026-07-12_14-41-49_VNINS.csv,lap,6,47776,1194.668922,3.628445,2897.527,41.341,0.256946,,-0.120641,35.52823133,-97.47554456,24.055,21.156,3.461,23.923,0.980
VN300_2026-07-12_14-41-49_VNINS.csv,lap,6,47777,1194.668922,3.628445,2897.794,41.608,0.256946,,-0.120641,35.52822987,-97.47554221,24.038,21.497,3.204,23.759,0.980
VN300_2026-07-12_14-41-49_VNINS.csv,lap,6,47778,1194.668922,3.628445,2898.061,41.875,0.256946,,-0.120641,35.52822840,-97.47553988,24.074,21.865,2.933,23.574,0.980
VN300_2026-07-12_14-41-49_VNINS.csv,lap,6,47779,1194.668922,3.628445,2898.329,42.143,0.256946,,-0.120641,35.52822691,-97.47553755,24.107,22.220,2.750,23.275,0.980
VN300_2026-07-12_14-41-49_VNINS.csv,lap,6,47780,1194.668922,3.628445,2898.597,42.411,0.256946,,-0.120641,35.52822541,-97.47553523,24.130,22.679,2.669,23.304,0.980
VN300_2026-07-12_14-41-49_VNINS.csv,lap,6,47781,1194.668922,3.628445,2898.867,42.681,0.256946,,-0.120641,35.52822389,-97.47553291,24.271,23.149,2.639,23.535,0.980
VN300_2026-07-12_14-41-49_VNINS.csv,lap,6,47782,1194.668922,3.628445,2899.136,42.950,0.256946,,-0.120641,35.52822235,-97.47553062,24.307,23.688,2.706,23.563,0.980
VN300_2026-07-12_14-41-49_VNINS.csv,lap,6,47783,1194.668922,3.628445,2899.497,43.311,0.256946,,-0.120641,35.52822241,-97.47552663,24.385,24.323,2.870,23.479,0.960
VN300_2026-07-12_14-41-49_VNINS.csv,lap,6,47784,1194.668922,3.628445,2899.768,43.583,0.256946,,-0.120641,35.52822087,-97.47552430,24.387,25.030,3.060,23.460,0.960
VN300_2026-07-12_14-41-49_VNINS.csv,lap,6,47785,1194.668922,3.628445,2900.039,43.853,0.256946,,-0.120641,35.52821932,-97.47552200,24.365,25.602,3.134,23.400,0.970
VN300_2026-07-12_14-41-49_VNINS.csv,lap,6,47786,1194.922552,3.882075,2900.310,44.124,0.510576,,-0.120641,35.52821775,-97.47551971,24.353,26.137,3.061,23.489,0.970
VN300_2026-07-12_14-41-49_VNINS.csv,lap,6,47787,1194.922552,3.882075,2900.580,44.394,0.510576,,-0.120641,35.52821618,-97.47551743,24.362,26.568,2.914,23.680,0.970
VN300_2026-07-12_14-41-49_VNINS.csv,lap,6,47788,1194.922552,3.882075,2900.850,44.664,0.344454,,-0.120641,35.52821458,-97.47551518,24.329,27.002,2.676,23.702,0.970
VN300_2026-07-12_14-41-49_VNINS.csv,lap,6,47789,1194.922552,3.882075,2901.121,44.935,0.256732,,-0.120641,35.52821297,-97.47551294,24.338,27.355,2.411,23.903,0.970
VN300_2026-07-12_14-41-49_VNINS.csv,lap,6,47790,1194.922552,3.882075,2901.391,45.205,0.256732,,-0.120641,35.52821133,-97.47551073,24.307,27.713,2.082,23.892,0.970
VN300_2026-07-12_14-41-49_VNINS.csv,lap,6,47791,1194.922552,3.882075,2901.697,45.511,0.256732,,-0.120641,35.52821196,-97.47550744,23.929,28.056,1.764,23.992,0.950
VN300_2026-07-12_14-41-49_VNINS.csv,lap,6,47792,1194.922552,3.882075,2901.964,45.778,0.256732,,-0.120641,35.52821038,-97.47550522,24.049,28.570,1.617,24.246,0.950
VN300_2026-07-12_14-41-49_VNINS.csv,lap,6,47793,1194.922552,3.882075,2902.230,46.045,0.256732,,-0.120641,35.52820878,-97.47550303,23.985,28.960,1.530,24.101,0.960
VN300_2026-07-12_14-41-49_VNINS.csv,lap,6,47794,1194.922552,3.882075,2902.497,46.311,0.256732,,-0.120641,35.52820717,-97.47550085,23.952,29.395,1.475,24.124,0.960
VN300_2026-07-12_14-41-49_VNINS.csv,lap,6,47795,1194.922552,3.882075,2902.763,46.577,0.256732,,-0.120641,35.52820557,-97.47549867,23.946,29.678,1.387,24.200,0.960
VN300_2026-07-12_14-41-49_VNINS.csv,lap,6,47796,1195.176152,4.135675,2903.029,46.843,0.510332,,-0.120641,35.52820394,-97.47549651,24.003,29.957,1.218,24.181,0.960
VN300_2026-07-12_14-41-49_VNINS.csv,lap,6,47797,1195.176152,4.135675,2903.294,47.108,0.510332,,-0.120641,35.52820230,-97.47549438,23.938,30.112,1.148,23.888,0.960
VN300_2026-07-12_14-41-49_VNINS.csv,lap,6,47798,1195.176152,4.135675,2903.561,47.375,0.510332,,-0.120641,35.52820065,-97.47549225,24.034,30.341,1.143,24.004,0.960
VN300_2026-07-12_14-41-49_VNINS.csv,lap,6,47799,1195.176152,4.135675,2903.978,47.792,0.510332,,-0.120641,35.52820168,-97.47548781,23.924,30.515,1.151,23.704,0.940
VN300_2026-07-12_14-41-49_VNINS.csv,lap,6,47800,1195.176152,4.135675,2904.243,48.057,0.510332,,-0.120641,35.52820007,-97.47548565,23.824,30.849,1.145,23.522,0.940
VN300_2026-07-12_14-41-49_VNINS.csv,lap,6,47801,1195.176152,4.135675,2904.508,48.323,0.489341,,-0.120641,35.52819846,-97.47548349,23.840,30.978,1.064,23.334,0.940
VN300_2026-07-12_14-41-49_VNINS.csv,lap,6,47802,1195.176152,4.135675,2904.772,48.586,0.322300,,-0.120641,35.52819684,-97.47548136,23.811,31.216,0.955,23.038,0.950
VN300_2026-07-12_14-41-49_VNINS.csv,lap,6,47803,1195.176152,4.135675,2905.036,48.850,0.256862,,-0.120641,35.52819521,-97.47547924,23.795,31.242,0.866,22.579,0.950
VN300_2026-07-12_14-41-49_VNINS.csv,lap,6,47804,1195.176152,4.135675,2905.300,49.114,0.256862,,-0.120641,35.52819357,-97.47547714,23.752,31.391,0.761,22.308,0.950
VN300_2026-07-12_14-41-49_VNINS.csv,lap,6,47805,1195.176152,4.135675,2905.563,49.377,0.256862,,-0.120641,35.52819192,-97.47547505,23.731,31.305,0.596,21.766,0.950
VN300_2026-07-12_14-41-49_VNINS.csv,lap,6,47806,1195.443393,4.402916,2905.826,49.640,0.524103,,-0.120641,35.52819025,-97.47547299,23.690,31.407,0.475,21.307,0.950
VN300_2026-07-12_14-41-49_VNINS.csv,lap,6,47807,1195.443393,4.402916,2906.272,50.086,0.524103,,-0.120641,35.52819192,-97.47546851,23.384,31.410,0.447,20.691,0.930
VN300_2026-07-12_14-41-49_VNINS.csv,lap,6,47808,1195.443393,4.402916,2906.532,50.346,0.524103,,-0.120641,35.52819033,-97.47546641,23.436,31.672,0.549,20.409,0.930
VN300_2026-07-12_14-41-49_VNINS.csv,lap,6,47809,1195.443393,4.402916,2906.791,50.605,0.524103,,-0.120641,35.52818872,-97.47546433,23.438,31.762,0.636,19.810,0.930
VN300_2026-07-12_14-41-49_VNINS.csv,lap,6,47810,1195.443393,4.402916,2907.051,50.865,0.524103,,-0.120641,35.52818710,-97.47546226,23.427,32.064,0.780,19.515,0.940
VN300_2026-07-12_14-41-49_VNINS.csv,lap,6,47811,1195.443393,4.402916,2907.310,51.124,0.524103,,-0.120641,35.52818547,-97.47546022,23.324,32.241,0.863,19.024,0.940
VN300_2026-07-12_14-41-49_VNINS.csv,lap,6,47812,1195.443393,4.402916,2907.569,51.383,0.524103,,-0.120641,35.52818383,-97.47545819,23.320,32.588,0.938,18.754,0.940
VN300_2026-07-12_14-41-49_VNINS.csv,lap,6,47813,1195.443393,4.402916,2907.827,51.641,0.524103,,-0.120641,35.52818218,-97.47545618,23.301,32.836,0.987,18.333,0.940
VN300_2026-07-12_14-41-49_VNINS.csv,lap,6,47814,1195.443393,4.402916,2908.086,51.900,0.524103,,-0.120641,35.52818051,-97.47545419,23.293,33.211,1.037,18.136,0.940
VN300_2026-07-12_14-41-49_VNINS.csv,lap,6,47815,1195.443393,4.402916,2908.482,52.296,0.524103,,-0.120641,35.52818181,-97.47545012,22.959,33.572,1.067,17.928,0.920
VN300_2026-07-12_14-41-49_VNINS.csv,lap,6,47816,1195.443393,4.402916,2908.735,52.549,0.427266,,-0.120641,35.52818021,-97.47544812,22.872,34.012,1.034,17.746,0.920
VN300_2026-07-12_14-41-49_VNINS.csv,lap,6,47817,1195.697140,4.656663,2908.989,52.803,0.529196,,-0.120641,35.52817860,-97.47544614,22.775,34.315,0.874,17.405,0.930
VN300_2026-07-12_14-41-49_VNINS.csv,lap,6,47818,1195.697140,4.656663,2909.241,53.055,0.524411,,-0.120641,35.52817699,-97.47544418,22.723,34.684,0.671,17.240,0.930
VN300_2026-07-12_14-41-49_VNINS.csv,lap,6,47819,1195.697140,4.656663,2909.493,53.307,0.524411,,-0.120641,35.52817537,-97.47544223,22.710,34.945,0.377,17.051,0.930
VN300_2026-07-12_14-41-49_VNINS.csv,lap,6,47820,1195.697140,4.656663,2909.744,53.558,0.524411,,-0.120641,35.52817374,-97.47544031,22.704,35.256,0.049,16.628,0.930
VN300_2026-07-12_14-41-49_VNINS.csv,lap,6,47821,1195.697140,4.656663,2909.998,53.812,0.524411,,-0.120641,35.52817208,-97.47543838,22.859,35.572,0.038,16.345,0.930
VN300_2026-07-12_14-41-49_VNINS.csv,lap,6,47822,1195.697140,4.656663,2910.252,54.066,0.524411,,-0.120641,35.52817041,-97.47543647,22.901,36.037,0.202,16.298,0.930
VN300_2026-07-12_14-41-49_VNINS.csv,lap,6,47823,1195.697140,4.656663,2910.718,54.532,0.524411,,-0.120641,35.52817190,-97.47543165,22.594,36.492,0.325,15.958,0.910
VN300_2026-07-12_14-41-49_VNINS.csv,lap,6,47824,1195.697140,4.656663,2910.968,54.782,0.524411,,-0.120641,35.52817030,-97.47542972,22.412,37.012,0.343,15.740,0.920
VN300_2026-07-12_14-41-49_VNINS.csv,lap,6,47825,1195.697140,4.656663,2911.216,55.030,0.524411,,-0.120641,35.52816870,-97.47542780,22.405,37.448,0.321,15.729,0.920
VN300_2026-07-12_14-41-49_VNINS.csv,lap,6,47826,1195.697140,4.656663,2911.465,55.279,0.524411,,-0.120641,35.52816709,-97.47542589,22.514,37.992,0.384,15.778,0.920
VN300_2026-07-12_14-41-49_VNINS.csv,lap,6,47827,1195.950623,4.910146,2911.715,55.529,0.777894,,-0.120641,35.52816545,-97.47542400,22.427,38.463,0.482,15.385,0.920
VN300_2026-07-12_14-41-49_VNINS.csv,lap,6,47828,1195.950623,4.910146,2911.964,55.778,0.777894,,-0.120641,35.52816382,-97.47542212,22.577,38.894,0.350,15.383,0.920
VN300_2026-07-12_14-41-49_VNINS.csv,lap,6,47829,1195.950623,4.910146,2912.212,56.026,0.777894,,-0.120641,35.52816216,-97.47542028,22.373,39.193,0.206,14.648,0.920
VN300_2026-07-12_14-41-49_VNINS.csv,lap,6,47830,1195.950623,4.910146,2912.460,56.274,0.777894,,-0.120641,35.52816050,-97.47541845,22.333,39.503,0.194,14.420,0.920
VN300_2026-07-12_14-41-49_VNINS.csv,lap,6,47831,1195.950623,4.910146,2912.885,56.699,0.777894,,-0.120641,35.52816202,-97.47541415,22.018,39.791,0.186,14.167,0.910
VN300_2026-07-12_14-41-49_VNINS.csv,lap,6,47832,1195.950623,4.910146,2913.129,56.943,0.689428,,-0.120641,35.52816043,-97.47541229,22.008,40.196,0.292,14.000,0.910
VN300_2026-07-12_14-41-49_VNINS.csv,lap,6,47833,1195.950623,4.910146,2913.373,57.187,0.544282,,-0.120641,35.52815883,-97.47541044,21.994,40.544,0.424,13.929,0.910
VN300_2026-07-12_14-41-49_VNINS.csv,lap,6,47834,1195.950623,4.910146,2913.617,57.431,0.510324,,-0.120641,35.52815723,-97.47540860,21.999,40.947,0.634,14.023,0.910
VN300_2026-07-12_14-41-49_VNINS.csv,lap,6,47835,1195.950623,4.910146,2913.861,57.675,0.510324,,-0.120641,35.52815561,-97.47540678,22.014,41.273,0.869,13.834,0.910
VN300_2026-07-12_14-41-49_VNINS.csv,lap,6,47836,1195.950623,4.910146,2914.103,57.917,0.510324,,-0.120641,35.52815398,-97.47540500,21.754,41.580,0.903,13.196,0.910
VN300_2026-07-12_14-41-49_VNINS.csv,lap,6,47837,1196.204199,5.163722,2914.345,58.159,0.763900,,-0.120641,35.52815236,-97.47540321,21.774,41.756,0.751,12.870,0.910
VN300_2026-07-12_14-41-49_VNINS.csv,lap,6,47838,1196.204199,5.163722,2914.586,58.400,0.763900,,-0.120641,35.52815073,-97.47540146,21.807,41.965,0.619,12.593,0.910
VN300_2026-07-12_14-41-49_VNINS.csv,lap,6,47839,1196.204199,5.163722,2915.004,58.818,0.763900,,-0.120641,35.52815213,-97.47539717,21.444,42.149,0.569,12.185,0.900
VN300_2026-07-12_14-41-49_VNINS.csv,lap,6,47840,1196.204199,5.163722,2915.243,59.057,0.763900,,-0.120641,35.52815056,-97.47539538,21.514,42.389,0.647,12.048,0.900
VN300_2026-07-12_14-41-49_VNINS.csv,lap,6,47841,1196.204199,5.163722,2915.482,59.296,0.763900,,-0.120641,35.52814898,-97.47539359,21.474,42.547,0.740,11.770,0.900
VN300_2026-07-12_14-41-49_VNINS.csv,lap,6,47842,1196.204199,5.163722,2915.719,59.533,0.763900,,-0.120641,35.52814740,-97.47539182,21.339,42.712,0.769,11.549,0.900
VN300_2026-07-12_14-41-49_VNINS.csv,lap,6,47843,1196.204199,5.163722,2915.956,59.770,0.763900,,-0.120641,35.52814583,-97.47539006,21.293,42.791,0.691,11.356,0.900
VN300_2026-07-12_14-41-49_VNINS.csv,lap,6,47844,1196.204199,5.163722,2916.192,60.006,0.763900,,-0.120641,35.52814425,-97.47538832,21.204,42.927,0.655,11.188,0.900
VN300_2026-07-12_14-41-49_VNINS.csv,lap,6,47845,1196.204199,5.163722,2916.428,60.242,0.763900,,-0.120641,35.52814266,-97.47538659,21.226,43.014,0.643,11.024,0.900
VN300_2026-07-12_14-41-49_VNINS.csv,lap,6,47846,1196.204199,5.163722,2916.663,60.477,0.763900,,-0.120641,35.52814107,-97.47538488,21.247,43.168,0.681,10.943,0.900
VN300_2026-07-12_14-41-49_VNINS.csv,lap,6,47847,1196.478718,5.438241,2917.148,60.962,1.038419,,-0.120641,35.52814275,-97.47537993,20.879,43.290,0.713,10.576,0.890
VN300_2026-07-12_14-41-49_VNINS.csv,lap,6,47848,1196.478718,5.438241,2917.379,61.193,1.038419,,-0.120641,35.52814127,-97.47537814,20.884,43.519,0.772,10.455,0.890
VN300_2026-07-12_14-41-49_VNINS.csv,lap,6,47849,1196.478718,5.438241,2917.610,61.425,1.038419,,-0.120641,35.52813975,-97.47537639,20.875,43.742,0.819,10.224,0.890
VN300_2026-07-12_14-41-49_VNINS.csv,lap,6,47850,1196.478718,5.438241,2917.842,61.656,1.038419,,-0.120641,35.52813822,-97.47537465,20.848,44.034,0.876,10.044,0.890
VN300_2026-07-12_14-41-49_VNINS.csv,lap,6,47851,1196.478718,5.438241,2918.074,61.888,1.038419,,-0.120641,35.52813668,-97.47537293,20.836,44.312,0.868,9.898,0.890
VN300_2026-07-12_14-41-49_VNINS.csv,lap,6,47852,1196.478718,5.438241,2918.304,62.118,0.988206,,-0.120641,35.52813514,-97.47537123,20.778,44.655,0.843,9.823,0.890
VN300_2026-07-12_14-41-49_VNINS.csv,lap,6,47853,1196.478718,5.438241,2918.535,62.349,0.905297,,-0.120641,35.52813358,-97.47536954,20.929,44.981,0.784,9.724,0.890
VN300_2026-07-12_14-41-49_VNINS.csv,lap,6,47854,1196.478718,5.438241,2918.765,62.579,0.822747,,-0.120641,35.52813199,-97.47536791,20.789,45.347,0.763,9.530,0.890
VN300_2026-07-12_14-41-49_VNINS.csv,lap,6,47855,1196.478718,5.438241,2919.237,63.051,0.784600,,-0.120641,35.52813365,-97.47536311,20.503,45.709,0.788,9.441,0.880
VN300_2026-07-12_14-41-49_VNINS.csv,lap,6,47856,1196.478718,5.438241,2919.465,63.279,0.784600,,-0.120641,35.52813213,-97.47536142,20.528,46.124,0.872,9.421,0.880
VN300_2026-07-12_14-41-49_VNINS.csv,lap,6,47857,1196.478718,5.438241,2919.692,63.506,0.784600,,-0.120641,35.52813060,-97.47535976,20.477,46.517,0.939,9.300,0.880
VN300_2026-07-12_14-41-49_VNINS.csv,lap,6,47858,1196.732598,5.692121,2919.920,63.734,1.038480,,-0.120641,35.52812906,-97.47535810,20.464,46.947,0.982,9.349,0.880
VN300_2026-07-12_14-41-49_VNINS.csv,lap,6,47859,1196.732598,5.692121,2920.147,63.961,1.038480,,-0.120641,35.52812751,-97.47535647,20.464,47.342,0.983,9.200,0.890
VN300_2026-07-12_14-41-49_VNINS.csv,lap,6,47860,1196.732598,5.692121,2920.373,64.187,1.038480,,-0.120641,35.52812595,-97.47535487,20.510,47.743,0.981,9.050,0.890
VN300_2026-07-12_14-41-49_VNINS.csv,lap,6,47861,1196.732598,5.692121,2920.599,64.413,1.038480,,-0.120641,35.52812438,-97.47535328,20.425,48.110,0.962,8.904,0.890
VN300_2026-07-12_14-41-49_VNINS.csv,lap,6,47862,1196.732598,5.692121,2920.826,64.640,1.038480,,-0.120641,35.52812279,-97.47535171,20.399,48.523,0.942,8.829,0.890
VN300_2026-07-12_14-41-49_VNINS.csv,lap,6,47863,1196.732598,5.692121,2921.286,65.100,1.038480,,-0.120641,35.52812424,-97.47534695,20.157,48.969,0.893,8.810,0.870
VN300_2026-07-12_14-41-49_VNINS.csv,lap,6,47864,1196.732598,5.692121,2921.509,65.323,1.038480,,-0.120641,35.52812271,-97.47534536,20.127,49.486,0.841,8.836,0.880
VN300_2026-07-12_14-41-49_VNINS.csv,lap,6,47865,1196.732598,5.692121,2921.731,65.545,1.038480,,-0.120641,35.52812117,-97.47534379,20.075,49.998,0.781,8.752,0.880
VN300_2026-07-12_14-41-49_VNINS.csv,lap,6,47866,1196.732598,5.692121,2921.954,65.768,1.038480,,-0.120641,35.52811961,-97.47534224,20.085,50.511,0.731,8.631,0.880
VN300_2026-07-12_14-41-49_VNINS.csv,lap,6,47867,1196.732598,5.692121,2922.176,65.990,1.038480,,-0.120641,35.52811805,-97.47534072,20.023,50.970,0.656,8.363,0.880
VN300_2026-07-12_14-41-49_VNINS.csv,lap,6,47868,1196.986051,5.945574,2922.399,66.213,1.291933,,-0.120641,35.52811647,-97.47533920,20.031,51.437,0.622,8.171,0.880
VN300_2026-07-12_14-41-49_VNINS.csv,lap,6,47869,1196.986051,5.945574,2922.619,66.433,1.291933,,-0.120641,35.52811490,-97.47533771,19.934,51.840,0.571,8.062,0.880
VN300_2026-07-12_14-41-49_VNINS.csv,lap,6,47870,1196.986051,5.945574,2922.841,66.655,1.291933,,-0.120641,35.52811331,-97.47533623,19.979,52.271,0.599,8.248,0.880
VN300_2026-07-12_14-41-49_VNINS.csv,lap,6,47871,1196.986051,5.945574,2923.291,67.105,1.291933,,-0.120641,35.52811439,-97.47533144,19.752,52.587,0.566,8.122,0.870
VN300_2026-07-12_14-41-49_VNINS.csv,lap,6,47872,1196.986051,5.945574,2923.509,67.323,1.254400,,-0.120641,35.52811285,-97.47532994,19.768,52.895,0.550,8.089,0.870
VN300_2026-07-12_14-41-49_VNINS.csv,lap,6,47873,1196.986051,5.945574,2923.729,67.543,1.144655,,-0.120641,35.52811129,-97.47532846,19.750,53.099,0.624,7.510,0.870
VN300_2026-07-12_14-41-49_VNINS.csv,lap,6,47874,1196.986051,5.945574,2923.949,67.763,1.038420,,-0.120641,35.52810972,-97.47532698,19.693,53.306,0.837,7.225,0.870
VN300_2026-07-12_14-41-49_VNINS.csv,lap,6,47875,1196.986051,5.945574,2924.168,67.982,1.038420,,-0.120641,35.52810816,-97.47532550,19.790,53.433,0.994,6.909,0.870
VN300_2026-07-12_14-41-49_VNINS.csv,lap,6,47876,1196.986051,5.945574,2924.387,68.201,1.038420,,-0.120641,35.52810658,-97.47532406,19.689,53.590,1.139,6.389,0.870
VN300_2026-07-12_14-41-49_VNINS.csv,lap,6,47877,1196.986051,5.945574,2924.604,68.418,1.038420,,-0.120641,35.52810501,-97.47532262,19.538,53.618,1.015,6.090,0.870
VN300_2026-07-12_14-41-49_VNINS.csv,lap,6,47878,1196.986051,5.945574,2924.822,68.636,1.038420,,-0.120641,35.52810344,-97.47532119,19.551,53.683,0.822,5.938,0.870
VN300_2026-07-12_14-41-49_VNINS.csv,lap,6,47879,1197.239900,6.199423,2925.301,69.115,1.292269,,-0.120641,35.52810490,-97.47531621,19.206,53.628,0.524,5.593,0.860
VN300_2026-07-12_14-41-49_VNINS.csv,lap,6,47880,1197.239900,6.199423,2925.513,69.327,1.292269,,-0.120641,35.52810343,-97.47531471,19.267,53.606,0.204,5.594,0.860
VN300_2026-07-12_14-41-49_VNINS.csv,lap,6,47881,1197.239900,6.199423,2925.726,69.540,1.292269,,-0.120641,35.52810192,-97.47531326,19.184,53.468,-0.241,4.543,0.860
VN300_2026-07-12_14-41-49_VNINS.csv,lap,6,47882,1197.239900,6.199423,2925.939,69.753,1.292269,,-0.120641,35.52810041,-97.47531181,19.158,53.342,-0.406,3.774,0.860
VN300_2026-07-12_14-41-49_VNINS.csv,lap,6,47883,1197.239900,6.199423,2926.152,69.966,1.292269,,-0.120641,35.52809891,-97.47531035,18.993,53.134,-0.703,2.964,0.860
VN300_2026-07-12_14-41-49_VNINS.csv,lap,6,47884,1197.239900,6.199423,2926.365,70.179,1.292269,,-0.120641,35.52809740,-97.47530890,19.236,53.082,-0.784,2.579,0.870
VN300_2026-07-12_14-41-49_VNINS.csv,lap,6,47885,1197.239900,6.199423,2926.578,70.392,1.292269,,-0.120641,35.52809588,-97.47530748,19.027,52.978,-0.926,1.506,0.870
VN300_2026-07-12_14-41-49_VNINS.csv,lap,6,47886,1197.239900,6.199423,2926.790,70.604,1.292269,,-0.120641,35.52809436,-97.47530606,18.983,52.951,-0.966,0.990,0.870
VN300_2026-07-12_14-41-49_VNINS.csv,lap,6,47887,1197.239900,6.199423,2927.001,70.815,1.292269,,-0.120641,35.52809285,-97.47530464,19.060,52.890,-1.007,0.663,0.870
VN300_2026-07-12_14-41-49_VNINS.csv,lap,6,47888,1197.239900,6.199423,2927.549,71.363,1.292269,,-0.120641,35.52809446,-97.47529892,19.012,52.972,-0.793,0.625,0.860
VN300_2026-07-12_14-41-49_VNINS.csv,lap,6,47889,1197.505381,6.464904,2927.758,71.572,1.557750,,-0.120641,35.52809300,-97.47529746,18.838,53.069,-0.733,0.026,0.860
VN300_2026-07-12_14-41-49_VNINS.csv,lap,6,47890,1197.505381,6.464904,2927.968,71.782,1.557750,,-0.120641,35.52809154,-97.47529600,18.774,53.158,-0.785,-0.383,0.860
VN300_2026-07-12_14-41-49_VNINS.csv,lap,6,47891,1197.505381,6.464904,2928.176,71.990,1.557750,,-0.120641,35.52809008,-97.47529456,18.633,53.267,-0.896,-0.948,0.860
VN300_2026-07-12_14-41-49_VNINS.csv,lap,6,47892,1197.505381,6.464904,2928.383,72.197,1.557750,,-0.120641,35.52808864,-97.47529310,18.732,53.386,-1.048,-0.757,0.860
VN300_2026-07-12_14-41-49_VNINS.csv,lap,6,47893,1197.505381,6.464904,2928.590,72.404,1.557750,,-0.120641,35.52808717,-97.47529170,18.599,53.545,-1.114,-1.001,0.860
VN300_2026-07-12_14-41-49_VNINS.csv,lap,6,47894,1197.505381,6.464904,2928.798,72.612,1.465051,,-0.120641,35.52808570,-97.47529029,18.571,53.685,-1.114,-0.991,0.860
VN300_2026-07-12_14-41-49_VNINS.csv,lap,6,47895,1197.505381,6.464904,2929.274,73.088,1.304209,,-0.120641,35.52808711,-97.47528532,18.448,53.796,-1.075,-0.893,0.850
VN300_2026-07-12_14-41-49_VNINS.csv,lap,6,47896,1197.505381,6.464904,2929.478,73.292,1.304209,,-0.120641,35.52808573,-97.47528383,18.395,53.886,-0.969,-0.966,0.850
VN300_2026-07-12_14-41-49_VNINS.csv,lap,6,47897,1197.505381,6.464904,2929.683,73.497,1.304209,,-0.120641,35.52808432,-97.47528238,18.343,53.971,-0.889,-1.025,0.850
VN300_2026-07-12_14-41-49_VNINS.csv,lap,6,47898,1197.505381,6.464904,2929.886,73.700,1.304209,,-0.120641,35.52808292,-97.47528094,18.277,54.065,-0.854,-1.096,0.850
VN300_2026-07-12_14-41-49_VNINS.csv,lap,6,47899,1197.758909,6.718432,2930.088,73.902,1.557737,,-0.120641,35.52808152,-97.47527951,18.187,54.160,-0.853,-1.269,0.850
VN300_2026-07-12_14-41-49_VNINS.csv,lap,6,47900,1197.758909,6.718432,2930.291,74.105,1.557737,,-0.120641,35.52808011,-97.47527809,18.111,54.262,-0.870,-1.334,0.850
VN300_2026-07-12_14-41-49_VNINS.csv,lap,6,47901,1197.758909,6.718432,2930.492,74.306,1.557737,,-0.120641,35.52807871,-97.47527668,18.146,54.374,-0.939,-1.298,0.850
VN300_2026-07-12_14-41-49_VNINS.csv,lap,6,47902,1197.758909,6.718432,2930.692,74.506,1.557737,,-0.120641,35.52807730,-97.47527530,18.066,54.500,-0.990,-1.430,0.850
VN300_2026-07-12_14-41-49_VNINS.csv,lap,6,47903,1197.758909,6.718432,2931.277,75.091,1.557737,,-0.120641,35.52807934,-97.47526935,17.918,54.623,-0.968,-1.478,0.840
VN300_2026-07-12_14-41-49_VNINS.csv,lap,6,47904,1197.758909,6.718432,2931.476,75.290,1.557737,,-0.120641,35.52807801,-97.47526788,17.892,54.754,-0.922,-1.491,0.840
VN300_2026-07-12_14-41-49_VNINS.csv,lap,6,47905,1197.758909,6.718432,2931.674,75.488,1.557737,,-0.120641,35.52807667,-97.47526643,17.775,54.887,-0.909,-1.552,0.840
VN300_2026-07-12_14-41-49_VNINS.csv,lap,6,47906,1197.758909,6.718432,2931.872,75.686,1.557737,,-0.120641,35.52807534,-97.47526498,17.724,55.015,-0.887,-1.529,0.840
VN300_2026-07-12_14-41-49_VNINS.csv,lap,6,47907,1197.758909,6.718432,2932.069,75.883,1.557737,,-0.120641,35.52807400,-97.47526355,17.700,55.143,-0.831,-1.474,0.850
VN300_2026-07-12_14-41-49_VNINS.csv,lap,6,47908,1197.758909,6.718432,2932.265,76.079,1.557737,,-0.120641,35.52807266,-97.47526214,17.654,55.286,-0.726,-1.529,0.850
VN300_2026-07-12_14-41-49_VNINS.csv,lap,6,47909,1197.758909,6.718432,2932.462,76.276,1.557737,,-0.120641,35.52807131,-97.47526074,17.623,55.430,-0.564,-1.634,0.850
VN300_2026-07-12_14-41-49_VNINS.csv,lap,6,47910,1198.012737,6.972260,2932.658,76.472,1.811565,,-0.120641,35.52806995,-97.47525936,17.538,55.594,-0.412,-1.870,0.850
VN300_2026-07-12_14-41-49_VNINS.csv,lap,6,47911,1198.012737,6.972260,2933.206,77.020,1.811565,,-0.120641,35.52807155,-97.47525363,17.408,55.769,-0.371,-2.071,0.840
VN300_2026-07-12_14-41-49_VNINS.csv,lap,6,47912,1198.012737,6.972260,2933.400,77.214,1.811565,,-0.120641,35.52807027,-97.47525217,17.347,55.975,-0.424,-2.161,0.840
VN300_2026-07-12_14-41-49_VNINS.csv,lap,6,47913,1198.012737,6.972260,2933.592,77.406,1.811565,,-0.120641,35.52806900,-97.47525074,17.273,56.175,-0.519,-2.297,0.840
VN300_2026-07-12_14-41-49_VNINS.csv,lap,6,47914,1198.012737,6.972260,2933.785,77.599,1.730581,,-0.120641,35.52806771,-97.47524931,17.251,56.375,-0.613,-2.259,0.840
VN300_2026-07-12_14-41-49_VNINS.csv,lap,6,47915,1198.012737,6.972260,2933.976,77.790,1.629761,,-0.120641,35.52806643,-97.47524790,17.253,56.578,-0.726,-2.186,0.840
VN300_2026-07-12_14-41-49_VNINS.csv,lap,6,47916,1198.012737,6.972260,2934.168,77.983,1.541355,,-0.120641,35.52806513,-97.47524650,17.218,56.783,-0.816,-2.157,0.840
VN300_2026-07-12_14-41-49_VNINS.csv,lap,6,47917,1198.012737,6.972260,2934.360,78.174,1.541355,,-0.120641,35.52806382,-97.47524513,17.192,56.979,-0.928,-2.241,0.840
VN300_2026-07-12_14-41-49_VNINS.csv,lap,6,47918,1198.012737,6.972260,2934.550,78.364,1.541355,,-0.120641,35.52806251,-97.47524377,17.158,57.185,-1.035,-2.472,0.840
VN300_2026-07-12_14-41-49_VNINS.csv,lap,6,47919,1198.012737,6.972260,2934.988,78.802,1.541355,,-0.120641,35.52806339,-97.47523906,17.099,57.399,-1.093,-2.751,0.830
VN300_2026-07-12_14-41-49_VNINS.csv,lap,6,47920,1198.266293,7.225816,2935.179,78.993,1.794911,,-0.120641,35.52806212,-97.47523764,17.104,57.634,-1.102,-2.889,0.830
VN300_2026-07-12_14-41-49_VNINS.csv,lap,6,47921,1198.266293,7.225816,2935.369,79.183,1.794911,,-0.120641,35.52806085,-97.47523623,17.112,57.879,-1.094,-3.038,0.830
VN300_2026-07-12_14-41-49_VNINS.csv,lap,6,47922,1198.266293,7.225816,2935.560,79.374,1.794911,,-0.120641,35.52805957,-97.47523483,17.092,58.130,-1.069,-3.149,0.830
VN300_2026-07-12_14-41-49_VNINS.csv,lap,6,47923,1198.266293,7.225816,2935.750,79.564,1.794911,,-0.120641,35.52805828,-97.47523345,17.084,58.360,-1.026,-3.192,0.830
VN300_2026-07-12_14-41-49_VNINS.csv,lap,6,47924,1198.266293,7.225816,2935.940,79.754,1.794911,,-0.120641,35.52805699,-97.47523207,17.081,58.585,-0.974,-3.216,0.830
VN300_2026-07-12_14-41-49_VNINS.csv,lap,6,47925,1198.266293,7.225816,2936.129,79.943,1.794911,,-0.120641,35.52805569,-97.47523072,17.044,58.788,-0.985,-3.297,0.840
VN300_2026-07-12_14-41-49_VNINS.csv,lap,6,47926,1198.266293,7.225816,2936.318,80.132,1.794911,,-0.120641,35.52805439,-97.47522937,17.004,58.995,-1.026,-3.374,0.840
VN300_2026-07-12_14-41-49_VNINS.csv,lap,6,47927,1198.266293,7.225816,2936.761,80.575,1.794911,,-0.120641,35.52805517,-97.47522458,16.999,59.191,-1.068,-3.465,0.820
VN300_2026-07-12_14-41-49_VNINS.csv,lap,6,47928,1198.266293,7.225816,2936.951,80.765,1.794911,,-0.120641,35.52805391,-97.47522316,17.007,59.400,-1.015,-3.482,0.830
VN300_2026-07-12_14-41-49_VNINS.csv,lap,6,47929,1198.266293,7.225816,2937.141,80.955,1.794911,,-0.120641,35.52805263,-97.47522177,17.045,59.609,-0.921,-3.418,0.830
VN300_2026-07-12_14-41-49_VNINS.csv,lap,6,47930,1198.542466,7.501989,2937.330,81.144,2.071084,,-0.120641,35.52805134,-97.47522041,16.982,59.838,-0.810,-3.542,0.830
VN300_2026-07-12_14-41-49_VNINS.csv,lap,6,47931,1198.542466,7.501989,2937.518,81.332,2.071084,,-0.120641,35.52805005,-97.47521906,16.930,60.049,-0.729,-3.576,0.830
VN300_2026-07-12_14-41-49_VNINS.csv,lap,6,47932,1198.542466,7.501989,2937.707,81.521,2.071084,,-0.120641,35.52804875,-97.47521772,16.935,60.264,-0.653,-3.604,0.830
VN300_2026-07-12_14-41-49_VNINS.csv,lap,6,47933,1198.542466,7.501989,2937.894,81.708,2.071084,,-0.120641,35.52804745,-97.47521640,16.847,60.457,-0.623,-3.736,0.830
VN300_2026-07-12_14-41-49_VNINS.csv,lap,6,47934,1198.542466,7.501989,2938.082,81.896,2.071084,,-0.120641,35.52804615,-97.47521508,16.854,60.653,-0.559,-3.783,0.830
VN300_2026-07-12_14-41-49_VNINS.csv,lap,6,47935,1198.542466,7.501989,2938.535,82.349,2.071084,,-0.120641,35.52804692,-97.47521016,16.868,60.823,-0.501,-3.802,0.820
VN300_2026-07-12_14-41-49_VNINS.csv,lap,6,47936,1198.542466,7.501989,2938.723,82.537,1.986075,,-0.120641,35.52804565,-97.47520879,16.815,60.999,-0.425,-3.785,0.820
VN300_2026-07-12_14-41-49_VNINS.csv,lap,6,47937,1198.542466,7.501989,2938.910,82.724,1.886853,,-0.120641,35.52804438,-97.47520744,16.788,61.146,-0.428,-3.665,0.820
VN300_2026-07-12_14-41-49_VNINS.csv,lap,6,47938,1198.542466,7.501989,2939.097,82.911,1.817303,,-0.120641,35.52804310,-97.47520610,16.759,61.298,-0.441,-3.632,0.820
VN300_2026-07-12_14-41-49_VNINS.csv,lap,6,47939,1198.542466,7.501989,2939.283,83.097,1.817303,,-0.120641,35.52804181,-97.47520478,16.695,61.420,-0.496,-3.670,0.820
VN300_2026-07-12_14-41-49_VNINS.csv,lap,6,47940,1198.542466,7.501989,2939.469,83.284,1.817303,,-0.120641,35.52804052,-97.47520347,16.670,61.557,-0.560,-3.800,0.820
VN300_2026-07-12_14-41-49_VNINS.csv,lap,6,47941,1198.796341,7.755864,2939.655,83.469,2.071178,,-0.120641,35.52803923,-97.47520217,16.614,61.678,-0.641,-3.963,0.820
VN300_2026-07-12_14-41-49_VNINS.csv,lap,6,47942,1198.796341,7.755864,2939.841,83.655,2.071178,,-0.120641,35.52803794,-97.47520087,16.648,61.824,-0.658,-4.014,0.830
VN300_2026-07-12_14-41-49_VNINS.csv,lap,6,47943,1198.796341,7.755864,2940.294,84.108,2.071178,,-0.120641,35.52803871,-97.47519595,16.701,61.970,-0.675,-4.076,0.810
VN300_2026-07-12_14-41-49_VNINS.csv,lap,6,47944,1198.796341,7.755864,2940.480,84.294,2.071178,,-0.120641,35.52803745,-97.47519460,16.640,62.141,-0.734,-4.229,0.820
VN300_2026-07-12_14-41-49_VNINS.csv,lap,6,47945,1198.796341,7.755864,2940.665,84.479,2.071178,,-0.120641,35.52803619,-97.47519326,16.527,62.296,-0.876,-4.321,0.820
VN300_2026-07-12_14-41-49_VNINS.csv,lap,6,47946,1198.796341,7.755864,2940.850,84.664,2.071178,,-0.120641,35.52803493,-97.47519193,16.623,62.463,-0.913,-4.199,0.820
VN300_2026-07-12_14-41-49_VNINS.csv,lap,6,47947,1198.796341,7.755864,2941.034,84.848,2.071178,,-0.120641,35.52803366,-97.47519062,16.583,62.602,-0.908,-4.256,0.820
VN300_2026-07-12_14-41-49_VNINS.csv,lap,6,47948,1198.796341,7.755864,2941.219,85.033,2.071178,,-0.120641,35.52803238,-97.47518931,16.531,62.743,-0.909,-4.286,0.820
VN300_2026-07-12_14-41-49_VNINS.csv,lap,6,47949,1198.796341,7.755864,2941.403,85.218,2.071178,,-0.120641,35.52803110,-97.47518802,16.521,62.882,-1.004,-4.194,0.820
VN300_2026-07-12_14-41-49_VNINS.csv,lap,6,47950,1198.796341,7.755864,2941.587,85.401,2.071178,,-0.120641,35.52802982,-97.47518674,16.525,63.053,-1.067,-4.396,0.820
VN300_2026-07-12_14-41-49_VNINS.csv,lap,6,47951,1199.049775,8.009298,2942.056,85.870,2.324612,,-0.120641,35.52803060,-97.47518165,16.580,63.205,-1.058,-4.483,0.810
VN300_2026-07-12_14-41-49_VNINS.csv,lap,6,47952,1199.049775,8.009298,2942.242,86.056,2.324612,,-0.120641,35.52802934,-97.47518030,16.662,63.358,-0.935,-4.589,0.810
VN300_2026-07-12_14-41-49_VNINS.csv,lap,6,47953,1199.049775,8.009298,2942.428,86.242,2.324612,,-0.120641,35.52802807,-97.47517896,16.692,63.459,-0.766,-4.790,0.810
VN300_2026-07-12_14-41-49_VNINS.csv,lap,6,47954,1199.049775,8.009298,2942.614,86.428,2.324612,,-0.120641,35.52802680,-97.47517762,16.661,63.562,-0.664,-4.738,0.810
VN300_2026-07-12_14-41-49_VNINS.csv,lap,6,47955,1199.049775,8.009298,2942.799,86.613,2.324612,,-0.120641,35.52802553,-97.47517629,16.653,63.631,-0.768,-4.580,0.810
VN300_2026-07-12_14-41-49_VNINS.csv,lap,6,47956,1199.049775,8.009298,2942.984,86.798,2.324612,,-0.120641,35.52802426,-97.47517498,16.565,63.697,-0.943,-4.517,0.810
VN300_2026-07-12_14-41-49_VNINS.csv,lap,6,47957,1199.049775,8.009298,2943.169,86.983,2.324612,,-0.120641,35.52802299,-97.47517366,16.618,63.706,-1.061,-4.282,0.820
VN300_2026-07-12_14-41-49_VNINS.csv,lap,6,47958,1199.049775,8.009298,2943.355,87.169,2.254298,,-0.120641,35.52802170,-97.47517235,16.675,63.689,-1.021,-4.265,0.820
VN300_2026-07-12_14-41-49_VNINS.csv,lap,6,47959,1199.049775,8.009298,2943.776,87.590,2.070664,,-0.120641,35.52802247,-97.47516779,16.580,63.623,-0.996,-4.313,0.810
VN300_2026-07-12_14-41-49_VNINS.csv,lap,6,47960,1199.049775,8.009298,2943.961,87.776,2.070664,,-0.120641,35.52802124,-97.47516641,16.526,63.564,-0.998,-4.341,0.810
VN300_2026-07-12_14-41-49_VNINS.csv,lap,6,47961,1199.303285,8.262808,2944.146,87.960,2.324174,,-0.120641,35.52802000,-97.47516505,16.494,63.495,-1.045,-4.414,0.810
VN300_2026-07-12_14-41-49_VNINS.csv,lap,6,47962,1199.303285,8.262808,2944.330,88.144,2.324174,,-0.120641,35.52801877,-97.47516369,16.397,63.454,-1.131,-4.528,0.810
VN300_2026-07-12_14-41-49_VNINS.csv,lap,6,47963,1199.303285,8.262808,2944.514,88.328,2.324174,,-0.120641,35.52801754,-97.47516233,16.423,63.403,-1.184,-4.550,0.810
VN300_2026-07-12_14-41-49_VNINS.csv,lap,6,47964,1199.303285,8.262808,2944.697,88.511,2.324174,,-0.120641,35.52801632,-97.47516097,16.466,63.349,-1.172,-4.490,0.810
VN300_2026-07-12_14-41-49_VNINS.csv,lap,6,47965,1199.303285,8.262808,2944.881,88.695,2.324174,,-0.120641,35.52801509,-97.47515961,16.446,63.271,-1.139,-4.525,0.810
VN300_2026-07-12_14-41-49_VNINS.csv,lap,6,47966,1199.303285,8.262808,2945.065,88.879,2.324174,,-0.120641,35.52801386,-97.47515826,16.321,63.173,-1.125,-4.536,0.810
VN300_2026-07-12_14-41-49_VNINS.csv,lap,6,47967,1199.303285,8.262808,2945.556,89.370,2.324174,,-0.120641,35.52801491,-97.47515299,16.322,63.079,-1.139,-4.462,0.800
VN300_2026-07-12_14-41-49_VNINS.csv,lap,6,47968,1199.303285,8.262808,2945.737,89.551,2.324174,,-0.120641,35.52801375,-97.47515159,16.060,63.011,-1.246,-4.509,0.800
VN300_2026-07-12_14-41-49_VNINS.csv,lap,6,47969,1199.303285,8.262808,2945.914,89.728,2.324174,,-0.120641,35.52801262,-97.47515021,15.802,62.968,-1.429,-4.655,0.800
VN300_2026-07-12_14-41-49_VNINS.csv,lap,6,47970,1199.303285,8.262808,2946.089,89.903,2.324174,,-0.120641,35.52801150,-97.47514885,15.717,62.932,-1.511,-4.881,0.800
VN300_2026-07-12_14-41-49_VNINS.csv,lap,6,47971,1199.580351,8.539874,2946.265,90.079,2.601240,,-0.120641,35.52801038,-97.47514748,15.732,62.895,-1.429,-5.042,0.800
VN300_2026-07-12_14-41-49_VNINS.csv,lap,6,47972,1199.580351,8.539874,2946.440,90.254,2.601240,,-0.120641,35.52800925,-97.47514613,15.646,62.860,-1.307,-5.075,0.810
VN300_2026-07-12_14-41-49_VNINS.csv,lap,6,47973,1199.580351,8.539874,2946.614,90.428,2.601240,,-0.120641,35.52800813,-97.47514479,15.605,62.864,-1.160,-5.008,0.810
VN300_2026-07-12_14-41-49_VNINS.csv,lap,6,47974,1199.580351,8.539874,2946.786,90.600,2.601240,,-0.120641,35.52800701,-97.47514348,15.390,62.910,-1.089,-5.076,0.810
VN300_2026-07-12_14-41-49_VNINS.csv,lap,6,47975,1199.580351,8.539874,2947.262,91.076,2.601240,,-0.120641,35.52800801,-97.47513836,15.416,62.980,-1.169,-4.890,0.800
VN300_2026-07-12_14-41-49_VNINS.csv,lap,6,47976,1199.580351,8.539874,2947.432,91.247,2.601240,,-0.120641,35.52800695,-97.47513700,15.310,63.088,-1.303,-4.963,0.800
VN300_2026-07-12_14-41-49_VNINS.csv,lap,6,47977,1199.580351,8.539874,2947.603,91.417,2.601240,,-0.120641,35.52800588,-97.47513565,15.225,63.146,-1.329,-5.161,0.800
VN300_2026-07-12_14-41-49_VNINS.csv,lap,6,47978,1199.580351,8.539874,2947.774,91.588,2.601240,,-0.120641,35.52800481,-97.47513430,15.182,63.216,-1.287,-5.208,0.800
VN300_2026-07-12_14-41-49_VNINS.csv,lap,6,47979,1199.580351,8.539874,2947.942,91.756,2.601240,,-0.120641,35.52800375,-97.47513297,15.087,63.298,-1.258,-5.350,0.800
VN300_2026-07-12_14-41-49_VNINS.csv,lap,6,47980,1199.580351,8.539874,2948.110,91.924,2.601240,,-0.120641,35.52800269,-97.47513165,15.006,63.416,-1.281,-5.517,0.800
VN300_2026-07-12_14-41-49_VNINS.csv,lap,6,47981,1199.580351,8.539874,2948.276,92.090,2.595075,,-0.120641,35.52800164,-97.47513034,14.838,63.500,-1.258,-5.560,0.800
VN300_2026-07-12_14-41-49_VNINS.csv,lap,6,47982,1199.834262,8.793785,2948.441,92.255,2.745785,,-0.120641,35.52800060,-97.47512904,14.746,63.562,-1.280,-5.500,0.800
VN300_2026-07-12_14-41-49_VNINS.csv,lap,6,47983,1199.834262,8.793785,2948.854,92.668,2.576173,,-0.120641,35.52800135,-97.47512457,14.689,63.572,-1.355,-5.548,0.790
VN300_2026-07-12_14-41-49_VNINS.csv,lap,6,47984,1199.834262,8.793785,2949.018,92.832,2.576173,,-0.120641,35.52800035,-97.47512324,14.701,63.544,-1.383,-5.464,0.790
VN300_2026-07-12_14-41-49_VNINS.csv,lap,6,47985,1199.834262,8.793785,2949.180,92.995,2.576173,,-0.120641,35.52799936,-97.47512192,14.545,63.491,-1.367,-5.517,0.800
VN300_2026-07-12_14-41-49_VNINS.csv,lap,6,47986,1199.834262,8.793785,2949.342,93.156,2.576173,,-0.120641,35.52799837,-97.47512061,14.385,63.414,-1.392,-5.636,0.800
VN300_2026-07-12_14-41-49_VNINS.csv,lap,6,47987,1199.834262,8.793785,2949.503,93.317,2.576173,,-0.120641,35.52799740,-97.47511930,14.351,63.352,-1.460,-5.609,0.800
VN300_2026-07-12_14-41-49_VNINS.csv,lap,6,47988,1199.834262,8.793785,2949.663,93.477,2.576173,,-0.120641,35.52799643,-97.47511799,14.253,63.258,-1.439,-5.660,0.800
VN300_2026-07-12_14-41-49_VNINS.csv,lap,6,47989,1199.834262,8.793785,2949.822,93.636,2.576173,,-0.120641,35.52799546,-97.47511669,14.232,63.134,-1.369,-5.663,0.800
VN300_2026-07-12_14-41-49_VNINS.csv,lap,6,47990,1199.834262,8.793785,2949.980,93.794,2.576173,,-0.120641,35.52799450,-97.47511541,14.070,63.009,-1.301,-5.768,0.800
VN300_2026-07-12_14-41-49_VNINS.csv,lap,6,47991,1199.834262,8.793785,2950.421,94.235,2.576173,,-0.120641,35.52799548,-97.47511069,14.166,62.884,-1.355,-5.816,0.790
VN300_2026-07-12_14-41-49_VNINS.csv,lap,6,47992,1199.834262,8.793785,2950.577,94.391,2.576173,,-0.120641,35.52799459,-97.47510935,14.006,62.760,-1.479,-5.921,0.790
VN300_2026-07-12_14-41-49_VNINS.csv,lap,6,47993,1200.088105,9.047628,2950.734,94.549,2.830016,,-0.120641,35.52799369,-97.47510801,13.930,62.604,-1.587,-5.980,0.790
VN300_2026-07-12_14-41-49_VNINS.csv,lap,6,47994,1200.088105,9.047628,2950.890,94.704,2.830016,,-0.120641,35.52799281,-97.47510668,13.901,62.442,-1.598,-5.965,0.790
VN300_2026-07-12_14-41-49_VNINS.csv,lap,6,47995,1200.088105,9.047628,2951.045,94.859,2.830016,,-0.120641,35.52799192,-97.47510536,13.834,62.280,-1.574,-6.014,0.790
VN300_2026-07-12_14-41-49_VNINS.csv,lap,6,47996,1200.088105,9.047628,2951.198,95.012,2.830016,,-0.120641,35.52799105,-97.47510404,13.799,62.138,-1.514,-6.049,0.790
VN300_2026-07-12_14-41-49_VNINS.csv,lap,6,47997,1200.088105,9.047628,2951.352,95.166,2.830016,,-0.120641,35.52799017,-97.47510273,13.674,62.000,-1.536,-6.070,0.800
VN300_2026-07-12_14-41-49_VNINS.csv,lap,6,47998,1200.088105,9.047628,2951.504,95.318,2.830016,,-0.120641,35.52798931,-97.47510143,13.536,61.908,-1.634,-6.177,0.800
VN300_2026-07-12_14-41-49_VNINS.csv,lap,6,47999,1200.088105,9.047628,2951.916,95.730,2.830016,,-0.120641,35.52799043,-97.47509709,13.668,61.809,-1.749,-6.267,0.790
VN300_2026-07-12_14-41-49_VNINS.csv,lap,6,48000,1200.088105,9.047628,2952.068,95.882,2.830016,,-0.120641,35.52798962,-97.47509573,13.605,61.723,-1.867,-6.288,0.790
VN300_2026-07-12_14-41-49_VNINS.csv,lap,6,48001,1200.088105,9.047628,2952.220,96.034,2.830016,,-0.120641,35.52798881,-97.47509438,13.531,61.621,-1.964,-6.289,0.790
VN300_2026-07-12_14-41-49_VNINS.csv,lap,6,48002,1200.088105,9.047628,2952.370,96.184,2.830016,,-0.120641,35.52798801,-97.47509304,13.467,61.531,-2.008,-6.301,0.790
VN300_2026-07-12_14-41-49_VNINS.csv,lap,6,48003,1200.341548,9.301071,2952.521,96.335,3.083459,,-0.120641,35.52798721,-97.47509170,13.447,61.419,-1.935,-6.289,0.790
VN300_2026-07-12_14-41-49_VNINS.csv,lap,6,48004,1200.341548,9.301071,2952.670,96.484,3.083459,,-0.120641,35.52798640,-97.47509038,13.304,61.303,-1.789,-6.410,0.790
VN300_2026-07-12_14-41-49_VNINS.csv,lap,6,48005,1200.341548,9.301071,2952.818,96.632,3.083459,,-0.120641,35.52798561,-97.47508907,13.173,61.189,-1.714,-6.517,0.790
VN300_2026-07-12_14-41-49_VNINS.csv,lap,6,48006,1200.341548,9.301071,2952.964,96.778,3.083459,,-0.120641,35.52798483,-97.47508777,13.039,61.098,-1.730,-6.693,0.790
VN300_2026-07-12_14-41-49_VNINS.csv,lap,6,48007,1200.341548,9.301071,2953.110,96.924,3.083459,,-0.120641,35.52798406,-97.47508646,13.041,60.998,-1.846,-6.595,0.790
VN300_2026-07-12_14-41-49_VNINS.csv,lap,6,48008,1200.341548,9.301071,2953.496,97.310,3.078989,,-0.120641,35.52798522,-97.47508245,13.147,60.920,-1.968,-6.684,0.780
VN300_2026-07-12_14-41-49_VNINS.csv,lap,6,48009,1200.341548,9.301071,2953.642,97.456,3.032524,,-0.120641,35.52798449,-97.47508110,13.053,60.793,-2.135,-6.761,0.780
VN300_2026-07-12_14-41-49_VNINS.csv,lap,6,48010,1200.341548,9.301071,2953.788,97.602,2.986252,,-0.120641,35.52798377,-97.47507975,13.082,60.689,-2.269,-6.647,0.790
VN300_2026-07-12_14-41-49_VNINS.csv,lap,6,48011,1200.341548,9.301071,2953.934,97.748,2.940221,,-0.120641,35.52798305,-97.47507841,13.032,60.530,-2.359,-6.569,0.790
VN300_2026-07-12_14-41-49_VNINS.csv,lap,6,48012,1200.341548,9.301071,2954.079,97.894,2.893994,,-0.120641,35.52798232,-97.47507707,13.008,60.379,-2.373,-6.454,0.790
VN300_2026-07-12_14-41-49_VNINS.csv,lap,6,48013,1200.607608,9.567131,2954.223,98.037,3.114455,,-0.120641,35.52798161,-97.47507574,12.833,60.188,-2.528,-6.323,0.790
VN300_2026-07-12_14-41-49_VNINS.csv,lap,6,48014,1200.607608,9.567131,2954.366,98.180,3.072466,,-0.120641,35.52798091,-97.47507442,12.726,60.048,-2.778,-6.279,0.790
VN300_2026-07-12_14-41-49_VNINS.csv,lap,6,48015,1200.607608,9.567131,2954.722,98.536,3.072466,,-0.120641,35.52798217,-97.47507080,12.784,59.865,-3.075,-6.305,0.780
VN300_2026-07-12_14-41-49_VNINS.csv,lap,6,48016,1200.607608,9.567131,2954.866,98.680,3.072466,,-0.120641,35.52798153,-97.47506942,12.763,59.678,-3.367,-6.292,0.780
VN300_2026-07-12_14-41-49_VNINS.csv,lap,6,48017,1200.607608,9.567131,2955.010,98.824,3.072466,,-0.120641,35.52798088,-97.47506805,12.804,59.407,-3.560,-6.081,0.780
VN300_2026-07-12_14-41-49_VNINS.csv,lap,6,48018,1200.607608,9.567131,2955.152,98.966,3.072466,,-0.120641,35.52798022,-97.47506670,12.768,59.175,-3.627,-5.970,0.780
VN300_2026-07-12_14-41-49_VNINS.csv,lap,6,48019,1200.607608,9.567131,2955.293,99.107,3.072466,,-0.120641,35.52797957,-97.47506536,12.603,58.858,-3.782,-5.923,0.780
VN300_2026-07-12_14-41-49_VNINS.csv,lap,6,48020,1200.607608,9.567131,2955.435,99.249,3.072466,,-0.120641,35.52797894,-97.47506400,12.623,58.577,-3.937,-5.665,0.780
VN300_2026-07-12_14-41-49_VNINS.csv,lap,6,48021,1200.607608,9.567131,2955.576,99.390,3.072466,,-0.120641,35.52797831,-97.47506265,12.606,58.198,-4.176,-5.293,0.780
VN300_2026-07-12_14-41-49_VNINS.csv,lap,6,48022,1200.607608,9.567131,2955.716,99.530,3.072466,,-0.120641,35.52797768,-97.47506131,12.512,57.871,-4.377,-5.151,0.790
VN300_2026-07-12_14-41-49_VNINS.csv,lap,6,48023,1200.861129,9.820652,2956.132,99.946,3.325987,,-0.120641,35.52797931,-97.47505717,12.762,57.510,-4.536,-5.040,0.770
VN300_2026-07-12_14-41-49_VNINS.csv,lap,6,48024,1200.861129,9.820652,2956.274,100.088,3.325987,,-0.120641,35.52797873,-97.47505577,12.637,57.154,-4.645,-5.018,0.780
VN300_2026-07-12_14-41-49_VNINS.csv,lap,6,48025,1200.861129,9.820652,2956.417,100.231,3.325987,,-0.120641,35.52797817,-97.47505435,12.825,56.795,-4.649,-4.582,0.780
VN300_2026-07-12_14-41-49_VNINS.csv,lap,6,48026,1200.861129,9.820652,2956.559,100.373,3.325987,,-0.120641,35.52797760,-97.47505294,12.735,56.431,-4.518,-4.279,0.780
VN300_2026-07-12_14-41-49_VNINS.csv,lap,6,48027,1200.861129,9.820652,2956.701,100.515,3.325987,,-0.120641,35.52797703,-97.47505154,12.613,56.041,-4.353,-4.073,0.780
VN300_2026-07-12_14-41-49_VNINS.csv,lap,6,48028,1200.861129,9.820652,2956.842,100.656,3.325987,,-0.120641,35.52797648,-97.47505014,12.583,55.649,-4.248,-3.793,0.780
VN300_2026-07-12_14-41-49_VNINS.csv,lap,6,48029,1200.861129,9.820652,2956.982,100.796,3.325987,,-0.120641,35.52797593,-97.47504874,12.535,55.271,-4.174,-3.637,0.780
VN300_2026-07-12_14-41-49_VNINS.csv,lap,6,48030,1200.861129,9.820652,2957.122,100.936,3.325987,,-0.120641,35.52797539,-97.47504735,12.490,54.954,-4.251,-3.665,0.780
VN300_2026-07-12_14-41-49_VNINS.csv,lap,6,48031,1200.861129,9.820652,2957.496,101.310,3.325987,,-0.120641,35.52797721,-97.47504387,12.697,54.559,-4.193,-3.549,0.770
VN300_2026-07-12_14-41-49_VNINS.csv,lap,6,48032,1200.861129,9.820652,2957.638,101.452,3.325987,,-0.120641,35.52797672,-97.47504242,12.686,54.190,-4.133,-3.386,0.770
VN300_2026-07-12_14-41-49_VNINS.csv,lap,6,48033,1200.861129,9.820652,2957.779,101.593,3.325987,,-0.120641,35.52797623,-97.47504098,12.675,53.834,-4.083,-3.198,0.770
VN300_2026-07-12_14-41-49_VNINS.csv,lap,6,48034,1201.114958,10.074481,2957.921,101.735,3.579816,,-0.120641,35.52797575,-97.47503953,12.650,53.482,-4.043,-3.119,0.770
VN300_2026-07-12_14-41-49_VNINS.csv,lap,6,48035,1201.114958,10.074481,2958.062,101.876,3.579816,,-0.120641,35.52797526,-97.47503809,12.641,53.119,-3.950,-3.169,0.770
VN300_2026-07-12_14-41-49_VNINS.csv,lap,6,48036,1201.114958,10.074481,2958.204,102.018,3.579816,,-0.120641,35.52797479,-97.47503664,12.689,52.711,-3.834,-2.996,0.780
VN300_2026-07-12_14-41-49_VNINS.csv,lap,6,48037,1201.114958,10.074481,2958.346,102.160,3.579816,,-0.120641,35.52797433,-97.47503517,12.710,52.293,-3.838,-2.578,0.780
VN300_2026-07-12_14-41-49_VNINS.csv,lap,6,48038,1201.114958,10.074481,2958.486,102.300,3.579816,,-0.120641,35.52797388,-97.47503372,12.578,51.865,-3.969,-2.317,0.780
VN300_2026-07-12_14-41-49_VNINS.csv,lap,6,48039,1201.114958,10.074481,2958.834,102.648,3.571192,,-0.120641,35.52797585,-97.47503074,12.612,51.400,-4.080,-2.087,0.770
VN300_2026-07-12_14-41-49_VNINS.csv,lap,6,48040,1201.114958,10.074481,2958.976,102.790,3.487742,,-0.120641,35.52797546,-97.47502925,12.686,50.897,-4.113,-1.842,0.770
VN300_2026-07-12_14-41-49_VNINS.csv,lap,6,48041,1201.114958,10.074481,2959.117,102.931,3.404292,,-0.120641,35.52797507,-97.47502776,12.708,50.377,-4.067,-1.708,0.770
VN300_2026-07-12_14-41-49_VNINS.csv,lap,6,48042,1201.114958,10.074481,2959.261,103.075,3.324908,,-0.120641,35.52797468,-97.47502625,12.775,49.838,-3.959,-1.543,0.770
VN300_2026-07-12_14-41-49_VNINS.csv,lap,6,48043,1201.114958,10.074481,2959.403,103.217,3.324908,,-0.120641,35.52797431,-97.47502474,12.792,49.272,-3.828,-1.375,0.770
VN300_2026-07-12_14-41-49_VNINS.csv,lap,6,48044,1201.368412,10.327935,2959.546,103.360,3.578362,,-0.120641,35.52797396,-97.47502322,12.805,48.637,-3.736,-1.168,0.770
VN300_2026-07-12_14-41-49_VNINS.csv,lap,6,48045,1201.368412,10.327935,2959.690,103.504,3.578362,,-0.120641,35.52797362,-97.47502169,12.817,47.912,-3.731,-0.950,0.770
VN300_2026-07-12_14-41-49_VNINS.csv,lap,6,48046,1201.368412,10.327935,2959.834,103.648,3.578362,,-0.120641,35.52797330,-97.47502014,12.867,47.080,-3.805,-0.775,0.770
VN300_2026-07-12_14-41-49_VNINS.csv,lap,6,48047,1201.368412,10.327935,2960.199,104.013,3.578362,,-0.120641,35.52797566,-97.47501734,12.962,46.155,-3.903,-0.535,0.760
VN300_2026-07-12_14-41-49_VNINS.csv,lap,6,48048,1201.368412,10.327935,2960.346,104.160,3.578362,,-0.120641,35.52797545,-97.47501574,13.040,45.190,-3.908,-0.252,0.760
VN300_2026-07-12_14-41-49_VNINS.csv,lap,6,48049,1201.368412,10.327935,2960.492,104.306,3.578362,,-0.120641,35.52797524,-97.47501415,13.036,44.200,-3.822,-0.098,0.770
VN300_2026-07-12_14-41-49_VNINS.csv,lap,6,48050,1201.368412,10.327935,2960.639,104.453,3.578362,,-0.120641,35.52797505,-97.47501254,13.141,43.213,-3.681,0.150,0.770
VN300_2026-07-12_14-41-49_VNINS.csv,lap,6,48051,1201.368412,10.327935,2960.786,104.600,3.578362,,-0.120641,35.52797488,-97.47501093,13.143,42.255,-3.542,0.344,0.770
VN300_2026-07-12_14-41-49_VNINS.csv,lap,6,48052,1201.368412,10.327935,2960.933,104.747,3.578362,,-0.120641,35.52797472,-97.47500931,13.169,41.344,-3.432,0.496,0.770
VN300_2026-07-12_14-41-49_VNINS.csv,lap,6,48053,1201.368412,10.327935,2961.082,104.896,3.578362,,-0.120641,35.52797458,-97.47500768,13.234,40.473,-3.353,0.649,0.770
VN300_2026-07-12_14-41-49_VNINS.csv,lap,6,48054,1201.640386,10.599909,2961.229,105.043,3.850336,,-0.120641,35.52797446,-97.47500606,13.202,39.643,-3.239,0.758,0.770
VN300_2026-07-12_14-41-49_VNINS.csv,lap,6,48055,1201.640386,10.599909,2961.778,105.592,3.850336,,-0.120641,35.52797911,-97.47500403,12.797,38.851,-3.111,0.857,0.760
VN300_2026-07-12_14-41-49_VNINS.csv,lap,6,48056,1201.640386,10.599909,2961.922,105.736,3.850336,,-0.120641,35.52797914,-97.47500244,12.875,38.080,-3.059,1.046,0.760
VN300_2026-07-12_14-41-49_VNINS.csv,lap,6,48057,1201.640386,10.599909,2962.066,105.880,3.850336,,-0.120641,35.52797918,-97.47500085,12.842,37.321,-3.000,1.189,0.760
VN300_2026-07-12_14-41-49_VNINS.csv,lap,6,48058,1201.640386,10.599909,2962.210,106.024,3.850336,,-0.120641,35.52797924,-97.47499926,12.877,36.562,-2.885,1.340,0.760
VN300_2026-07-12_14-41-49_VNINS.csv,lap,6,48059,1201.640386,10.599909,2962.354,106.168,3.850336,,-0.120641,35.52797931,-97.47499767,12.917,35.807,-2.698,1.487,0.760
VN300_2026-07-12_14-41-49_VNINS.csv,lap,6,48060,1201.640386,10.599909,2962.498,106.312,3.850336,,-0.120641,35.52797939,-97.47499608,12.896,35.064,-2.479,1.627,0.760
VN300_2026-07-12_14-41-49_VNINS.csv,lap,6,48061,1201.640386,10.599909,2962.642,106.456,3.850336,,-0.120641,35.52797950,-97.47499449,12.844,34.348,-2.305,1.712,0.760
VN300_2026-07-12_14-41-49_VNINS.csv,lap,6,48062,1201.640386,10.599909,2962.786,106.600,3.850336,,-0.120641,35.52797962,-97.47499291,12.848,33.643,-2.220,1.791,0.770
VN300_2026-07-12_14-41-49_VNINS.csv,lap,6,48063,1201.640386,10.599909,2963.109,106.923,3.850336,,-0.120641,35.52798238,-97.47499179,12.565,32.978,-2.138,1.891,0.760
VN300_2026-07-12_14-41-49_VNINS.csv,lap,6,48064,1201.640386,10.599909,2963.250,107.064,3.850336,,-0.120641,35.52798261,-97.47499026,12.584,32.328,-1.994,1.992,0.760
VN300_2026-07-12_14-41-49_VNINS.csv,lap,6,48065,1201.894205,10.853728,2963.390,107.204,4.066991,,-0.120641,35.52798285,-97.47498874,12.595,31.679,-1.859,2.091,0.760
VN300_2026-07-12_14-41-49_VNINS.csv,lap,6,48066,1201.894205,10.853728,2963.531,107.345,3.989365,,-0.120641,35.52798311,-97.47498721,12.635,31.049,-1.728,2.248,0.760
VN300_2026-07-12_14-41-49_VNINS.csv,lap,6,48067,1201.894205,10.853728,2963.671,107.485,3.912712,,-0.120641,35.52798337,-97.47498570,12.525,30.408,-1.603,2.214,0.760
VN300_2026-07-12_14-41-49_VNINS.csv,lap,6,48068,1201.894205,10.853728,2963.812,107.626,3.850156,,-0.120641,35.52798366,-97.47498418,12.610,29.742,-1.438,2.308,0.760
VN300_2026-07-12_14-41-49_VNINS.csv,lap,6,48069,1201.894205,10.853728,2963.953,107.767,3.850156,,-0.120641,35.52798397,-97.47498267,12.612,29.088,-1.296,2.432,0.760
VN300_2026-07-12_14-41-49_VNINS.csv,lap,6,48070,1201.894205,10.853728,2964.094,107.908,3.850156,,-0.120641,35.52798429,-97.47498117,12.585,28.452,-1.267,2.425,0.760
VN300_2026-07-12_14-41-49_VNINS.csv,lap,6,48071,1201.894205,10.853728,2964.401,108.215,3.850156,,-0.120641,35.52798698,-97.47498040,12.351,27.860,-1.292,2.470,0.750
VN300_2026-07-12_14-41-49_VNINS.csv,lap,6,48072,1201.894205,10.853728,2964.539,108.353,3.850156,,-0.120641,35.52798740,-97.47497896,12.407,27.290,-1.369,2.612,0.750
VN300_2026-07-12_14-41-49_VNINS.csv,lap,6,48073,1201.894205,10.853728,2964.678,108.492,3.850156,,-0.120641,35.52798784,-97.47497753,12.361,26.748,-1.376,2.738,0.750
VN300_2026-07-12_14-41-49_VNINS.csv,lap,6,48074,1201.894205,10.853728,2964.815,108.629,3.850156,,-0.120641,35.52798829,-97.47497611,12.362,26.214,-1.325,2.866,0.750
VN300_2026-07-12_14-41-49_VNINS.csv,lap,6,48075,1202.147724,11.107247,2964.954,108.768,4.103675,,-0.120641,35.52798875,-97.47497469,12.335,25.688,-1.141,2.923,0.750
VN300_2026-07-12_14-41-49_VNINS.csv,lap,6,48076,1202.147724,11.107247,2965.091,108.905,4.103675,,-0.120641,35.52798923,-97.47497329,12.315,25.109,-0.831,2.838,0.760
VN300_2026-07-12_14-41-49_VNINS.csv,lap,6,48077,1202.147724,11.107247,2965.231,109.045,4.103675,,-0.120641,35.52798974,-97.47497188,12.431,24.440,-0.519,2.981,0.760
VN300_2026-07-12_14-41-49_VNINS.csv,lap,6,48078,1202.147724,11.107247,2965.370,109.184,4.103675,,-0.120641,35.52799028,-97.47497049,12.439,23.743,-0.264,3.137,0.760
VN300_2026-07-12_14-41-49_VNINS.csv,lap,6,48079,1202.147724,11.107247,2965.625,109.439,4.103675,,-0.120641,35.52799249,-97.47496973,12.237,23.072,-0.193,2.973,0.750
VN300_2026-07-12_14-41-49_VNINS.csv,lap,6,48080,1202.147724,11.107247,2965.764,109.578,4.103675,,-0.120641,35.52799310,-97.47496840,12.292,22.436,-0.137,2.939,0.750
VN300_2026-07-12_14-41-49_VNINS.csv,lap,6,48081,1202.147724,11.107247,2965.901,109.715,4.103675,,-0.120641,35.52799373,-97.47496709,12.380,21.810,-0.019,2.944,0.750
VN300_2026-07-12_14-41-49_VNINS.csv,lap,6,48082,1202.147724,11.107247,2966.040,109.854,4.103675,,-0.120641,35.52799437,-97.47496578,12.407,21.195,0.231,2.911,0.750
VN300_2026-07-12_14-41-49_VNINS.csv,lap,6,48083,1202.147724,11.107247,2966.180,109.994,4.103675,,-0.120641,35.52799504,-97.47496447,12.472,20.570,0.565,2.870,0.750
VN300_2026-07-12_14-41-49_VNINS.csv,lap,6,48084,1202.147724,11.107247,2966.319,110.133,4.103675,,-0.120641,35.52799573,-97.47496318,12.528,19.950,0.918,2.875,0.750
VN300_2026-07-12_14-41-49_VNINS.csv,lap,6,48085,1202.401115,11.360638,2966.459,110.273,4.357066,,-0.120641,35.52799643,-97.47496190,12.452,19.343,1.173,2.786,0.750
VN300_2026-07-12_14-41-49_VNINS.csv,lap,6,48086,1202.401115,11.360638,2966.598,110.412,4.357066,,-0.120641,35.52799716,-97.47496065,12.372,18.754,1.205,2.611,0.750
VN300_2026-07-12_14-41-49_VNINS.csv,lap,6,48087,1202.401115,11.360638,2966.736,110.550,4.357066,,-0.120641,35.52799790,-97.47495943,12.385,18.193,1.121,2.501,0.750
VN300_2026-07-12_14-41-49_VNINS.csv,lap,6,48088,1202.401115,11.360638,2966.989,110.803,4.357066,,-0.120641,35.52800018,-97.47495937,12.365,17.693,1.096,2.471,0.740
VN300_2026-07-12_14-41-49_VNINS.csv,lap,6,48089,1202.401115,11.360638,2967.128,110.942,4.357066,,-0.120641,35.52800100,-97.47495822,12.362,17.200,1.252,2.411,0.750
VN300_2026-07-12_14-41-49_VNINS.csv,lap,6,48090,1202.401115,11.360638,2967.266,111.080,4.357066,,-0.120641,35.52800184,-97.47495709,12.425,16.677,1.486,2.431,0.750
VN300_2026-07-12_14-41-49_VNINS.csv,lap,6,48091,1202.401115,11.360638,2967.405,111.219,4.357066,,-0.120641,35.52800269,-97.47495596,12.380,16.123,1.701,2.393,0.750
VN300_2026-07-12_14-41-49_VNINS.csv,lap,6,48092,1202.401115,11.360638,2967.543,111.357,4.357066,,-0.120641,35.52800355,-97.47495486,12.345,15.556,1.847,2.291,0.750
VN300_2026-07-12_14-41-49_VNINS.csv,lap,6,48093,1202.401115,11.360638,2967.681,111.495,4.357066,,-0.120641,35.52800442,-97.47495378,12.382,14.999,1.914,2.267,0.750
VN300_2026-07-12_14-41-49_VNINS.csv,lap,6,48094,1202.401115,11.360638,2967.820,111.634,4.357066,,-0.120641,35.52800532,-97.47495271,12.411,14.463,1.984,2.310,0.750
VN300_2026-07-12_14-41-49_VNINS.csv,lap,6,48095,1202.667489,11.627012,2967.989,111.803,4.623440,,-0.120641,35.52800683,-97.47495249,12.413,13.960,2.052,2.419,0.740
VN300_2026-07-12_14-41-49_VNINS.csv,lap,6,48096,1202.667489,11.627012,2968.128,111.942,4.621740,,-0.120641,35.52800777,-97.47495149,12.358,13.470,2.142,2.325,0.740
VN300_2026-07-12_14-41-49_VNINS.csv,lap,6,48097,1202.667489,11.627012,2968.266,112.080,4.551477,,-0.120641,35.52800872,-97.47495050,12.390,12.948,2.290,2.271,0.740
VN300_2026-07-12_14-41-49_VNINS.csv,lap,6,48098,1202.667489,11.627012,2968.405,112.219,4.480781,,-0.120641,35.52800970,-97.47494954,12.442,12.417,2.385,2.300,0.740
VN300_2026-07-12_14-41-49_VNINS.csv,lap,6,48099,1202.667489,11.627012,2968.544,112.358,4.410654,,-0.120641,35.52801068,-97.47494860,12.406,11.887,2.442,2.187,0.740
VN300_2026-07-12_14-41-49_VNINS.csv,lap,6,48100,1202.667489,11.627012,2968.683,112.497,4.368863,,-0.120641,35.52801169,-97.47494769,12.412,11.356,2.497,2.052,0.740
VN300_2026-07-12_14-41-49_VNINS.csv,lap,6,48101,1202.667489,11.627012,2968.822,112.636,4.368863,,-0.120641,35.52801271,-97.47494680,12.500,10.812,2.516,2.025,0.740
VN300_2026-07-12_14-41-49_VNINS.csv,lap,6,48102,1202.667489,11.627012,2968.962,112.776,4.368863,,-0.120641,35.52801375,-97.47494593,12.518,10.275,2.530,1.980,0.750
VN300_2026-07-12_14-41-49_VNINS.csv,lap,6,48103,1202.667489,11.627012,2969.073,112.887,4.368863,,-0.120641,35.52801474,-97.47494576,12.434,9.772,2.542,1.896,0.740
VN300_2026-07-12_14-41-49_VNINS.csv,lap,6,48104,1202.667489,11.627012,2969.213,113.027,4.368863,,-0.120641,35.52801581,-97.47494495,12.496,9.294,2.584,1.904,0.740
VN300_2026-07-12_14-41-49_VNINS.csv,lap,6,48105,1202.667489,11.627012,2969.353,113.167,4.368863,,-0.120641,35.52801689,-97.47494416,12.508,8.827,2.702,1.881,0.740
VN300_2026-07-12_14-41-49_VNINS.csv,lap,6,48106,1202.921246,11.880769,2969.492,113.306,4.622620,,-0.120641,35.52801798,-97.47494339,12.560,8.351,2.917,1.861,0.740
VN300_2026-07-12_14-41-49_VNINS.csv,lap,6,48107,1202.921246,11.880769,2969.633,113.447,4.622620,,-0.120641,35.52801909,-97.47494264,12.615,7.854,3.204,1.934,0.740
VN300_2026-07-12_14-41-49_VNINS.csv,lap,6,48108,1202.921246,11.880769,2969.774,113.588,4.622620,,-0.120641,35.52802021,-97.47494191,12.566,7.345,3.448,1.829,0.740
VN300_2026-07-12_14-41-49_VNINS.csv,lap,6,48109,1202.921246,11.880769,2969.915,113.729,4.622620,,-0.120641,35.52802134,-97.47494122,12.565,6.846,3.537,1.672,0.740
VN300_2026-07-12_14-41-49_VNINS.csv,lap,6,48110,1202.921246,11.880769,2970.055,113.869,4.622620,,-0.120641,35.52802248,-97.47494055,12.619,6.367,3.521,1.641,0.740
VN300_2026-07-12_14-41-49_VNINS.csv,lap,6,48111,1202.921246,11.880769,2970.166,113.980,4.622620,,-0.120641,35.52802348,-97.47494055,12.498,5.928,3.504,1.486,0.730
VN300_2026-07-12_14-41-49_VNINS.csv,lap,6,48112,1202.921246,11.880769,2970.306,114.120,4.622620,,-0.120641,35.52802464,-97.47493995,12.558,5.498,3.516,1.304,0.730
VN300_2026-07-12_14-41-49_VNINS.csv,lap,6,48113,1202.921246,11.880769,2970.447,114.261,4.622620,,-0.120641,35.52802582,-97.47493938,12.682,5.057,3.596,1.270,0.740
VN300_2026-07-12_14-41-49_VNINS.csv,lap,6,48114,1202.921246,11.880769,2970.589,114.403,4.622620,,-0.120641,35.52802701,-97.47493882,12.722,4.611,3.760,1.238,0.740
VN300_2026-07-12_14-41-49_VNINS.csv,lap,6,48115,1202.921246,11.880769,2970.731,114.545,4.622620,,-0.120641,35.52802821,-97.47493828,12.724,4.159,3.937,1.128,0.740
VN300_2026-07-12_14-41-49_VNINS.csv,lap,6,48116,1203.174798,12.134321,2970.873,114.687,4.876172,,-0.120641,35.52802942,-97.47493777,12.788,3.721,4.077,1.162,0.740
VN300_2026-07-12_14-41-49_VNINS.csv,lap,6,48117,1203.174798,12.134321,2971.016,114.830,4.876172,,-0.120641,35.52803064,-97.47493728,12.780,3.303,4.152,1.089,0.740
VN300_2026-07-12_14-41-49_VNINS.csv,lap,6,48118,1203.174798,12.134321,2971.159,114.973,4.876172,,-0.120641,35.52803187,-97.47493683,12.785,2.897,4.186,0.938,0.740
VN300_2026-07-12_14-41-49_VNINS.csv,lap,6,48119,1203.174798,12.134321,2971.237,115.051,4.876172,,-0.120641,35.52803257,-97.47493688,12.669,2.515,4.198,0.762,0.730
VN300_2026-07-12_14-41-49_VNINS.csv,lap,6,48120,1203.174798,12.134321,2971.378,115.192,4.876172,,-0.120641,35.52803380,-97.47493649,12.716,2.138,4.232,0.616,0.730
VN300_2026-07-12_14-41-49_VNINS.csv,lap,6,48121,1203.174798,12.134321,2971.521,115.335,4.876172,,-0.120641,35.52803505,-97.47493613,12.767,1.754,4.346,0.561,0.730
VN300_2026-07-12_14-41-49_VNINS.csv,lap,6,48122,1203.174798,12.134321,2971.663,115.477,4.876172,,-0.120641,35.52803630,-97.47493579,12.783,1.378,4.513,0.546,0.730
VN300_2026-07-12_14-41-49_VNINS.csv,lap,6,48123,1203.174798,12.134321,2971.805,115.619,4.876172,,-0.120641,35.52803755,-97.47493547,12.727,1.013,4.635,0.373,0.730
VN300_2026-07-12_14-41-49_VNINS.csv,lap,6,48124,1203.174798,12.134321,2971.947,115.762,4.876172,,-0.120641,35.52803881,-97.47493518,12.801,0.651,4.686,0.269,0.740
VN300_2026-07-12_14-41-49_VNINS.csv,lap,6,48125,1203.174798,12.134321,2972.091,115.905,4.876172,,-0.120641,35.52804008,-97.47493492,12.855,0.295,4.700,0.216,0.740
VN300_2026-07-12_14-41-49_VNINS.csv,lap,6,48126,1203.428214,12.387737,2972.235,116.049,5.129588,,-0.120641,35.52804136,-97.47493468,12.915,-0.060,4.739,0.156,0.740
VN300_2026-07-12_14-41-49_VNINS.csv,lap,6,48127,1203.428214,12.387737,2972.378,116.192,5.129588,,-0.120641,35.52804264,-97.47493446,12.930,-0.417,4.791,0.048,0.740
VN300_2026-07-12_14-41-49_VNINS.csv,lap,6,48128,1203.428214,12.387737,2972.439,116.253,5.129588,,-0.120641,35.52804314,-97.47493418,12.822,-0.778,4.835,-0.060,0.730
VN300_2026-07-12_14-41-49_VNINS.csv,lap,6,48129,1203.428214,12.387737,2972.583,116.397,5.129588,,-0.120641,35.52804442,-97.47493401,12.909,-1.122,4.906,-0.019,0.730
VN300_2026-07-12_14-41-49_VNINS.csv,lap,6,48130,1203.428214,12.387737,2972.725,116.540,5.129588,,-0.120641,35.52804570,-97.47493387,12.890,-1.455,5.014,-0.064,0.730
VN300_2026-07-12_14-41-49_VNINS.csv,lap,6,48131,1203.428214,12.387737,2972.869,116.683,5.129588,,-0.120641,35.52804699,-97.47493376,12.905,-1.791,5.100,-0.175,0.730
VN300_2026-07-12_14-41-49_VNINS.csv,lap,6,48132,1203.428214,12.387737,2973.013,116.827,5.129588,,-0.120641,35.52804828,-97.47493367,12.922,-2.110,5.158,-0.282,0.730
VN300_2026-07-12_14-41-49_VNINS.csv,lap,6,48133,1203.428214,12.387737,2973.158,116.972,5.129588,,-0.120641,35.52804958,-97.47493361,12.926,-2.404,5.210,-0.453,0.730
VN300_2026-07-12_14-41-49_VNINS.csv,lap,6,48134,1203.428214,12.387737,2973.301,117.115,5.123992,,-0.120641,35.52805087,-97.47493357,12.972,-2.653,5.264,-0.568,0.740
VN300_2026-07-12_14-41-49_VNINS.csv,lap,6,48135,1203.428214,12.387737,2973.355,117.169,5.095355,,-0.120641,35.52805111,-97.47493305,12.760,-2.837,5.323,-0.659,0.730
VN300_2026-07-12_14-41-49_VNINS.csv,lap,6,48136,1203.702926,12.662449,2973.498,117.312,5.294721,,-0.120641,35.52805239,-97.47493304,12.747,-2.964,5.394,-0.772,0.730
VN300_2026-07-12_14-41-49_VNINS.csv,lap,6,48137,1203.702926,12.662449,2973.639,117.453,5.219964,,-0.120641,35.52805366,-97.47493305,12.749,-3.055,5.472,-0.828,0.730
VN300_2026-07-12_14-41-49_VNINS.csv,lap,6,48138,1203.702926,12.662449,2973.780,117.594,5.145195,,-0.120641,35.52805493,-97.47493308,12.674,-3.123,5.529,-0.882,0.730
VN300_2026-07-12_14-41-49_VNINS.csv,lap,6,48139,1203.702926,12.662449,2973.920,117.734,5.136180,,-0.120641,35.52805619,-97.47493313,12.642,-3.190,5.534,-0.948,0.730
VN300_2026-07-12_14-41-49_VNINS.csv,lap,6,48140,1203.702926,12.662449,2974.059,117.873,5.136180,,-0.120641,35.52805744,-97.47493321,12.588,-3.255,5.530,-0.986,0.730
VN300_2026-07-12_14-41-49_VNINS.csv,lap,6,48141,1203.702926,12.662449,2974.199,118.013,5.136180,,-0.120641,35.52805869,-97.47493331,12.497,-3.306,5.506,-1.046,0.730
VN300_2026-07-12_14-41-49_VNINS.csv,lap,6,48142,1203.702926,12.662449,2974.337,118.151,5.136180,,-0.120641,35.52805993,-97.47493344,12.457,-3.338,5.514,-1.168,0.730
VN300_2026-07-12_14-41-49_VNINS.csv,lap,6,48143,1203.702926,12.662449,2974.433,118.247,5.136180,,-0.120641,35.52805993,-97.47493238,12.182,-3.342,5.565,-1.206,0.730
VN300_2026-07-12_14-41-49_VNINS.csv,lap,6,48144,1203.702926,12.662449,2974.567,118.381,5.136180,,-0.120641,35.52806113,-97.47493254,12.127,-3.327,5.631,-1.195,0.730
VN300_2026-07-12_14-41-49_VNINS.csv,lap,6,48145,1203.702926,12.662449,2974.701,118.516,5.136180,,-0.120641,35.52806233,-97.47493271,12.053,-3.292,5.709,-1.210,0.730
VN300_2026-07-12_14-41-49_VNINS.csv,lap,6,48146,1203.702926,12.662449,2974.834,118.648,5.136180,,-0.120641,35.52806351,-97.47493292,11.975,-3.250,5.782,-1.245,0.730
VN300_2026-07-12_14-41-49_VNINS.csv,lap,6,48147,1203.956744,12.916267,2974.967,118.781,5.389998,,-0.120641,35.52806469,-97.47493314,11.913,-3.203,5.804,-1.274,0.730
VN300_2026-07-12_14-41-49_VNINS.csv,lap,6,48148,1203.956744,12.916267,2975.098,118.912,5.389998,,-0.120641,35.52806585,-97.47493340,11.867,-3.143,5.785,-1.255,0.730
VN300_2026-07-12_14-41-49_VNINS.csv,lap,6,48149,1203.956744,12.916267,2975.228,119.042,5.389998,,-0.120641,35.52806700,-97.47493367,11.811,-3.074,5.761,-1.308,0.730
VN300_2026-07-12_14-41-49_VNINS.csv,lap,6,48150,1203.956744,12.916267,2975.359,119.173,5.389998,,-0.120641,35.52806815,-97.47493397,11.794,-3.006,5.763,-1.359,0.730
VN300_2026-07-12_14-41-49_VNINS.csv,lap,6,48151,1203.956744,12.916267,2975.511,119.325,5.389998,,-0.120641,35.52806815,-97.47493229,11.484,-2.926,5.786,-1.415,0.720
VN300_2026-07-12_14-41-49_VNINS.csv,lap,6,48152,1203.956744,12.916267,2975.637,119.451,5.389998,,-0.120641,35.52806926,-97.47493260,11.473,-2.852,5.822,-1.399,0.720
VN300_2026-07-12_14-41-49_VNINS.csv,lap,6,48153,1203.956744,12.916267,2975.763,119.577,5.389998,,-0.120641,35.52807036,-97.47493293,11.410,-2.775,5.862,-1.421,0.730
VN300_2026-07-12_14-41-49_VNINS.csv,lap,6,48154,1203.956744,12.916267,2975.889,119.703,5.389998,,-0.120641,35.52807145,-97.47493328,11.353,-2.697,5.902,-1.431,0.730
VN300_2026-07-12_14-41-49_VNINS.csv,lap,6,48155,1203.956744,12.916267,2976.013,119.828,5.389998,,-0.120641,35.52807253,-97.47493366,11.295,-2.623,5.951,-1.455,0.730
VN300_2026-07-12_14-41-49_VNINS.csv,lap,6,48156,1203.956744,12.916267,2976.137,119.951,5.389998,,-0.120641,35.52807359,-97.47493406,11.265,-2.562,6.007,-1.530,0.730
VN300_2026-07-12_14-41-49_VNINS.csv,lap,6,48157,1204.210288,13.169811,2976.261,120.075,5.643542,,-0.120641,35.52807465,-97.47493449,11.269,-2.509,6.064,-1.596,0.730
VN300_2026-07-12_14-41-49_VNINS.csv,lap,6,48158,1204.210288,13.169811,2976.385,120.199,5.643542,,-0.120641,35.52807571,-97.47493493,11.273,-2.458,6.135,-1.660,0.730
VN300_2026-07-12_14-41-49_VNINS.csv,lap,6,48159,1204.210288,13.169811,2976.592,120.406,5.643542,,-0.120641,35.52807574,-97.47493265,10.936,-2.396,6.232,-1.712,0.720
VN300_2026-07-12_14-41-49_VNINS.csv,lap,6,48160,1204.210288,13.169811,2976.712,120.526,5.643542,,-0.120641,35.52807676,-97.47493309,10.910,-2.323,6.330,-1.746,0.720
VN300_2026-07-12_14-41-49_VNINS.csv,lap,6,48161,1204.210288,13.169811,2976.831,120.645,5.643542,,-0.120641,35.52807776,-97.47493355,10.861,-2.244,6.370,-1.760,0.720
VN300_2026-07-12_14-41-49_VNINS.csv,lap,6,48162,1204.210288,13.169811,2976.949,120.763,5.643542,,-0.120641,35.52807875,-97.47493404,10.815,-2.175,6.325,-1.765,0.720
VN300_2026-07-12_14-41-49_VNINS.csv,lap,6,48163,1204.210288,13.169811,2977.067,120.881,5.643542,,-0.120641,35.52807973,-97.47493454,10.786,-2.114,6.256,-1.757,0.730
VN300_2026-07-12_14-41-49_VNINS.csv,lap,6,48164,1204.210288,13.169811,2977.185,120.999,5.643542,,-0.120641,35.52808070,-97.47493507,10.751,-2.059,6.239,-1.782,0.730
VN300_2026-07-12_14-41-49_VNINS.csv,lap,6,48165,1204.210288,13.169811,2977.303,121.117,5.643542,,-0.120641,35.52808166,-97.47493561,10.762,-2.008,6.297,-1.774,0.730
VN300_2026-07-12_14-41-49_VNINS.csv,lap,6,48166,1204.210288,13.169811,2977.420,121.234,5.643542,,-0.120641,35.52808261,-97.47493618,10.738,-1.942,6.404,-1.790,0.730
VN300_2026-07-12_14-41-49_VNINS.csv,lap,6,48167,1204.210288,13.169811,2977.536,121.350,5.643542,,-0.120641,35.52808354,-97.47493676,10.726,-1.864,6.485,-1.840,0.730
VN300_2026-07-12_14-41-49_VNINS.csv,lap,6,48168,1204.464024,13.423547,2977.757,121.571,5.897278,,-0.120641,35.52808355,-97.47493432,10.317,-1.773,6.527,-1.851,0.720
VN300_2026-07-12_14-41-49_VNINS.csv,lap,6,48169,1204.464024,13.423547,2977.870,121.684,5.897278,,-0.120641,35.52808445,-97.47493489,10.296,-1.678,6.569,-1.863,0.720
VN300_2026-07-12_14-41-49_VNINS.csv,lap,6,48170,1204.464024,13.423547,2977.981,121.795,5.897278,,-0.120641,35.52808533,-97.47493548,10.255,-1.572,6.641,-1.864,0.720
VN300_2026-07-12_14-41-49_VNINS.csv,lap,6,48171,1204.464024,13.423547,2978.093,121.907,5.897278,,-0.120641,35.52808620,-97.47493609,10.218,-1.469,6.711,-1.884,0.720
VN300_2026-07-12_14-41-49_VNINS.csv,lap,6,48172,1204.464024,13.423547,2978.203,122.017,5.897278,,-0.120641,35.52808706,-97.47493671,10.192,-1.364,6.748,-1.947,0.730
VN300_2026-07-12_14-41-49_VNINS.csv,lap,6,48173,1204.464024,13.423547,2978.315,122.129,5.897278,,-0.120641,35.52808791,-97.47493736,10.216,-1.270,6.759,-1.994,0.730
VN300_2026-07-12_14-41-49_VNINS.csv,lap,6,48174,1204.464024,13.423547,2978.426,122.240,5.897278,,-0.120641,35.52808875,-97.47493803,10.214,-1.178,6.774,-2.015,0.730
VN300_2026-07-12_14-41-49_VNINS.csv,lap,6,48175,1204.464024,13.423547,2978.684,122.498,5.897278,,-0.120641,35.52808875,-97.47493518,9.742,-1.082,6.829,-2.026,0.720
VN300_2026-07-12_14-41-49_VNINS.csv,lap,6,48176,1204.464024,13.423547,2978.790,122.604,5.897278,,-0.120641,35.52808955,-97.47493581,9.739,-0.981,6.911,-2.029,0.720
VN300_2026-07-12_14-41-49_VNINS.csv,lap,6,48177,1204.464024,13.423547,2978.895,122.709,5.897278,,-0.120641,35.52809034,-97.47493645,9.718,-0.882,6.983,-2.063,0.720
VN300_2026-07-12_14-41-49_VNINS.csv,lap,6,48178,1205.165439,14.124962,2979.000,122.814,6.598693,,-0.120641,35.52809111,-97.47493712,9.718,-0.785,7.011,-2.078,0.720
VN300_2026-07-12_14-41-49_VNINS.csv,lap,6,48179,1205.165439,14.124962,2979.105,122.919,6.560782,,-0.120641,35.52809188,-97.47493780,9.717,-0.694,7.000,-2.076,0.720
VN300_2026-07-12_14-41-49_VNINS.csv,lap,6,48180,1205.165439,14.124962,2979.210,123.024,6.509411,,-0.120641,35.52809263,-97.47493851,9.707,-0.613,6.991,-2.056,0.720
VN300_2026-07-12_14-41-49_VNINS.csv,lap,6,48181,1205.165439,14.124962,2979.315,123.129,6.458469,,-0.120641,35.52809337,-97.47493922,9.709,-0.531,7.033,-2.043,0.730
VN300_2026-07-12_14-41-49_VNINS.csv,lap,6,48182,1205.165439,14.124962,2979.420,123.234,6.407402,,-0.120641,35.52809410,-97.47493995,9.735,-0.451,7.109,-2.060,0.730
VN300_2026-07-12_14-41-49_VNINS.csv,lap,6,48183,1205.165439,14.124962,2979.668,123.482,6.344876,,-0.120641,35.52809432,-97.47493722,9.286,-0.372,7.169,-2.081,0.720
VN300_2026-07-12_14-41-49_VNINS.csv,lap,6,48184,1205.165439,14.124962,2979.768,123.582,6.344876,,-0.120641,35.52809502,-97.47493792,9.295,-0.302,7.206,-2.118,0.720
VN300_2026-07-12_14-41-49_VNINS.csv,lap,6,48185,1205.165439,14.124962,2979.868,123.682,6.344876,,-0.120641,35.52809570,-97.47493864,9.334,-0.248,7.225,-2.134,0.720
VN300_2026-07-12_14-41-49_VNINS.csv,lap,6,48186,1205.165439,14.124962,2979.969,123.783,6.344876,,-0.120641,35.52809638,-97.47493938,9.332,-0.211,7.223,-2.146,0.720
VN300_2026-07-12_14-41-49_VNINS.csv,lap,6,48187,1205.165439,14.124962,2980.069,123.883,6.344876,,-0.120641,35.52809704,-97.47494013,9.320,-0.177,7.233,-2.172,0.720
VN300_2026-07-12_14-41-49_VNINS.csv,lap,6,48188,1205.165439,14.124962,2980.169,123.983,6.344876,,-0.120641,35.52809769,-97.47494090,9.347,-0.143,7.300,-2.192,0.720
VN300_2026-07-12_14-41-49_VNINS.csv,lap,6,48189,1205.165439,14.124962,2980.270,124.084,6.344876,,-0.120641,35.52809833,-97.47494168,9.357,-0.108,7.380,-2.208,0.730
VN300_2026-07-12_14-41-49_VNINS.csv,lap,6,48190,1205.165439,14.124962,2980.370,124.184,6.344876,,-0.120641,35.52809895,-97.47494249,9.387,-0.067,7.425,-2.240,0.730
VN300_2026-07-12_14-41-49_VNINS.csv,lap,6,48191,1205.165439,14.124962,2980.657,124.471,6.344876,,-0.120641,35.52809926,-97.47493934,8.876,-0.033,7.440,-2.239,0.720
VN300_2026-07-12_14-41-49_VNINS.csv,lap,6,48192,1205.165439,14.124962,2980.752,124.566,6.344876,,-0.120641,35.52809985,-97.47494010,8.884,-0.006,7.433,-2.256,0.720
VN300_2026-07-12_14-41-49_VNINS.csv,lap,6,48193,1205.165439,14.124962,2980.847,124.661,6.344876,,-0.120641,35.52810043,-97.47494087,8.884,0.008,7.437,-2.296,0.720
VN300_2026-07-12_14-41-49_VNINS.csv,lap,6,48194,1205.165439,14.124962,2980.942,124.756,6.344876,,-0.120641,35.52810099,-97.47494166,8.909,0.029,7.460,-2.309,0.720
VN300_2026-07-12_14-41-49_VNINS.csv,lap,6,48195,1205.165439,14.124962,2981.038,124.852,6.344876,,-0.120641,35.52810155,-97.47494247,8.917,0.052,7.495,-2.326,0.720
VN300_2026-07-12_14-41-49_VNINS.csv,lap,6,48196,1205.165439,14.124962,2981.133,124.947,6.344876,,-0.120641,35.52810208,-97.47494329,8.924,0.081,7.535,-2.347,0.720
VN300_2026-07-12_14-41-49_VNINS.csv,lap,6,48197,1205.165439,14.124962,2981.229,125.043,6.344876,,-0.120641,35.52810261,-97.47494412,8.936,0.110,7.571,-2.358,0.730
VN300_2026-07-12_14-41-49_VNINS.csv,lap,6,48198,1205.165439,14.124962,2981.323,125.137,6.344876,,-0.120641,35.52810311,-97.47494497,8.966,0.134,7.569,-2.370,0.730
VN300_2026-07-12_14-41-49_VNINS.csv,lap,6,48199,1205.165439,14.124962,2981.613,125.427,6.344876,,-0.120641,35.52810357,-97.47494182,8.402,0.152,7.544,-2.375,0.720
VN300_2026-07-12_14-41-49_VNINS.csv,lap,6,48200,1205.165439,14.124962,2981.702,125.516,6.344876,,-0.120641,35.52810404,-97.47494262,8.403,0.174,7.543,-2.366,0.720
VN300_2026-07-12_14-41-49_VNINS.csv,lap,6,48201,1205.165439,14.124962,2981.792,125.606,6.344876,,-0.120641,35.52810450,-97.47494344,8.426,0.202,7.579,-2.362,0.720
VN300_2026-07-12_14-41-49_VNINS.csv,lap,6,48202,1205.165439,14.124962,2981.881,125.696,6.344876,,-0.120641,35.52810493,-97.47494427,8.454,0.242,7.621,-2.369,0.720
VN300_2026-07-12_14-41-49_VNINS.csv,lap,6,48203,1205.165439,14.124962,2981.971,125.785,6.344876,,-0.120641,35.52810535,-97.47494511,8.469,0.284,7.640,-2.387,0.720
VN300_2026-07-12_14-41-49_VNINS.csv,lap,6,48204,1205.165439,14.124962,2982.060,125.874,6.344876,,-0.120641,35.52810575,-97.47494597,8.507,0.323,7.647,-2.413,0.720
VN300_2026-07-12_14-41-49_VNINS.csv,lap,6,48205,1205.165439,14.124962,2982.151,125.965,6.344876,,-0.120641,35.52810614,-97.47494685,8.538,0.369,7.657,-2.419,0.730
VN300_2026-07-12_14-41-49_VNINS.csv,lap,6,48206,1205.424778,14.384301,2982.241,126.055,6.604215,,-0.120641,35.52810651,-97.47494774,8.555,0.416,7.677,-2.419,0.730
VN300_2026-07-12_14-41-49_VNINS.csv,lap,6,48207,1205.424778,14.384301,2982.332,126.146,6.604215,,-0.120641,35.52810686,-97.47494864,8.570,0.433,7.707,-2.433,0.730
VN300_2026-07-12_14-41-49_VNINS.csv,lap,6,48208,1205.424778,14.384301,2982.680,126.494,6.604215,,-0.120641,35.52810723,-97.47494482,7.886,0.508,7.733,-2.446,0.720
VN300_2026-07-12_14-41-49_VNINS.csv,lap,6,48209,1205.424778,14.384301,2982.763,126.577,6.604215,,-0.120641,35.52810754,-97.47494566,7.933,0.554,7.753,-2.439,0.720
VN300_2026-07-12_14-41-49_VNINS.csv,lap,6,48210,1205.424778,14.384301,2982.847,126.661,6.604215,,-0.120641,35.52810784,-97.47494651,7.956,0.599,7.774,-2.433,0.720
VN300_2026-07-12_14-41-49_VNINS.csv,lap,6,48211,1205.424778,14.384301,2982.930,126.744,6.604215,,-0.120641,35.52810812,-97.47494736,7.986,0.650,7.799,-2.461,0.720
VN300_2026-07-12_14-41-49_VNINS.csv,lap,6,48212,1205.424778,14.384301,2983.014,126.828,6.604215,,-0.120641,35.52810839,-97.47494823,8.022,0.714,7.813,-2.486,0.720
VN300_2026-07-12_14-41-49_VNINS.csv,lap,6,48213,1205.424778,14.384301,2983.099,126.913,6.604215,,-0.120641,35.52810864,-97.47494911,8.056,0.788,7.823,-2.472,0.730
VN300_2026-07-12_14-41-49_VNINS.csv,lap,6,48214,1205.424778,14.384301,2983.183,126.997,6.604215,,-0.120641,35.52810887,-97.47495000,8.102,0.857,7.832,-2.458,0.730
VN300_2026-07-12_14-41-49_VNINS.csv,lap,6,48215,1205.424778,14.384301,2983.599,127.413,6.604215,,-0.120641,35.52810945,-97.47494546,7.262,0.917,7.840,-2.482,0.720
VN300_2026-07-12_14-41-49_VNINS.csv,lap,6,48216,1205.678246,14.637769,2983.673,127.487,6.857683,,-0.120641,35.52810966,-97.47494624,7.295,0.976,7.860,-2.487,0.720
VN300_2026-07-12_14-41-49_VNINS.csv,lap,6,48217,1205.678246,14.637769,2983.749,127.563,6.857683,,-0.120641,35.52810985,-97.47494704,7.338,1.044,7.889,-2.483,0.720
VN300_2026-07-12_14-41-49_VNINS.csv,lap,6,48218,1205.678246,14.637769,2983.825,127.639,6.857683,,-0.120641,35.52811002,-97.47494786,7.377,1.115,7.905,-2.474,0.720
VN300_2026-07-12_14-41-49_VNINS.csv,lap,6,48219,1205.678246,14.637769,2983.903,127.717,6.857683,,-0.120641,35.52811018,-97.47494869,7.401,1.196,7.907,-2.474,0.720
VN300_2026-07-12_14-41-49_VNINS.csv,lap,6,48220,1205.678246,14.637769,2983.979,127.793,6.857683,,-0.120641,35.52811032,-97.47494952,7.441,1.289,7.903,-2.460,0.720
VN300_2026-07-12_14-41-49_VNINS.csv,lap,6,48221,1205.678246,14.637769,2984.057,127.871,6.857683,,-0.120641,35.52811044,-97.47495036,7.488,1.385,7.912,-2.463,0.730
VN300_2026-07-12_14-41-49_VNINS.csv,lap,6,48222,1205.678246,14.637769,2984.135,127.949,6.857683,,-0.120641,35.52811056,-97.47495121,7.521,1.484,7.942,-2.447,0.730
VN300_2026-07-12_14-41-49_VNINS.csv,lap,6,48223,1205.678246,14.637769,2984.527,128.341,6.818353,,-0.120641,35.52811118,-97.47494694,6.731,1.572,7.965,-2.447,0.720
VN300_2026-07-12_14-41-49_VNINS.csv,lap,6,48224,1205.678246,14.637769,2984.595,128.409,6.786030,,-0.120641,35.52811126,-97.47494768,6.760,1.659,7.968,-2.436,0.720
VN300_2026-07-12_14-41-49_VNINS.csv,lap,6,48225,1205.678246,14.637769,2984.665,128.479,6.752481,,-0.120641,35.52811133,-97.47494845,6.803,1.763,7.960,-2.430,0.720
VN300_2026-07-12_14-41-49_VNINS.csv,lap,6,48226,1205.944298,14.903821,2984.735,128.549,6.985086,,-0.120641,35.52811138,-97.47494922,6.850,1.884,7.953,-2.407,0.720
VN300_2026-07-12_14-41-49_VNINS.csv,lap,6,48227,1205.944298,14.903821,2984.805,128.619,6.951245,,-0.120641,35.52811142,-97.47495000,6.899,2.005,7.956,-2.389,0.720
VN300_2026-07-12_14-41-49_VNINS.csv,lap,6,48228,1205.944298,14.903821,2984.877,128.691,6.917021,,-0.120641,35.52811144,-97.47495079,6.945,2.127,7.975,-2.360,0.720
VN300_2026-07-12_14-41-49_VNINS.csv,lap,6,48229,1205.944298,14.903821,2984.948,128.762,6.882814,,-0.120641,35.52811144,-97.47495158,7.009,2.249,7.987,-2.353,0.730
VN300_2026-07-12_14-41-49_VNINS.csv,lap,6,48230,1205.944298,14.903821,2985.021,128.835,6.870165,,-0.120641,35.52811142,-97.47495238,7.067,2.383,7.987,-2.343,0.730
VN300_2026-07-12_14-41-49_VNINS.csv,lap,6,48231,1205.944298,14.903821,2985.433,129.247,6.870165,,-0.120641,35.52811248,-97.47494802,6.269,2.519,7.983,-2.305,0.720
VN300_2026-07-12_14-41-49_VNINS.csv,lap,6,48232,1205.944298,14.903821,2985.497,129.311,6.870165,,-0.120641,35.52811245,-97.47494873,6.322,2.659,7.982,-2.300,0.720
VN300_2026-07-12_14-41-49_VNINS.csv,lap,6,48233,1205.944298,14.903821,2985.561,129.375,6.870165,,-0.120641,35.52811240,-97.47494944,6.415,2.794,7.982,-2.286,0.720
VN300_2026-07-12_14-41-49_VNINS.csv,lap,6,48234,1205.944298,14.903821,2985.628,129.442,6.870165,,-0.120641,35.52811234,-97.47495017,6.468,2.927,7.987,-2.258,0.720
VN300_2026-07-12_14-41-49_VNINS.csv,lap,6,48235,1205.944298,14.903821,2985.694,129.508,6.870165,,-0.120641,35.52811225,-97.47495089,6.538,3.060,7.993,-2.248,0.720
VN300_2026-07-12_14-41-49_VNINS.csv,lap,6,48236,1205.944298,14.903821,2985.762,129.576,6.870165,,-0.120641,35.52811215,-97.47495163,6.632,3.200,7.994,-2.232,0.730
VN300_2026-07-12_14-41-49_VNINS.csv,lap,6,48237,1206.198096,15.157619,2985.829,129.643,7.123963,,-0.120641,35.52811203,-97.47495236,6.712,3.344,7.986,-2.201,0.730
VN300_2026-07-12_14-41-49_VNINS.csv,lap,6,48238,1206.198096,15.157619,2985.898,129.712,7.123963,,-0.120641,35.52811190,-97.47495311,6.801,3.495,7.987,-2.182,0.730
VN300_2026-07-12_14-41-49_VNINS.csv,lap,6,48239,1206.198096,15.157619,2986.322,130.136,7.123963,,-0.120641,35.52811314,-97.47494868,6.038,3.634,7.996,-2.164,0.720
VN300_2026-07-12_14-41-49_VNINS.csv,lap,6,48240,1206.198096,15.157619,2986.384,130.198,7.123963,,-0.120641,35.52811299,-97.47494934,6.123,3.765,7.998,-2.129,0.720
VN300_2026-07-12_14-41-49_VNINS.csv,lap,6,48241,1206.198096,15.157619,2986.447,130.261,7.123963,,-0.120641,35.52811283,-97.47495000,6.197,3.893,7.996,-2.110,0.720
VN300_2026-07-12_14-41-49_VNINS.csv,lap,6,48242,1206.198096,15.157619,2986.511,130.325,7.123963,,-0.120641,35.52811264,-97.47495067,6.296,4.021,7.989,-2.097,0.720
VN300_2026-07-12_14-41-49_VNINS.csv,lap,6,48243,1206.198096,15.157619,2986.575,130.389,7.123963,,-0.120641,35.52811245,-97.47495134,6.371,4.143,7.992,-2.064,0.720
VN300_2026-07-12_14-41-49_VNINS.csv,lap,6,48244,1206.198096,15.157619,2986.641,130.455,7.123963,,-0.120641,35.52811224,-97.47495202,6.452,4.267,8.001,-2.039,0.730
VN300_2026-07-12_14-41-49_VNINS.csv,lap,6,48245,1206.198096,15.157619,2986.707,130.521,7.123963,,-0.120641,35.52811201,-97.47495269,6.551,4.395,8.002,-2.017,0.730
VN300_2026-07-12_14-41-49_VNINS.csv,lap,6,48246,1206.198096,15.157619,2986.775,130.589,7.123963,,-0.120641,35.52811177,-97.47495338,6.633,4.528,7.992,-1.992,0.730
VN300_2026-07-12_14-41-49_VNINS.csv,lap,6,48247,1206.451580,15.411103,2986.843,130.657,7.377447,,-0.120641,35.52811152,-97.47495407,6.724,4.657,7.991,-1.977,0.730
VN300_2026-07-12_14-41-49_VNINS.csv,lap,6,48248,1206.451580,15.411103,2987.250,131.064,7.377447,,-0.120641,35.52811290,-97.47494990,6.017,4.777,7.978,-1.950,0.720
VN300_2026-07-12_14-41-49_VNINS.csv,lap,6,48249,1206.451580,15.411103,2987.312,131.126,7.377447,,-0.120641,35.52811265,-97.47495051,6.099,4.893,7.969,-1.925,0.720
VN300_2026-07-12_14-41-49_VNINS.csv,lap,6,48250,1206.451580,15.411103,2987.374,131.188,7.377447,,-0.120641,35.52811238,-97.47495111,6.177,5.010,7.963,-1.896,0.720
VN300_2026-07-12_14-41-49_VNINS.csv,lap,6,48251,1206.451580,15.411103,2987.438,131.252,7.377447,,-0.120641,35.52811210,-97.47495173,6.270,5.126,7.953,-1.875,0.730
VN300_2026-07-12_14-41-49_VNINS.csv,lap,6,48252,1206.451580,15.411103,2987.503,131.317,7.377447,,-0.120641,35.52811180,-97.47495234,6.360,5.241,7.943,-1.848,0.730
VN300_2026-07-12_14-41-49_VNINS.csv,lap,6,48253,1206.451580,15.411103,2987.568,131.382,7.377447,,-0.120641,35.52811150,-97.47495296,6.454,5.354,7.936,-1.820,0.730
VN300_2026-07-12_14-41-49_VNINS.csv,lap,6,48254,1206.451580,15.411103,2987.635,131.449,7.377447,,-0.120641,35.52811117,-97.47495358,6.553,5.472,7.929,-1.795,0.730
VN300_2026-07-12_14-41-49_VNINS.csv,lap,6,48255,1206.451580,15.411103,2988.141,131.955,7.377447,,-0.120641,35.52811289,-97.47494840,5.707,5.575,7.911,-1.767,0.720
VN300_2026-07-12_14-41-49_VNINS.csv,lap,6,48256,1206.451580,15.411103,2988.200,132.014,7.377447,,-0.120641,35.52811258,-97.47494892,5.800,5.671,7.895,-1.741,0.720
VN300_2026-07-12_14-41-49_VNINS.csv,lap,6,48257,1206.704985,15.664508,2988.259,132.073,7.630852,,-0.120641,35.52811225,-97.47494944,5.900,5.769,7.879,-1.714,0.720
VN300_2026-07-12_14-41-49_VNINS.csv,lap,6,48258,1206.704985,15.664508,2988.321,132.135,7.630852,,-0.120641,35.52811191,-97.47494997,5.982,5.867,7.862,-1.686,0.720
VN300_2026-07-12_14-41-49_VNINS.csv,lap,6,48259,1206.704985,15.664508,2988.382,132.196,7.630852,,-0.120641,35.52811155,-97.47495049,6.045,5.963,7.854,-1.663,0.730
VN300_2026-07-12_14-41-49_VNINS.csv,lap,6,48260,1206.704985,15.664508,2988.445,132.259,7.630852,,-0.120641,35.52811119,-97.47495102,6.092,6.058,7.862,-1.633,0.730
VN300_2026-07-12_14-41-49_VNINS.csv,lap,6,48261,1206.704985,15.664508,2988.507,132.321,7.630852,,-0.120641,35.52811083,-97.47495154,6.133,6.153,7.870,-1.608,0.730
VN300_2026-07-12_14-41-49_VNINS.csv,lap,6,48262,1206.704985,15.664508,2988.570,132.384,7.630852,,-0.120641,35.52811046,-97.47495207,6.186,6.247,7.860,-1.586,0.730
VN300_2026-07-12_14-41-49_VNINS.csv,lap,6,48263,1206.704985,15.664508,2989.090,132.904,7.630852,,-0.120641,35.52811279,-97.47494709,5.317,6.325,7.827,-1.558,0.720
VN300_2026-07-12_14-41-49_VNINS.csv,lap,6,48264,1206.704985,15.664508,2989.144,132.959,7.630852,,-0.120641,35.52811245,-97.47494753,5.343,6.403,7.803,-1.530,0.720
VN300_2026-07-12_14-41-49_VNINS.csv,lap,6,48265,1206.704985,15.664508,2989.199,133.013,7.630852,,-0.120641,35.52811211,-97.47494796,5.392,6.482,7.784,-1.504,0.720
VN300_2026-07-12_14-41-49_VNINS.csv,lap,6,48266,1206.704985,15.664508,2989.254,133.068,7.630852,,-0.120641,35.52811176,-97.47494839,5.430,6.562,7.758,-1.476,0.720
VN300_2026-07-12_14-41-49_VNINS.csv,lap,6,48267,1206.975560,15.935083,2989.309,133.123,7.901427,,-0.120641,35.52811141,-97.47494883,5.469,6.637,7.732,-1.447,0.720
VN300_2026-07-12_14-41-49_VNINS.csv,lap,6,48268,1206.975560,15.935083,2989.365,133.179,7.901427,,-0.120641,35.52811105,-97.47494926,5.519,6.707,7.711,-1.424,0.730
VN300_2026-07-12_14-41-49_VNINS.csv,lap,6,48269,1206.975560,15.935083,2989.422,133.236,7.901427,,-0.120641,35.52811069,-97.47494970,5.559,6.774,7.694,-1.395,0.730
VN300_2026-07-12_14-41-49_VNINS.csv,lap,6,48270,1206.975560,15.935083,2989.478,133.292,7.901427,,-0.120641,35.52811032,-97.47495013,5.603,6.846,7.675,-1.373,0.730
VN300_2026-07-12_14-41-49_VNINS.csv,lap,6,48271,1206.975560,15.935083,2989.944,133.758,7.901427,,-0.120641,35.52811260,-97.47494582,4.888,6.910,7.645,-1.352,0.720
VN300_2026-07-12_14-41-49_VNINS.csv,lap,6,48272,1206.975560,15.935083,2989.993,133.807,7.901427,,-0.120641,35.52811226,-97.47494617,4.928,6.974,7.614,-1.324,0.720
VN300_2026-07-12_14-41-49_VNINS.csv,lap,6,48273,1206.975560,15.935083,2990.043,133.857,7.901427,,-0.120641,35.52811192,-97.47494653,4.970,7.033,7.586,-1.299,0.720
VN300_2026-07-12_14-41-49_VNINS.csv,lap,6,48274,1206.975560,15.935083,2990.094,133.908,7.901427,,-0.120641,35.52811157,-97.47494689,5.013,7.088,7.558,-1.273,0.720
VN300_2026-07-12_14-41-49_VNINS.csv,lap,6,48275,1206.975560,15.935083,2990.144,133.958,7.901427,,-0.120641,35.52811122,-97.47494725,5.054,7.143,7.535,-1.251,0.720
VN300_2026-07-12_14-41-49_VNINS.csv,lap,6,48276,1206.975560,15.935083,2990.196,134.010,7.901427,,-0.120641,35.52811086,-97.47494761,5.082,7.198,7.507,-1.223,0.730
VN300_2026-07-12_14-41-49_VNINS.csv,lap,6,48277,1206.975560,15.935083,2990.248,134.062,7.881885,,-0.120641,35.52811049,-97.47494797,5.130,7.256,7.491,-1.197,0.730
VN300_2026-07-12_14-41-49_VNINS.csv,lap,6,48278,1207.229355,16.188878,2990.300,134.114,8.110851,,-0.120641,35.52811013,-97.47494833,5.185,7.319,7.459,-1.171,0.730
VN300_2026-07-12_14-41-49_VNINS.csv,lap,6,48279,1207.229355,16.188878,2990.673,134.487,7.931469,,-0.120641,35.52811242,-97.47494532,4.634,7.368,7.435,-1.140,0.720
VN300_2026-07-12_14-41-49_VNINS.csv,lap,6,48280,1207.229355,16.188878,2990.720,134.534,7.908820,,-0.120641,35.52811208,-97.47494563,4.679,7.411,7.404,-1.115,0.720
VN300_2026-07-12_14-41-49_VNINS.csv,lap,6,48281,1207.229355,16.188878,2990.767,134.581,7.901744,,-0.120641,35.52811174,-97.47494594,4.724,7.457,7.372,-1.093,0.720
VN300_2026-07-12_14-41-49_VNINS.csv,lap,6,48282,1207.229355,16.188878,2990.815,134.629,7.901744,,-0.120641,35.52811139,-97.47494625,4.757,7.503,7.344,-1.070,0.720
VN300_2026-07-12_14-41-49_VNINS.csv,lap,6,48283,1207.229355,16.188878,2990.864,134.678,7.901744,,-0.120641,35.52811103,-97.47494656,4.795,7.555,7.317,-1.042,0.720
VN300_2026-07-12_14-41-49_VNINS.csv,lap,6,48284,1207.229355,16.188878,2990.912,134.726,7.901744,,-0.120641,35.52811067,-97.47494686,4.831,7.603,7.289,-1.017,0.730
VN300_2026-07-12_14-41-49_VNINS.csv,lap,6,48285,1207.229355,16.188878,2990.961,134.775,7.901744,,-0.120641,35.52811031,-97.47494717,4.891,7.655,7.262,-0.991,0.730
VN300_2026-07-12_14-41-49_VNINS.csv,lap,6,48286,1207.229355,16.188878,2991.011,134.825,7.901744,,-0.120641,35.52810994,-97.47494748,4.937,7.702,7.234,-0.970,0.730
VN300_2026-07-12_14-41-49_VNINS.csv,lap,6,48287,1207.229355,16.188878,2991.305,135.120,7.901744,,-0.120641,35.52811190,-97.47494529,4.512,7.745,7.209,-0.951,0.720
VN300_2026-07-12_14-41-49_VNINS.csv,lap,6,48288,1207.229355,16.188878,2991.350,135.165,7.901744,,-0.120641,35.52811156,-97.47494556,4.566,7.789,7.178,-0.922,0.720
VN300_2026-07-12_14-41-49_VNINS.csv,lap,6,48289,1207.483099,16.442622,2991.397,135.211,8.155488,,-0.120641,35.52811121,-97.47494584,4.606,7.832,7.152,-0.900,0.720
VN300_2026-07-12_14-41-49_VNINS.csv,lap,6,48290,1207.483099,16.442622,2991.444,135.258,8.155488,,-0.120641,35.52811085,-97.47494612,4.651,7.866,7.121,-0.875,0.720
VN300_2026-07-12_14-41-49_VNINS.csv,lap,6,48291,1207.483099,16.442622,2991.491,135.305,8.155488,,-0.120641,35.52811049,-97.47494639,4.626,7.913,7.094,-0.850,0.720
VN300_2026-07-12_14-41-49_VNINS.csv,lap,6,48292,1207.483099,16.442622,2991.538,135.352,8.155488,,-0.120641,35.52811013,-97.47494665,4.673,7.948,7.067,-0.827,0.730
VN300_2026-07-12_14-41-49_VNINS.csv,lap,6,48293,1207.483099,16.442622,2991.585,135.400,8.155488,,-0.120641,35.52810976,-97.47494692,4.729,7.992,7.043,-0.805,0.730
VN300_2026-07-12_14-41-49_VNINS.csv,lap,6,48294,1207.483099,16.442622,2991.634,135.448,8.155488,,-0.120641,35.52810938,-97.47494718,4.732,8.034,7.015,-0.784,0.730
VN300_2026-07-12_14-41-49_VNINS.csv,lap,6,48295,1207.483099,16.442622,2992.112,135.926,8.155488,,-0.120641,35.52811264,-97.47494374,4.071,8.073,6.985,-0.759,0.720
VN300_2026-07-12_14-41-49_VNINS.csv,lap,6,48296,1207.483099,16.442622,2992.153,135.967,8.155488,,-0.120641,35.52811231,-97.47494394,4.109,8.103,6.951,-0.739,0.720
VN300_2026-07-12_14-41-49_VNINS.csv,lap,6,48297,1207.483099,16.442622,2992.194,136.008,8.155488,,-0.120641,35.52811198,-97.47494414,4.098,8.134,6.919,-0.720,0.720
VN300_2026-07-12_14-41-49_VNINS.csv,lap,6,48298,1207.483099,16.442622,2992.235,136.049,8.155488,,-0.120641,35.52811164,-97.47494433,4.077,8.165,6.892,-0.693,0.720
VN300_2026-07-12_14-41-49_VNINS.csv,lap,6,48299,1207.736491,16.696014,2992.276,136.090,8.408880,,-0.120641,35.52811131,-97.47494452,4.073,8.199,6.865,-0.671,0.720
VN300_2026-07-12_14-41-49_VNINS.csv,lap,6,48300,1207.736491,16.696014,2992.316,136.130,8.408880,,-0.120641,35.52811097,-97.47494469,4.068,8.238,6.837,-0.648,0.720
VN300_2026-07-12_14-41-49_VNINS.csv,lap,6,48301,1207.736491,16.696014,2992.357,136.171,8.408880,,-0.120641,35.52811063,-97.47494485,4.052,8.273,6.810,-0.630,0.730
VN300_2026-07-12_14-41-49_VNINS.csv,lap,6,48302,1207.736491,16.696014,2992.397,136.211,8.408880,,-0.120641,35.52811029,-97.47494499,4.072,8.316,6.783,-0.606,0.730
VN300_2026-07-12_14-41-49_VNINS.csv,lap,6,48303,1207.736491,16.696014,2992.709,136.523,8.408880,,-0.120641,35.52811267,-97.47494315,3.557,8.344,6.754,-0.580,0.720
VN300_2026-07-12_14-41-49_VNINS.csv,lap,6,48304,1207.736491,16.696014,2992.743,136.557,8.408880,,-0.120641,35.52811237,-97.47494318,3.570,8.372,6.725,-0.565,0.720
VN300_2026-07-12_14-41-49_VNINS.csv,lap,6,48305,1207.736491,16.696014,2992.779,136.593,8.408880,,-0.120641,35.52811205,-97.47494320,3.608,8.410,6.697,-0.543,0.720
VN300_2026-07-12_14-41-49_VNINS.csv,lap,6,48306,1207.736491,16.696014,2992.813,136.627,8.408880,,-0.120641,35.52811174,-97.47494320,3.666,8.439,6.666,-0.519,0.720
VN300_2026-07-12_14-41-49_VNINS.csv,lap,6,48307,1207.736491,16.696014,2992.849,136.663,8.408880,,-0.120641,35.52811142,-97.47494314,3.758,8.462,6.637,-0.506,0.720
VN300_2026-07-12_14-41-49_VNINS.csv,lap,6,48308,1207.736491,16.696014,2992.885,136.699,8.408880,,-0.120641,35.52811110,-97.47494307,3.863,8.498,6.610,-0.479,0.720
VN300_2026-07-12_14-41-49_VNINS.csv,lap,6,48309,1208.004850,16.964373,2992.923,136.737,8.677239,,-0.120641,35.52811077,-97.47494298,3.982,8.541,6.577,-0.464,0.730
VN300_2026-07-12_14-41-49_VNINS.csv,lap,6,48310,1208.004850,16.964373,2992.960,136.775,8.677239,,-0.120641,35.52811044,-97.47494288,4.101,8.570,6.554,-0.441,0.730
VN300_2026-07-12_14-41-49_VNINS.csv,lap,6,48311,1208.004850,16.964373,2993.173,136.987,8.677239,,-0.120641,35.52811232,-97.47494243,3.890,8.599,6.526,-0.423,0.720
VN300_2026-07-12_14-41-49_VNINS.csv,lap,6,48312,1208.004850,16.964373,2993.209,137.023,8.677239,,-0.120641,35.52811202,-97.47494230,3.888,8.636,6.502,-0.401,0.720
VN300_2026-07-12_14-41-49_VNINS.csv,lap,6,48313,1208.004850,16.964373,2993.243,137.057,8.677239,,-0.120641,35.52811173,-97.47494217,4.049,8.674,6.474,-0.384,0.720
VN300_2026-07-12_14-41-49_VNINS.csv,lap,6,48314,1208.004850,16.964373,2993.280,137.094,8.677239,,-0.120641,35.52811143,-97.47494201,4.091,8.719,6.449,-0.359,0.720
VN300_2026-07-12_14-41-49_VNINS.csv,lap,6,48315,1208.004850,16.964373,2993.318,137.132,8.677239,,-0.120641,35.52811112,-97.47494183,4.208,8.747,6.413,-0.347,0.720
VN300_2026-07-12_14-41-49_VNINS.csv,lap,6,48316,1208.004850,16.964373,2993.355,137.169,8.677239,,-0.120641,35.52811082,-97.47494164,4.247,8.785,6.394,-0.319,0.720
VN300_2026-07-12_14-41-49_VNINS.csv,lap,6,48317,1208.004850,16.964373,2993.395,137.209,8.677239,,-0.120641,35.52811051,-97.47494142,4.472,8.816,6.366,-0.305,0.730
VN300_2026-07-12_14-41-49_VNINS.csv,lap,6,48318,1208.004850,16.964373,2993.435,137.249,8.677239,,-0.120641,35.52811020,-97.47494119,4.526,8.847,6.349,-0.277,0.730
VN300_2026-07-12_14-41-49_VNINS.csv,lap,6,48319,1208.258369,17.217892,2993.760,137.574,8.930758,,-0.120641,35.52811304,-97.47494202,4.214,8.876,6.315,-0.268,0.720
VN300_2026-07-12_14-41-49_VNINS.csv,lap,6,48320,1208.258369,17.217892,2993.797,137.611,8.930758,,-0.120641,35.52811277,-97.47494178,4.438,8.913,6.294,-0.242,0.720
VN300_2026-07-12_14-41-49_VNINS.csv,lap,6,48321,1208.258369,17.217892,2993.834,137.648,8.930758,,-0.120641,35.52811251,-97.47494153,4.589,8.955,6.260,-0.228,0.720
VN300_2026-07-12_14-41-49_VNINS.csv,lap,6,48322,1208.258369,17.217892,2993.873,137.688,8.930758,,-0.120641,35.52811224,-97.47494124,4.745,8.981,6.240,-0.208,0.720
VN300_2026-07-12_14-41-49_VNINS.csv,lap,6,48323,1208.258369,17.217892,2993.915,137.729,8.930758,,-0.120641,35.52811197,-97.47494093,4.886,9.024,6.210,-0.194,0.720
VN300_2026-07-12_14-41-49_VNINS.csv,lap,6,48324,1208.258369,17.217892,2993.959,137.773,8.930758,,-0.120641,35.52811170,-97.47494057,5.136,9.062,6.190,-0.172,0.720
VN300_2026-07-12_14-41-49_VNINS.csv,lap,6,48325,1208.258369,17.217892,2994.007,137.821,8.930758,,-0.120641,35.52811143,-97.47494016,5.452,9.092,6.164,-0.159,0.730
VN300_2026-07-12_14-41-49_VNINS.csv,lap,6,48326,1208.258369,17.217892,2994.057,137.871,8.930758,,-0.120641,35.52811116,-97.47493971,5.652,9.129,6.141,-0.144,0.730
VN300_2026-07-12_14-41-49_VNINS.csv,lap,6,48327,1208.258369,17.217892,2994.110,137.924,8.930758,,-0.120641,35.52811089,-97.47493923,5.942,9.169,6.122,-0.123,0.730
VN300_2026-07-12_14-41-49_VNINS.csv,lap,6,48328,1208.258369,17.217892,2994.386,138.200,8.930758,,-0.120641,35.52811305,-97.47494073,5.881,9.198,6.089,-0.112,0.720
VN300_2026-07-12_14-41-49_VNINS.csv,lap,6,48329,1208.258369,17.217892,2994.442,138.256,8.930758,,-0.120641,35.52811281,-97.47494019,5.987,9.238,6.077,-0.095,0.720
VN300_2026-07-12_14-41-49_VNINS.csv,lap,6,48330,1208.512037,17.471560,2994.498,138.312,9.184426,,-0.120641,35.52811258,-97.47493964,5.989,9.278,6.058,-0.083,0.720
VN300_2026-07-12_14-41-49_VNINS.csv,lap,6,48331,1208.512037,17.471560,2994.555,138.369,9.184426,,-0.120641,35.52811236,-97.47493907,6.116,9.337,6.043,-0.062,0.720
VN300_2026-07-12_14-41-49_VNINS.csv,lap,6,48332,1208.512037,17.471560,2994.613,138.427,9.184426,,-0.120641,35.52811214,-97.47493849,6.145,9.382,6.031,-0.043,0.720
VN300_2026-07-12_14-41-49_VNINS.csv,lap,6,48333,1208.512037,17.471560,2994.670,138.484,9.184426,,-0.120641,35.52811194,-97.47493791,6.167,9.409,6.003,-0.034,0.730
VN300_2026-07-12_14-41-49_VNINS.csv,lap,6,48334,1208.512037,17.471560,2994.728,138.542,9.184426,,-0.120641,35.52811174,-97.47493731,6.447,9.432,5.987,-0.019,0.730
VN300_2026-07-12_14-41-49_VNINS.csv,lap,6,48335,1208.512037,17.471560,2995.292,139.106,9.184426,,-0.120641,35.52811460,-97.47494246,5.824,9.445,5.968,-0.007,0.720
VN300_2026-07-12_14-41-49_VNINS.csv,lap,6,48336,1208.512037,17.471560,2995.347,139.161,9.184426,,-0.120641,35.52811445,-97.47494189,6.145,9.472,5.944,0.009,0.720
VN300_2026-07-12_14-41-49_VNINS.csv,lap,6,48337,1208.512037,17.471560,2995.403,139.217,9.184426,,-0.120641,35.52811431,-97.47494129,6.178,9.511,5.935,0.027,0.720
VN300_2026-07-12_14-41-49_VNINS.csv,lap,6,48338,1208.512037,17.471560,2995.460,139.274,9.184426,,-0.120641,35.52811417,-97.47494068,6.403,9.549,5.914,0.031,0.720
VN300_2026-07-12_14-41-49_VNINS.csv,lap,6,48339,1208.512037,17.471560,2995.520,139.334,9.184426,,-0.120641,35.52811403,-97.47494004,6.484,9.567,5.905,0.050,0.720
VN300_2026-07-12_14-41-49_VNINS.csv,lap,6,48340,1208.765491,17.725014,2995.581,139.395,9.437880,,-0.120641,35.52811389,-97.47493939,6.607,9.586,5.885,0.044,0.720
VN300_2026-07-12_14-41-49_VNINS.csv,lap,6,48341,1208.765491,17.725014,2995.645,139.459,9.437880,,-0.120641,35.52811375,-97.47493871,6.737,9.609,5.862,0.051,0.720
VN300_2026-07-12_14-41-49_VNINS.csv,lap,6,48342,1208.765491,17.725014,2995.708,139.522,9.437880,,-0.120641,35.52811362,-97.47493803,6.765,9.647,5.844,0.064,0.720
VN300_2026-07-12_14-41-49_VNINS.csv,lap,6,48343,1208.765491,17.725014,2996.102,139.916,9.286031,,-0.120641,35.52811533,-97.47494184,6.556,9.674,5.824,0.068,0.720
VN300_2026-07-12_14-41-49_VNINS.csv,lap,6,48344,1208.765491,17.725014,2996.164,139.978,9.253337,,-0.120641,35.52811523,-97.47494116,6.664,9.694,5.818,0.085,0.720
VN300_2026-07-12_14-41-49_VNINS.csv,lap,6,48345,1208.765491,17.725014,2996.228,140.042,9.220179,,-0.120641,35.52811513,-97.47494047,6.680,9.709,5.814,0.086,0.720
VN300_2026-07-12_14-41-49_VNINS.csv,lap,6,48346,1208.765491,17.725014,2996.291,140.105,9.187117,,-0.120641,35.52811504,-97.47493978,6.866,9.730,5.820,0.095,0.720
VN300_2026-07-12_14-41-49_VNINS.csv,lap,6,48347,1208.765491,17.725014,2996.358,140.172,9.163307,,-0.120641,35.52811496,-97.47493905,7.077,9.745,5.818,0.099,0.720
VN300_2026-07-12_14-41-49_VNINS.csv,lap,6,48348,1208.765491,17.725014,2996.426,140.240,9.163307,,-0.120641,35.52811488,-97.47493830,7.202,9.758,5.793,0.105,0.720
VN300_2026-07-12_14-41-49_VNINS.csv,lap,6,48349,1208.765491,17.725014,2996.496,140.310,9.163307,,-0.120641,35.52811481,-97.47493753,7.325,9.788,5.792,0.108,0.720
VN300_2026-07-12_14-41-49_VNINS.csv,lap,6,48350,1209.031943,17.991466,2996.568,140.382,9.429759,,-0.120641,35.52811474,-97.47493674,7.497,9.787,5.782,0.095,0.720
VN300_2026-07-12_14-41-49_VNINS.csv,lap,6,48351,1209.031943,17.991466,2997.015,140.830,9.429759,,-0.120641,35.52811656,-97.47494115,7.041,9.806,5.782,0.109,0.720
VN300_2026-07-12_14-41-49_VNINS.csv,lap,6,48352,1209.031943,17.991466,2997.083,140.897,9.429759,,-0.120641,35.52811655,-97.47494040,7.346,9.802,5.782,0.114,0.720
VN300_2026-07-12_14-41-49_VNINS.csv,lap,6,48353,1209.031943,17.991466,2997.156,140.970,9.429759,,-0.120641,35.52811654,-97.47493960,7.665,9.814,5.779,0.114,0.720
VN300_2026-07-12_14-41-49_VNINS.csv,lap,6,48354,1209.031943,17.991466,2997.235,141.049,9.429759,,-0.120641,35.52811654,-97.47493873,8.045,9.821,5.771,0.116,0.720
VN300_2026-07-12_14-41-49_VNINS.csv,lap,6,48355,1209.031943,17.991466,2997.320,141.134,9.429759,,-0.120641,35.52811656,-97.47493779,8.648,9.828,5.757,0.129,0.720
VN300_2026-07-12_14-41-49_VNINS.csv,lap,6,48356,1209.031943,17.991466,2997.409,141.223,9.429759,,-0.120641,35.52811658,-97.47493680,9.006,9.830,5.745,0.111,0.720
VN300_2026-07-12_14-41-49_VNINS.csv,lap,6,48357,1209.031943,17.991466,2997.503,141.317,9.429759,,-0.120641,35.52811661,-97.47493576,9.342,9.836,5.742,0.117,0.720
VN300_2026-07-12_14-41-49_VNINS.csv,lap,6,48358,1209.031943,17.991466,2997.602,141.416,9.429759,,-0.120641,35.52811666,-97.47493467,9.693,9.824,5.747,0.122,0.720
VN300_2026-07-12_14-41-49_VNINS.csv,lap,6,48359,1209.031943,17.991466,2998.155,141.969,9.429759,,-0.120641,35.52811860,-97.47494030,9.161,9.798,5.738,0.121,0.720
VN300_2026-07-12_14-41-49_VNINS.csv,lap,6,48360,1209.285426,18.244949,2998.252,142.066,9.683242,,-0.120641,35.52811873,-97.47493925,9.417,9.788,5.736,0.137,0.720
VN300_2026-07-12_14-41-49_VNINS.csv,lap,6,48361,1209.285426,18.244949,2998.351,142.165,9.683242,,-0.120641,35.52811887,-97.47493817,9.643,9.771,5.719,0.127,0.720
VN300_2026-07-12_14-41-49_VNINS.csv,lap,6,48362,1209.285426,18.244949,2998.452,142.266,9.683242,,-0.120641,35.52811902,-97.47493706,9.884,9.750,5.694,0.137,0.720
VN300_2026-07-12_14-41-49_VNINS.csv,lap,6,48363,1209.285426,18.244949,2998.557,142.371,9.683242,,-0.120641,35.52811918,-97.47493592,10.036,9.730,5.693,0.130,0.720
VN300_2026-07-12_14-41-49_VNINS.csv,lap,6,48364,1209.285426,18.244949,2998.663,142.477,9.683242,,-0.120641,35.52811936,-97.47493477,10.100,9.710,5.690,0.130,0.720
VN300_2026-07-12_14-41-49_VNINS.csv,lap,6,48365,1209.285426,18.244949,2998.770,142.584,9.683242,,-0.120641,35.52811955,-97.47493361,10.388,9.690,5.708,0.134,0.720
VN300_2026-07-12_14-41-49_VNINS.csv,lap,6,48366,1209.285426,18.244949,2998.879,142.693,9.683242,,-0.120641,35.52811976,-97.47493243,10.614,9.651,5.744,0.126,0.720
VN300_2026-07-12_14-41-49_VNINS.csv,lap,6,48367,1209.285426,18.244949,2998.994,142.809,9.683242,,-0.120641,35.52811999,-97.47493119,11.071,9.600,5.785,0.128,0.730
VN300_2026-07-12_14-41-49_VNINS.csv,lap,6,48368,1209.285426,18.244949,2999.743,143.557,9.683242,,-0.120641,35.52812209,-97.47493905,10.219,9.474,5.839,0.099,0.720
VN300_2026-07-12_14-41-49_VNINS.csv,lap,6,48369,1209.285426,18.244949,2999.853,143.667,9.683242,,-0.120641,35.52812243,-97.47493791,10.408,9.383,5.891,0.054,0.720
VN300_2026-07-12_14-41-49_VNINS.csv,lap,6,48370,1209.285426,18.244949,2999.964,143.779,9.683242,,-0.120641,35.52812279,-97.47493676,10.714,9.311,5.917,0.047,0.720
VN300_2026-07-12_14-41-49_VNINS.csv,lap,6,48371,1209.539197,18.498720,3000.081,143.895,9.937013,,-0.120641,35.52812318,-97.47493556,11.108,9.251,5.919,0.072,0.720
VN300_2026-07-12_14-41-49_VNINS.csv,lap,6,48372,1209.539197,18.498720,3000.200,144.014,9.937013,,-0.120641,35.52812359,-97.47493435,11.097,9.164,5.909,0.121,0.720
VN300_2026-07-12_14-41-49_VNINS.csv,lap,6,48373,1209.539197,18.498720,3000.319,144.133,9.937013,,-0.120641,35.52812402,-97.47493315,11.246,9.043,5.891,0.117,0.720
VN300_2026-07-12_14-41-49_VNINS.csv,lap,6,48374,1209.539197,18.498720,3000.439,144.253,9.937013,,-0.120641,35.52812447,-97.47493194,11.287,8.931,5.884,0.062,0.720
VN300_2026-07-12_14-41-49_VNINS.csv,lap,6,48375,1209.539197,18.498720,3001.213,145.027,9.937013,,-0.120641,35.52812616,-97.47494024,10.562,8.798,5.894,0.064,0.720
VN300_2026-07-12_14-41-49_VNINS.csv,lap,6,48376,1209.539197,18.498720,3001.327,145.141,9.937013,,-0.120641,35.52812671,-97.47493918,10.657,8.659,5.893,-0.003,0.720
VN300_2026-07-12_14-41-49_VNINS.csv,lap,6,48377,1209.539197,18.498720,3001.441,145.255,9.937013,,-0.120641,35.52812728,-97.47493813,10.669,8.521,5.879,-0.070,0.720
VN300_2026-07-12_14-41-49_VNINS.csv,lap,6,48378,1209.539197,18.498720,3001.556,145.370,9.937013,,-0.120641,35.52812787,-97.47493709,10.787,8.374,5.851,-0.128,0.720
VN300_2026-07-12_14-41-49_VNINS.csv,lap,6,48379,1209.539197,18.498720,3001.674,145.488,9.937013,,-0.120641,35.52812849,-97.47493603,11.138,8.222,5.843,-0.165,0.720
VN300_2026-07-12_14-41-49_VNINS.csv,lap,6,48380,1209.539197,18.498720,3001.794,145.608,9.937013,,-0.120641,35.52812914,-97.47493497,11.190,8.055,5.871,-0.142,0.720
VN300_2026-07-12_14-41-49_VNINS.csv,lap,6,48381,1209.792737,18.752260,3001.916,145.730,10.161267,,-0.120641,35.52812981,-97.47493391,11.285,7.863,5.889,-0.185,0.720
VN300_2026-07-12_14-41-49_VNINS.csv,lap,6,48382,1209.792737,18.752260,3002.039,145.853,10.100033,,-0.120641,35.52813051,-97.47493286,11.320,7.669,5.932,-0.235,0.730
VN300_2026-07-12_14-41-49_VNINS.csv,lap,6,48383,1209.792737,18.752260,3002.844,146.658,9.936642,,-0.120641,35.52813242,-97.47494145,10.721,7.444,5.956,-0.230,0.720
VN300_2026-07-12_14-41-49_VNINS.csv,lap,6,48384,1209.792737,18.752260,3002.961,146.775,9.936642,,-0.120641,35.52813321,-97.47494061,10.810,7.214,5.958,-0.268,0.720
VN300_2026-07-12_14-41-49_VNINS.csv,lap,6,48385,1209.792737,18.752260,3003.078,146.892,9.936642,,-0.120641,35.52813402,-97.47493978,10.852,6.982,5.949,-0.284,0.720
VN300_2026-07-12_14-41-49_VNINS.csv,lap,6,48386,1209.792737,18.752260,3003.197,147.011,9.936642,,-0.120641,35.52813486,-97.47493897,10.956,6.737,5.967,-0.263,0.720
VN300_2026-07-12_14-41-49_VNINS.csv,lap,6,48387,1209.792737,18.752260,3003.316,147.130,9.936642,,-0.120641,35.52813571,-97.47493816,11.053,6.483,6.010,-0.280,0.720
VN300_2026-07-12_14-41-49_VNINS.csv,lap,6,48388,1209.792737,18.752260,3003.437,147.251,9.936642,,-0.120641,35.52813659,-97.47493738,11.169,6.221,6.045,-0.319,0.720
VN300_2026-07-12_14-41-49_VNINS.csv,lap,6,48389,1209.792737,18.752260,3003.559,147.373,9.936642,,-0.120641,35.52813749,-97.47493661,11.250,5.942,6.053,-0.351,0.720
VN300_2026-07-12_14-41-49_VNINS.csv,lap,6,48390,1209.792737,18.752260,3003.682,147.496,9.936642,,-0.120641,35.52813841,-97.47493586,11.354,5.670,6.031,-0.415,0.730
VN300_2026-07-12_14-41-49_VNINS.csv,lap,6,48391,1210.145325,19.104848,3004.431,148.245,10.289230,,-0.120641,35.52814046,-97.47494375,11.112,5.408,6.018,-0.515,0.720
VN300_2026-07-12_14-41-49_VNINS.csv,lap,6,48392,1210.145325,19.104848,3004.554,148.368,10.289230,,-0.120641,35.52814147,-97.47494320,11.241,5.161,6.073,-0.482,0.720
VN300_2026-07-12_14-41-49_VNINS.csv,lap,6,48393,1210.145325,19.104848,3004.678,148.492,10.289230,,-0.120641,35.52814250,-97.47494268,11.419,4.920,6.137,-0.551,0.720
VN300_2026-07-12_14-41-49_VNINS.csv,lap,6,48394,1210.145325,19.104848,3004.804,148.618,10.289230,,-0.120641,35.52814356,-97.47494217,11.551,4.689,6.171,-0.616,0.720
VN300_2026-07-12_14-41-49_VNINS.csv,lap,6,48395,1210.145325,19.104848,3004.931,148.745,10.289230,,-0.120641,35.52814463,-97.47494169,11.698,4.438,6.160,-0.619,0.720
VN300_2026-07-12_14-41-49_VNINS.csv,lap,6,48396,1210.145325,19.104848,3005.061,148.876,10.289230,,-0.120641,35.52814574,-97.47494122,11.856,4.158,6.113,-0.633,0.720
VN300_2026-07-12_14-41-49_VNINS.csv,lap,6,48397,1210.145325,19.104848,3005.192,149.006,10.289230,,-0.120641,35.52814686,-97.47494078,11.994,3.854,6.036,-0.567,0.720
VN300_2026-07-12_14-41-49_VNINS.csv,lap,6,48398,1210.145325,19.104848,3005.325,149.139,10.289230,,-0.120641,35.52814800,-97.47494035,12.160,3.536,5.974,-0.600,0.730
VN300_2026-07-12_14-41-49_VNINS.csv,lap,6,48399,1210.145325,19.104848,3005.989,149.803,10.289230,,-0.120641,35.52815029,-97.47494713,12.281,3.191,5.979,-0.636,0.720
VN300_2026-07-12_14-41-49_VNINS.csv,lap,6,48400,1210.145325,19.104848,3006.125,149.939,10.289230,,-0.120641,35.52815150,-97.47494689,12.431,2.846,6.038,-0.704,0.720
VN300_2026-07-12_14-41-49_VNINS.csv,lap,6,48401,1210.145325,19.104848,3006.263,150.077,10.289230,,-0.120641,35.52815273,-97.47494669,12.592,2.513,6.058,-0.671,0.720
VN300_2026-07-12_14-41-49_VNINS.csv,lap,6,48402,1210.145325,19.104848,3006.403,150.217,10.289230,,-0.120641,35.52815398,-97.47494650,12.734,2.196,6.012,-0.709,0.720
VN300_2026-07-12_14-41-49_VNINS.csv,lap,6,48403,1210.145325,19.104848,3006.544,150.358,10.289230,,-0.120641,35.52815524,-97.47494634,12.807,1.877,6.009,-0.816,0.720
VN300_2026-07-12_14-41-49_VNINS.csv,lap,6,48404,1210.145325,19.104848,3006.687,150.501,10.289230,,-0.120641,35.52815652,-97.47494621,12.910,1.582,6.017,-0.761,0.720
VN300_2026-07-12_14-41-49_VNINS.csv,lap,6,48405,1210.400038,19.359561,3006.830,150.644,10.543943,,-0.120641,35.52815780,-97.47494610,12.937,1.345,5.995,-0.741,0.730
VN300_2026-07-12_14-41-49_VNINS.csv,lap,6,48406,1210.400038,19.359561,3006.973,150.787,10.543943,,-0.120641,35.52815909,-97.47494601,12.888,1.152,5.938,-0.761,0.730
VN300_2026-07-12_14-41-49_VNINS.csv,lap,6,48407,1210.400038,19.359561,3007.115,150.929,10.543943,,-0.120641,35.52816036,-97.47494592,12.794,0.984,5.826,-0.782,0.730
VN300_2026-07-12_14-41-49_VNINS.csv,lap,6,48408,1210.400038,19.359561,3007.751,151.565,10.338128,,-0.120641,35.52816302,-97.47495214,13.084,0.825,5.750,-0.859,0.720
VN300_2026-07-12_14-41-49_VNINS.csv,lap,6,48409,1210.400038,19.359561,3007.896,151.711,10.290362,,-0.120641,35.52816433,-97.47495220,13.153,0.685,5.739,-1.012,0.720
VN300_2026-07-12_14-41-49_VNINS.csv,lap,6,48410,1210.400038,19.359561,3008.042,151.856,10.290362,,-0.120641,35.52816564,-97.47495228,13.230,0.545,5.792,-1.196,0.720
VN300_2026-07-12_14-41-49_VNINS.csv,lap,6,48411,1210.400038,19.359561,3008.189,152.003,10.290362,,-0.120641,35.52816696,-97.47495238,13.344,0.404,5.961,-1.068,0.720
VN300_2026-07-12_14-41-49_VNINS.csv,lap,6,48412,1210.400038,19.359561,3008.340,152.154,10.290362,,-0.120641,35.52816831,-97.47495249,13.559,0.302,6.077,-1.115,0.720
VN300_2026-07-12_14-41-49_VNINS.csv,lap,6,48413,1210.400038,19.359561,3008.491,152.305,10.290362,,-0.120641,35.52816967,-97.47495261,13.743,0.209,6.098,-1.244,0.730
VN300_2026-07-12_14-41-49_VNINS.csv,lap,6,48414,1210.400038,19.359561,3008.644,152.458,10.290362,,-0.120641,35.52817104,-97.47495275,13.899,0.115,6.049,-1.275,0.730
VN300_2026-07-12_14-41-49_VNINS.csv,lap,6,48415,1210.653406,19.612929,3009.171,152.985,10.543730,,-0.120641,35.52817421,-97.47495708,14.359,0.017,5.962,-1.321,0.720
VN300_2026-07-12_14-41-49_VNINS.csv,lap,6,48416,1210.653406,19.612929,3009.332,153.146,10.543730,,-0.120641,35.52817564,-97.47495735,14.517,-0.089,5.889,-1.372,0.720
VN300_2026-07-12_14-41-49_VNINS.csv,lap,6,48417,1210.653406,19.612929,3009.495,153.309,10.543730,,-0.120641,35.52817708,-97.47495764,14.692,-0.184,5.880,-1.368,0.720
VN300_2026-07-12_14-41-49_VNINS.csv,lap,6,48418,1210.653406,19.612929,3009.659,153.473,10.543730,,-0.120641,35.52817854,-97.47495794,14.870,-0.279,5.923,-1.446,0.720
VN300_2026-07-12_14-41-49_VNINS.csv,lap,6,48419,1210.653406,19.612929,3009.825,153.639,10.543730,,-0.120641,35.52818001,-97.47495827,15.063,-0.399,5.938,-1.552,0.720
VN300_2026-07-12_14-41-49_VNINS.csv,lap,6,48420,1210.653406,19.612929,3009.994,153.808,10.543730,,-0.120641,35.52818150,-97.47495861,15.205,-0.511,5.924,-1.550,0.720
VN300_2026-07-12_14-41-49_VNINS.csv,lap,6,48421,1210.653406,19.612929,3010.164,153.978,10.543730,,-0.120641,35.52818300,-97.47495897,15.319,-0.594,5.877,-1.595,0.730
VN300_2026-07-12_14-41-49_VNINS.csv,lap,6,48422,1210.653406,19.612929,3010.335,154.149,10.543730,,-0.120641,35.52818451,-97.47495934,15.425,-0.669,5.840,-1.671,0.730
VN300_2026-07-12_14-41-49_VNINS.csv,lap,6,48423,1210.653406,19.612929,3010.878,154.692,10.543730,,-0.120641,35.52818856,-97.47496269,15.942,-0.763,5.817,-1.689,0.720
VN300_2026-07-12_14-41-49_VNINS.csv,lap,6,48424,1210.653406,19.612929,3011.058,154.872,10.543730,,-0.120641,35.52819013,-97.47496317,16.056,-0.877,5.831,-1.764,0.720
VN300_2026-07-12_14-41-49_VNINS.csv,lap,6,48425,1210.906853,19.866376,3011.238,155.052,10.797177,,-0.120641,35.52819170,-97.47496365,16.247,-0.999,5.896,-1.828,0.720
VN300_2026-07-12_14-41-49_VNINS.csv,lap,6,48426,1210.906853,19.866376,3011.420,155.234,10.797177,,-0.120641,35.52819329,-97.47496415,16.473,-1.076,5.993,-1.830,0.720
VN300_2026-07-12_14-41-49_VNINS.csv,lap,6,48427,1210.906853,19.866376,3011.605,155.419,10.797177,,-0.120641,35.52819490,-97.47496466,16.730,-1.100,6.069,-1.849,0.720
VN300_2026-07-12_14-41-49_VNINS.csv,lap,6,48428,1210.906853,19.866376,3011.793,155.607,10.797177,,-0.120641,35.52819653,-97.47496520,16.972,-1.086,6.078,-1.855,0.720
VN300_2026-07-12_14-41-49_VNINS.csv,lap,6,48429,1210.906853,19.866376,3011.985,155.799,10.797177,,-0.120641,35.52819820,-97.47496574,17.297,-1.066,6.018,-1.938,0.730
VN300_2026-07-12_14-41-49_VNINS.csv,lap,6,48430,1210.906853,19.866376,3012.178,155.992,10.797177,,-0.120641,35.52819988,-97.47496630,17.516,-1.049,5.944,-2.019,0.730
VN300_2026-07-12_14-41-49_VNINS.csv,lap,6,48431,1210.906853,19.866376,3012.698,156.512,10.797177,,-0.120641,35.52820409,-97.47496879,18.115,-1.026,5.907,-2.038,0.720
VN300_2026-07-12_14-41-49_VNINS.csv,lap,6,48432,1210.906853,19.866376,3012.903,156.717,10.797177,,-0.120641,35.52820586,-97.47496943,18.356,-0.989,5.934,-2.069,0.720
VN300_2026-07-12_14-41-49_VNINS.csv,lap,6,48433,1210.906853,19.866376,3013.109,156.923,10.717647,,-0.120641,35.52820763,-97.47497009,18.530,-0.929,5.996,-2.077,0.720
VN300_2026-07-12_14-41-49_VNINS.csv,lap,6,48434,1210.906853,19.866376,3013.319,157.133,10.609811,,-0.120641,35.52820944,-97.47497075,18.894,-0.847,6.055,-2.111,0.720
VN300_2026-07-12_14-41-49_VNINS.csv,lap,6,48435,1211.174241,20.133764,3013.531,157.345,10.810660,,-0.120641,35.52821127,-97.47497142,19.143,-0.763,6.135,-2.117,0.720
VN300_2026-07-12_14-41-49_VNINS.csv,lap,6,48436,1211.174241,20.133764,3013.746,157.560,10.810660,,-0.120641,35.52821313,-97.47497209,19.346,-0.661,6.188,-2.100,0.730
VN300_2026-07-12_14-41-49_VNINS.csv,lap,6,48437,1211.174241,20.133764,3013.965,157.779,10.810660,,-0.120641,35.52821501,-97.47497278,19.623,-0.540,6.225,-2.208,0.730
VN300_2026-07-12_14-41-49_VNINS.csv,lap,6,48438,1211.174241,20.133764,3014.184,157.998,10.810660,,-0.120641,35.52821690,-97.47497348,19.835,-0.374,6.241,-2.187,0.730
VN300_2026-07-12_14-41-49_VNINS.csv,lap,6,48439,1211.174241,20.133764,3014.777,158.591,10.810660,,-0.120641,35.52822210,-97.47497494,20.582,-0.180,6.218,-2.255,0.720
VN300_2026-07-12_14-41-49_VNINS.csv,lap,6,48440,1211.174241,20.133764,3015.009,158.823,10.810660,,-0.120641,35.52822410,-97.47497567,20.758,0.029,6.191,-2.227,0.720
VN300_2026-07-12_14-41-49_VNINS.csv,lap,6,48441,1211.174241,20.133764,3015.243,159.057,10.810660,,-0.120641,35.52822612,-97.47497640,21.062,0.251,6.183,-2.213,0.720
VN300_2026-07-12_14-41-49_VNINS.csv,lap,6,48442,1211.174241,20.133764,3015.480,159.294,10.810660,,-0.120641,35.52822817,-97.47497712,21.304,0.523,6.219,-2.254,0.720
VN300_2026-07-12_14-41-49_VNINS.csv,lap,6,48443,1211.174241,20.133764,3015.721,159.535,10.810660,,-0.120641,35.52823025,-97.47497784,21.552,0.813,6.255,-2.231,0.720
VN300_2026-07-12_14-41-49_VNINS.csv,lap,6,48444,1211.174241,20.133764,3015.964,159.778,10.810660,,-0.120641,35.52823236,-97.47497854,21.847,1.130,6.310,-2.247,0.730
VN300_2026-07-12_14-41-49_VNINS.csv,lap,6,48445,1211.174241,20.133764,3016.210,160.024,10.810660,,-0.120641,35.52823450,-97.47497922,22.190,1.464,6.383,-2.162,0.730
VN300_2026-07-12_14-41-49_VNINS.csv,lap,6,48446,1211.428084,20.387607,3016.460,160.274,11.064503,,-0.120641,35.52823668,-97.47497990,22.479,1.796,6.460,-2.152,0.730
VN300_2026-07-12_14-41-49_VNINS.csv,lap,6,48447,1211.428084,20.387607,3016.712,160.526,11.064503,,-0.120641,35.52823888,-97.47498059,22.748,2.096,6.512,-2.134,0.730
VN300_2026-07-12_14-41-49_VNINS.csv,lap,6,48448,1211.428084,20.387607,3017.351,161.165,11.064503,,-0.120641,35.52824462,-97.47498099,23.557,2.371,6.552,-2.151,0.720
VN300_2026-07-12_14-41-49_VNINS.csv,lap,6,48449,1211.428084,20.387607,3017.617,161.431,11.064503,,-0.120641,35.52824694,-97.47498167,23.826,2.643,6.594,-2.154,0.720
VN300_2026-07-12_14-41-49_VNINS.csv,lap,6,48450,1211.428084,20.387607,3017.885,161.699,11.064503,,-0.120641,35.52824929,-97.47498235,24.144,2.933,6.591,-2.139,0.720
VN300_2026-07-12_14-41-49_VNINS.csv,lap,6,48451,1211.428084,20.387607,3018.157,161.971,11.014462,,-0.120641,35.52825167,-97.47498303,24.452,3.246,6.561,-2.194,0.720
VN300_2026-07-12_14-41-49_VNINS.csv,lap,6,48452,1211.428084,20.387607,3018.433,162.247,10.870955,,-0.120641,35.52825409,-97.47498370,24.714,3.576,6.510,-2.213,0.730
VN300_2026-07-12_14-41-49_VNINS.csv,lap,6,48453,1211.428084,20.387607,3018.712,162.526,10.799543,,-0.120641,35.52825654,-97.47498437,25.070,3.916,6.468,-2.303,0.730
VN300_2026-07-12_14-41-49_VNINS.csv,lap,6,48454,1211.428084,20.387607,3018.994,162.808,10.799543,,-0.120641,35.52825902,-97.47498504,25.328,4.284,6.537,-2.147,0.730
VN300_2026-07-12_14-41-49_VNINS.csv,lap,6,48455,1211.428084,20.387607,3019.617,163.431,10.799543,,-0.120641,35.52826462,-97.47498509,26.070,4.648,6.605,-2.291,0.720
VN300_2026-07-12_14-41-49_VNINS.csv,lap,6,48456,1211.681608,20.641131,3019.910,163.725,11.053067,,-0.120641,35.52826721,-97.47498573,26.363,5.017,6.661,-2.360,0.720
VN300_2026-07-12_14-41-49_VNINS.csv,lap,6,48457,1211.681608,20.641131,3020.207,164.021,11.053067,,-0.120641,35.52826983,-97.47498636,26.580,5.404,6.712,-2.113,0.720
VN300_2026-07-12_14-41-49_VNINS.csv,lap,6,48458,1211.681608,20.641131,3020.507,164.322,11.053067,,-0.120641,35.52827248,-97.47498699,26.921,5.780,6.734,-2.252,0.720
VN300_2026-07-12_14-41-49_VNINS.csv,lap,6,48459,1211.681608,20.641131,3020.809,164.623,11.053067,,-0.120641,35.52827515,-97.47498760,27.098,6.133,6.665,-2.198,0.730
VN300_2026-07-12_14-41-49_VNINS.csv,lap,6,48460,1211.681608,20.641131,3021.115,164.929,11.053067,,-0.120641,35.52827786,-97.47498818,27.452,6.525,6.651,-2.393,0.730
VN300_2026-07-12_14-41-49_VNINS.csv,lap,6,48461,1211.681608,20.641131,3021.424,165.239,11.053067,,-0.120641,35.52828060,-97.47498876,27.718,6.906,6.682,-2.289,0.730
VN300_2026-07-12_14-41-49_VNINS.csv,lap,6,48462,1211.681608,20.641131,3021.737,165.551,11.053067,,-0.120641,35.52828337,-97.47498933,28.072,7.322,6.736,-2.294,0.730
VN300_2026-07-12_14-41-49_VNINS.csv,lap,6,48463,1211.681608,20.641131,3022.444,166.258,11.053067,,-0.120641,35.52828970,-97.47498855,28.804,7.759,6.811,-2.340,0.720
VN300_2026-07-12_14-41-49_VNINS.csv,lap,6,48464,1211.681608,20.641131,3022.770,166.584,11.053067,,-0.120641,35.52829260,-97.47498906,29.117,8.141,6.883,-2.264,0.720
VN300_2026-07-12_14-41-49_VNINS.csv,lap,6,48465,1211.681608,20.641131,3023.099,166.913,11.053067,,-0.120641,35.52829553,-97.47498953,29.493,8.534,6.894,-2.185,0.720
VN300_2026-07-12_14-41-49_VNINS.csv,lap,6,48466,1211.935056,20.894579,3023.431,167.245,11.247932,,-0.120641,35.52829850,-97.47498998,29.820,8.911,6.842,-1.969,0.720
VN300_2026-07-12_14-41-49_VNINS.csv,lap,6,48467,1211.935056,20.894579,3023.768,167.582,11.085683,,-0.120641,35.52830151,-97.47499039,30.176,9.292,6.742,-1.791,0.720
VN300_2026-07-12_14-41-49_VNINS.csv,lap,6,48468,1211.935056,20.894579,3024.110,167.924,11.052982,,-0.120641,35.52830457,-97.47499073,30.611,9.654,6.719,-1.744,0.730
VN300_2026-07-12_14-41-49_VNINS.csv,lap,6,48469,1211.935056,20.894579,3024.455,168.269,11.052982,,-0.120641,35.52830766,-97.47499106,30.930,9.956,6.840,-1.804,0.730
VN300_2026-07-12_14-41-49_VNINS.csv,lap,6,48470,1211.935056,20.894579,3024.804,168.618,11.052982,,-0.120641,35.52831079,-97.47499136,31.285,10.106,6.993,-1.736,0.730
VN300_2026-07-12_14-41-49_VNINS.csv,lap,6,48471,1211.935056,20.894579,3025.466,169.280,11.052982,,-0.120641,35.52831670,-97.47499045,32.085,10.074,7.048,-1.884,0.720
VN300_2026-07-12_14-41-49_VNINS.csv,lap,6,48472,1211.935056,20.894579,3025.828,169.642,11.052982,,-0.120641,35.52831995,-97.47499067,32.410,9.960,7.027,-2.049,0.720
VN300_2026-07-12_14-41-49_VNINS.csv,lap,6,48473,1211.935056,20.894579,3026.193,170.007,11.052982,,-0.120641,35.52832323,-97.47499085,32.793,9.761,6.919,-2.190,0.720
VN300_2026-07-12_14-41-49_VNINS.csv,lap,6,48474,1211.935056,20.894579,3026.562,170.376,11.052982,,-0.120641,35.52832655,-97.47499101,33.005,9.561,6.751,-2.120,0.720
VN300_2026-07-12_14-41-49_VNINS.csv,lap,6,48475,1211.935056,20.894579,3026.934,170.748,11.052982,,-0.120641,35.52832989,-97.47499114,33.320,9.346,6.644,-2.173,0.730
VN300_2026-07-12_14-41-49_VNINS.csv,lap,6,48476,1211.935056,20.894579,3027.309,171.123,11.052982,,-0.120641,35.52833326,-97.47499124,33.661,9.129,6.603,-2.237,0.730
VN300_2026-07-12_14-41-49_VNINS.csv,lap,6,48477,1212.207142,21.166665,3027.688,171.502,11.325068,,-0.120641,35.52833667,-97.47499130,33.941,9.005,6.670,-2.218,0.730
VN300_2026-07-12_14-41-49_VNINS.csv,lap,6,48478,1212.207142,21.166665,3028.072,171.886,11.325068,,-0.120641,35.52834012,-97.47499130,34.355,8.950,6.786,-2.131,0.730
VN300_2026-07-12_14-41-49_VNINS.csv,lap,6,48479,1212.207142,21.166665,3028.725,172.539,11.325068,,-0.120641,35.52834592,-97.47499247,35.016,8.976,6.867,-2.244,0.720
VN300_2026-07-12_14-41-49_VNINS.csv,lap,6,48480,1212.207142,21.166665,3029.120,172.934,11.325068,,-0.120641,35.52834947,-97.47499244,35.321,9.042,6.951,-2.257,0.720
VN300_2026-07-12_14-41-49_VNINS.csv,lap,6,48481,1212.207142,21.166665,3029.517,173.331,11.165690,,-0.120641,35.52835304,-97.47499240,35.615,9.120,6.961,-2.279,0.720
VN300_2026-07-12_14-41-49_VNINS.csv,lap,6,48482,1212.207142,21.166665,3029.918,173.732,11.071207,,-0.120641,35.52835665,-97.47499231,35.919,9.197,6.892,-2.318,0.720
VN300_2026-07-12_14-41-49_VNINS.csv,lap,6,48483,1212.207142,21.166665,3030.323,174.137,11.071207,,-0.120641,35.52836029,-97.47499217,36.252,9.264,6.825,-2.296,0.730
VN300_2026-07-12_14-41-49_VNINS.csv,lap,6,48484,1212.207142,21.166665,3030.731,174.545,11.071207,,-0.120641,35.52836395,-97.47499198,36.616,9.325,6.763,-2.242,0.730
VN300_2026-07-12_14-41-49_VNINS.csv,lap,6,48485,1212.207142,21.166665,3031.144,174.958,11.071207,,-0.120641,35.52836766,-97.47499175,36.874,9.377,6.734,-2.292,0.730
VN300_2026-07-12_14-41-49_VNINS.csv,lap,6,48486,1212.207142,21.166665,3031.558,175.372,11.071207,,-0.120641,35.52837138,-97.47499149,37.185,9.427,6.796,-2.260,0.730
VN300_2026-07-12_14-41-49_VNINS.csv,lap,6,48487,1212.460745,21.420268,3031.977,175.791,11.324810,,-0.120641,35.52837514,-97.47499121,37.408,9.524,6.873,-2.121,0.730
VN300_2026-07-12_14-41-49_VNINS.csv,lap,6,48488,1212.460745,21.420268,3032.600,176.414,11.324810,,-0.120641,35.52838071,-97.47499196,38.006,9.514,6.904,-2.168,0.720
VN300_2026-07-12_14-41-49_VNINS.csv,lap,6,48489,1212.460745,21.420268,3033.029,176.843,11.324810,,-0.120641,35.52838456,-97.47499166,38.354,9.552,6.902,-2.216,0.720
VN300_2026-07-12_14-41-49_VNINS.csv,lap,6,48490,1212.460745,21.420268,3033.459,177.273,11.324810,,-0.120641,35.52838842,-97.47499132,38.594,9.620,6.894,-2.064,0.720
VN300_2026-07-12_14-41-49_VNINS.csv,lap,6,48491,1212.460745,21.420268,3033.894,177.708,11.324810,,-0.120641,35.52839232,-97.47499094,38.933,9.683,6.829,-2.088,0.730
VN300_2026-07-12_14-41-49_VNINS.csv,lap,6,48492,1212.460745,21.420268,3034.332,178.146,11.324810,,-0.120641,35.52839624,-97.47499054,39.131,9.708,6.752,-2.061,0.730
VN300_2026-07-12_14-41-49_VNINS.csv,lap,6,48493,1212.460745,21.420268,3034.771,178.585,11.174251,,-0.120641,35.52840018,-97.47499012,39.454,9.690,6.797,-1.967,0.730
VN300_2026-07-12_14-41-49_VNINS.csv,lap,6,48494,1212.460745,21.420268,3035.215,179.029,11.071369,,-0.120641,35.52840415,-97.47498967,39.662,9.653,6.911,-2.029,0.730
VN300_2026-07-12_14-41-49_VNINS.csv,lap,6,48495,1212.460745,21.420268,3035.841,179.655,11.071369,,-0.120641,35.52840945,-97.47499200,40.254,9.546,7.016,-2.007,0.720
VN300_2026-07-12_14-41-49_VNINS.csv,lap,6,48496,1212.460745,21.420268,3036.292,180.106,11.071369,,-0.120641,35.52841349,-97.47499156,40.390,9.391,7.128,-1.918,0.720
VN300_2026-07-12_14-41-49_VNINS.csv,lap,6,48497,1212.460745,21.420268,3036.746,180.560,11.071369,,-0.120641,35.52841756,-97.47499108,40.738,9.225,7.063,-1.810,0.720
VN300_2026-07-12_14-41-49_VNINS.csv,lap,6,48498,1212.714485,21.674008,3037.206,181.020,11.325109,,-0.120641,35.52842167,-97.47499056,41.109,9.034,6.963,-1.825,0.730
VN300_2026-07-12_14-41-49_VNINS.csv,lap,6,48499,1212.714485,21.674008,3037.666,181.480,11.325109,,-0.120641,35.52842579,-97.47499003,41.229,8.799,6.910,-1.682,0.730
VN300_2026-07-12_14-41-49_VNINS.csv,lap,6,48500,1212.714485,21.674008,3038.130,181.944,11.325109,,-0.120641,35.52842993,-97.47498946,41.563,8.573,6.870,-1.691,0.730
VN300_2026-07-12_14-41-49_VNINS.csv,lap,6,48501,1212.714485,21.674008,3038.598,182.412,11.325109,,-0.120641,35.52843411,-97.47498886,41.812,8.289,6.889,-1.694,0.730
VN300_2026-07-12_14-41-49_VNINS.csv,lap,6,48502,1212.714485,21.674008,3039.067,182.881,11.325109,,-0.120641,35.52843830,-97.47498823,42.021,7.992,6.938,-1.541,0.730
VN300_2026-07-12_14-41-49_VNINS.csv,lap,6,48503,1212.714485,21.674008,3039.730,183.544,11.214173,,-0.120641,35.52844363,-97.47499151,42.493,7.678,6.939,-1.564,0.720
VN300_2026-07-12_14-41-49_VNINS.csv,lap,6,48504,1212.714485,21.674008,3040.206,184.020,10.926794,,-0.120641,35.52844789,-97.47499092,42.680,7.290,6.957,-1.622,0.720
VN300_2026-07-12_14-41-49_VNINS.csv,lap,6,48505,1212.714485,21.674008,3040.686,184.500,10.926794,,-0.120641,35.52845217,-97.47499030,42.884,6.844,7.007,-1.451,0.720
VN300_2026-07-12_14-41-49_VNINS.csv,lap,6,48506,1212.714485,21.674008,3041.169,184.983,10.926794,,-0.120641,35.52845648,-97.47498963,43.156,6.403,6.970,-1.469,0.730
VN300_2026-07-12_14-41-49_VNINS.csv,lap,6,48507,1212.714485,21.674008,3041.652,185.466,10.926794,,-0.120641,35.52846079,-97.47498894,43.268,5.943,6.883,-1.527,0.730
VN300_2026-07-12_14-41-49_VNINS.csv,lap,6,48508,1212.967967,21.927490,3042.138,185.952,11.180276,,-0.120641,35.52846512,-97.47498825,43.385,5.485,6.744,-1.366,0.730
VN300_2026-07-12_14-41-49_VNINS.csv,lap,6,48509,1212.967967,21.927490,3042.625,186.439,11.180276,,-0.120641,35.52846946,-97.47498753,43.621,4.998,6.670,-1.399,0.730
VN300_2026-07-12_14-41-49_VNINS.csv,lap,6,48510,1212.967967,21.927490,3043.114,186.928,11.180276,,-0.120641,35.52847382,-97.47498678,43.713,4.457,6.735,-1.404,0.730
VN300_2026-07-12_14-41-49_VNINS.csv,lap,6,48511,1212.967967,21.927490,3043.874,187.688,11.180276,,-0.120641,35.52847909,-97.47499213,43.949,3.905,6.841,-1.296,0.720
VN300_2026-07-12_14-41-49_VNINS.csv,lap,6,48512,1212.967967,21.927490,3044.367,188.181,11.180276,,-0.120641,35.52848349,-97.47499150,43.939,3.394,6.896,-1.445,0.720
VN300_2026-07-12_14-41-49_VNINS.csv,lap,6,48513,1212.967967,21.927490,3044.857,188.671,11.180276,,-0.120641,35.52848787,-97.47499088,43.775,2.903,6.897,-1.467,0.720
VN300_2026-07-12_14-41-49_VNINS.csv,lap,6,48514,1212.967967,21.927490,3045.347,189.161,11.180276,,-0.120641,35.52849225,-97.47499026,43.730,2.414,6.791,-1.409,0.730
VN300_2026-07-12_14-41-49_VNINS.csv,lap,6,48515,1212.967967,21.927490,3045.837,189.651,11.180276,,-0.120641,35.52849662,-97.47498963,43.635,1.899,6.645,-1.636,0.730
VN300_2026-07-12_14-41-49_VNINS.csv,lap,6,48516,1212.967967,21.927490,3046.323,190.137,11.180276,,-0.120641,35.52850097,-97.47498902,43.368,1.354,6.579,-1.591,0.730
