source,segment_type,segment_number,row_index,time_s,segment_time_s,distance_m,segment_distance_m,live_delta_to_best_s,live_delta_error,final_delta_to_best_s,lat,lon,speed_mph,yaw_deg,pitch_deg,roll_deg,pos_uncertainty_m
VN300_2026-07-12_14-41-49_VNINS.csv,lap,7,48516,1212.967967,0.000000,3046.323,0.000,0.000000,,9.374592,35.52850097,-97.47498902,43.368,1.354,6.579,-1.591,0.730
VN300_2026-07-12_14-41-49_VNINS.csv,lap,7,48517,1212.967967,0.000000,3046.808,0.484,0.000000,,9.374592,35.52850530,-97.47498844,43.263,0.798,6.592,-1.649,0.730
VN300_2026-07-12_14-41-49_VNINS.csv,lap,7,48518,1213.247193,0.279226,3047.292,0.969,0.279226,,9.374592,35.52850963,-97.47498785,43.122,0.218,6.631,-1.812,0.730
VN300_2026-07-12_14-41-49_VNINS.csv,lap,7,48519,1213.247193,0.279226,3048.134,1.811,0.078420,,9.374592,35.52851472,-97.47499474,43.195,-0.349,6.658,-1.610,0.720
VN300_2026-07-12_14-41-49_VNINS.csv,lap,7,48520,1213.247193,0.279226,3048.619,2.295,-0.000065,,9.374592,35.52851906,-97.47499427,43.252,-0.907,6.639,-1.654,0.720
VN300_2026-07-12_14-41-49_VNINS.csv,lap,7,48521,1213.247193,0.279226,3049.103,2.780,-0.000065,,9.374592,35.52852340,-97.47499380,43.158,-1.451,6.578,-1.909,0.720
VN300_2026-07-12_14-41-49_VNINS.csv,lap,7,48522,1213.247193,0.279226,3049.585,3.262,-0.000065,,9.374592,35.52852772,-97.47499335,43.079,-1.959,6.604,-1.835,0.730
VN300_2026-07-12_14-41-49_VNINS.csv,lap,7,48523,1213.247193,0.279226,3050.068,3.745,-0.000065,,9.374592,35.52853205,-97.47499289,43.264,-2.287,6.717,-2.015,0.730
VN300_2026-07-12_14-41-49_VNINS.csv,lap,7,48524,1213.247193,0.279226,3050.554,4.230,-0.000065,,9.374592,35.52853640,-97.47499245,43.435,-2.463,6.947,-2.092,0.730
VN300_2026-07-12_14-41-49_VNINS.csv,lap,7,48525,1213.247193,0.279226,3051.041,4.718,-0.000065,,9.374592,35.52854077,-97.47499200,43.582,-2.450,7.120,-2.165,0.730
VN300_2026-07-12_14-41-49_VNINS.csv,lap,7,48526,1213.247193,0.279226,3051.530,5.207,-0.000065,,9.374592,35.52854515,-97.47499155,43.720,-2.304,7.157,-2.446,0.730
VN300_2026-07-12_14-41-49_VNINS.csv,lap,7,48527,1213.247193,0.279226,3052.020,5.697,-0.180432,,9.374592,35.52854954,-97.47499106,43.726,-2.023,7.023,-2.573,0.730
VN300_2026-07-12_14-41-49_VNINS.csv,lap,7,48528,1213.247193,0.279226,3052.867,6.544,-0.253812,,9.374592,35.52855464,-97.47499801,43.961,-1.742,6.828,-2.682,0.720
VN300_2026-07-12_14-41-49_VNINS.csv,lap,7,48529,1213.500995,0.533028,3053.363,7.039,-0.000010,,9.374592,35.52855908,-97.47499756,44.186,-1.344,6.694,-3.014,0.730
VN300_2026-07-12_14-41-49_VNINS.csv,lap,7,48530,1213.500995,0.533028,3053.858,7.535,-0.000010,,9.374592,35.52856352,-97.47499707,44.244,-0.854,6.729,-3.149,0.730
VN300_2026-07-12_14-41-49_VNINS.csv,lap,7,48531,1213.500995,0.533028,3054.353,8.030,-0.000010,,9.374592,35.52856795,-97.47499655,44.157,-0.309,6.813,-3.147,0.730
VN300_2026-07-12_14-41-49_VNINS.csv,lap,7,48532,1213.500995,0.533028,3054.846,8.523,-0.000010,,9.374592,35.52857236,-97.47499598,43.824,0.239,6.812,-3.262,0.730
VN300_2026-07-12_14-41-49_VNINS.csv,lap,7,48533,1213.500995,0.533028,3055.336,9.013,-0.136664,,9.374592,35.52857674,-97.47499535,43.594,0.844,6.748,-3.298,0.730
VN300_2026-07-12_14-41-49_VNINS.csv,lap,7,48534,1213.500995,0.533028,3055.825,9.502,-0.253549,,9.374592,35.52858110,-97.47499466,43.721,1.543,6.735,-3.267,0.730
VN300_2026-07-12_14-41-49_VNINS.csv,lap,7,48535,1213.500995,0.533028,3056.587,10.264,-0.253549,,9.374592,35.52858639,-97.47500001,43.820,2.272,6.756,-3.311,0.720
VN300_2026-07-12_14-41-49_VNINS.csv,lap,7,48536,1213.500995,0.533028,3057.077,10.754,-0.253549,,9.374592,35.52859076,-97.47499931,43.720,2.969,6.838,-3.166,0.720
VN300_2026-07-12_14-41-49_VNINS.csv,lap,7,48537,1213.500995,0.533028,3057.567,11.243,-0.253549,,9.374592,35.52859512,-97.47499857,43.639,3.573,6.897,-3.107,0.730
VN300_2026-07-12_14-41-49_VNINS.csv,lap,7,48538,1213.500995,0.533028,3058.057,11.733,-0.253549,,9.374592,35.52859948,-97.47499778,43.723,4.137,6.946,-3.180,0.730
VN300_2026-07-12_14-41-49_VNINS.csv,lap,7,48539,1213.754479,0.786512,3058.547,12.224,-0.089759,,9.374592,35.52860384,-97.47499696,43.726,4.664,7.076,-3.213,0.730
VN300_2026-07-12_14-41-49_VNINS.csv,lap,7,48540,1213.754479,0.786512,3059.037,12.714,-0.253620,,9.374592,35.52860819,-97.47499608,43.900,5.159,7.150,-3.295,0.730
VN300_2026-07-12_14-41-49_VNINS.csv,lap,7,48541,1213.754479,0.786512,3059.530,13.207,-0.253620,,9.374592,35.52861256,-97.47499515,44.027,5.646,7.214,-3.332,0.730
VN300_2026-07-12_14-41-49_VNINS.csv,lap,7,48542,1213.754479,0.786512,3060.026,13.702,-0.253620,,9.374592,35.52861694,-97.47499415,44.246,6.145,7.304,-3.372,0.730
VN300_2026-07-12_14-41-49_VNINS.csv,lap,7,48543,1213.754479,0.786512,3060.593,14.270,-0.253620,,9.374592,35.52862063,-97.47499848,44.324,6.662,7.388,-3.400,0.720
VN300_2026-07-12_14-41-49_VNINS.csv,lap,7,48544,1213.754479,0.786512,3061.094,14.770,-0.253620,,9.374592,35.52862504,-97.47499738,44.657,7.285,7.457,-3.566,0.730
VN300_2026-07-12_14-41-49_VNINS.csv,lap,7,48545,1213.754479,0.786512,3061.595,15.272,-0.313570,,9.374592,35.52862945,-97.47499621,44.847,7.959,7.530,-3.428,0.730
VN300_2026-07-12_14-41-49_VNINS.csv,lap,7,48546,1213.754479,0.786512,3062.098,15.775,-0.520544,,9.374592,35.52863386,-97.47499497,45.000,8.678,7.550,-3.378,0.730
VN300_2026-07-12_14-41-49_VNINS.csv,lap,7,48547,1213.754479,0.786512,3062.603,16.280,-0.520544,,9.374592,35.52863828,-97.47499370,45.038,9.408,7.547,-3.566,0.730
VN300_2026-07-12_14-41-49_VNINS.csv,lap,7,48548,1213.754479,0.786512,3063.107,16.784,-0.520544,,9.374592,35.52864269,-97.47499239,45.091,10.223,7.632,-3.507,0.730
VN300_2026-07-12_14-41-49_VNINS.csv,lap,7,48549,1214.007852,1.039885,3063.615,17.292,-0.267171,,9.374592,35.52864711,-97.47499098,45.366,11.087,7.716,-3.564,0.730
VN300_2026-07-12_14-41-49_VNINS.csv,lap,7,48550,1214.007852,1.039885,3064.124,17.800,-0.267171,,9.374592,35.52865153,-97.47498954,45.344,11.923,7.828,-3.528,0.730
VN300_2026-07-12_14-41-49_VNINS.csv,lap,7,48551,1214.007852,1.039885,3064.643,18.319,-0.267171,,9.374592,35.52865489,-97.47499352,45.195,12.775,7.928,-3.467,0.720
VN300_2026-07-12_14-41-49_VNINS.csv,lap,7,48552,1214.007852,1.039885,3065.150,18.827,-0.520966,,9.374592,35.52865929,-97.47499203,45.229,13.542,8.012,-3.549,0.730
VN300_2026-07-12_14-41-49_VNINS.csv,lap,7,48553,1214.007852,1.039885,3065.657,19.334,-0.520966,,9.374592,35.52866367,-97.47499048,45.317,14.251,8.041,-3.436,0.730
VN300_2026-07-12_14-41-49_VNINS.csv,lap,7,48554,1214.007852,1.039885,3066.166,19.843,-0.520966,,9.374592,35.52866806,-97.47498887,45.528,14.953,8.195,-3.044,0.730
VN300_2026-07-12_14-41-49_VNINS.csv,lap,7,48555,1214.007852,1.039885,3066.678,20.355,-0.520966,,9.374592,35.52867245,-97.47498717,45.733,15.561,8.316,-2.961,0.730
VN300_2026-07-12_14-41-49_VNINS.csv,lap,7,48556,1214.007852,1.039885,3067.192,20.869,-0.520966,,9.374592,35.52867684,-97.47498539,45.968,16.082,8.418,-2.858,0.730
VN300_2026-07-12_14-41-49_VNINS.csv,lap,7,48557,1214.007852,1.039885,3067.708,21.385,-0.580180,,9.374592,35.52868123,-97.47498355,46.116,16.495,8.504,-2.556,0.730
VN300_2026-07-12_14-41-49_VNINS.csv,lap,7,48558,1214.007852,1.039885,3068.227,21.904,-0.774393,,9.374592,35.52868563,-97.47498163,46.363,16.844,8.528,-2.215,0.730
VN300_2026-07-12_14-41-49_VNINS.csv,lap,7,48559,1214.007852,1.039885,3068.524,22.200,-0.774393,,9.374592,35.52868776,-97.47498360,46.135,17.110,8.490,-2.086,0.720
VN300_2026-07-12_14-41-49_VNINS.csv,lap,7,48560,1214.275013,1.307046,3069.043,22.719,-0.507232,,9.374592,35.52869213,-97.47498159,46.424,17.208,8.404,-1.919,0.730
VN300_2026-07-12_14-41-49_VNINS.csv,lap,7,48561,1214.275013,1.307046,3069.564,23.241,-0.507232,,9.374592,35.52869651,-97.47497953,46.705,17.214,8.215,-1.998,0.730
VN300_2026-07-12_14-41-49_VNINS.csv,lap,7,48562,1214.275013,1.307046,3070.089,23.766,-0.507232,,9.374592,35.52870091,-97.47497743,46.824,17.116,8.085,-1.823,0.730
VN300_2026-07-12_14-41-49_VNINS.csv,lap,7,48563,1214.275013,1.307046,3070.615,24.291,-0.664181,,9.374592,35.52870530,-97.47497527,47.104,17.059,8.119,-1.646,0.730
VN300_2026-07-12_14-41-49_VNINS.csv,lap,7,48564,1214.275013,1.307046,3071.145,24.822,-0.760765,,9.374592,35.52870971,-97.47497304,47.499,16.954,8.328,-1.423,0.730
VN300_2026-07-12_14-41-49_VNINS.csv,lap,7,48565,1214.275013,1.307046,3071.678,25.355,-0.760765,,9.374592,35.52871413,-97.47497076,47.689,16.790,8.625,-1.447,0.730
VN300_2026-07-12_14-41-49_VNINS.csv,lap,7,48566,1214.275013,1.307046,3072.213,25.889,-0.760765,,9.374592,35.52871856,-97.47496846,47.788,16.507,8.933,-1.182,0.730
VN300_2026-07-12_14-41-49_VNINS.csv,lap,7,48567,1214.275013,1.307046,3072.749,26.426,-0.760765,,9.374592,35.52872299,-97.47496611,47.944,16.077,8.982,-1.205,0.730
VN300_2026-07-12_14-41-49_VNINS.csv,lap,7,48568,1214.275013,1.307046,3073.187,26.863,-0.760765,,9.374592,35.52872492,-97.47497032,47.302,15.573,8.862,-0.979,0.730
VN300_2026-07-12_14-41-49_VNINS.csv,lap,7,48569,1214.275013,1.307046,3073.717,27.394,-1.039736,,9.374592,35.52872930,-97.47496800,47.403,15.069,8.640,-0.904,0.730
VN300_2026-07-12_14-41-49_VNINS.csv,lap,7,48570,1214.528529,1.560562,3074.249,27.925,-0.786220,,9.374592,35.52873368,-97.47496564,47.682,14.549,8.393,-0.890,0.730
VN300_2026-07-12_14-41-49_VNINS.csv,lap,7,48571,1214.528529,1.560562,3074.784,28.460,-0.786220,,9.374592,35.52873808,-97.47496325,47.793,14.033,8.305,-0.782,0.730
VN300_2026-07-12_14-41-49_VNINS.csv,lap,7,48572,1214.528529,1.560562,3075.319,28.995,-0.786220,,9.374592,35.52874248,-97.47496086,47.959,13.500,8.392,-0.585,0.730
VN300_2026-07-12_14-41-49_VNINS.csv,lap,7,48573,1214.528529,1.560562,3075.857,29.534,-0.786220,,9.374592,35.52874690,-97.47495843,48.095,12.946,8.534,-0.740,0.730
VN300_2026-07-12_14-41-49_VNINS.csv,lap,7,48574,1214.528529,1.560562,3076.394,30.071,-0.871077,,9.374592,35.52875132,-97.47495603,47.948,12.355,8.596,-0.627,0.730
VN300_2026-07-12_14-41-49_VNINS.csv,lap,7,48575,1214.528529,1.560562,3076.957,30.634,-1.039992,,9.374592,35.52875429,-97.47496107,47.282,11.824,8.639,-0.507,0.720
VN300_2026-07-12_14-41-49_VNINS.csv,lap,7,48576,1214.528529,1.560562,3077.486,31.163,-1.039992,,9.374592,35.52875867,-97.47495880,47.124,11.253,8.571,-0.542,0.730
VN300_2026-07-12_14-41-49_VNINS.csv,lap,7,48577,1214.528529,1.560562,3078.012,31.689,-1.039992,,9.374592,35.52876303,-97.47495655,46.904,10.687,8.446,-0.584,0.730
VN300_2026-07-12_14-41-49_VNINS.csv,lap,7,48578,1214.528529,1.560562,3078.536,32.213,-1.039992,,9.374592,35.52876738,-97.47495431,46.758,10.030,8.335,-0.612,0.730
VN300_2026-07-12_14-41-49_VNINS.csv,lap,7,48579,1214.528529,1.560562,3079.057,32.734,-1.106255,,9.374592,35.52877171,-97.47495211,46.432,9.286,8.204,-0.689,0.730
VN300_2026-07-12_14-41-49_VNINS.csv,lap,7,48580,1214.528529,1.560562,3079.574,33.251,-1.293423,,9.374592,35.52877601,-97.47494994,46.046,8.448,8.113,-0.638,0.730
VN300_2026-07-12_14-41-49_VNINS.csv,lap,7,48581,1214.782305,1.814338,3080.087,33.764,-1.039647,,9.374592,35.52878028,-97.47494780,45.462,7.575,7.993,-0.741,0.730
VN300_2026-07-12_14-41-49_VNINS.csv,lap,7,48582,1214.782305,1.814338,3080.592,34.269,-1.039647,,9.374592,35.52878449,-97.47494570,44.967,6.567,7.893,-0.848,0.730
VN300_2026-07-12_14-41-49_VNINS.csv,lap,7,48583,1214.782305,1.814338,3081.244,34.921,-1.039647,,9.374592,35.52878839,-97.47495108,44.301,5.411,7.927,-0.928,0.720
VN300_2026-07-12_14-41-49_VNINS.csv,lap,7,48584,1214.782305,1.814338,3081.740,35.416,-1.078090,,9.374592,35.52879254,-97.47494909,44.034,4.207,8.006,-1.010,0.720
VN300_2026-07-12_14-41-49_VNINS.csv,lap,7,48585,1214.782305,1.814338,3082.230,35.906,-1.293183,,9.374592,35.52879665,-97.47494713,43.563,2.990,8.019,-0.947,0.730
VN300_2026-07-12_14-41-49_VNINS.csv,lap,7,48586,1214.782305,1.814338,3082.715,36.392,-1.293183,,9.374592,35.52880072,-97.47494520,43.285,1.718,8.001,-1.046,0.730
VN300_2026-07-12_14-41-49_VNINS.csv,lap,7,48587,1214.782305,1.814338,3083.197,36.874,-1.293183,,9.374592,35.52880477,-97.47494330,42.945,0.429,7.968,-1.242,0.730
VN300_2026-07-12_14-41-49_VNINS.csv,lap,7,48588,1214.782305,1.814338,3083.676,37.352,-1.293183,,9.374592,35.52880880,-97.47494144,42.556,-0.844,7.913,-1.388,0.730
VN300_2026-07-12_14-41-49_VNINS.csv,lap,7,48589,1214.782305,1.814338,3084.149,37.825,-1.293183,,9.374592,35.52881279,-97.47493963,42.232,-2.105,7.857,-1.537,0.730
VN300_2026-07-12_14-41-49_VNINS.csv,lap,7,48590,1214.782305,1.814338,3084.620,38.297,-1.560325,,9.374592,35.52881678,-97.47493787,41.999,-3.351,7.786,-1.764,0.730
VN300_2026-07-12_14-41-49_VNINS.csv,lap,7,48591,1215.035783,2.067816,3085.585,39.261,-1.306847,,9.374592,35.52882239,-97.47494600,41.548,-4.626,7.708,-1.976,0.720
VN300_2026-07-12_14-41-49_VNINS.csv,lap,7,48592,1215.035783,2.067816,3086.049,39.725,-1.306847,,9.374592,35.52882637,-97.47494445,41.422,-5.903,7.612,-2.115,0.720
VN300_2026-07-12_14-41-49_VNINS.csv,lap,7,48593,1215.035783,2.067816,3086.509,40.186,-1.306847,,9.374592,35.52883033,-97.47494296,40.971,-7.226,7.538,-2.264,0.730
VN300_2026-07-12_14-41-49_VNINS.csv,lap,7,48594,1215.035783,2.067816,3086.965,40.642,-1.306847,,9.374592,35.52883426,-97.47494153,40.626,-8.549,7.538,-2.525,0.730
VN300_2026-07-12_14-41-49_VNINS.csv,lap,7,48595,1215.035783,2.067816,3087.415,41.092,-1.323761,,9.374592,35.52883815,-97.47494016,40.017,-9.777,7.429,-2.561,0.730
VN300_2026-07-12_14-41-49_VNINS.csv,lap,7,48596,1215.035783,2.067816,3087.861,41.538,-1.560629,,9.374592,35.52884202,-97.47493885,39.787,-11.034,7.365,-2.525,0.730
VN300_2026-07-12_14-41-49_VNINS.csv,lap,7,48597,1215.035783,2.067816,3088.302,41.979,-1.560629,,9.374592,35.52884585,-97.47493759,39.200,-12.199,7.310,-2.597,0.730
VN300_2026-07-12_14-41-49_VNINS.csv,lap,7,48598,1215.035783,2.067816,3088.739,42.416,-1.560629,,9.374592,35.52884965,-97.47493636,38.995,-13.339,7.204,-2.724,0.730
VN300_2026-07-12_14-41-49_VNINS.csv,lap,7,48599,1215.035783,2.067816,3089.754,43.430,-1.560629,,9.374592,35.52885629,-97.47494405,38.618,-14.444,7.118,-2.833,0.720
VN300_2026-07-12_14-41-49_VNINS.csv,lap,7,48600,1215.035783,2.067816,3090.182,43.859,-1.566573,,9.374592,35.52886006,-97.47494306,38.101,-15.540,7.081,-2.965,0.730
VN300_2026-07-12_14-41-49_VNINS.csv,lap,7,48601,1215.312894,2.344927,3090.605,44.282,-1.537148,,9.374592,35.52886379,-97.47494215,37.677,-16.657,7.100,-3.177,0.730
VN300_2026-07-12_14-41-49_VNINS.csv,lap,7,48602,1215.312894,2.344927,3091.023,44.699,-1.537148,,9.374592,35.52886748,-97.47494130,37.116,-17.809,7.196,-3.399,0.730
VN300_2026-07-12_14-41-49_VNINS.csv,lap,7,48603,1215.312894,2.344927,3091.434,45.110,-1.537148,,9.374592,35.52887112,-97.47494052,36.659,-18.883,7.316,-3.423,0.730
VN300_2026-07-12_14-41-49_VNINS.csv,lap,7,48604,1215.312894,2.344927,3091.840,45.517,-1.537148,,9.374592,35.52887473,-97.47493981,36.211,-19.884,7.347,-3.556,0.730
VN300_2026-07-12_14-41-49_VNINS.csv,lap,7,48605,1215.312894,2.344927,3092.242,45.918,-1.537148,,9.374592,35.52887830,-97.47493915,35.898,-20.778,7.299,-3.790,0.730
VN300_2026-07-12_14-41-49_VNINS.csv,lap,7,48606,1215.312894,2.344927,3092.641,46.318,-1.537148,,9.374592,35.52888186,-97.47493852,35.538,-21.579,7.208,-3.879,0.730
VN300_2026-07-12_14-41-49_VNINS.csv,lap,7,48607,1215.312894,2.344927,3093.777,47.453,-1.790748,,9.374592,35.52888947,-97.47494688,35.676,-22.365,7.118,-4.090,0.720
VN300_2026-07-12_14-41-49_VNINS.csv,lap,7,48608,1215.312894,2.344927,3094.176,47.853,-1.790748,,9.374592,35.52889305,-97.47494651,35.583,-23.138,7.032,-4.337,0.730
VN300_2026-07-12_14-41-49_VNINS.csv,lap,7,48609,1215.312894,2.344927,3094.572,48.249,-1.790748,,9.374592,35.52889660,-97.47494613,35.413,-23.909,6.986,-4.344,0.730
VN300_2026-07-12_14-41-49_VNINS.csv,lap,7,48610,1215.312894,2.344927,3094.966,48.643,-1.790748,,9.374592,35.52890013,-97.47494579,35.255,-24.664,6.932,-4.580,0.730
VN300_2026-07-12_14-41-49_VNINS.csv,lap,7,48611,1215.312894,2.344927,3095.358,49.035,-1.790748,,9.374592,35.52890365,-97.47494549,35.043,-25.458,6.921,-4.819,0.730
VN300_2026-07-12_14-41-49_VNINS.csv,lap,7,48612,1215.566729,2.598762,3095.748,49.425,-1.585426,,9.374592,35.52890715,-97.47494523,34.717,-26.200,6.908,-4.801,0.730
VN300_2026-07-12_14-41-49_VNINS.csv,lap,7,48613,1215.566729,2.598762,3096.133,49.810,-1.804154,,9.374592,35.52891061,-97.47494502,34.490,-26.862,6.864,-4.982,0.730
VN300_2026-07-12_14-41-49_VNINS.csv,lap,7,48614,1215.566729,2.598762,3096.517,50.194,-1.804154,,9.374592,35.52891406,-97.47494486,34.233,-27.465,6.763,-5.232,0.730
VN300_2026-07-12_14-41-49_VNINS.csv,lap,7,48615,1215.566729,2.598762,3097.764,51.440,-1.804154,,9.374592,35.52892273,-97.47495359,34.966,-28.008,6.670,-5.322,0.730
VN300_2026-07-12_14-41-49_VNINS.csv,lap,7,48616,1215.566729,2.598762,3098.155,51.832,-1.804154,,9.374592,35.52892625,-97.47495364,34.795,-28.506,6.647,-5.597,0.730
VN300_2026-07-12_14-41-49_VNINS.csv,lap,7,48617,1215.566729,2.598762,3098.541,52.218,-1.804154,,9.374592,35.52892972,-97.47495370,34.421,-28.946,6.614,-5.849,0.730
VN300_2026-07-12_14-41-49_VNINS.csv,lap,7,48618,1215.566729,2.598762,3098.923,52.599,-1.854070,,9.374592,35.52893315,-97.47495381,34.131,-29.230,6.566,-5.969,0.730
VN300_2026-07-12_14-41-49_VNINS.csv,lap,7,48619,1215.566729,2.598762,3099.302,52.979,-2.057901,,9.374592,35.52893656,-97.47495396,33.798,-29.315,6.434,-6.227,0.730
VN300_2026-07-12_14-41-49_VNINS.csv,lap,7,48620,1215.566729,2.598762,3099.676,53.353,-2.057901,,9.374592,35.52893992,-97.47495415,33.514,-29.259,6.285,-6.369,0.730
VN300_2026-07-12_14-41-49_VNINS.csv,lap,7,48621,1215.566729,2.598762,3100.049,53.726,-2.057901,,9.374592,35.52894327,-97.47495435,33.391,-29.051,6.141,-6.547,0.730
VN300_2026-07-12_14-41-49_VNINS.csv,lap,7,48622,1215.820224,2.852257,3100.420,54.096,-1.804406,,9.374592,35.52894660,-97.47495457,33.228,-28.718,6.094,-6.957,0.730
VN300_2026-07-12_14-41-49_VNINS.csv,lap,7,48623,1215.820224,2.852257,3101.730,55.406,-1.933332,,9.374592,35.52895546,-97.47496411,33.923,-28.237,6.105,-7.105,0.730
VN300_2026-07-12_14-41-49_VNINS.csv,lap,7,48624,1215.820224,2.852257,3102.106,55.783,-2.057889,,9.374592,35.52895883,-97.47496452,33.697,-27.578,6.097,-7.298,0.730
VN300_2026-07-12_14-41-49_VNINS.csv,lap,7,48625,1215.820224,2.852257,3102.479,56.156,-2.057889,,9.374592,35.52896217,-97.47496490,33.302,-26.803,6.008,-7.438,0.730
VN300_2026-07-12_14-41-49_VNINS.csv,lap,7,48626,1215.820224,2.852257,3102.848,56.524,-2.057889,,9.374592,35.52896547,-97.47496525,33.000,-26.078,5.924,-7.417,0.730
VN300_2026-07-12_14-41-49_VNINS.csv,lap,7,48627,1215.820224,2.852257,3103.215,56.891,-2.057889,,9.374592,35.52896876,-97.47496559,32.828,-25.396,5.958,-7.633,0.730
VN300_2026-07-12_14-41-49_VNINS.csv,lap,7,48628,1215.820224,2.852257,3103.578,57.255,-2.057889,,9.374592,35.52897202,-97.47496591,32.534,-24.745,6.115,-7.799,0.730
VN300_2026-07-12_14-41-49_VNINS.csv,lap,7,48629,1215.820224,2.852257,3103.938,57.615,-2.057889,,9.374592,35.52897525,-97.47496621,32.273,-24.095,6.360,-7.912,0.730
VN300_2026-07-12_14-41-49_VNINS.csv,lap,7,48630,1215.820224,2.852257,3104.296,57.973,-2.116109,,9.374592,35.52897846,-97.47496647,32.056,-23.402,6.558,-7.924,0.730
VN300_2026-07-12_14-41-49_VNINS.csv,lap,7,48631,1215.820224,2.852257,3105.537,59.214,-2.311465,,9.374592,35.52898797,-97.47497364,32.859,-22.692,6.670,-8.230,0.730
VN300_2026-07-12_14-41-49_VNINS.csv,lap,7,48632,1216.073950,3.105983,3105.903,59.579,-2.057739,,9.374592,35.52899125,-97.47497393,32.715,-21.951,6.762,-8.177,0.730
VN300_2026-07-12_14-41-49_VNINS.csv,lap,7,48633,1216.073950,3.105983,3106.267,59.943,-2.057739,,9.374592,35.52899452,-97.47497417,32.631,-21.139,6.880,-8.147,0.730
VN300_2026-07-12_14-41-49_VNINS.csv,lap,7,48634,1216.073950,3.105983,3106.630,60.306,-2.057739,,9.374592,35.52899778,-97.47497437,32.579,-20.257,7.035,-8.322,0.730
VN300_2026-07-12_14-41-49_VNINS.csv,lap,7,48635,1216.073950,3.105983,3106.993,60.669,-2.166628,,9.374592,35.52900104,-97.47497453,32.464,-19.365,7.246,-8.558,0.730
VN300_2026-07-12_14-41-49_VNINS.csv,lap,7,48636,1216.073950,3.105983,3107.354,61.031,-2.332258,,9.374592,35.52900429,-97.47497465,32.283,-18.473,7.363,-8.391,0.730
VN300_2026-07-12_14-41-49_VNINS.csv,lap,7,48637,1216.073950,3.105983,3107.713,61.390,-2.332258,,9.374592,35.52900752,-97.47497472,32.259,-17.607,7.356,-8.435,0.730
VN300_2026-07-12_14-41-49_VNINS.csv,lap,7,48638,1216.073950,3.105983,3108.074,61.750,-2.332258,,9.374592,35.52901076,-97.47497473,32.216,-16.759,7.352,-8.481,0.740
VN300_2026-07-12_14-41-49_VNINS.csv,lap,7,48639,1216.073950,3.105983,3108.988,62.665,-2.332258,,9.374592,35.52901787,-97.47497981,32.673,-15.868,7.392,-8.390,0.730
VN300_2026-07-12_14-41-49_VNINS.csv,lap,7,48640,1216.073950,3.105983,3109.352,63.028,-2.332258,,9.374592,35.52902114,-97.47497984,32.605,-14.868,7.523,-8.239,0.730
VN300_2026-07-12_14-41-49_VNINS.csv,lap,7,48641,1216.073950,3.105983,3109.714,63.391,-2.332258,,9.374592,35.52902440,-97.47497984,32.423,-13.890,7.665,-8.017,0.730
VN300_2026-07-12_14-41-49_VNINS.csv,lap,7,48642,1216.343062,3.375095,3110.076,63.752,-2.317026,,9.374592,35.52902765,-97.47497977,32.363,-12.989,7.681,-7.983,0.730
VN300_2026-07-12_14-41-49_VNINS.csv,lap,7,48643,1216.343062,3.375095,3110.436,64.113,-2.317026,,9.374592,35.52903089,-97.47497965,32.226,-12.140,7.643,-7.926,0.730
VN300_2026-07-12_14-41-49_VNINS.csv,lap,7,48644,1216.343062,3.375095,3110.794,64.471,-2.317026,,9.374592,35.52903411,-97.47497947,32.188,-11.309,7.551,-7.995,0.730
VN300_2026-07-12_14-41-49_VNINS.csv,lap,7,48645,1216.343062,3.375095,3111.153,64.830,-2.317026,,9.374592,35.52903733,-97.47497924,32.150,-10.430,7.651,-8.036,0.740
VN300_2026-07-12_14-41-49_VNINS.csv,lap,7,48646,1216.343062,3.375095,3111.511,65.188,-2.317026,,9.374592,35.52904054,-97.47497897,32.078,-9.533,7.877,-7.606,0.740
VN300_2026-07-12_14-41-49_VNINS.csv,lap,7,48647,1216.343062,3.375095,3111.869,65.546,-2.317026,,9.374592,35.52904375,-97.47497864,32.055,-8.597,8.165,-7.493,0.740
VN300_2026-07-12_14-41-49_VNINS.csv,lap,7,48648,1216.343062,3.375095,3112.711,66.388,-2.570479,,9.374592,35.52905079,-97.47498207,32.402,-7.716,8.496,-7.476,0.730
VN300_2026-07-12_14-41-49_VNINS.csv,lap,7,48649,1216.343062,3.375095,3113.073,66.749,-2.570479,,9.374592,35.52905403,-97.47498174,32.139,-6.964,8.586,-7.504,0.730
VN300_2026-07-12_14-41-49_VNINS.csv,lap,7,48650,1216.343062,3.375095,3113.430,67.107,-2.570479,,9.374592,35.52905723,-97.47498135,31.961,-6.311,8.520,-7.368,0.730
VN300_2026-07-12_14-41-49_VNINS.csv,lap,7,48651,1216.343062,3.375095,3113.786,67.463,-2.570479,,9.374592,35.52906041,-97.47498090,31.915,-5.717,8.396,-7.377,0.740
VN300_2026-07-12_14-41-49_VNINS.csv,lap,7,48652,1216.343062,3.375095,3114.143,67.819,-2.570479,,9.374592,35.52906359,-97.47498040,31.851,-5.125,8.343,-7.453,0.740
VN300_2026-07-12_14-41-49_VNINS.csv,lap,7,48653,1216.596912,3.628945,3114.497,68.174,-2.316629,,9.374592,35.52906675,-97.47497987,31.761,-4.481,8.404,-7.203,0.740
VN300_2026-07-12_14-41-49_VNINS.csv,lap,7,48654,1216.596912,3.628945,3114.852,68.528,-2.316629,,9.374592,35.52906990,-97.47497928,31.731,-3.715,8.655,-7.132,0.740
VN300_2026-07-12_14-41-49_VNINS.csv,lap,7,48655,1216.596912,3.628945,3115.568,69.244,-2.570478,,9.374592,35.52907616,-97.47498113,31.993,-2.935,8.951,-7.136,0.730
VN300_2026-07-12_14-41-49_VNINS.csv,lap,7,48656,1216.596912,3.628945,3115.925,69.601,-2.570478,,9.374592,35.52907933,-97.47498050,31.837,-2.195,9.183,-7.035,0.730
VN300_2026-07-12_14-41-49_VNINS.csv,lap,7,48657,1216.596912,3.628945,3116.280,69.957,-2.570478,,9.374592,35.52908248,-97.47497983,31.723,-1.438,9.380,-6.780,0.730
VN300_2026-07-12_14-41-49_VNINS.csv,lap,7,48658,1216.596912,3.628945,3116.633,70.310,-2.570478,,9.374592,35.52908560,-97.47497910,31.683,-0.738,9.403,-6.712,0.740
VN300_2026-07-12_14-41-49_VNINS.csv,lap,7,48659,1216.596912,3.628945,3116.988,70.664,-2.570478,,9.374592,35.52908872,-97.47497830,31.645,-0.042,9.393,-6.840,0.740
VN300_2026-07-12_14-41-49_VNINS.csv,lap,7,48660,1216.596912,3.628945,3117.340,71.017,-2.570478,,9.374592,35.52909182,-97.47497747,31.506,0.679,9.400,-6.702,0.740
VN300_2026-07-12_14-41-49_VNINS.csv,lap,7,48661,1216.596912,3.628945,3117.693,71.370,-2.578814,,9.374592,35.52909491,-97.47497660,31.525,1.450,9.411,-6.437,0.740
VN300_2026-07-12_14-41-49_VNINS.csv,lap,7,48662,1216.596912,3.628945,3118.045,71.722,-2.835959,,9.374592,35.52909799,-97.47497569,31.557,2.291,9.446,-6.396,0.740
VN300_2026-07-12_14-41-49_VNINS.csv,lap,7,48663,1216.850440,3.882473,3118.670,72.347,-2.582431,,9.374592,35.52910359,-97.47497626,31.789,3.116,9.523,-6.479,0.730
VN300_2026-07-12_14-41-49_VNINS.csv,lap,7,48664,1216.850440,3.882473,3119.024,72.701,-2.582431,,9.374592,35.52910668,-97.47497531,31.802,3.968,9.575,-6.232,0.730
VN300_2026-07-12_14-41-49_VNINS.csv,lap,7,48665,1216.850440,3.882473,3119.380,73.056,-2.582431,,9.374592,35.52910977,-97.47497430,31.822,4.853,9.641,-6.182,0.730
VN300_2026-07-12_14-41-49_VNINS.csv,lap,7,48666,1216.850440,3.882473,3119.736,73.413,-2.582431,,9.374592,35.52911286,-97.47497325,31.864,5.737,9.771,-6.170,0.740
VN300_2026-07-12_14-41-49_VNINS.csv,lap,7,48667,1216.850440,3.882473,3120.092,73.768,-2.668332,,9.374592,35.52911593,-97.47497216,31.851,6.624,9.911,-6.251,0.740
VN300_2026-07-12_14-41-49_VNINS.csv,lap,7,48668,1216.850440,3.882473,3120.448,74.124,-2.835959,,9.374592,35.52911900,-97.47497104,31.840,7.527,10.034,-5.975,0.740
VN300_2026-07-12_14-41-49_VNINS.csv,lap,7,48669,1216.850440,3.882473,3120.804,74.480,-2.835959,,9.374592,35.52912206,-97.47496988,31.863,8.412,10.101,-5.877,0.740
VN300_2026-07-12_14-41-49_VNINS.csv,lap,7,48670,1216.850440,3.882473,3121.160,74.837,-2.835959,,9.374592,35.52912511,-97.47496867,31.927,9.253,10.134,-5.864,0.740
VN300_2026-07-12_14-41-49_VNINS.csv,lap,7,48671,1216.850440,3.882473,3121.721,75.397,-2.835959,,9.374592,35.52913009,-97.47496771,32.178,10.124,10.178,-5.802,0.730
VN300_2026-07-12_14-41-49_VNINS.csv,lap,7,48672,1216.850440,3.882473,3122.080,75.757,-2.835959,,9.374592,35.52913315,-97.47496643,32.156,11.036,10.240,-5.626,0.730
VN300_2026-07-12_14-41-49_VNINS.csv,lap,7,48673,1217.104029,4.136062,3122.440,76.117,-2.582370,,9.374592,35.52913621,-97.47496512,32.222,11.957,10.325,-5.627,0.740
VN300_2026-07-12_14-41-49_VNINS.csv,lap,7,48674,1217.104029,4.136062,3122.800,76.477,-2.836198,,9.374592,35.52913925,-97.47496376,32.201,12.879,10.407,-5.560,0.740
VN300_2026-07-12_14-41-49_VNINS.csv,lap,7,48675,1217.104029,4.136062,3123.160,76.837,-2.836198,,9.374592,35.52914228,-97.47496236,32.196,13.811,10.474,-5.236,0.740
VN300_2026-07-12_14-41-49_VNINS.csv,lap,7,48676,1217.104029,4.136062,3123.521,77.198,-2.836198,,9.374592,35.52914530,-97.47496090,32.202,14.741,10.516,-5.079,0.740
VN300_2026-07-12_14-41-49_VNINS.csv,lap,7,48677,1217.104029,4.136062,3123.881,77.558,-2.836198,,9.374592,35.52914830,-97.47495940,32.187,15.622,10.570,-4.997,0.740
VN300_2026-07-12_14-41-49_VNINS.csv,lap,7,48678,1217.104029,4.136062,3124.241,77.917,-2.836198,,9.374592,35.52915128,-97.47495786,32.138,16.435,10.608,-4.829,0.740
VN300_2026-07-12_14-41-49_VNINS.csv,lap,7,48679,1217.104029,4.136062,3124.755,78.431,-2.836198,,9.374592,35.52915530,-97.47495505,32.317,17.140,10.654,-4.512,0.730
VN300_2026-07-12_14-41-49_VNINS.csv,lap,7,48680,1217.104029,4.136062,3125.114,78.791,-2.836198,,9.374592,35.52915825,-97.47495342,32.060,17.699,10.628,-4.237,0.730
VN300_2026-07-12_14-41-49_VNINS.csv,lap,7,48681,1217.104029,4.136062,3125.471,79.148,-3.089754,,9.374592,35.52916116,-97.47495177,31.721,18.053,10.507,-4.061,0.740
VN300_2026-07-12_14-41-49_VNINS.csv,lap,7,48682,1217.104029,4.136062,3125.824,79.500,-3.089754,,9.374592,35.52916402,-97.47495008,31.576,18.218,10.349,-3.770,0.740
VN300_2026-07-12_14-41-49_VNINS.csv,lap,7,48683,1217.371053,4.403086,3126.176,79.852,-2.822730,,9.374592,35.52916686,-97.47494836,31.369,18.197,10.255,-3.568,0.740
VN300_2026-07-12_14-41-49_VNINS.csv,lap,7,48684,1217.371053,4.403086,3126.524,80.201,-2.822730,,9.374592,35.52916966,-97.47494663,31.125,17.994,10.207,-3.417,0.740
VN300_2026-07-12_14-41-49_VNINS.csv,lap,7,48685,1217.371053,4.403086,3126.871,80.547,-2.822730,,9.374592,35.52917244,-97.47494490,30.850,17.605,10.185,-3.388,0.740
VN300_2026-07-12_14-41-49_VNINS.csv,lap,7,48686,1217.371053,4.403086,3127.214,80.891,-2.822730,,9.374592,35.52917519,-97.47494318,30.584,17.057,10.179,-3.386,0.740
VN300_2026-07-12_14-41-49_VNINS.csv,lap,7,48687,1217.371053,4.403086,3127.709,81.386,-3.098903,,9.374592,35.52917900,-97.47494034,30.546,16.453,10.246,-3.397,0.730
VN300_2026-07-12_14-41-49_VNINS.csv,lap,7,48688,1217.371053,4.403086,3128.049,81.725,-3.098903,,9.374592,35.52918171,-97.47493862,30.249,15.891,10.315,-3.507,0.730
VN300_2026-07-12_14-41-49_VNINS.csv,lap,7,48689,1217.371053,4.403086,3128.384,82.061,-3.098903,,9.374592,35.52918439,-97.47493692,29.921,15.396,10.334,-3.537,0.730
VN300_2026-07-12_14-41-49_VNINS.csv,lap,7,48690,1217.371053,4.403086,3128.716,82.393,-3.098903,,9.374592,35.52918705,-97.47493525,29.625,14.934,10.351,-3.426,0.740
VN300_2026-07-12_14-41-49_VNINS.csv,lap,7,48691,1217.371053,4.403086,3129.044,82.721,-3.098903,,9.374592,35.52918968,-97.47493361,29.273,14.384,10.354,-3.441,0.740
VN300_2026-07-12_14-41-49_VNINS.csv,lap,7,48692,1217.371053,4.403086,3129.368,83.045,-3.098903,,9.374592,35.52919229,-97.47493201,28.800,13.680,10.251,-3.435,0.740
VN300_2026-07-12_14-41-49_VNINS.csv,lap,7,48693,1217.371053,4.403086,3129.687,83.363,-3.208179,,9.374592,35.52919486,-97.47493046,28.442,12.888,10.077,-3.499,0.740
VN300_2026-07-12_14-41-49_VNINS.csv,lap,7,48694,1217.624864,4.656897,3130.001,83.677,-3.098967,,9.374592,35.52919741,-97.47492897,28.016,11.976,9.915,-3.510,0.740
VN300_2026-07-12_14-41-49_VNINS.csv,lap,7,48695,1217.624864,4.656897,3130.562,84.239,-3.098967,,9.374592,35.52920240,-97.47492993,27.825,10.944,9.795,-3.437,0.730
VN300_2026-07-12_14-41-49_VNINS.csv,lap,7,48696,1217.624864,4.656897,3130.871,84.548,-3.098967,,9.374592,35.52920495,-97.47492857,27.574,9.746,9.691,-3.535,0.730
VN300_2026-07-12_14-41-49_VNINS.csv,lap,7,48697,1217.624864,4.656897,3131.176,84.852,-3.098967,,9.374592,35.52920747,-97.47492726,27.222,8.419,9.591,-3.685,0.730
VN300_2026-07-12_14-41-49_VNINS.csv,lap,7,48698,1217.624864,4.656897,3131.476,85.153,-3.098967,,9.374592,35.52920998,-97.47492602,26.850,7.048,9.479,-3.838,0.740
VN300_2026-07-12_14-41-49_VNINS.csv,lap,7,48699,1217.624864,4.656897,3131.773,85.450,-3.125392,,9.374592,35.52921247,-97.47492484,26.504,5.650,9.368,-4.010,0.740
VN300_2026-07-12_14-41-49_VNINS.csv,lap,7,48700,1217.624864,4.656897,3132.065,85.742,-3.283351,,9.374592,35.52921494,-97.47492374,26.128,4.209,9.263,-4.047,0.740
VN300_2026-07-12_14-41-49_VNINS.csv,lap,7,48701,1217.624864,4.656897,3132.353,86.029,-3.352401,,9.374592,35.52921738,-97.47492270,25.825,2.794,9.177,-4.256,0.740
VN300_2026-07-12_14-41-49_VNINS.csv,lap,7,48702,1217.624864,4.656897,3132.637,86.313,-3.352401,,9.374592,35.52921981,-97.47492173,25.421,1.411,9.082,-4.602,0.740
VN300_2026-07-12_14-41-49_VNINS.csv,lap,7,48703,1217.624864,4.656897,3133.338,87.015,-3.352401,,9.374592,35.52922600,-97.47492323,25.411,0.059,8.963,-4.632,0.730
VN300_2026-07-12_14-41-49_VNINS.csv,lap,7,48704,1217.878394,4.910427,3133.617,87.294,-3.098871,,9.374592,35.52922843,-97.47492247,25.079,-1.301,8.882,-4.840,0.730
VN300_2026-07-12_14-41-49_VNINS.csv,lap,7,48705,1217.878394,4.910427,3133.893,87.570,-3.098871,,9.374592,35.52923085,-97.47492177,24.722,-2.588,8.792,-5.221,0.730
VN300_2026-07-12_14-41-49_VNINS.csv,lap,7,48706,1217.878394,4.910427,3134.165,87.842,-3.189449,,9.374592,35.52923324,-97.47492116,24.316,-3.783,8.673,-5.442,0.740
VN300_2026-07-12_14-41-49_VNINS.csv,lap,7,48707,1217.878394,4.910427,3134.432,88.108,-3.352381,,9.374592,35.52923560,-97.47492064,23.935,-5.005,8.588,-5.553,0.740
VN300_2026-07-12_14-41-49_VNINS.csv,lap,7,48708,1217.878394,4.910427,3134.694,88.370,-3.352381,,9.374592,35.52923793,-97.47492019,23.589,-6.256,8.578,-5.658,0.740
VN300_2026-07-12_14-41-49_VNINS.csv,lap,7,48709,1217.878394,4.910427,3134.953,88.630,-3.352381,,9.374592,35.52924024,-97.47491981,23.224,-7.386,8.438,-5.946,0.740
VN300_2026-07-12_14-41-49_VNINS.csv,lap,7,48710,1217.878394,4.910427,3135.207,88.884,-3.352381,,9.374592,35.52924251,-97.47491950,22.870,-8.428,8.205,-6.364,0.740
VN300_2026-07-12_14-41-49_VNINS.csv,lap,7,48711,1217.878394,4.910427,3135.993,89.669,-3.352381,,9.374592,35.52924950,-97.47492077,23.184,-9.457,7.953,-6.632,0.730
VN300_2026-07-12_14-41-49_VNINS.csv,lap,7,48712,1217.878394,4.910427,3136.246,89.923,-3.384154,,9.374592,35.52925178,-97.47492064,22.873,-10.467,7.752,-6.742,0.730
VN300_2026-07-12_14-41-49_VNINS.csv,lap,7,48713,1217.878394,4.910427,3136.496,90.172,-3.629447,,9.374592,35.52925402,-97.47492058,22.572,-11.442,7.571,-6.774,0.740
VN300_2026-07-12_14-41-49_VNINS.csv,lap,7,48714,1217.878394,4.910427,3136.742,90.419,-3.629447,,9.374592,35.52925624,-97.47492058,22.365,-12.378,7.361,-7.044,0.740
VN300_2026-07-12_14-41-49_VNINS.csv,lap,7,48715,1218.132212,5.164245,3136.986,90.663,-3.375629,,9.374592,35.52925843,-97.47492064,22.072,-13.299,7.180,-7.253,0.740
VN300_2026-07-12_14-41-49_VNINS.csv,lap,7,48716,1218.132212,5.164245,3137.226,90.903,-3.375629,,9.374592,35.52926059,-97.47492078,21.875,-14.202,7.026,-7.314,0.740
VN300_2026-07-12_14-41-49_VNINS.csv,lap,7,48717,1218.132212,5.164245,3137.465,91.142,-3.375629,,9.374592,35.52926273,-97.47492096,21.884,-15.080,6.907,-7.598,0.740
VN300_2026-07-12_14-41-49_VNINS.csv,lap,7,48718,1218.132212,5.164245,3137.704,91.381,-3.375629,,9.374592,35.52926487,-97.47492122,21.842,-16.017,6.798,-7.874,0.740
VN300_2026-07-12_14-41-49_VNINS.csv,lap,7,48719,1218.132212,5.164245,3138.562,92.239,-3.604413,,9.374592,35.52927252,-97.47492247,22.733,-17.012,6.777,-7.979,0.730
VN300_2026-07-12_14-41-49_VNINS.csv,lap,7,48720,1218.132212,5.164245,3138.811,92.488,-3.629540,,9.374592,35.52927473,-97.47492291,22.777,-18.029,6.728,-8.012,0.730
VN300_2026-07-12_14-41-49_VNINS.csv,lap,7,48721,1218.132212,5.164245,3139.060,92.737,-3.629540,,9.374592,35.52927693,-97.47492342,22.854,-19.009,6.643,-8.093,0.740
VN300_2026-07-12_14-41-49_VNINS.csv,lap,7,48722,1218.132212,5.164245,3139.311,92.988,-3.629540,,9.374592,35.52927914,-97.47492400,22.950,-19.963,6.509,-8.308,0.740
VN300_2026-07-12_14-41-49_VNINS.csv,lap,7,48723,1218.132212,5.164245,3139.562,93.238,-3.629540,,9.374592,35.52928133,-97.47492464,23.000,-20.877,6.341,-8.532,0.740
VN300_2026-07-12_14-41-49_VNINS.csv,lap,7,48724,1218.132212,5.164245,3139.814,93.490,-3.629540,,9.374592,35.52928352,-97.47492535,23.074,-21.706,6.124,-8.491,0.740
VN300_2026-07-12_14-41-49_VNINS.csv,lap,7,48725,1218.409333,5.441366,3140.066,93.742,-3.352419,,9.374592,35.52928570,-97.47492612,23.169,-22.497,5.916,-8.512,0.740
VN300_2026-07-12_14-41-49_VNINS.csv,lap,7,48726,1218.409333,5.441366,3140.318,93.995,-3.352419,,9.374592,35.52928787,-97.47492695,23.251,-23.271,5.721,-8.721,0.740
VN300_2026-07-12_14-41-49_VNINS.csv,lap,7,48727,1218.409333,5.441366,3141.221,94.897,-3.606262,,9.374592,35.52929595,-97.47492784,24.178,-24.015,5.552,-8.735,0.730
VN300_2026-07-12_14-41-49_VNINS.csv,lap,7,48728,1218.409333,5.441366,3141.490,95.167,-3.606262,,9.374592,35.52929825,-97.47492878,24.417,-24.709,5.440,-8.793,0.740
VN300_2026-07-12_14-41-49_VNINS.csv,lap,7,48729,1218.409333,5.441366,3141.759,95.436,-3.606262,,9.374592,35.52930054,-97.47492974,24.581,-25.334,5.329,-8.975,0.740
VN300_2026-07-12_14-41-49_VNINS.csv,lap,7,48730,1218.409333,5.441366,3142.029,95.705,-3.606262,,9.374592,35.52930282,-97.47493075,24.740,-25.848,5.226,-9.100,0.740
VN300_2026-07-12_14-41-49_VNINS.csv,lap,7,48731,1218.409333,5.441366,3142.300,95.977,-3.606262,,9.374592,35.52930510,-97.47493183,24.910,-26.301,5.162,-9.139,0.740
VN300_2026-07-12_14-41-49_VNINS.csv,lap,7,48732,1218.409333,5.441366,3142.574,96.251,-3.717833,,9.374592,35.52930738,-97.47493297,25.067,-26.656,5.080,-9.220,0.740
VN300_2026-07-12_14-41-49_VNINS.csv,lap,7,48733,1218.409333,5.441366,3142.849,96.526,-3.859705,,9.374592,35.52930966,-97.47493415,25.304,-26.933,5.017,-9.391,0.740
VN300_2026-07-12_14-41-49_VNINS.csv,lap,7,48734,1218.409333,5.441366,3143.127,96.804,-3.859705,,9.374592,35.52931195,-97.47493538,25.487,-27.194,5.100,-9.456,0.740
VN300_2026-07-12_14-41-49_VNINS.csv,lap,7,48735,1218.409333,5.441366,3144.131,97.807,-3.859705,,9.374592,35.52932096,-97.47493605,26.709,-27.419,5.261,-9.590,0.740
VN300_2026-07-12_14-41-49_VNINS.csv,lap,7,48736,1218.663218,5.695251,3144.425,98.102,-3.871880,,9.374592,35.52932339,-97.47493735,26.925,-27.560,5.410,-9.721,0.740
VN300_2026-07-12_14-41-49_VNINS.csv,lap,7,48737,1218.663218,5.695251,3144.725,98.401,-3.871880,,9.374592,35.52932586,-97.47493866,27.197,-27.619,5.550,-9.894,0.740
VN300_2026-07-12_14-41-49_VNINS.csv,lap,7,48738,1218.663218,5.695251,3145.024,98.701,-3.871880,,9.374592,35.52932833,-97.47493999,27.296,-27.634,5.585,-9.979,0.740
VN300_2026-07-12_14-41-49_VNINS.csv,lap,7,48739,1218.663218,5.695251,3145.326,99.003,-3.871880,,9.374592,35.52933081,-97.47494135,27.499,-27.614,5.473,-10.102,0.740
VN300_2026-07-12_14-41-49_VNINS.csv,lap,7,48740,1218.663218,5.695251,3145.631,99.308,-3.871880,,9.374592,35.52933331,-97.47494273,27.717,-27.554,5.260,-10.277,0.740
VN300_2026-07-12_14-41-49_VNINS.csv,lap,7,48741,1218.663218,5.695251,3145.938,99.615,-3.923585,,9.374592,35.52933583,-97.47494411,27.946,-27.518,5.082,-10.344,0.740
VN300_2026-07-12_14-41-49_VNINS.csv,lap,7,48742,1218.663218,5.695251,3146.248,99.924,-4.112319,,9.374592,35.52933838,-97.47494549,28.176,-27.529,4.947,-10.283,0.740
VN300_2026-07-12_14-41-49_VNINS.csv,lap,7,48743,1218.663218,5.695251,3146.278,99.955,,GPS uncertainty 100.0 m > 4.0 m,9.374592,35.52933813,-97.47494535,28.144,-27.577,4.901,-10.290,99.990
VN300_2026-07-12_14-41-49_VNINS.csv,lap,7,48744,1218.663218,5.695251,3146.278,99.955,,GPS uncertainty 100.0 m > 4.0 m,9.374592,35.52933813,-97.47494535,28.144,-27.687,4.969,-10.424,99.990
VN300_2026-07-12_14-41-49_VNINS.csv,lap,7,48745,1218.663218,5.695251,3146.278,99.955,,GPS uncertainty 100.0 m > 4.0 m,9.374592,35.52933813,-97.47494535,28.144,-27.860,5.109,-10.405,99.990
VN300_2026-07-12_14-41-49_VNINS.csv,lap,7,48746,1218.916635,5.948668,3146.278,99.955,,GPS uncertainty 100.0 m > 4.0 m,9.374592,35.52933813,-97.47494535,28.144,-28.059,5.281,-10.374,99.990
VN300_2026-07-12_14-41-49_VNINS.csv,lap,7,48747,1218.916635,5.948668,3146.278,99.955,,GPS uncertainty 100.0 m > 4.0 m,9.374592,35.52933813,-97.47494535,28.144,-28.207,5.334,-10.322,99.990
VN300_2026-07-12_14-41-49_VNINS.csv,lap,7,48748,1218.916635,5.948668,3146.278,99.955,,GPS uncertainty 100.0 m > 4.0 m,9.374592,35.52933813,-97.47494535,28.144,-28.297,5.259,-10.327,99.990
VN300_2026-07-12_14-41-49_VNINS.csv,lap,7,48749,1218.916635,5.948668,3146.278,99.955,,GPS uncertainty 100.0 m > 4.0 m,9.374592,35.52933813,-97.47494535,28.144,-28.338,5.169,-10.369,99.990
VN300_2026-07-12_14-41-49_VNINS.csv,lap,7,48750,1218.916635,5.948668,3146.278,99.955,,GPS uncertainty 100.0 m > 4.0 m,9.374592,35.52933813,-97.47494535,28.144,-28.336,5.085,-10.476,99.990
VN300_2026-07-12_14-41-49_VNINS.csv,lap,7,48751,1218.916635,5.948668,3146.278,99.955,,GPS uncertainty 100.0 m > 4.0 m,9.374592,35.52933813,-97.47494535,28.144,-28.319,5.020,-10.442,99.990
VN300_2026-07-12_14-41-49_VNINS.csv,lap,7,48752,1218.916635,5.948668,3146.278,99.955,,GPS uncertainty 100.0 m > 4.0 m,9.374592,35.52933813,-97.47494535,28.144,-28.292,5.083,-10.394,99.990
VN300_2026-07-12_14-41-49_VNINS.csv,lap,7,48753,1218.916635,5.948668,3146.278,99.955,,GPS uncertainty 100.0 m > 4.0 m,9.374592,35.52933813,-97.47494535,28.144,-28.242,5.142,-10.500,99.990
VN300_2026-07-12_14-41-49_VNINS.csv,lap,7,48754,1218.916635,5.948668,3146.278,99.955,,GPS uncertainty 100.0 m > 4.0 m,9.374592,35.52933813,-97.47494535,28.144,-28.162,5.167,-10.551,99.990
VN300_2026-07-12_14-41-49_VNINS.csv,lap,7,48755,1218.916635,5.948668,3146.278,99.955,,GPS uncertainty 100.0 m > 4.0 m,9.374592,35.52933813,-97.47494535,28.144,-28.034,5.205,-10.519,99.990
VN300_2026-07-12_14-41-49_VNINS.csv,lap,7,48756,1219.170171,6.202204,3146.278,99.955,,GPS uncertainty 100.0 m > 4.0 m,9.374592,35.52933813,-97.47494535,28.144,-27.841,5.217,-10.625,99.990
VN300_2026-07-12_14-41-49_VNINS.csv,lap,7,48757,1219.170171,6.202204,3146.278,99.955,,GPS uncertainty 100.0 m > 4.0 m,9.374592,35.52933813,-97.47494535,28.144,-27.616,5.201,-10.763,99.990
VN300_2026-07-12_14-41-49_VNINS.csv,lap,7,48758,1219.170171,6.202204,3146.278,99.955,,GPS uncertainty 100.0 m > 4.0 m,9.374592,35.52933813,-97.47494535,28.144,-27.387,5.299,-10.691,99.990
VN300_2026-07-12_14-41-49_VNINS.csv,lap,7,48759,1219.170171,6.202204,3146.278,99.955,,GPS uncertainty 100.0 m > 4.0 m,9.374592,35.52933813,-97.47494535,28.144,-27.136,5.392,-10.823,99.990
VN300_2026-07-12_14-41-49_VNINS.csv,lap,7,48760,1219.170171,6.202204,3146.278,99.955,,GPS uncertainty 100.0 m > 4.0 m,9.374592,35.52933813,-97.47494535,28.144,-26.869,5.470,-11.016,99.990
VN300_2026-07-12_14-41-49_VNINS.csv,lap,7,48761,1219.170171,6.202204,3146.278,99.955,,GPS uncertainty 100.0 m > 4.0 m,9.374592,35.52933813,-97.47494535,28.144,-26.556,5.560,-11.038,99.990
VN300_2026-07-12_14-41-49_VNINS.csv,lap,7,48762,1219.170171,6.202204,3146.278,99.955,,GPS uncertainty 100.0 m > 4.0 m,9.374592,35.52933813,-97.47494535,28.144,-26.216,5.680,-10.977,99.990
VN300_2026-07-12_14-41-49_VNINS.csv,lap,7,48763,1219.170171,6.202204,3146.278,99.955,,GPS uncertainty 100.0 m > 4.0 m,9.374592,35.52933813,-97.47494535,28.144,-25.839,5.811,-11.158,99.990
VN300_2026-07-12_14-41-49_VNINS.csv,lap,7,48764,1219.170171,6.202204,3146.278,99.955,,GPS uncertainty 100.0 m > 4.0 m,9.374592,35.52933813,-97.47494535,28.144,-25.389,5.951,-11.084,99.990
VN300_2026-07-12_14-41-49_VNINS.csv,lap,7,48765,1219.170171,6.202204,3146.278,99.955,,GPS uncertainty 100.0 m > 4.0 m,9.374592,35.52933813,-97.47494535,28.144,-24.862,6.037,-10.883,99.990
VN300_2026-07-12_14-41-49_VNINS.csv,lap,7,48766,1219.448322,6.480355,3146.278,99.955,,GPS uncertainty 100.0 m > 4.0 m,9.374592,35.52933813,-97.47494535,28.144,-24.244,6.120,-10.926,99.990
VN300_2026-07-12_14-41-49_VNINS.csv,lap,7,48767,1219.448322,6.480355,3146.278,99.955,,GPS uncertainty 100.0 m > 4.0 m,9.374592,35.52933813,-97.47494535,28.144,-23.574,6.136,-10.927,99.990
VN300_2026-07-12_14-41-49_VNINS.csv,lap,7,48768,1219.448322,6.480355,3146.278,99.955,,GPS uncertainty 100.0 m > 4.0 m,9.374592,35.52933813,-97.47494535,28.144,-22.836,6.092,-10.824,99.990
VN300_2026-07-12_14-41-49_VNINS.csv,lap,7,48769,1219.448322,6.480355,3146.278,99.955,,GPS uncertainty 100.0 m > 4.0 m,9.374592,35.52933813,-97.47494535,28.144,-21.976,6.187,-10.959,99.990
VN300_2026-07-12_14-41-49_VNINS.csv,lap,7,48770,1219.448322,6.480355,3146.278,99.955,,GPS uncertainty 100.0 m > 4.0 m,9.374592,35.52933813,-97.47494535,28.144,-21.022,6.379,-10.978,99.990
VN300_2026-07-12_14-41-49_VNINS.csv,lap,7,48771,1219.448322,6.480355,3146.278,99.955,,GPS uncertainty 100.0 m > 4.0 m,9.374592,35.52933813,-97.47494535,28.144,-20.007,6.599,-10.906,99.990
VN300_2026-07-12_14-41-49_VNINS.csv,lap,7,48772,1219.448322,6.480355,3146.278,99.955,,GPS uncertainty 100.0 m > 4.0 m,9.374592,35.52933813,-97.47494535,28.144,-18.921,6.867,-10.899,99.990
VN300_2026-07-12_14-41-49_VNINS.csv,lap,7,48773,1219.448322,6.480355,3146.278,99.955,,GPS uncertainty 100.0 m > 4.0 m,9.374592,35.52933813,-97.47494535,28.144,-17.816,7.141,-10.944,99.990
VN300_2026-07-12_14-41-49_VNINS.csv,lap,7,48774,1219.448322,6.480355,3146.278,99.955,,GPS uncertainty 100.0 m > 4.0 m,9.374592,35.52933813,-97.47494535,28.144,-16.722,7.370,-10.980,99.990
VN300_2026-07-12_14-41-49_VNINS.csv,lap,7,48775,1219.448322,6.480355,3146.278,99.955,,GPS uncertainty 100.0 m > 4.0 m,9.374592,35.52933813,-97.47494535,28.144,-15.592,7.640,-10.927,99.990
VN300_2026-07-12_14-41-49_VNINS.csv,lap,7,48776,1219.448322,6.480355,3160.671,114.347,,GPS uncertainty 100.0 m > 4.0 m,9.374592,35.52946312,-97.47498667,37.975,-14.481,7.958,-10.755,99.990
VN300_2026-07-12_14-41-49_VNINS.csv,lap,7,48777,1219.702172,6.734205,3161.099,114.776,,GPS uncertainty 100.0 m > 4.0 m,9.374592,35.52946697,-97.47498690,38.302,-13.464,8.206,-10.636,99.990
VN300_2026-07-12_14-41-49_VNINS.csv,lap,7,48778,1219.702172,6.734205,3161.531,115.208,,GPS uncertainty 100.0 m > 4.0 m,9.374592,35.52947085,-97.47498710,38.652,-12.516,8.419,-10.469,99.990
VN300_2026-07-12_14-41-49_VNINS.csv,lap,7,48779,1219.702172,6.734205,3161.967,115.644,,GPS uncertainty 100.0 m > 4.0 m,9.374592,35.52947477,-97.47498727,39.070,-11.618,8.646,-10.332,99.990
VN300_2026-07-12_14-41-49_VNINS.csv,lap,7,48780,1219.702172,6.734205,3162.407,116.083,,GPS uncertainty 100.0 m > 4.0 m,9.374592,35.52947872,-97.47498743,39.253,-10.843,8.798,-10.198,99.990
VN300_2026-07-12_14-41-49_VNINS.csv,lap,7,48781,1219.702172,6.734205,3162.845,116.522,,GPS uncertainty 100.0 m > 4.0 m,9.374592,35.52948266,-97.47498760,39.532,-10.167,8.848,-10.204,99.990
VN300_2026-07-12_14-41-49_VNINS.csv,lap,7,48782,1219.702172,6.734205,3163.289,116.966,,GPS uncertainty 100.0 m > 4.0 m,9.374592,35.52948665,-97.47498772,39.825,-9.609,8.830,-10.257,99.990
VN300_2026-07-12_14-41-49_VNINS.csv,lap,7,48783,1219.702172,6.734205,3163.737,117.414,,GPS uncertainty 100.0 m > 4.0 m,9.374592,35.52949059,-97.47498666,36.056,-9.086,8.859,-10.047,99.990
VN300_2026-07-12_14-41-49_VNINS.csv,lap,7,48784,1219.702172,6.734205,3164.143,117.820,,GPS uncertainty 100.0 m > 4.0 m,9.374592,35.52949423,-97.47498631,36.255,-8.648,8.790,-9.865,99.990
VN300_2026-07-12_14-41-49_VNINS.csv,lap,7,48785,1219.702172,6.734205,3164.553,118.230,,GPS uncertainty 100.0 m > 4.0 m,9.374592,35.52949790,-97.47498591,36.772,-8.235,8.779,-9.976,99.990
VN300_2026-07-12_14-41-49_VNINS.csv,lap,7,48786,1219.702172,6.734205,3164.969,118.646,,GPS uncertainty 100.0 m > 4.0 m,9.374592,35.52950162,-97.47498545,37.183,-7.778,8.987,-10.297,99.990
VN300_2026-07-12_14-41-49_VNINS.csv,lap,7,48787,1219.955690,6.987723,3165.388,119.065,,GPS uncertainty 100.0 m > 4.0 m,9.374592,35.52950537,-97.47498495,37.488,-7.196,9.411,-10.420,99.990
VN300_2026-07-12_14-41-49_VNINS.csv,lap,7,48788,1219.955690,6.987723,3165.809,119.486,,GPS uncertainty 100.0 m > 4.0 m,9.374592,35.52950913,-97.47498443,37.794,-6.578,9.874,-10.052,99.990
VN300_2026-07-12_14-41-49_VNINS.csv,lap,7,48789,1219.955690,6.987723,3166.236,119.913,,GPS uncertainty 100.0 m > 4.0 m,9.374592,35.52951294,-97.47498384,38.388,-6.059,10.122,-9.788,99.990
VN300_2026-07-12_14-41-49_VNINS.csv,lap,7,48790,1219.955690,6.987723,3166.671,120.347,,GPS uncertainty 100.0 m > 4.0 m,9.374592,35.52951681,-97.47498318,38.805,-5.595,10.161,-10.144,99.990
VN300_2026-07-12_14-41-49_VNINS.csv,lap,7,48791,1219.955690,6.987723,3167.103,120.779,,GPS uncertainty 100.0 m > 4.0 m,9.374592,35.52952017,-97.47498558,36.242,-5.102,10.057,-10.425,99.990
VN300_2026-07-12_14-41-49_VNINS.csv,lap,7,48792,1219.955690,6.987723,3167.509,121.186,,GPS uncertainty 100.0 m > 4.0 m,9.374592,35.52952379,-97.47498497,36.362,-4.503,10.044,-10.259,99.990
VN300_2026-07-12_14-41-49_VNINS.csv,lap,7,48793,1219.955690,6.987723,3167.918,121.595,,GPS uncertainty 100.0 m > 4.0 m,9.374592,35.52952743,-97.47498429,36.749,-3.886,10.149,-10.143,99.990
VN300_2026-07-12_14-41-49_VNINS.csv,lap,7,48794,1219.955690,6.987723,3168.332,122.009,,GPS uncertainty 100.0 m > 4.0 m,9.374592,35.52953110,-97.47498353,36.930,-3.325,10.309,-10.175,99.990
VN300_2026-07-12_14-41-49_VNINS.csv,lap,7,48795,1219.955690,6.987723,3168.746,122.423,,GPS uncertainty 100.0 m > 4.0 m,9.374592,35.52953477,-97.47498275,37.087,-2.831,10.487,-10.270,99.990
VN300_2026-07-12_14-41-49_VNINS.csv,lap,7,48796,1219.955690,6.987723,3169.162,122.839,,GPS uncertainty 100.0 m > 4.0 m,9.374592,35.52953845,-97.47498193,37.175,-2.396,10.539,-10.257,99.990
VN300_2026-07-12_14-41-49_VNINS.csv,lap,7,48797,1219.955690,6.987723,3169.581,123.258,,GPS uncertainty 100.0 m > 4.0 m,9.374592,35.52954215,-97.47498107,37.438,-2.000,10.488,-10.165,99.990
VN300_2026-07-12_14-41-49_VNINS.csv,lap,7,48798,1220.209427,7.241460,3170.003,123.680,,GPS uncertainty 100.0 m > 4.0 m,9.374592,35.52954587,-97.47498012,37.791,-1.624,10.460,-10.288,99.990
VN300_2026-07-12_14-41-49_VNINS.csv,lap,7,48799,1220.209427,7.241460,3170.466,124.143,,GPS uncertainty 100.0 m > 4.0 m,9.374592,35.52954997,-97.47497923,37.427,-1.287,10.507,-10.072,99.990
VN300_2026-07-12_14-41-49_VNINS.csv,lap,7,48800,1220.209427,7.241460,3170.887,124.564,,GPS uncertainty 100.0 m > 4.0 m,9.374592,35.52955365,-97.47497815,37.737,-0.912,10.661,-9.816,99.990
VN300_2026-07-12_14-41-49_VNINS.csv,lap,7,48801,1220.209427,7.241460,3171.313,124.989,,GPS uncertainty 100.0 m > 4.0 m,9.374592,35.52955736,-97.47497700,38.115,-0.594,10.832,-9.871,99.990
VN300_2026-07-12_14-41-49_VNINS.csv,lap,7,48802,1220.209427,7.241460,3171.741,125.418,,GPS uncertainty 100.0 m > 4.0 m,9.374592,35.52956108,-97.47497577,38.422,-0.331,10.980,-10.048,99.990
VN300_2026-07-12_14-41-49_VNINS.csv,lap,7,48803,1220.209427,7.241460,3172.173,125.849,,GPS uncertainty 100.0 m > 4.0 m,9.374592,35.52956482,-97.47497448,38.688,-0.089,11.006,-9.717,99.990
VN300_2026-07-12_14-41-49_VNINS.csv,lap,7,48804,1220.209427,7.241460,3172.609,126.286,,GPS uncertainty 100.0 m > 4.0 m,9.374592,35.52956858,-97.47497310,39.071,0.182,10.895,-9.562,99.990
VN300_2026-07-12_14-41-49_VNINS.csv,lap,7,48805,1220.209427,7.241460,3173.048,126.725,,GPS uncertainty 100.0 m > 4.0 m,9.374592,35.52957234,-97.47497163,39.394,0.411,10.743,-9.848,99.990
VN300_2026-07-12_14-41-49_VNINS.csv,lap,7,48806,1220.209427,7.241460,3173.491,127.168,,GPS uncertainty 100.0 m > 4.0 m,9.374592,35.52957613,-97.47497012,39.635,0.656,10.662,-9.762,99.990
VN300_2026-07-12_14-41-49_VNINS.csv,lap,7,48807,1220.209427,7.241460,3173.906,127.582,,GPS uncertainty 100.0 m > 4.0 m,9.374592,35.52957986,-97.47497022,38.998,0.922,10.608,-9.771,99.990
VN300_2026-07-12_14-41-49_VNINS.csv,lap,7,48808,1220.479882,7.511915,3174.340,128.017,-7.125854,,9.374592,35.52958360,-97.47496883,39.215,1.181,10.556,-9.912,2.590
VN300_2026-07-12_14-41-49_VNINS.csv,lap,7,48809,1220.479882,7.511915,3174.780,128.457,-7.125854,,9.374592,35.52958737,-97.47496735,39.395,1.413,10.676,-9.869,2.590
VN300_2026-07-12_14-41-49_VNINS.csv,lap,7,48810,1220.479882,7.511915,3175.223,128.900,-7.391906,,9.374592,35.52959115,-97.47496582,39.748,1.682,10.871,-9.910,2.590
VN300_2026-07-12_14-41-49_VNINS.csv,lap,7,48811,1220.479882,7.511915,3175.670,129.347,-7.391906,,9.374592,35.52959496,-97.47496423,39.986,1.928,11.107,-10.253,2.590
VN300_2026-07-12_14-41-49_VNINS.csv,lap,7,48812,1220.479882,7.511915,3176.118,129.794,-7.645704,,9.374592,35.52959876,-97.47496261,39.905,2.183,11.341,-10.344,2.590
VN300_2026-07-12_14-41-49_VNINS.csv,lap,7,48813,1220.479882,7.511915,3176.564,130.241,-7.645704,,9.374592,35.52960255,-97.47496097,40.090,2.444,11.443,-10.300,2.590
VN300_2026-07-12_14-41-49_VNINS.csv,lap,7,48814,1220.479882,7.511915,3177.014,130.691,-7.899188,,9.374592,35.52960636,-97.47495929,40.200,2.763,11.463,-10.604,2.590
VN300_2026-07-12_14-41-49_VNINS.csv,lap,7,48815,1220.479882,7.511915,3177.475,131.152,-7.899188,,9.374592,35.52961050,-97.47495918,40.056,3.031,11.527,-10.807,2.400
VN300_2026-07-12_14-41-49_VNINS.csv,lap,7,48816,1220.479882,7.511915,3177.924,131.601,-7.899188,,9.374592,35.52961430,-97.47495750,40.186,3.343,11.625,-10.777,2.400
VN300_2026-07-12_14-41-49_VNINS.csv,lap,7,48817,1220.479882,7.511915,3178.373,132.050,-8.051004,,9.374592,35.52961809,-97.47495579,40.234,3.620,11.796,-11.034,2.400
VN300_2026-07-12_14-41-49_VNINS.csv,lap,7,48818,1220.733523,7.765556,3178.824,132.501,-7.898952,,9.374592,35.52962189,-97.47495404,40.340,3.873,11.922,-11.201,2.400
VN300_2026-07-12_14-41-49_VNINS.csv,lap,7,48819,1220.733523,7.765556,3179.276,132.952,-7.898952,,9.374592,35.52962568,-97.47495225,40.513,4.082,12.037,-11.219,2.400
VN300_2026-07-12_14-41-49_VNINS.csv,lap,7,48820,1220.733523,7.765556,3179.730,133.406,-8.169527,,9.374592,35.52962948,-97.47495041,40.606,4.328,12.082,-11.396,2.400
VN300_2026-07-12_14-41-49_VNINS.csv,lap,7,48821,1220.733523,7.765556,3180.185,133.861,-8.169527,,9.374592,35.52963327,-97.47494852,40.472,4.499,12.171,-11.566,2.410
VN300_2026-07-12_14-41-49_VNINS.csv,lap,7,48822,1220.733523,7.765556,3180.637,134.314,-8.423322,,9.374592,35.52963703,-97.47494661,40.525,4.644,12.241,-11.508,2.410
VN300_2026-07-12_14-41-49_VNINS.csv,lap,7,48823,1220.733523,7.765556,3181.143,134.819,-8.423322,,9.374592,35.52964152,-97.47494572,40.563,4.789,12.289,-11.738,2.250
VN300_2026-07-12_14-41-49_VNINS.csv,lap,7,48824,1220.733523,7.765556,3181.596,135.273,-8.677066,,9.374592,35.52964528,-97.47494378,40.438,4.917,12.264,-11.915,2.250
VN300_2026-07-12_14-41-49_VNINS.csv,lap,7,48825,1220.733523,7.765556,3182.047,135.723,-8.677066,,9.374592,35.52964900,-97.47494181,40.037,4.903,12.106,-11.852,2.250
VN300_2026-07-12_14-41-49_VNINS.csv,lap,7,48826,1220.733523,7.765556,3182.495,136.172,-8.930458,,9.374592,35.52965268,-97.47493978,39.887,4.878,11.844,-11.971,2.250
VN300_2026-07-12_14-41-49_VNINS.csv,lap,7,48827,1220.733523,7.765556,3182.939,136.616,-8.930458,,9.374592,35.52965631,-97.47493773,39.632,4.735,11.661,-12.353,2.260
VN300_2026-07-12_14-41-49_VNINS.csv,lap,7,48828,1220.733523,7.765556,3183.382,137.059,-9.198817,,9.374592,35.52965991,-97.47493564,39.438,4.402,11.561,-12.488,2.260
VN300_2026-07-12_14-41-49_VNINS.csv,lap,7,48829,1220.987381,8.019414,3183.823,137.500,-9.140507,,9.374592,35.52966348,-97.47493352,39.254,3.860,11.710,-12.778,2.260
VN300_2026-07-12_14-41-49_VNINS.csv,lap,7,48830,1220.987381,8.019414,3184.262,137.938,-9.198478,,9.374592,35.52966701,-97.47493136,39.040,3.261,11.852,-13.141,2.260
VN300_2026-07-12_14-41-49_VNINS.csv,lap,7,48831,1220.987381,8.019414,3184.841,138.518,-9.452146,,9.374592,35.52967217,-97.47493229,38.481,2.584,11.983,-13.470,2.130
VN300_2026-07-12_14-41-49_VNINS.csv,lap,7,48832,1220.987381,8.019414,3185.269,138.946,-9.452146,,9.374592,35.52967568,-97.47493035,38.083,1.953,12.020,-13.698,2.130
VN300_2026-07-12_14-41-49_VNINS.csv,lap,7,48833,1220.987381,8.019414,3185.694,139.371,-9.602511,,9.374592,35.52967916,-97.47492842,37.695,1.334,11.948,-14.012,2.130
VN300_2026-07-12_14-41-49_VNINS.csv,lap,7,48834,1220.987381,8.019414,3186.114,139.791,-9.705600,,9.374592,35.52968260,-97.47492649,37.335,0.715,11.735,-14.338,2.130
VN300_2026-07-12_14-41-49_VNINS.csv,lap,7,48835,1220.987381,8.019414,3186.529,140.206,-9.705600,,9.374592,35.52968600,-97.47492460,36.878,0.024,11.498,-14.335,2.130
VN300_2026-07-12_14-41-49_VNINS.csv,lap,7,48836,1220.987381,8.019414,3186.941,140.617,-9.972052,,9.374592,35.52968937,-97.47492273,36.571,-0.690,11.284,-14.389,2.130
VN300_2026-07-12_14-41-49_VNINS.csv,lap,7,48837,1220.987381,8.019414,3187.348,141.024,-9.972052,,9.374592,35.52969270,-97.47492086,36.187,-1.461,11.011,-14.744,2.130
VN300_2026-07-12_14-41-49_VNINS.csv,lap,7,48838,1220.987381,8.019414,3187.750,141.426,-9.972052,,9.374592,35.52969600,-97.47491904,35.698,-2.299,10.772,-14.892,2.130
VN300_2026-07-12_14-41-49_VNINS.csv,lap,7,48839,1221.240865,8.272898,3188.523,142.200,-9.972051,,9.374592,35.52970180,-97.47492375,36.685,-3.262,10.593,-14.967,2.020
VN300_2026-07-12_14-41-49_VNINS.csv,lap,7,48840,1221.240865,8.272898,3188.935,142.612,-9.972051,,9.374592,35.52970541,-97.47492272,36.668,-4.285,10.396,-15.020,2.020
VN300_2026-07-12_14-41-49_VNINS.csv,lap,7,48841,1221.240865,8.272898,3189.347,143.024,-9.972051,,9.374592,35.52970903,-97.47492175,36.670,-5.341,10.125,-15.140,2.030
VN300_2026-07-12_14-41-49_VNINS.csv,lap,7,48842,1221.240865,8.272898,3189.759,143.436,-9.972051,,9.374592,35.52971266,-97.47492084,36.669,-6.389,9.743,-15.186,2.030
VN300_2026-07-12_14-41-49_VNINS.csv,lap,7,48843,1221.240865,8.272898,3190.172,143.848,-10.123909,,9.374592,35.52971631,-97.47492000,36.784,-7.428,9.303,-15.286,2.030
VN300_2026-07-12_14-41-49_VNINS.csv,lap,7,48844,1221.240865,8.272898,3190.585,144.262,-10.225822,,9.374592,35.52971997,-97.47491920,36.861,-8.577,8.870,-15.434,2.030
VN300_2026-07-12_14-41-49_VNINS.csv,lap,7,48845,1221.240865,8.272898,3191.001,144.677,-10.225822,,9.374592,35.52972366,-97.47491848,37.062,-9.757,8.468,-15.639,2.030
VN300_2026-07-12_14-41-49_VNINS.csv,lap,7,48846,1221.240865,8.272898,3191.419,145.095,-10.225822,,9.374592,35.52972738,-97.47491781,37.175,-10.934,8.076,-15.802,2.030
VN300_2026-07-12_14-41-49_VNINS.csv,lap,7,48847,1221.240865,8.272898,3191.796,145.473,-10.225822,,9.374592,35.52973077,-97.47491797,37.175,-12.171,7.761,-15.641,1.930
VN300_2026-07-12_14-41-49_VNINS.csv,lap,7,48848,1221.240865,8.272898,3192.213,145.890,-10.479362,,9.374592,35.52973450,-97.47491750,37.282,-13.289,7.501,-15.998,1.930
VN300_2026-07-12_14-41-49_VNINS.csv,lap,7,48849,1221.521973,8.554006,3192.634,146.310,-10.198254,,9.374592,35.52973827,-97.47491709,37.484,-14.313,7.178,-16.108,1.930
VN300_2026-07-12_14-41-49_VNINS.csv,lap,7,48850,1221.521973,8.554006,3193.056,146.733,-10.198254,,9.374592,35.52974206,-97.47491676,37.788,-15.303,6.881,-16.241,1.940
VN300_2026-07-12_14-41-49_VNINS.csv,lap,7,48851,1221.521973,8.554006,3193.482,147.158,-10.198254,,9.374592,35.52974588,-97.47491649,37.929,-16.289,6.626,-16.285,1.940
VN300_2026-07-12_14-41-49_VNINS.csv,lap,7,48852,1221.521973,8.554006,3193.910,147.587,-10.241167,,9.374592,35.52974973,-97.47491630,38.191,-17.219,6.245,-16.320,1.940
VN300_2026-07-12_14-41-49_VNINS.csv,lap,7,48853,1221.521973,8.554006,3194.342,148.018,-10.444192,,9.374592,35.52975361,-97.47491618,38.478,-18.065,5.873,-16.315,1.940
VN300_2026-07-12_14-41-49_VNINS.csv,lap,7,48854,1221.521973,8.554006,3194.775,148.452,-10.550842,,9.374592,35.52975751,-97.47491613,38.755,-18.871,5.507,-16.448,1.940
VN300_2026-07-12_14-41-49_VNINS.csv,lap,7,48855,1221.521973,8.554006,3194.949,148.625,-10.550842,,9.374592,35.52975875,-97.47491729,36.219,-19.646,5.151,-16.543,1.850
VN300_2026-07-12_14-41-49_VNINS.csv,lap,7,48856,1221.521973,8.554006,3195.351,149.027,-10.550842,,9.374592,35.52976236,-97.47491753,36.448,-20.366,4.834,-16.496,1.860
VN300_2026-07-12_14-41-49_VNINS.csv,lap,7,48857,1221.521973,8.554006,3195.760,149.436,-10.550842,,9.374592,35.52976603,-97.47491783,36.571,-21.040,4.529,-16.496,1.860
VN300_2026-07-12_14-41-49_VNINS.csv,lap,7,48858,1221.521973,8.554006,3196.171,149.848,-10.550842,,9.374592,35.52976972,-97.47491821,36.800,-21.714,4.257,-16.508,1.860
VN300_2026-07-12_14-41-49_VNINS.csv,lap,7,48859,1221.521973,8.554006,3196.585,150.261,-10.550842,,9.374592,35.52977342,-97.47491866,36.973,-22.404,4.038,-16.738,1.860
VN300_2026-07-12_14-41-49_VNINS.csv,lap,7,48860,1221.775912,8.807945,3197.000,150.677,-10.551616,,9.374592,35.52977713,-97.47491921,37.235,-23.113,3.917,-16.647,1.860
VN300_2026-07-12_14-41-49_VNINS.csv,lap,7,48861,1221.775912,8.807945,3197.419,151.096,-10.551616,,9.374592,35.52978086,-97.47491984,37.529,-23.818,3.883,-16.685,1.860
VN300_2026-07-12_14-41-49_VNINS.csv,lap,7,48862,1221.775912,8.807945,3197.841,151.517,-10.551616,,9.374592,35.52978461,-97.47492054,37.830,-24.414,3.830,-16.898,1.860
VN300_2026-07-12_14-41-49_VNINS.csv,lap,7,48863,1221.775912,8.807945,3198.059,151.735,-10.551616,,9.374592,35.52978657,-97.47492061,36.350,-24.885,3.706,-16.949,1.790
VN300_2026-07-12_14-41-49_VNINS.csv,lap,7,48864,1221.775912,8.807945,3198.467,152.144,-10.551616,,9.374592,35.52979018,-97.47492143,36.547,-25.179,3.512,-17.068,1.790
VN300_2026-07-12_14-41-49_VNINS.csv,lap,7,48865,1221.775912,8.807945,3198.878,152.554,-10.597685,,9.374592,35.52979380,-97.47492232,36.842,-25.331,3.248,-17.221,1.790
VN300_2026-07-12_14-41-49_VNINS.csv,lap,7,48866,1221.775912,8.807945,3199.291,152.967,-10.796332,,9.374592,35.52979744,-97.47492324,37.140,-25.502,2.994,-17.423,1.790
VN300_2026-07-12_14-41-49_VNINS.csv,lap,7,48867,1221.775912,8.807945,3199.707,153.384,-10.804984,,9.374592,35.52980110,-97.47492420,37.432,-25.721,2.793,-17.522,1.790
VN300_2026-07-12_14-41-49_VNINS.csv,lap,7,48868,1221.775912,8.807945,3200.127,153.804,-10.804984,,9.374592,35.52980479,-97.47492520,37.727,-25.980,2.683,-17.463,1.790
VN300_2026-07-12_14-41-49_VNINS.csv,lap,7,48869,1221.775912,8.807945,3200.550,154.226,-10.804984,,9.374592,35.52980849,-97.47492627,38.025,-26.279,2.676,-17.669,1.790
VN300_2026-07-12_14-41-49_VNINS.csv,lap,7,48870,1222.029438,9.061471,3200.976,154.652,-10.551458,,9.374592,35.52981221,-97.47492739,38.295,-26.604,2.713,-17.779,1.790
VN300_2026-07-12_14-41-49_VNINS.csv,lap,7,48871,1222.029438,9.061471,3201.238,154.914,-10.611536,,9.374592,35.52981455,-97.47492704,37.348,-26.891,2.721,-17.877,1.720
VN300_2026-07-12_14-41-49_VNINS.csv,lap,7,48872,1222.029438,9.061471,3201.656,155.333,-10.804905,,9.374592,35.52981819,-97.47492820,37.632,-27.143,2.733,-17.950,1.720
VN300_2026-07-12_14-41-49_VNINS.csv,lap,7,48873,1222.029438,9.061471,3202.078,155.755,-10.804905,,9.374592,35.52982186,-97.47492940,37.916,-27.308,2.642,-18.128,1.720
VN300_2026-07-12_14-41-49_VNINS.csv,lap,7,48874,1222.029438,9.061471,3202.503,156.179,-10.804905,,9.374592,35.52982554,-97.47493065,38.132,-27.375,2.441,-18.206,1.730
VN300_2026-07-12_14-41-49_VNINS.csv,lap,7,48875,1222.029438,9.061471,3202.930,156.607,-10.804905,,9.374592,35.52982924,-97.47493192,38.439,-27.370,2.230,-18.505,1.730
VN300_2026-07-12_14-41-49_VNINS.csv,lap,7,48876,1222.029438,9.061471,3203.361,157.038,-10.804905,,9.374592,35.52983296,-97.47493326,38.749,-27.350,2.180,-18.649,1.730
VN300_2026-07-12_14-41-49_VNINS.csv,lap,7,48877,1222.029438,9.061471,3203.796,157.473,-11.072293,,9.374592,35.52983671,-97.47493463,39.018,-27.244,2.229,-18.732,1.730
VN300_2026-07-12_14-41-49_VNINS.csv,lap,7,48878,1222.029438,9.061471,3204.232,157.908,-11.072293,,9.374592,35.52984047,-97.47493599,39.247,-26.989,2.341,-19.000,1.730
VN300_2026-07-12_14-41-49_VNINS.csv,lap,7,48879,1222.029438,9.061471,3204.513,158.189,-11.072293,,9.374592,35.52984299,-97.47493619,38.449,-26.601,2.524,-19.348,1.670
VN300_2026-07-12_14-41-49_VNINS.csv,lap,7,48880,1222.282987,9.315020,3204.944,158.620,-10.818744,,9.374592,35.52984672,-97.47493749,38.551,-26.094,2.676,-19.382,1.670
VN300_2026-07-12_14-41-49_VNINS.csv,lap,7,48881,1222.282987,9.315020,3205.375,159.051,-10.818744,,9.374592,35.52985045,-97.47493879,38.647,-25.479,2.786,-19.411,1.670
VN300_2026-07-12_14-41-49_VNINS.csv,lap,7,48882,1222.282987,9.315020,3205.808,159.484,-10.818744,,9.374592,35.52985420,-97.47494008,38.792,-24.784,2.923,-19.586,1.670
VN300_2026-07-12_14-41-49_VNINS.csv,lap,7,48883,1222.282987,9.315020,3206.242,159.918,-10.818744,,9.374592,35.52985796,-97.47494136,38.860,-23.998,3.136,-19.683,1.670
VN300_2026-07-12_14-41-49_VNINS.csv,lap,7,48884,1222.282987,9.315020,3206.678,160.354,-11.072587,,9.374592,35.52986174,-97.47494264,39.011,-23.136,3.466,-19.666,1.670
VN300_2026-07-12_14-41-49_VNINS.csv,lap,7,48885,1222.282987,9.315020,3207.114,160.791,-11.072587,,9.374592,35.52986553,-97.47494390,39.072,-22.208,3.814,-19.743,1.670
VN300_2026-07-12_14-41-49_VNINS.csv,lap,7,48886,1222.282987,9.315020,3207.551,161.228,-11.072587,,9.374592,35.52986933,-97.47494514,39.005,-21.239,4.080,-19.889,1.670
VN300_2026-07-12_14-41-49_VNINS.csv,lap,7,48887,1222.282987,9.315020,3207.986,161.663,-11.072587,,9.374592,35.52987311,-97.47494636,38.695,-20.252,4.232,-19.854,1.670
VN300_2026-07-12_14-41-49_VNINS.csv,lap,7,48888,1222.282987,9.315020,3208.406,162.083,-11.072587,,9.374592,35.52987626,-97.47494380,37.601,-19.218,4.284,-19.670,1.620
VN300_2026-07-12_14-41-49_VNINS.csv,lap,7,48889,1222.282987,9.315020,3208.825,162.502,-11.072587,,9.374592,35.52987996,-97.47494469,37.532,-18.106,4.457,-19.632,1.620
VN300_2026-07-12_14-41-49_VNINS.csv,lap,7,48890,1222.282987,9.315020,3209.246,162.923,-11.072587,,9.374592,35.52988368,-97.47494557,37.572,-16.924,4.915,-19.680,1.620
VN300_2026-07-12_14-41-49_VNINS.csv,lap,7,48891,1222.550216,9.582249,3209.666,163.343,-10.805358,,9.374592,35.52988739,-97.47494642,37.501,-15.760,5.594,-19.371,1.620
VN300_2026-07-12_14-41-49_VNINS.csv,lap,7,48892,1222.550216,9.582249,3210.085,163.762,-11.058882,,9.374592,35.52989110,-97.47494723,37.304,-14.642,6.221,-19.106,1.620
VN300_2026-07-12_14-41-49_VNINS.csv,lap,7,48893,1222.550216,9.582249,3210.502,164.179,-11.058882,,9.374592,35.52989480,-97.47494801,37.078,-13.650,6.667,-18.954,1.620
VN300_2026-07-12_14-41-49_VNINS.csv,lap,7,48894,1222.550216,9.582249,3210.916,164.593,-11.058882,,9.374592,35.52989847,-97.47494874,36.878,-12.838,6.865,-18.944,1.620
VN300_2026-07-12_14-41-49_VNINS.csv,lap,7,48895,1222.550216,9.582249,3211.356,165.033,-11.058882,,9.374592,35.52990128,-97.47494531,35.693,-12.160,6.920,-18.742,1.570
VN300_2026-07-12_14-41-49_VNINS.csv,lap,7,48896,1222.550216,9.582249,3211.756,165.433,-11.058882,,9.374592,35.52990486,-97.47494574,35.680,-11.575,7.059,-18.579,1.570
VN300_2026-07-12_14-41-49_VNINS.csv,lap,7,48897,1222.550216,9.582249,3212.157,165.834,-11.058882,,9.374592,35.52990845,-97.47494613,35.664,-11.108,7.357,-18.397,1.570
VN300_2026-07-12_14-41-49_VNINS.csv,lap,7,48898,1222.550216,9.582249,3212.556,166.233,-11.058882,,9.374592,35.52991203,-97.47494649,35.685,-10.877,7.683,-18.234,1.570
VN300_2026-07-12_14-41-49_VNINS.csv,lap,7,48899,1222.550216,9.582249,3212.956,166.632,-11.058882,,9.374592,35.52991561,-97.47494682,35.625,-10.842,7.926,-18.142,1.580
VN300_2026-07-12_14-41-49_VNINS.csv,lap,7,48900,1222.550216,9.582249,3213.356,167.032,-11.150066,,9.374592,35.52991920,-97.47494710,35.668,-10.917,8.086,-18.173,1.580
VN300_2026-07-12_14-41-49_VNINS.csv,lap,7,48901,1222.803773,9.835806,3213.756,167.433,-11.058773,,9.374592,35.52992280,-97.47494734,35.895,-11.049,8.170,-18.097,1.580
VN300_2026-07-12_14-41-49_VNINS.csv,lap,7,48902,1222.803773,9.835806,3214.159,167.836,-11.058773,,9.374592,35.52992642,-97.47494752,36.154,-11.143,8.237,-18.029,1.580
VN300_2026-07-12_14-41-49_VNINS.csv,lap,7,48903,1222.803773,9.835806,3214.533,168.210,-11.058773,,9.374592,35.52992850,-97.47494427,35.131,-11.204,8.350,-18.024,1.530
VN300_2026-07-12_14-41-49_VNINS.csv,lap,7,48904,1222.803773,9.835806,3214.928,168.605,-11.058773,,9.374592,35.52993205,-97.47494419,35.307,-11.230,8.441,-17.970,1.530
VN300_2026-07-12_14-41-49_VNINS.csv,lap,7,48905,1222.803773,9.835806,3215.324,169.001,-11.058773,,9.374592,35.52993561,-97.47494407,35.433,-11.163,8.488,-18.045,1.530
VN300_2026-07-12_14-41-49_VNINS.csv,lap,7,48906,1222.803773,9.835806,3215.722,169.398,-11.058773,,9.374592,35.52993918,-97.47494392,35.467,-10.984,8.514,-17.866,1.530
VN300_2026-07-12_14-41-49_VNINS.csv,lap,7,48907,1222.803773,9.835806,3216.119,169.796,-11.058773,,9.374592,35.52994275,-97.47494370,35.540,-10.649,8.543,-17.829,1.530
VN300_2026-07-12_14-41-49_VNINS.csv,lap,7,48908,1222.803773,9.835806,3216.518,170.194,-11.058773,,9.374592,35.52994633,-97.47494344,35.573,-10.232,8.649,-17.808,1.530
VN300_2026-07-12_14-41-49_VNINS.csv,lap,7,48909,1222.803773,9.835806,3216.917,170.593,-11.058773,,9.374592,35.52994991,-97.47494316,35.663,-9.731,8.823,-17.640,1.540
VN300_2026-07-12_14-41-49_VNINS.csv,lap,7,48910,1222.803773,9.835806,3217.317,170.993,-11.058773,,9.374592,35.52995350,-97.47494285,35.753,-9.179,9.025,-17.459,1.540
VN300_2026-07-12_14-41-49_VNINS.csv,lap,7,48911,1223.057353,10.089386,3217.730,171.407,-11.009173,,9.374592,35.52995700,-97.47494130,35.758,-8.654,9.223,-17.535,1.490
VN300_2026-07-12_14-41-49_VNINS.csv,lap,7,48912,1223.057353,10.089386,3218.131,171.807,-11.077279,,9.374592,35.52996058,-97.47494084,35.792,-8.202,9.359,-17.558,1.490
VN300_2026-07-12_14-41-49_VNINS.csv,lap,7,48913,1223.057353,10.089386,3218.532,172.209,-11.077279,,9.374592,35.52996417,-97.47494035,35.873,-7.850,9.400,-17.333,1.490
VN300_2026-07-12_14-41-49_VNINS.csv,lap,7,48914,1223.057353,10.089386,3218.936,172.612,-11.077279,,9.374592,35.52996777,-97.47493982,36.001,-7.613,9.408,-17.280,1.500
VN300_2026-07-12_14-41-49_VNINS.csv,lap,7,48915,1223.057353,10.089386,3219.339,173.016,-11.077279,,9.374592,35.52997137,-97.47493926,36.112,-7.569,9.435,-17.305,1.500
VN300_2026-07-12_14-41-49_VNINS.csv,lap,7,48916,1223.057353,10.089386,3219.744,173.421,-11.077279,,9.374592,35.52997498,-97.47493868,36.257,-7.742,9.402,-17.239,1.500
VN300_2026-07-12_14-41-49_VNINS.csv,lap,7,48917,1223.057353,10.089386,3220.151,173.828,-11.077279,,9.374592,35.52997861,-97.47493807,36.413,-8.139,9.406,-17.350,1.500
VN300_2026-07-12_14-41-49_VNINS.csv,lap,7,48918,1223.057353,10.089386,3220.560,174.237,-11.077279,,9.374592,35.52998225,-97.47493744,36.454,-8.651,9.484,-17.403,1.500
VN300_2026-07-12_14-41-49_VNINS.csv,lap,7,48919,1223.057353,10.089386,3221.048,174.725,-11.077279,,9.374592,35.52998599,-97.47493462,36.640,-9.319,9.512,-17.188,1.460
VN300_2026-07-12_14-41-49_VNINS.csv,lap,7,48920,1223.057353,10.089386,3221.458,175.135,-11.077279,,9.374592,35.52998963,-97.47493387,36.629,-10.039,9.528,-16.980,1.460
VN300_2026-07-12_14-41-49_VNINS.csv,lap,7,48921,1223.057353,10.089386,3221.869,175.546,-11.182267,,9.374592,35.52999327,-97.47493311,36.568,-10.735,9.341,-17.242,1.460
VN300_2026-07-12_14-41-49_VNINS.csv,lap,7,48922,1223.311223,10.343256,3222.278,175.954,-11.077012,,9.374592,35.52999690,-97.47493239,36.575,-11.405,9.018,-17.091,1.460
VN300_2026-07-12_14-41-49_VNINS.csv,lap,7,48923,1223.311223,10.343256,3222.689,176.365,-11.077012,,9.374592,35.53000055,-97.47493168,36.604,-12.093,8.700,-16.958,1.460
VN300_2026-07-12_14-41-49_VNINS.csv,lap,7,48924,1223.311223,10.343256,3223.099,176.775,-11.077012,,9.374592,35.53000419,-97.47493096,36.627,-12.756,8.417,-16.935,1.460
VN300_2026-07-12_14-41-49_VNINS.csv,lap,7,48925,1223.311223,10.343256,3223.510,177.186,-11.077012,,9.374592,35.53000784,-97.47493025,36.654,-13.405,8.200,-16.978,1.460
VN300_2026-07-12_14-41-49_VNINS.csv,lap,7,48926,1223.311223,10.343256,3223.920,177.597,-11.077012,,9.374592,35.53001149,-97.47492954,36.761,-14.083,8.035,-16.977,1.460
VN300_2026-07-12_14-41-49_VNINS.csv,lap,7,48927,1223.311223,10.343256,3224.474,178.151,-11.077012,,9.374592,35.53001619,-97.47493156,37.228,-14.792,7.913,-16.828,1.430
VN300_2026-07-12_14-41-49_VNINS.csv,lap,7,48928,1223.311223,10.343256,3224.893,178.570,-11.077012,,9.374592,35.53001993,-97.47493101,37.330,-15.494,7.754,-16.543,1.430
VN300_2026-07-12_14-41-49_VNINS.csv,lap,7,48929,1223.311223,10.343256,3225.312,178.989,-11.077012,,9.374592,35.53002367,-97.47493043,37.416,-16.257,7.516,-16.481,1.430
VN300_2026-07-12_14-41-49_VNINS.csv,lap,7,48930,1223.311223,10.343256,3225.732,179.409,-11.077012,,9.374592,35.53002742,-97.47492986,37.537,-17.140,7.273,-16.994,1.430
VN300_2026-07-12_14-41-49_VNINS.csv,lap,7,48931,1223.311223,10.343256,3226.152,179.829,-11.077012,,9.374592,35.53003117,-97.47492932,37.556,-18.119,7.134,-17.044,1.430
VN300_2026-07-12_14-41-49_VNINS.csv,lap,7,48932,1223.591004,10.623037,3226.575,180.252,-10.797231,,9.374592,35.53003495,-97.47492880,37.771,-19.179,7.154,-16.568,1.430
VN300_2026-07-12_14-41-49_VNINS.csv,lap,7,48933,1223.591004,10.623037,3226.998,180.675,-10.860468,,9.374592,35.53003873,-97.47492826,37.756,-20.185,7.208,-16.686,1.430
VN300_2026-07-12_14-41-49_VNINS.csv,lap,7,48934,1223.591004,10.623037,3227.421,181.098,-11.050971,,9.374592,35.53004251,-97.47492776,37.673,-21.013,7.018,-17.250,1.430
VN300_2026-07-12_14-41-49_VNINS.csv,lap,7,48935,1223.591004,10.623037,3227.954,181.631,-11.050971,,9.374592,35.53004684,-97.47493029,37.889,-21.635,6.658,-17.424,1.400
VN300_2026-07-12_14-41-49_VNINS.csv,lap,7,48936,1223.591004,10.623037,3228.379,182.055,-11.050971,,9.374592,35.53005065,-97.47493000,37.938,-22.242,6.257,-17.156,1.400
VN300_2026-07-12_14-41-49_VNINS.csv,lap,7,48937,1223.591004,10.623037,3228.805,182.482,-11.050971,,9.374592,35.53005448,-97.47492973,38.012,-22.958,5.861,-17.201,1.400
VN300_2026-07-12_14-41-49_VNINS.csv,lap,7,48938,1223.591004,10.623037,3229.232,182.908,-11.050971,,9.374592,35.53005831,-97.47492949,38.045,-23.777,5.559,-17.175,1.400
VN300_2026-07-12_14-41-49_VNINS.csv,lap,7,48939,1223.591004,10.623037,3229.659,183.336,-11.050971,,9.374592,35.53006215,-97.47492928,38.258,-24.676,5.372,-17.276,1.400
VN300_2026-07-12_14-41-49_VNINS.csv,lap,7,48940,1223.591004,10.623037,3230.088,183.764,-11.050971,,9.374592,35.53006600,-97.47492905,38.398,-25.582,5.271,-17.351,1.400
VN300_2026-07-12_14-41-49_VNINS.csv,lap,7,48941,1223.591004,10.623037,3230.519,184.196,-11.050971,,9.374592,35.53006988,-97.47492886,38.536,-26.382,5.196,-17.249,1.400
VN300_2026-07-12_14-41-49_VNINS.csv,lap,7,48942,1223.591004,10.623037,3230.952,184.629,-11.050971,,9.374592,35.53007377,-97.47492866,38.710,-27.095,5.058,-17.183,1.400
VN300_2026-07-12_14-41-49_VNINS.csv,lap,7,48943,1223.844808,10.876841,3231.581,185.258,-10.797167,,9.374592,35.53007865,-97.47493217,39.305,-27.657,4.840,-17.319,1.370
VN300_2026-07-12_14-41-49_VNINS.csv,lap,7,48944,1223.844808,10.876841,3232.022,185.699,-10.918838,,9.374592,35.53008262,-97.47493217,39.400,-28.112,4.559,-17.551,1.370
VN300_2026-07-12_14-41-49_VNINS.csv,lap,7,48945,1223.844808,10.876841,3232.465,186.142,-11.050649,,9.374592,35.53008660,-97.47493220,39.553,-28.531,4.251,-17.673,1.370
VN300_2026-07-12_14-41-49_VNINS.csv,lap,7,48946,1223.844808,10.876841,3232.909,186.585,-11.050649,,9.374592,35.53009059,-97.47493226,39.620,-29.010,4.014,-17.752,1.370
VN300_2026-07-12_14-41-49_VNINS.csv,lap,7,48947,1223.844808,10.876841,3233.354,187.030,-11.050649,,9.374592,35.53009459,-97.47493235,39.789,-29.561,3.836,-17.957,1.370
VN300_2026-07-12_14-41-49_VNINS.csv,lap,7,48948,1223.844808,10.876841,3233.801,187.477,-11.050649,,9.374592,35.53009861,-97.47493247,40.026,-30.186,3.730,-17.995,1.370
VN300_2026-07-12_14-41-49_VNINS.csv,lap,7,48949,1223.844808,10.876841,3234.250,187.927,-11.050649,,9.374592,35.53010265,-97.47493256,40.190,-30.829,3.662,-18.086,1.370
VN300_2026-07-12_14-41-49_VNINS.csv,lap,7,48950,1223.844808,10.876841,3234.700,188.377,-11.050649,,9.374592,35.53010670,-97.47493267,40.361,-31.402,3.549,-18.149,1.370
VN300_2026-07-12_14-41-49_VNINS.csv,lap,7,48951,1223.844808,10.876841,3235.351,189.028,-11.050649,,9.374592,35.53011138,-97.47493699,40.849,-31.934,3.391,-18.021,1.340
VN300_2026-07-12_14-41-49_VNINS.csv,lap,7,48952,1223.844808,10.876841,3235.810,189.487,-11.050649,,9.374592,35.53011550,-97.47493730,41.011,-32.454,3.210,-17.997,1.340
VN300_2026-07-12_14-41-49_VNINS.csv,lap,7,48953,1224.098327,11.130360,3236.270,189.947,-10.797130,,9.374592,35.53011963,-97.47493762,41.157,-32.969,2.993,-17.933,1.340
VN300_2026-07-12_14-41-49_VNINS.csv,lap,7,48954,1224.098327,11.130360,3236.733,190.409,-10.797130,,9.374592,35.53012378,-97.47493792,41.363,-33.482,2.823,-17.842,1.340
VN300_2026-07-12_14-41-49_VNINS.csv,lap,7,48955,1224.098327,11.130360,3237.197,190.874,-10.797130,,9.374592,35.53012795,-97.47493822,41.635,-33.917,2.693,-17.765,1.340
VN300_2026-07-12_14-41-49_VNINS.csv,lap,7,48956,1224.098327,11.130360,3237.665,191.341,-10.797130,,9.374592,35.53013215,-97.47493848,41.912,-34.291,2.648,-17.916,1.340
VN300_2026-07-12_14-41-49_VNINS.csv,lap,7,48957,1224.098327,11.130360,3238.136,191.812,-10.797130,,9.374592,35.53013638,-97.47493872,42.251,-34.564,2.710,-17.933,1.340
VN300_2026-07-12_14-41-49_VNINS.csv,lap,7,48958,1224.098327,11.130360,3238.611,192.287,-10.797130,,9.374592,35.53014065,-97.47493891,42.483,-34.716,2.853,-18.027,1.350
VN300_2026-07-12_14-41-49_VNINS.csv,lap,7,48959,1224.098327,11.130360,3239.366,193.043,-10.797130,,9.374592,35.53014489,-97.47494543,42.658,-34.736,2.931,-18.120,1.320
VN300_2026-07-12_14-41-49_VNINS.csv,lap,7,48960,1224.098327,11.130360,3239.846,193.522,-10.797130,,9.374592,35.53014919,-97.47494585,43.015,-34.599,2.996,-18.297,1.320
VN300_2026-07-12_14-41-49_VNINS.csv,lap,7,48961,1224.098327,11.130360,3240.328,194.005,-10.797130,,9.374592,35.53015352,-97.47494620,43.307,-34.338,3.098,-18.497,1.320
VN300_2026-07-12_14-41-49_VNINS.csv,lap,7,48962,1224.098327,11.130360,3240.815,194.492,-10.797130,,9.374592,35.53015789,-97.47494651,43.543,-34.051,3.146,-18.595,1.320
VN300_2026-07-12_14-41-49_VNINS.csv,lap,7,48963,1224.351930,11.383963,3241.304,194.980,-10.543527,,9.374592,35.53016228,-97.47494678,43.895,-33.767,3.282,-18.682,1.320
VN300_2026-07-12_14-41-49_VNINS.csv,lap,7,48964,1224.351930,11.383963,3241.797,195.473,-10.543527,,9.374592,35.53016671,-97.47494702,44.201,-33.501,3.371,-18.839,1.320
VN300_2026-07-12_14-41-49_VNINS.csv,lap,7,48965,1224.351930,11.383963,3242.293,195.970,-10.543527,,9.374592,35.53017117,-97.47494720,44.477,-33.272,3.479,-18.894,1.320
VN300_2026-07-12_14-41-49_VNINS.csv,lap,7,48966,1224.351930,11.383963,3242.793,196.470,-10.543527,,9.374592,35.53017567,-97.47494733,44.969,-33.057,3.649,-18.890,1.320
VN300_2026-07-12_14-41-49_VNINS.csv,lap,7,48967,1224.351930,11.383963,3243.298,196.975,-10.543527,,9.374592,35.53018021,-97.47494739,45.156,-32.873,3.869,-18.966,1.320
VN300_2026-07-12_14-41-49_VNINS.csv,lap,7,48968,1224.351930,11.383963,3244.019,197.695,-10.543527,,9.374592,35.53018441,-97.47495345,45.696,-32.727,3.988,-18.955,1.290
VN300_2026-07-12_14-41-49_VNINS.csv,lap,7,48969,1224.351930,11.383963,3244.533,198.210,-10.543527,,9.374592,35.53018903,-97.47495371,46.137,-32.627,4.144,-18.997,1.290
VN300_2026-07-12_14-41-49_VNINS.csv,lap,7,48970,1224.351930,11.383963,3245.050,198.727,-10.543527,,9.374592,35.53019368,-97.47495395,46.254,-32.632,4.209,-18.956,1.290
VN300_2026-07-12_14-41-49_VNINS.csv,lap,7,48971,1224.351930,11.383963,3245.570,199.247,-10.543527,,9.374592,35.53019835,-97.47495419,46.510,-32.905,4.318,-18.773,1.300
VN300_2026-07-12_14-41-49_VNINS.csv,lap,7,48972,1224.351930,11.383963,3246.092,199.769,-10.543527,,9.374592,35.53020304,-97.47495441,46.668,-33.295,4.333,-18.835,1.300
VN300_2026-07-12_14-41-49_VNINS.csv,lap,7,48973,1224.627481,11.659514,3246.615,200.292,-10.267976,,9.374592,35.53020774,-97.47495462,46.712,-33.844,4.260,-18.793,1.300
VN300_2026-07-12_14-41-49_VNINS.csv,lap,7,48974,1224.627481,11.659514,3247.138,200.815,-10.267976,,9.374592,35.53021244,-97.47495485,46.752,-34.441,4.134,-18.624,1.300
VN300_2026-07-12_14-41-49_VNINS.csv,lap,7,48975,1224.627481,11.659514,3247.796,201.473,-10.267976,,9.374592,35.53021561,-97.47496099,46.636,-35.100,4.012,-18.568,1.270
VN300_2026-07-12_14-41-49_VNINS.csv,lap,7,48976,1224.627481,11.659514,3248.318,201.995,-10.267976,,9.374592,35.53022029,-97.47496147,46.640,-35.812,3.775,-18.488,1.270
VN300_2026-07-12_14-41-49_VNINS.csv,lap,7,48977,1224.627481,11.659514,3248.840,202.517,-10.267976,,9.374592,35.53022497,-97.47496196,46.706,-36.489,3.611,-18.582,1.270
VN300_2026-07-12_14-41-49_VNINS.csv,lap,7,48978,1224.627481,11.659514,3249.363,203.040,-10.267976,,9.374592,35.53022965,-97.47496248,46.517,-37.261,3.544,-18.512,1.270
VN300_2026-07-12_14-41-49_VNINS.csv,lap,7,48979,1224.627481,11.659514,3249.885,203.561,-10.267976,,9.374592,35.53023432,-97.47496302,46.602,-38.016,3.504,-18.326,1.270
VN300_2026-07-12_14-41-49_VNINS.csv,lap,7,48980,1224.627481,11.659514,3250.405,204.082,-10.267976,,9.374592,35.53023898,-97.47496357,46.506,-38.830,3.527,-18.361,1.270
VN300_2026-07-12_14-41-49_VNINS.csv,lap,7,48981,1224.627481,11.659514,3250.925,204.601,-10.267976,,9.374592,35.53024363,-97.47496414,46.150,-39.631,3.514,-18.521,1.270
VN300_2026-07-12_14-41-49_VNINS.csv,lap,7,48982,1224.627481,11.659514,3251.439,205.116,-10.267976,,9.374592,35.53024823,-97.47496476,45.864,-40.471,3.438,-18.194,1.280
VN300_2026-07-12_14-41-49_VNINS.csv,lap,7,48983,1224.627481,11.659514,3252.122,205.799,-10.267976,,9.374592,35.53025175,-97.47497094,45.621,-41.375,3.316,-18.169,1.250
VN300_2026-07-12_14-41-49_VNINS.csv,lap,7,48984,1224.881240,11.913273,3252.630,206.307,-10.014217,,9.374592,35.53025627,-97.47497177,45.217,-42.355,3.097,-17.966,1.250
VN300_2026-07-12_14-41-49_VNINS.csv,lap,7,48985,1224.881240,11.913273,3253.134,206.810,-10.014217,,9.374592,35.53026075,-97.47497258,44.835,-43.297,2.799,-17.926,1.250
VN300_2026-07-12_14-41-49_VNINS.csv,lap,7,48986,1224.881240,11.913273,3253.632,207.308,-10.014217,,9.374592,35.53026518,-97.47497340,44.156,-44.293,2.383,-17.982,1.250
VN300_2026-07-12_14-41-49_VNINS.csv,lap,7,48987,1224.881240,11.913273,3254.123,207.800,-10.014217,,9.374592,35.53026955,-97.47497421,43.746,-45.440,1.995,-17.657,1.250
VN300_2026-07-12_14-41-49_VNINS.csv,lap,7,48988,1224.881240,11.913273,3254.612,208.289,-10.014217,,9.374592,35.53027390,-97.47497501,43.578,-46.781,1.647,-17.594,1.250
VN300_2026-07-12_14-41-49_VNINS.csv,lap,7,48989,1224.881240,11.913273,3255.098,208.774,-10.014217,,9.374592,35.53027822,-97.47497579,43.218,-48.187,1.351,-17.867,1.250
VN300_2026-07-12_14-41-49_VNINS.csv,lap,7,48990,1224.881240,11.913273,3255.579,209.256,-10.014217,,9.374592,35.53028250,-97.47497658,42.692,-49.625,1.056,-17.825,1.260
VN300_2026-07-12_14-41-49_VNINS.csv,lap,7,48991,1224.881240,11.913273,3256.323,210.000,-10.014217,,9.374592,35.53028673,-97.47498295,42.308,-51.025,0.826,-17.658,1.230
VN300_2026-07-12_14-41-49_VNINS.csv,lap,7,48992,1224.881240,11.913273,3256.793,210.470,-10.014217,,9.374592,35.53029088,-97.47498395,41.798,-52.314,0.606,-17.486,1.230
VN300_2026-07-12_14-41-49_VNINS.csv,lap,7,48993,1224.881240,11.913273,3257.257,210.934,-10.014217,,9.374592,35.53029497,-97.47498495,41.288,-53.609,0.372,-17.447,1.230
VN300_2026-07-12_14-41-49_VNINS.csv,lap,7,48994,1224.881240,11.913273,3257.715,211.392,-10.014217,,9.374592,35.53029901,-97.47498596,40.703,-54.921,0.144,-17.320,1.230
VN300_2026-07-12_14-41-49_VNINS.csv,lap,7,48995,1225.135121,12.167154,3258.167,211.844,-9.760336,,9.374592,35.53030299,-97.47498697,40.184,-56.169,-0.093,-17.295,1.230
VN300_2026-07-12_14-41-49_VNINS.csv,lap,7,48996,1225.135121,12.167154,3258.614,212.290,-9.760336,,9.374592,35.53030692,-97.47498797,39.592,-57.301,-0.411,-17.365,1.230
VN300_2026-07-12_14-41-49_VNINS.csv,lap,7,48997,1225.135121,12.167154,3259.051,212.728,-9.760336,,9.374592,35.53031077,-97.47498898,38.869,-58.274,-0.812,-17.463,1.240
VN300_2026-07-12_14-41-49_VNINS.csv,lap,7,48998,1225.135121,12.167154,3259.481,213.158,-9.760336,,9.374592,35.53031455,-97.47498999,38.293,-59.201,-1.264,-17.482,1.240
VN300_2026-07-12_14-41-49_VNINS.csv,lap,7,48999,1225.135121,12.167154,3260.361,214.037,-9.760336,,9.374592,35.53031802,-97.47499872,38.500,-60.152,-1.638,-17.618,1.210
VN300_2026-07-12_14-41-49_VNINS.csv,lap,7,49000,1225.135121,12.167154,3260.790,214.466,-9.760336,,9.374592,35.53032163,-97.47500039,38.190,-61.237,-1.981,-17.693,1.210
VN300_2026-07-12_14-41-49_VNINS.csv,lap,7,49001,1225.135121,12.167154,3261.212,214.889,-9.760336,,9.374592,35.53032520,-97.47500200,37.798,-62.413,-2.182,-17.737,1.220
VN300_2026-07-12_14-41-49_VNINS.csv,lap,7,49002,1225.135121,12.167154,3261.630,215.306,-9.760336,,9.374592,35.53032871,-97.47500363,37.282,-63.633,-2.388,-17.829,1.220
VN300_2026-07-12_14-41-49_VNINS.csv,lap,7,49003,1225.135121,12.167154,3262.041,215.718,-9.760336,,9.374592,35.53033215,-97.47500530,36.837,-64.872,-2.611,-17.656,1.220
VN300_2026-07-12_14-41-49_VNINS.csv,lap,7,49004,1225.135121,12.167154,3262.447,216.123,-9.760336,,9.374592,35.53033553,-97.47500699,36.326,-65.968,-2.874,-17.461,1.220
VN300_2026-07-12_14-41-49_VNINS.csv,lap,7,49005,1225.388665,12.420698,3262.847,216.524,-9.506792,,9.374592,35.53033885,-97.47500870,35.847,-66.935,-3.206,-17.485,1.220
VN300_2026-07-12_14-41-49_VNINS.csv,lap,7,49006,1225.388665,12.420698,3263.240,216.917,-9.506792,,9.374592,35.53034209,-97.47501045,35.297,-67.974,-3.490,-17.265,1.220
VN300_2026-07-12_14-41-49_VNINS.csv,lap,7,49007,1225.388665,12.420698,3263.627,217.304,-9.506792,,9.374592,35.53034524,-97.47501226,34.831,-69.083,-3.664,-16.879,1.220
VN300_2026-07-12_14-41-49_VNINS.csv,lap,7,49008,1225.388665,12.420698,3264.555,218.231,-9.506792,,9.374592,35.53034917,-97.47502130,37.418,-69.865,-3.782,-16.813,1.200
VN300_2026-07-12_14-41-49_VNINS.csv,lap,7,49009,1225.388665,12.420698,3264.966,218.643,-9.506792,,9.374592,35.53035229,-97.47502375,37.253,-70.577,-3.951,-16.928,1.200
VN300_2026-07-12_14-41-49_VNINS.csv,lap,7,49010,1225.388665,12.420698,3265.376,219.053,-9.506792,,9.374592,35.53035536,-97.47502626,37.195,-71.164,-4.159,-16.725,1.200
VN300_2026-07-12_14-41-49_VNINS.csv,lap,7,49011,1225.388665,12.420698,3265.785,219.462,-9.506792,,9.374592,35.53035839,-97.47502882,37.244,-71.605,-4.393,-16.696,1.200
VN300_2026-07-12_14-41-49_VNINS.csv,lap,7,49012,1225.388665,12.420698,3266.194,219.871,-9.506792,,9.374592,35.53036139,-97.47503143,37.340,-72.055,-4.643,-16.848,1.200
VN300_2026-07-12_14-41-49_VNINS.csv,lap,7,49013,1225.388665,12.420698,3266.602,220.279,-9.506792,,9.374592,35.53036435,-97.47503410,37.452,-72.639,-4.759,-16.903,1.200
VN300_2026-07-12_14-41-49_VNINS.csv,lap,7,49014,1225.388665,12.420698,3267.013,220.689,-9.506792,,9.374592,35.53036728,-97.47503686,37.649,-73.274,-4.833,-16.829,1.200
VN300_2026-07-12_14-41-49_VNINS.csv,lap,7,49015,1225.656014,12.688047,3267.649,221.326,-9.239443,,9.374592,35.53037128,-97.47504189,39.170,-73.828,-4.809,-16.855,1.180
VN300_2026-07-12_14-41-49_VNINS.csv,lap,7,49016,1225.656014,12.688047,3268.078,221.755,-9.239443,,9.374592,35.53037428,-97.47504487,39.317,-74.205,-4.777,-16.724,1.180
VN300_2026-07-12_14-41-49_VNINS.csv,lap,7,49017,1225.656014,12.688047,3268.509,222.186,-9.239443,,9.374592,35.53037726,-97.47504792,39.583,-74.512,-4.822,-16.550,1.180
VN300_2026-07-12_14-41-49_VNINS.csv,lap,7,49018,1225.656014,12.688047,3268.942,222.619,-9.239443,,9.374592,35.53038022,-97.47505103,39.854,-74.667,-4.953,-16.512,1.180
VN300_2026-07-12_14-41-49_VNINS.csv,lap,7,49019,1225.656014,12.688047,3269.379,223.055,-9.239443,,9.374592,35.53038316,-97.47505422,40.129,-74.814,-5.085,-16.471,1.180
VN300_2026-07-12_14-41-49_VNINS.csv,lap,7,49020,1225.656014,12.688047,3269.818,223.495,-9.239443,,9.374592,35.53038610,-97.47505747,40.532,-74.968,-5.231,-16.462,1.180
VN300_2026-07-12_14-41-49_VNINS.csv,lap,7,49021,1225.656014,12.688047,3270.261,223.938,-9.239443,,9.374592,35.53038904,-97.47506077,40.778,-75.136,-5.318,-16.366,1.180
VN300_2026-07-12_14-41-49_VNINS.csv,lap,7,49022,1225.656014,12.688047,3270.705,224.382,-9.239443,,9.374592,35.53039196,-97.47506412,41.053,-75.348,-5.400,-16.277,1.190
VN300_2026-07-12_14-41-49_VNINS.csv,lap,7,49023,1225.656014,12.688047,3271.167,224.844,-9.239443,,9.374592,35.53039465,-97.47506801,41.241,-75.451,-5.457,-16.505,1.160
VN300_2026-07-12_14-41-49_VNINS.csv,lap,7,49024,1225.656014,12.688047,3271.618,225.295,-9.239443,,9.374592,35.53039757,-97.47507147,41.565,-75.446,-5.472,-16.662,1.170
VN300_2026-07-12_14-41-49_VNINS.csv,lap,7,49025,1225.656014,12.688047,3272.073,225.750,-9.239443,,9.374592,35.53040049,-97.47507499,41.972,-75.373,-5.485,-16.532,1.170
VN300_2026-07-12_14-41-49_VNINS.csv,lap,7,49026,1225.909794,12.941827,3272.532,226.208,-8.985663,,9.374592,35.53040344,-97.47507853,42.313,-75.148,-5.511,-16.731,1.170
VN300_2026-07-12_14-41-49_VNINS.csv,lap,7,49027,1225.909794,12.941827,3272.994,226.670,-8.985663,,9.374592,35.53040641,-97.47508210,42.564,-74.818,-5.515,-16.630,1.170
VN300_2026-07-12_14-41-49_VNINS.csv,lap,7,49028,1225.909794,12.941827,3273.460,227.136,-8.985663,,9.374592,35.53040941,-97.47508570,42.967,-74.407,-5.442,-16.413,1.170
VN300_2026-07-12_14-41-49_VNINS.csv,lap,7,49029,1225.909794,12.941827,3273.930,227.607,-8.985663,,9.374592,35.53041243,-97.47508934,43.344,-74.010,-5.235,-16.831,1.170
VN300_2026-07-12_14-41-49_VNINS.csv,lap,7,49030,1225.909794,12.941827,3274.403,228.080,-8.985663,,9.374592,35.53041545,-97.47509302,43.636,-73.609,-4.956,-16.961,1.170
VN300_2026-07-12_14-41-49_VNINS.csv,lap,7,49031,1225.909794,12.941827,3274.860,228.536,-8.985663,,9.374592,35.53041669,-97.47509783,43.645,-73.059,-4.675,-16.443,1.150
VN300_2026-07-12_14-41-49_VNINS.csv,lap,7,49032,1225.909794,12.941827,3275.337,229.013,-8.985663,,9.374592,35.53041968,-97.47510161,43.910,-72.516,-4.366,-16.663,1.150
VN300_2026-07-12_14-41-49_VNINS.csv,lap,7,49033,1225.909794,12.941827,3275.816,229.493,-8.985663,,9.374592,35.53042268,-97.47510542,44.157,-71.831,-4.257,-17.131,1.150
VN300_2026-07-12_14-41-49_VNINS.csv,lap,7,49034,1225.909794,12.941827,3276.300,229.977,-8.985663,,9.374592,35.53042569,-97.47510928,44.432,-71.136,-4.136,-17.140,1.150
VN300_2026-07-12_14-41-49_VNINS.csv,lap,7,49035,1225.909794,12.941827,3276.788,230.464,-8.985663,,9.374592,35.53042872,-97.47511317,44.765,-70.378,-3.990,-17.379,1.150
VN300_2026-07-12_14-41-49_VNINS.csv,lap,7,49036,1226.163371,13.195404,3277.277,230.954,-8.732086,,9.374592,35.53043177,-97.47511707,44.975,-69.586,-3.896,-17.542,1.150
VN300_2026-07-12_14-41-49_VNINS.csv,lap,7,49037,1226.163371,13.195404,3277.770,231.446,-8.732086,,9.374592,35.53043483,-97.47512101,45.130,-68.934,-3.709,-17.359,1.150
VN300_2026-07-12_14-41-49_VNINS.csv,lap,7,49038,1226.163371,13.195404,3278.264,231.941,-8.732086,,9.374592,35.53043788,-97.47512498,45.183,-68.456,-3.587,-17.468,1.150
VN300_2026-07-12_14-41-49_VNINS.csv,lap,7,49039,1226.163371,13.195404,3278.650,232.326,-8.732086,,9.374592,35.53043928,-97.47512888,44.688,-68.170,-3.490,-17.433,1.140
VN300_2026-07-12_14-41-49_VNINS.csv,lap,7,49040,1226.163371,13.195404,3279.137,232.814,-8.732086,,9.374592,35.53044224,-97.47513286,44.689,-68.006,-3.435,-17.301,1.140
VN300_2026-07-12_14-41-49_VNINS.csv,lap,7,49041,1226.163371,13.195404,3279.626,233.303,-8.732086,,9.374592,35.53044518,-97.47513687,44.650,-67.957,-3.453,-17.272,1.140
VN300_2026-07-12_14-41-49_VNINS.csv,lap,7,49042,1226.163371,13.195404,3280.113,233.789,-8.732086,,9.374592,35.53044808,-97.47514090,44.492,-68.002,-3.617,-17.008,1.140
VN300_2026-07-12_14-41-49_VNINS.csv,lap,7,49043,1226.163371,13.195404,3280.596,234.272,-8.732086,,9.374592,35.53045093,-97.47514493,44.164,-68.089,-3.895,-16.871,1.140
VN300_2026-07-12_14-41-49_VNINS.csv,lap,7,49044,1226.163371,13.195404,3281.075,234.752,-8.732086,,9.374592,35.53045374,-97.47514895,43.921,-68.268,-4.300,-17.056,1.140
VN300_2026-07-12_14-41-49_VNINS.csv,lap,7,49045,1226.163371,13.195404,3281.554,235.231,-8.732086,,9.374592,35.53045652,-97.47515299,43.850,-68.581,-4.630,-17.027,1.140
VN300_2026-07-12_14-41-49_VNINS.csv,lap,7,49046,1226.416871,13.448904,3282.031,235.707,-8.478586,,9.374592,35.53045926,-97.47515704,43.822,-68.964,-4.910,-17.004,1.140
VN300_2026-07-12_14-41-49_VNINS.csv,lap,7,49047,1226.416871,13.448904,3282.506,236.183,-8.478586,,9.374592,35.53046195,-97.47516112,43.641,-69.455,-5.140,-16.630,1.140
VN300_2026-07-12_14-41-49_VNINS.csv,lap,7,49048,1226.416871,13.448904,3282.897,236.574,-8.478586,,9.374592,35.53046301,-97.47516524,42.992,-69.752,-5.386,-16.380,1.120
VN300_2026-07-12_14-41-49_VNINS.csv,lap,7,49049,1226.416871,13.448904,3283.363,237.040,-8.478586,,9.374592,35.53046558,-97.47516931,42.948,-70.215,-5.519,-16.493,1.120
VN300_2026-07-12_14-41-49_VNINS.csv,lap,7,49050,1226.416871,13.448904,3283.828,237.505,-8.478586,,9.374592,35.53046810,-97.47517341,42.866,-70.816,-5.459,-16.507,1.120
VN300_2026-07-12_14-41-49_VNINS.csv,lap,7,49051,1226.416871,13.448904,3284.292,237.969,-8.478586,,9.374592,35.53047056,-97.47517755,42.873,-71.472,-5.309,-16.059,1.120
VN300_2026-07-12_14-41-49_VNINS.csv,lap,7,49052,1226.416871,13.448904,3284.754,238.431,-8.478586,,9.374592,35.53047297,-97.47518171,42.743,-72.047,-5.143,-15.437,1.130
VN300_2026-07-12_14-41-49_VNINS.csv,lap,7,49053,1226.416871,13.448904,3285.214,238.890,-8.478586,,9.374592,35.53047532,-97.47518589,42.533,-72.427,-5.144,-15.381,1.130
VN300_2026-07-12_14-41-49_VNINS.csv,lap,7,49054,1226.416871,13.448904,3285.671,239.348,-8.478586,,9.374592,35.53047761,-97.47519009,42.384,-72.693,-5.348,-15.432,1.130
VN300_2026-07-12_14-41-49_VNINS.csv,lap,7,49055,1226.416871,13.448904,3286.007,239.684,-8.478586,,9.374592,35.53047795,-97.47519378,41.761,-72.995,-5.517,-15.298,1.110
VN300_2026-07-12_14-41-49_VNINS.csv,lap,7,49056,1226.693101,13.725134,3286.458,240.135,-8.202356,,9.374592,35.53048009,-97.47519801,41.888,-73.479,-5.566,-15.257,1.110
VN300_2026-07-12_14-41-49_VNINS.csv,lap,7,49057,1226.693101,13.725134,3286.909,240.586,-8.202356,,9.374592,35.53048219,-97.47520228,41.971,-73.993,-5.621,-15.160,1.110
VN300_2026-07-12_14-41-49_VNINS.csv,lap,7,49058,1226.693101,13.725134,3287.362,241.038,-8.202356,,9.374592,35.53048425,-97.47520659,42.176,-74.477,-5.708,-15.019,1.110
VN300_2026-07-12_14-41-49_VNINS.csv,lap,7,49059,1226.693101,13.725134,3287.816,241.493,-8.202356,,9.374592,35.53048628,-97.47521095,42.451,-75.115,-5.781,-15.091,1.110
VN300_2026-07-12_14-41-49_VNINS.csv,lap,7,49060,1226.693101,13.725134,3288.274,241.951,-8.202356,,9.374592,35.53048828,-97.47521537,42.771,-75.732,-5.883,-15.147,1.110
VN300_2026-07-12_14-41-49_VNINS.csv,lap,7,49061,1226.693101,13.725134,3288.733,242.410,-8.202356,,9.374592,35.53049025,-97.47521983,43.124,-76.391,-5.975,-14.770,1.110
VN300_2026-07-12_14-41-49_VNINS.csv,lap,7,49062,1226.693101,13.725134,3289.195,242.872,-8.202356,,9.374592,35.53049220,-97.47522434,43.440,-77.080,-6.047,-14.350,1.110
VN300_2026-07-12_14-41-49_VNINS.csv,lap,7,49063,1226.693101,13.725134,3289.476,243.153,-8.202356,,9.374592,35.53049313,-97.47522723,42.678,-77.838,-6.129,-14.470,1.100
VN300_2026-07-12_14-41-49_VNINS.csv,lap,7,49064,1226.693101,13.725134,3289.932,243.609,-8.202356,,9.374592,35.53049498,-97.47523172,42.804,-78.468,-6.315,-14.276,1.100
VN300_2026-07-12_14-41-49_VNINS.csv,lap,7,49065,1226.693101,13.725134,3290.391,244.067,-8.202356,,9.374592,35.53049678,-97.47523628,43.075,-78.954,-6.477,-13.824,1.100
VN300_2026-07-12_14-41-49_VNINS.csv,lap,7,49066,1226.693101,13.725134,3290.851,244.528,-8.202356,,9.374592,35.53049854,-97.47524089,43.306,-79.519,-6.613,-13.847,1.100
VN300_2026-07-12_14-41-49_VNINS.csv,lap,7,49067,1226.946963,13.978996,3291.313,244.990,-7.948494,,9.374592,35.53050024,-97.47524555,43.427,-80.160,-6.758,-13.863,1.100
VN300_2026-07-12_14-41-49_VNINS.csv,lap,7,49068,1226.946963,13.978996,3291.777,245.454,-7.948494,,9.374592,35.53050188,-97.47525026,43.617,-80.886,-6.826,-13.696,1.100
VN300_2026-07-12_14-41-49_VNINS.csv,lap,7,49069,1226.946963,13.978996,3292.241,245.918,-7.948494,,9.374592,35.53050347,-97.47525500,43.719,-81.632,-6.946,-13.244,1.100
VN300_2026-07-12_14-41-49_VNINS.csv,lap,7,49070,1226.946963,13.978996,3292.705,246.382,-7.948494,,9.374592,35.53050500,-97.47525977,43.933,-82.214,-7.278,-13.260,1.100
VN300_2026-07-12_14-41-49_VNINS.csv,lap,7,49071,1226.946963,13.978996,3293.044,246.721,-7.948494,,9.374592,35.53050544,-97.47526348,42.910,-82.781,-7.682,-12.845,1.080
VN300_2026-07-12_14-41-49_VNINS.csv,lap,7,49072,1226.946963,13.978996,3293.500,247.177,-7.948494,,9.374592,35.53050681,-97.47526823,43.099,-83.476,-7.948,-12.525,1.080
VN300_2026-07-12_14-41-49_VNINS.csv,lap,7,49073,1226.946963,13.978996,3293.958,247.634,-7.948494,,9.374592,35.53050815,-97.47527301,43.202,-84.340,-8.103,-12.477,1.090
VN300_2026-07-12_14-41-49_VNINS.csv,lap,7,49074,1226.946963,13.978996,3294.415,248.091,-7.948494,,9.374592,35.53050943,-97.47527781,43.336,-85.292,-8.200,-12.363,1.090
VN300_2026-07-12_14-41-49_VNINS.csv,lap,7,49075,1226.946963,13.978996,3294.871,248.548,-7.948494,,9.374592,35.53051063,-97.47528263,43.454,-86.278,-8.262,-12.035,1.090
VN300_2026-07-12_14-41-49_VNINS.csv,lap,7,49076,1226.946963,13.978996,3295.328,249.004,-7.948494,,9.374592,35.53051180,-97.47528747,43.459,-87.141,-8.326,-11.704,1.090
VN300_2026-07-12_14-41-49_VNINS.csv,lap,7,49077,1227.200487,14.232520,3295.783,249.460,-7.694970,,9.374592,35.53051290,-97.47529232,43.415,-87.929,-8.548,-11.451,1.090
VN300_2026-07-12_14-41-49_VNINS.csv,lap,7,49078,1227.200487,14.232520,3296.236,249.913,-7.694970,,9.374592,35.53051393,-97.47529716,43.266,-88.651,-8.815,-11.277,1.090
VN300_2026-07-12_14-41-49_VNINS.csv,lap,7,49079,1227.200487,14.232520,3296.576,250.253,-7.694970,,9.374592,35.53051402,-97.47530092,41.807,-89.470,-9.089,-10.924,1.070
VN300_2026-07-12_14-41-49_VNINS.csv,lap,7,49080,1227.200487,14.232520,3297.015,250.692,-7.694970,,9.374592,35.53051489,-97.47530565,41.661,-90.410,-9.215,-10.510,1.070
VN300_2026-07-12_14-41-49_VNINS.csv,lap,7,49081,1227.200487,14.232520,3297.452,251.128,-7.694970,,9.374592,35.53051569,-97.47531037,41.421,-91.402,-9.339,-10.373,1.070
VN300_2026-07-12_14-41-49_VNINS.csv,lap,7,49082,1227.200487,14.232520,3297.884,251.561,-7.694970,,9.374592,35.53051644,-97.47531506,41.105,-92.314,-9.567,-10.552,1.070
VN300_2026-07-12_14-41-49_VNINS.csv,lap,7,49083,1227.200487,14.232520,3298.312,251.988,-7.694970,,9.374592,35.53051712,-97.47531971,40.804,-93.235,-9.821,-10.339,1.070
VN300_2026-07-12_14-41-49_VNINS.csv,lap,7,49084,1227.200487,14.232520,3298.736,252.413,-7.694970,,9.374592,35.53051772,-97.47532434,40.623,-94.159,-10.172,-10.014,1.080
VN300_2026-07-12_14-41-49_VNINS.csv,lap,7,49085,1227.200487,14.232520,3299.158,252.834,-7.694970,,9.374592,35.53051828,-97.47532895,40.476,-95.143,-10.496,-9.939,1.080
VN300_2026-07-12_14-41-49_VNINS.csv,lap,7,49086,1227.200487,14.232520,3299.576,253.253,-7.694970,,9.374592,35.53051876,-97.47533354,40.377,-96.350,-10.739,-9.771,1.080
VN300_2026-07-12_14-41-49_VNINS.csv,lap,7,49087,1227.453953,14.485986,3299.992,253.669,-7.441504,,9.374592,35.53051917,-97.47533811,40.181,-97.745,-10.814,-9.115,1.080
VN300_2026-07-12_14-41-49_VNINS.csv,lap,7,49088,1227.453953,14.485986,3300.355,254.032,-7.441504,,9.374592,35.53051874,-97.47534208,38.792,-99.220,-10.776,-8.730,1.060
VN300_2026-07-12_14-41-49_VNINS.csv,lap,7,49089,1227.453953,14.485986,3300.758,254.435,-7.441504,,9.374592,35.53051907,-97.47534652,38.588,-100.591,-10.782,-8.645,1.060
VN300_2026-07-12_14-41-49_VNINS.csv,lap,7,49090,1227.453953,14.485986,3301.158,254.834,-7.441504,,9.374592,35.53051934,-97.47535092,38.350,-101.813,-10.907,-8.291,1.060
VN300_2026-07-12_14-41-49_VNINS.csv,lap,7,49091,1227.453953,14.485986,3301.554,255.230,-7.441504,,9.374592,35.53051954,-97.47535529,38.065,-102.829,-11.070,-7.746,1.060
VN300_2026-07-12_14-41-49_VNINS.csv,lap,7,49092,1227.453953,14.485986,3301.946,255.622,-7.441504,,9.374592,35.53051966,-97.47535962,37.885,-103.733,-11.353,-7.323,1.060
VN300_2026-07-12_14-41-49_VNINS.csv,lap,7,49093,1227.453953,14.485986,3302.337,256.013,-7.441504,,9.374592,35.53051972,-97.47536394,37.689,-104.747,-11.506,-7.196,1.060
VN300_2026-07-12_14-41-49_VNINS.csv,lap,7,49094,1227.453953,14.485986,3302.724,256.401,-7.441504,,9.374592,35.53051968,-97.47536822,37.580,-105.955,-11.486,-6.850,1.060
VN300_2026-07-12_14-41-49_VNINS.csv,lap,7,49095,1227.453953,14.485986,3303.149,256.825,-7.441504,,9.374592,35.53051750,-97.47537207,36.093,-107.355,-11.216,-6.433,1.050
VN300_2026-07-12_14-41-49_VNINS.csv,lap,7,49096,1227.453953,14.485986,3303.523,257.199,-7.441504,,9.374592,35.53051731,-97.47537620,35.912,-108.702,-10.878,-5.985,1.050
VN300_2026-07-12_14-41-49_VNINS.csv,lap,7,49097,1227.453953,14.485986,3303.898,257.574,-7.441504,,9.374592,35.53051705,-97.47538033,35.856,-109.877,-10.679,-5.775,1.050
VN300_2026-07-12_14-41-49_VNINS.csv,lap,7,49098,1228.148300,15.180333,3304.270,257.947,-6.747157,,9.374592,35.53051673,-97.47538443,35.874,-110.751,-10.643,-5.744,1.050
VN300_2026-07-12_14-41-49_VNINS.csv,lap,7,49099,1228.148300,15.180333,3304.644,258.320,-6.747157,,9.374592,35.53051636,-97.47538853,36.036,-111.477,-10.709,-5.648,1.050
VN300_2026-07-12_14-41-49_VNINS.csv,lap,7,49100,1228.148300,15.180333,3305.017,258.694,-6.747157,,9.374592,35.53051591,-97.47539262,36.203,-112.086,-10.892,-5.415,1.050
VN300_2026-07-12_14-41-49_VNINS.csv,lap,7,49101,1228.148300,15.180333,3305.393,259.070,-6.747157,,9.374592,35.53051541,-97.47539673,36.447,-112.726,-11.089,-5.196,1.050
VN300_2026-07-12_14-41-49_VNINS.csv,lap,7,49102,1228.148300,15.180333,3305.770,259.446,-6.747157,,9.374592,35.53051484,-97.47540083,36.701,-113.456,-11.265,-5.092,1.050
VN300_2026-07-12_14-41-49_VNINS.csv,lap,7,49103,1228.148300,15.180333,3306.184,259.861,-6.747157,,9.374592,35.53051246,-97.47540436,35.577,-114.248,-11.400,-5.240,1.040
VN300_2026-07-12_14-41-49_VNINS.csv,lap,7,49104,1228.148300,15.180333,3306.557,260.234,-6.747157,,9.374592,35.53051185,-97.47540841,35.981,-115.139,-11.485,-5.508,1.040
VN300_2026-07-12_14-41-49_VNINS.csv,lap,7,49105,1228.148300,15.180333,3306.934,260.610,-6.747157,,9.374592,35.53051118,-97.47541249,36.161,-116.133,-11.458,-5.101,1.040
VN300_2026-07-12_14-41-49_VNINS.csv,lap,7,49106,1228.148300,15.180333,3307.313,260.990,-6.747157,,9.374592,35.53051046,-97.47541659,36.581,-117.206,-11.308,-4.634,1.040
VN300_2026-07-12_14-41-49_VNINS.csv,lap,7,49107,1228.148300,15.180333,3307.696,261.372,-6.747157,,9.374592,35.53050969,-97.47542071,36.897,-118.268,-11.142,-4.282,1.040
VN300_2026-07-12_14-41-49_VNINS.csv,lap,7,49108,1228.148300,15.180333,3308.081,261.757,-6.747157,,9.374592,35.53050886,-97.47542484,37.041,-119.203,-11.044,-3.834,1.040
VN300_2026-07-12_14-41-49_VNINS.csv,lap,7,49109,1228.148300,15.180333,3308.468,262.145,-6.747157,,9.374592,35.53050795,-97.47542897,37.273,-119.994,-11.084,-3.405,1.040
VN300_2026-07-12_14-41-49_VNINS.csv,lap,7,49110,1228.148300,15.180333,3308.857,262.533,-6.747157,,9.374592,35.53050699,-97.47543310,37.637,-120.758,-11.173,-3.216,1.040
VN300_2026-07-12_14-41-49_VNINS.csv,lap,7,49111,1228.148300,15.180333,3309.337,263.014,-6.747157,,9.374592,35.53050439,-97.47543734,36.901,-121.501,-11.257,-3.019,1.020
VN300_2026-07-12_14-41-49_VNINS.csv,lap,7,49112,1228.148300,15.180333,3309.724,263.401,-6.747157,,9.374592,35.53050332,-97.47544141,37.110,-122.205,-11.331,-2.912,1.030
VN300_2026-07-12_14-41-49_VNINS.csv,lap,7,49113,1228.148300,15.180333,3310.117,263.793,-6.747157,,9.374592,35.53050221,-97.47544553,37.500,-122.960,-11.322,-2.871,1.030
VN300_2026-07-12_14-41-49_VNINS.csv,lap,7,49114,1228.148300,15.180333,3310.513,264.190,-6.747157,,9.374592,35.53050105,-97.47544967,37.853,-123.667,-11.189,-2.672,1.030
VN300_2026-07-12_14-41-49_VNINS.csv,lap,7,49115,1228.148300,15.180333,3310.911,264.587,-6.747157,,9.374592,35.53049985,-97.47545381,38.195,-124.263,-11.046,-2.313,1.030
VN300_2026-07-12_14-41-49_VNINS.csv,lap,7,49116,1228.148300,15.180333,3311.315,264.991,-6.747157,,9.374592,35.53049862,-97.47545801,38.714,-124.747,-10.934,-2.313,1.030
VN300_2026-07-12_14-41-49_VNINS.csv,lap,7,49117,1228.148300,15.180333,3311.721,265.398,-6.747157,,9.374592,35.53049734,-97.47546222,38.933,-125.197,-10.757,-2.025,1.030
VN300_2026-07-12_14-41-49_VNINS.csv,lap,7,49118,1228.148300,15.180333,3312.130,265.807,-6.747157,,9.374592,35.53049600,-97.47546643,39.274,-125.453,-10.580,-1.738,1.030
VN300_2026-07-12_14-41-49_VNINS.csv,lap,7,49119,1228.148300,15.180333,3312.618,266.294,-6.747157,,9.374592,35.53049281,-97.47547012,38.689,-125.545,-10.391,-1.694,1.010
VN300_2026-07-12_14-41-49_VNINS.csv,lap,7,49120,1228.148300,15.180333,3313.028,266.705,-6.747157,,9.374592,35.53049139,-97.47547431,39.073,-125.361,-10.236,-1.780,1.010
VN300_2026-07-12_14-41-49_VNINS.csv,lap,7,49121,1228.148300,15.180333,3313.443,267.119,-6.747157,,9.374592,35.53048992,-97.47547852,39.398,-124.930,-10.069,-1.734,1.010
VN300_2026-07-12_14-41-49_VNINS.csv,lap,7,49122,1228.148300,15.180333,3313.861,267.538,-6.747157,,9.374592,35.53048840,-97.47548275,39.785,-124.250,-10.004,-2.044,1.010
VN300_2026-07-12_14-41-49_VNINS.csv,lap,7,49123,1228.148300,15.180333,3314.284,267.961,-6.747157,,9.374592,35.53048684,-97.47548701,40.122,-123.409,-9.959,-2.357,1.020
VN300_2026-07-12_14-41-49_VNINS.csv,lap,7,49124,1228.148300,15.180333,3314.710,268.387,-6.747157,,9.374592,35.53048524,-97.47549129,40.474,-122.511,-9.841,-2.561,1.020
VN300_2026-07-12_14-41-49_VNINS.csv,lap,7,49125,1228.407112,15.439145,3315.141,268.818,-6.488345,,9.374592,35.53048363,-97.47549562,40.956,-121.650,-9.720,-2.935,1.020
VN300_2026-07-12_14-41-49_VNINS.csv,lap,7,49126,1228.407112,15.439145,3315.576,269.253,-6.488345,,9.374592,35.53048198,-97.47549998,41.380,-120.973,-9.568,-3.358,1.020
VN300_2026-07-12_14-41-49_VNINS.csv,lap,7,49127,1228.407112,15.439145,3316.015,269.691,-6.488345,,9.374592,35.53048031,-97.47550437,41.627,-120.597,-9.386,-3.378,1.020
VN300_2026-07-12_14-41-49_VNINS.csv,lap,7,49128,1228.407112,15.439145,3316.411,270.088,-6.488345,,9.374592,35.53047846,-97.47550812,41.157,-120.494,-9.209,-3.179,1.000
VN300_2026-07-12_14-41-49_VNINS.csv,lap,7,49129,1228.407112,15.439145,3316.853,270.530,-6.488345,,9.374592,35.53047681,-97.47551256,41.623,-120.584,-9.020,-3.312,1.000
VN300_2026-07-12_14-41-49_VNINS.csv,lap,7,49130,1228.407112,15.439145,3317.300,270.976,-6.488345,,9.374592,35.53047511,-97.47551703,41.957,-120.813,-8.850,-3.394,1.000
VN300_2026-07-12_14-41-49_VNINS.csv,lap,7,49131,1228.407112,15.439145,3317.751,271.427,-6.488345,,9.374592,35.53047340,-97.47552155,42.493,-121.100,-8.683,-3.132,1.000
VN300_2026-07-12_14-41-49_VNINS.csv,lap,7,49132,1228.407112,15.439145,3318.207,271.884,-6.488345,,9.374592,35.53047166,-97.47552612,42.895,-121.301,-8.618,-2.973,1.000
VN300_2026-07-12_14-41-49_VNINS.csv,lap,7,49133,1228.407112,15.439145,3318.668,272.344,-6.488345,,9.374592,35.53046989,-97.47553072,43.253,-121.484,-8.573,-3.057,1.010
VN300_2026-07-12_14-41-49_VNINS.csv,lap,7,49134,1228.407112,15.439145,3319.131,272.808,-6.488345,,9.374592,35.53046809,-97.47553534,43.487,-121.620,-8.517,-2.932,1.010
VN300_2026-07-12_14-41-49_VNINS.csv,lap,7,49135,1228.407112,15.439145,3319.457,273.133,-6.488345,,9.374592,35.53046567,-97.47553736,42.505,-121.631,-8.435,-2.809,0.990
VN300_2026-07-12_14-41-49_VNINS.csv,lap,7,49136,1228.660982,15.693015,3319.915,273.592,-6.234475,,9.374592,35.53046385,-97.47554191,42.842,-121.537,-8.374,-2.673,0.990
VN300_2026-07-12_14-41-49_VNINS.csv,lap,7,49137,1228.660982,15.693015,3320.378,274.054,-6.234475,,9.374592,35.53046202,-97.47554650,43.113,-121.448,-8.355,-2.878,0.990
VN300_2026-07-12_14-41-49_VNINS.csv,lap,7,49138,1228.660982,15.693015,3320.842,274.518,-6.234475,,9.374592,35.53046016,-97.47555109,43.375,-121.381,-8.324,-2.806,0.990
VN300_2026-07-12_14-41-49_VNINS.csv,lap,7,49139,1228.660982,15.693015,3321.311,274.988,-6.234475,,9.374592,35.53045827,-97.47555573,43.838,-121.348,-8.233,-2.818,0.990
VN300_2026-07-12_14-41-49_VNINS.csv,lap,7,49140,1228.660982,15.693015,3321.785,275.461,-6.234475,,9.374592,35.53045635,-97.47556040,44.247,-121.396,-8.016,-2.633,0.990
VN300_2026-07-12_14-41-49_VNINS.csv,lap,7,49141,1228.660982,15.693015,3322.263,275.940,-6.234475,,9.374592,35.53045440,-97.47556511,44.688,-121.485,-7.690,-2.560,0.990
VN300_2026-07-12_14-41-49_VNINS.csv,lap,7,49142,1228.660982,15.693015,3322.745,276.422,-6.234475,,9.374592,35.53045243,-97.47556986,45.166,-121.601,-7.417,-2.574,1.000
VN300_2026-07-12_14-41-49_VNINS.csv,lap,7,49143,1228.660982,15.693015,3322.991,276.668,-6.234475,,9.374592,35.53045157,-97.47557236,44.431,-121.791,-7.272,-2.685,0.980
VN300_2026-07-12_14-41-49_VNINS.csv,lap,7,49144,1228.660982,15.693015,3323.472,277.149,-6.234475,,9.374592,35.53044958,-97.47557708,44.603,-122.096,-7.302,-2.249,0.980
VN300_2026-07-12_14-41-49_VNINS.csv,lap,7,49145,1228.660982,15.693015,3323.959,277.636,-6.234475,,9.374592,35.53044757,-97.47558186,45.156,-122.422,-7.345,-2.171,0.980
VN300_2026-07-12_14-41-49_VNINS.csv,lap,7,49146,1228.941554,15.973587,3324.449,278.125,-5.953903,,9.374592,35.53044555,-97.47558667,45.517,-122.789,-7.446,-2.239,0.980
VN300_2026-07-12_14-41-49_VNINS.csv,lap,7,49147,1228.941554,15.973587,3324.944,278.620,-5.953903,,9.374592,35.53044349,-97.47559152,45.930,-123.086,-7.514,-2.530,0.980
VN300_2026-07-12_14-41-49_VNINS.csv,lap,7,49148,1228.941554,15.973587,3325.441,279.118,-5.953903,,9.374592,35.53044138,-97.47559637,46.131,-123.437,-7.289,-2.166,0.980
VN300_2026-07-12_14-41-49_VNINS.csv,lap,7,49149,1228.941554,15.973587,3325.942,279.618,-5.953903,,9.374592,35.53043925,-97.47560124,46.495,-123.791,-7.086,-2.101,0.980
VN300_2026-07-12_14-41-49_VNINS.csv,lap,7,49150,1228.941554,15.973587,3326.444,280.121,-5.953903,,9.374592,35.53043708,-97.47560611,46.557,-124.225,-6.844,-2.076,0.980
VN300_2026-07-12_14-41-49_VNINS.csv,lap,7,49151,1228.941554,15.973587,3326.609,280.285,-5.953903,,9.374592,35.53043578,-97.47560698,45.464,-124.726,-6.773,-2.401,0.970
VN300_2026-07-12_14-41-49_VNINS.csv,lap,7,49152,1228.941554,15.973587,3327.102,280.778,-5.953903,,9.374592,35.53043360,-97.47561172,45.647,-125.317,-6.952,-2.186,0.970
VN300_2026-07-12_14-41-49_VNINS.csv,lap,7,49153,1228.941554,15.973587,3327.597,281.274,-5.953903,,9.374592,35.53043137,-97.47561646,45.647,-126.048,-7.012,-1.782,0.970
VN300_2026-07-12_14-41-49_VNINS.csv,lap,7,49154,1228.941554,15.973587,3328.095,281.772,-5.953903,,9.374592,35.53042911,-97.47562121,46.137,-126.840,-7.065,-1.437,0.970
VN300_2026-07-12_14-41-49_VNINS.csv,lap,7,49155,1228.941554,15.973587,3328.598,282.275,-5.953903,,9.374592,35.53042681,-97.47562600,46.545,-127.686,-6.887,-1.096,0.970
VN300_2026-07-12_14-41-49_VNINS.csv,lap,7,49156,1228.941554,15.973587,3329.105,282.782,-5.953903,,9.374592,35.53042448,-97.47563082,46.797,-128.594,-6.707,-1.129,0.970
VN300_2026-07-12_14-41-49_VNINS.csv,lap,7,49157,1229.195441,16.227474,3329.614,283.290,-5.700016,,9.374592,35.53042212,-97.47563563,46.994,-129.448,-6.530,-0.875,0.970
VN300_2026-07-12_14-41-49_VNINS.csv,lap,7,49158,1229.195441,16.227474,3330.124,283.801,-5.700016,,9.374592,35.53041973,-97.47564045,47.330,-130.243,-6.437,-0.593,0.970
VN300_2026-07-12_14-41-49_VNINS.csv,lap,7,49159,1229.195441,16.227474,3330.296,283.973,-5.700016,,9.374592,35.53041832,-97.47564123,46.458,-131.063,-6.345,-0.459,0.960
VN300_2026-07-12_14-41-49_VNINS.csv,lap,7,49160,1229.195441,16.227474,3330.802,284.479,-5.700016,,9.374592,35.53041590,-97.47564596,46.401,-131.836,-6.373,-0.378,0.960
VN300_2026-07-12_14-41-49_VNINS.csv,lap,7,49161,1229.195441,16.227474,3331.308,284.985,-5.700016,,9.374592,35.53041346,-97.47565068,46.473,-132.513,-6.477,-0.403,0.960
VN300_2026-07-12_14-41-49_VNINS.csv,lap,7,49162,1229.195441,16.227474,3331.813,285.490,-5.700016,,9.374592,35.53041098,-97.47565536,46.392,-133.177,-6.524,-0.386,0.960
VN300_2026-07-12_14-41-49_VNINS.csv,lap,7,49163,1229.195441,16.227474,3332.319,285.995,-5.700016,,9.374592,35.53040849,-97.47566003,46.489,-133.810,-6.536,-0.510,0.960
VN300_2026-07-12_14-41-49_VNINS.csv,lap,7,49164,1229.195441,16.227474,3332.825,286.501,-5.700016,,9.374592,35.53040596,-97.47566468,46.497,-134.434,-6.446,-0.673,0.960
VN300_2026-07-12_14-41-49_VNINS.csv,lap,7,49165,1229.195441,16.227474,3333.329,287.006,-5.700016,,9.374592,35.53040342,-97.47566930,46.307,-135.010,-6.329,-0.556,0.960
VN300_2026-07-12_14-41-49_VNINS.csv,lap,7,49166,1229.195441,16.227474,3333.833,287.510,-5.700016,,9.374592,35.53040087,-97.47567390,46.292,-135.594,-6.283,-0.618,0.960
VN300_2026-07-12_14-41-49_VNINS.csv,lap,7,49167,1229.448863,16.480896,3334.335,288.011,-5.446594,,9.374592,35.53039829,-97.47567845,46.118,-136.159,-6.331,-0.682,0.960
VN300_2026-07-12_14-41-49_VNINS.csv,lap,7,49168,1229.448863,16.480896,3334.614,288.290,-5.446594,,9.374592,35.53039579,-97.47567821,44.912,-136.839,-6.239,-0.764,0.950
VN300_2026-07-12_14-41-49_VNINS.csv,lap,7,49169,1229.448863,16.480896,3335.103,288.779,-5.446594,,9.374592,35.53039320,-97.47568258,44.810,-137.576,-6.012,-0.357,0.950
VN300_2026-07-12_14-41-49_VNINS.csv,lap,7,49170,1229.448863,16.480896,3335.592,289.269,-5.446594,,9.374592,35.53039061,-97.47568695,44.607,-138.276,-5.859,-0.444,0.950
VN300_2026-07-12_14-41-49_VNINS.csv,lap,7,49171,1229.448863,16.480896,3336.078,289.754,-5.446594,,9.374592,35.53038804,-97.47569129,44.169,-138.972,-5.818,-0.595,0.950
VN300_2026-07-12_14-41-49_VNINS.csv,lap,7,49172,1229.448863,16.480896,3336.559,290.236,-5.446594,,9.374592,35.53038550,-97.47569560,43.883,-139.731,-5.824,-0.617,0.950
VN300_2026-07-12_14-41-49_VNINS.csv,lap,7,49173,1229.448863,16.480896,3337.037,290.714,-5.446594,,9.374592,35.53038296,-97.47569986,43.617,-140.529,-5.745,-0.450,0.950
VN300_2026-07-12_14-41-49_VNINS.csv,lap,7,49174,1229.448863,16.480896,3337.515,291.192,-5.446594,,9.374592,35.53038042,-97.47570412,43.518,-141.404,-5.476,-0.337,0.950
VN300_2026-07-12_14-41-49_VNINS.csv,lap,7,49175,1229.448863,16.480896,3337.839,291.516,-5.446594,,9.374592,35.53037751,-97.47570387,42.462,-142.328,-5.124,-0.408,0.940
VN300_2026-07-12_14-41-49_VNINS.csv,lap,7,49176,1229.448863,16.480896,3338.304,291.980,-5.446594,,9.374592,35.53037501,-97.47570798,42.072,-143.226,-4.872,-0.253,0.940
VN300_2026-07-12_14-41-49_VNINS.csv,lap,7,49177,1229.702405,16.734438,3338.767,292.443,-5.193052,,9.374592,35.53037252,-97.47571208,41.978,-144.026,-4.730,-0.267,0.940
VN300_2026-07-12_14-41-49_VNINS.csv,lap,7,49178,1229.702405,16.734438,3339.225,292.902,-5.193052,,9.374592,35.53037006,-97.47571615,41.581,-144.805,-4.690,-0.058,0.940
VN300_2026-07-12_14-41-49_VNINS.csv,lap,7,49179,1229.702405,16.734438,3339.683,293.359,-5.193052,,9.374592,35.53036761,-97.47572021,41.457,-145.528,-4.807,0.070,0.940
VN300_2026-07-12_14-41-49_VNINS.csv,lap,7,49180,1229.702405,16.734438,3340.137,293.813,-5.193052,,9.374592,35.53036518,-97.47572424,41.058,-146.191,-5.037,0.324,0.940
VN300_2026-07-12_14-41-49_VNINS.csv,lap,7,49181,1229.702405,16.734438,3340.587,294.264,-5.193052,,9.374592,35.53036277,-97.47572824,40.931,-146.883,-5.232,0.633,0.940
VN300_2026-07-12_14-41-49_VNINS.csv,lap,7,49182,1229.702405,16.734438,3341.036,294.713,-5.193052,,9.374592,35.53036036,-97.47573222,40.658,-147.644,-5.398,0.709,0.940
VN300_2026-07-12_14-41-49_VNINS.csv,lap,7,49183,1229.702405,16.734438,3341.549,295.226,-5.193052,,9.374592,35.53035653,-97.47572905,39.487,-148.540,-5.457,0.866,0.930
VN300_2026-07-12_14-41-49_VNINS.csv,lap,7,49184,1229.702405,16.734438,3341.982,295.659,-5.193052,,9.374592,35.53035409,-97.47573278,39.206,-149.560,-5.316,0.881,0.930
VN300_2026-07-12_14-41-49_VNINS.csv,lap,7,49185,1229.702405,16.734438,3342.411,296.087,-5.193052,,9.374592,35.53035167,-97.47573646,38.847,-150.666,-5.040,1.046,0.930
VN300_2026-07-12_14-41-49_VNINS.csv,lap,7,49186,1229.702405,16.734438,3342.837,296.513,-5.193052,,9.374592,35.53034926,-97.47574012,38.519,-151.801,-4.734,1.064,0.930
VN300_2026-07-12_14-41-49_VNINS.csv,lap,7,49187,1229.971493,17.003526,3343.257,296.934,-4.923964,,9.374592,35.53034688,-97.47574373,38.008,-152.867,-4.485,1.297,0.930
VN300_2026-07-12_14-41-49_VNINS.csv,lap,7,49188,1229.971493,17.003526,3343.673,297.350,-4.923964,,9.374592,35.53034452,-97.47574730,37.655,-153.839,-4.304,1.324,0.930
VN300_2026-07-12_14-41-49_VNINS.csv,lap,7,49189,1229.971493,17.003526,3344.085,297.761,-4.923964,,9.374592,35.53034219,-97.47575083,37.038,-154.707,-4.249,1.441,0.930
VN300_2026-07-12_14-41-49_VNINS.csv,lap,7,49190,1229.971493,17.003526,3344.492,298.168,-4.923964,,9.374592,35.53033989,-97.47575433,36.738,-155.526,-4.301,1.489,0.930
VN300_2026-07-12_14-41-49_VNINS.csv,lap,7,49191,1229.971493,17.003526,3345.123,298.799,-4.923964,,9.374592,35.53033536,-97.47575013,35.534,-156.349,-4.419,1.509,0.920
VN300_2026-07-12_14-41-49_VNINS.csv,lap,7,49192,1229.971493,17.003526,3345.511,299.188,-4.923964,,9.374592,35.53033300,-97.47575330,35.147,-157.287,-4.382,1.692,0.920
VN300_2026-07-12_14-41-49_VNINS.csv,lap,7,49193,1229.971493,17.003526,3345.898,299.574,-4.923964,,9.374592,35.53033063,-97.47575642,34.833,-158.337,-4.167,1.761,0.920
VN300_2026-07-12_14-41-49_VNINS.csv,lap,7,49194,1229.971493,17.003526,3346.280,299.956,-4.923964,,9.374592,35.53032829,-97.47575951,34.497,-159.444,-3.963,1.928,0.920
VN300_2026-07-12_14-41-49_VNINS.csv,lap,7,49195,1229.971493,17.003526,3346.659,300.335,-4.923964,,9.374592,35.53032596,-97.47576257,34.164,-160.548,-3.798,1.939,0.920
VN300_2026-07-12_14-41-49_VNINS.csv,lap,7,49196,1229.971493,17.003526,3347.033,300.709,-4.923964,,9.374592,35.53032365,-97.47576557,33.763,-161.702,-3.639,2.129,0.920
VN300_2026-07-12_14-41-49_VNINS.csv,lap,7,49197,1229.971493,17.003526,3347.402,301.079,-4.923964,,9.374592,35.53032136,-97.47576853,33.301,-162.787,-3.569,2.407,0.920
VN300_2026-07-12_14-41-49_VNINS.csv,lap,7,49198,1230.225295,17.257328,3347.767,301.444,-4.670162,,9.374592,35.53031910,-97.47577146,32.894,-163.931,-3.579,2.664,0.930
VN300_2026-07-12_14-41-49_VNINS.csv,lap,7,49199,1230.225295,17.257328,3348.535,302.211,-4.670162,,9.374592,35.53031400,-97.47576575,31.841,-165.144,-3.561,2.798,0.910
VN300_2026-07-12_14-41-49_VNINS.csv,lap,7,49200,1230.225295,17.257328,3348.881,302.558,-4.670162,,9.374592,35.53031161,-97.47576821,31.284,-166.520,-3.454,3.031,0.910
VN300_2026-07-12_14-41-49_VNINS.csv,lap,7,49201,1230.225295,17.257328,3349.224,302.901,-4.670162,,9.374592,35.53030923,-97.47577062,30.959,-167.932,-3.260,3.167,0.910
VN300_2026-07-12_14-41-49_VNINS.csv,lap,7,49202,1230.225295,17.257328,3349.562,303.238,-4.670162,,9.374592,35.53030688,-97.47577298,30.500,-169.407,-3.037,3.032,0.910
VN300_2026-07-12_14-41-49_VNINS.csv,lap,7,49203,1230.225295,17.257328,3349.894,303.571,-4.670162,,9.374592,35.53030454,-97.47577527,29.947,-170.853,-2.837,2.972,0.910
VN300_2026-07-12_14-41-49_VNINS.csv,lap,7,49204,1230.225295,17.257328,3350.222,303.898,-4.670162,,9.374592,35.53030221,-97.47577748,29.466,-172.293,-2.649,3.011,0.920
VN300_2026-07-12_14-41-49_VNINS.csv,lap,7,49205,1230.225295,17.257328,3350.543,304.220,-4.670162,,9.374592,35.53029991,-97.47577963,28.935,-173.674,-2.498,3.048,0.920
VN300_2026-07-12_14-41-49_VNINS.csv,lap,7,49206,1230.225295,17.257328,3350.859,304.536,-4.670162,,9.374592,35.53029763,-97.47578172,28.483,-174.985,-2.442,3.054,0.920
VN300_2026-07-12_14-41-49_VNINS.csv,lap,7,49207,1230.225295,17.257328,3351.170,304.847,-4.670162,,9.374592,35.53029538,-97.47578376,28.060,-176.244,-2.487,2.838,0.920
VN300_2026-07-12_14-41-49_VNINS.csv,lap,7,49208,1230.478914,17.510947,3351.986,305.663,-4.416543,,9.374592,35.53028907,-97.47577915,28.381,-177.542,-2.843,2.927,0.900
VN300_2026-07-12_14-41-49_VNINS.csv,lap,7,49209,1230.478914,17.510947,3352.296,305.972,-4.416543,,9.374592,35.53028661,-97.47578074,28.065,-178.929,-3.107,3.135,0.900
VN300_2026-07-12_14-41-49_VNINS.csv,lap,7,49210,1230.478914,17.510947,3352.603,306.279,-4.416543,,9.374592,35.53028415,-97.47578228,27.733,179.644,-3.278,3.225,0.910
VN300_2026-07-12_14-41-49_VNINS.csv,lap,7,49211,1230.478914,17.510947,3352.905,306.582,-4.416543,,9.374592,35.53028170,-97.47578374,27.354,178.167,-3.412,3.449,0.910
VN300_2026-07-12_14-41-49_VNINS.csv,lap,7,49212,1230.478914,17.510947,3353.204,306.881,-4.416543,,9.374592,35.53027926,-97.47578513,27.079,176.652,-3.517,3.607,0.910
VN300_2026-07-12_14-41-49_VNINS.csv,lap,7,49213,1230.478914,17.510947,3353.499,307.175,-4.416543,,9.374592,35.53027684,-97.47578645,26.713,175.182,-3.631,3.817,0.910
VN300_2026-07-12_14-41-49_VNINS.csv,lap,7,49214,1230.478914,17.510947,3353.791,307.467,-4.416543,,9.374592,35.53027442,-97.47578770,26.327,173.759,-3.805,4.014,0.910
VN300_2026-07-12_14-41-49_VNINS.csv,lap,7,49215,1230.478914,17.510947,3354.464,308.140,-4.416543,,9.374592,35.53026916,-97.47578402,27.092,172.319,-4.042,4.234,0.900
VN300_2026-07-12_14-41-49_VNINS.csv,lap,7,49216,1230.478914,17.510947,3354.760,308.436,-4.416543,,9.374592,35.53026660,-97.47578492,26.902,170.808,-4.272,4.233,0.900
VN300_2026-07-12_14-41-49_VNINS.csv,lap,7,49217,1230.478914,17.510947,3355.054,308.731,-4.416543,,9.374592,35.53026404,-97.47578574,26.625,169.210,-4.381,4.314,0.900
VN300_2026-07-12_14-41-49_VNINS.csv,lap,7,49218,1230.732493,17.764526,3355.345,309.022,-4.162964,,9.374592,35.53026149,-97.47578648,26.440,167.605,-4.423,4.448,0.900
VN300_2026-07-12_14-41-49_VNINS.csv,lap,7,49219,1230.732493,17.764526,3355.634,309.311,-4.162964,,9.374592,35.53025895,-97.47578716,26.238,166.011,-4.483,4.397,0.900
VN300_2026-07-12_14-41-49_VNINS.csv,lap,7,49220,1230.732493,17.764526,3355.921,309.598,-4.162964,,9.374592,35.53025642,-97.47578777,25.993,164.492,-4.591,4.483,0.900
VN300_2026-07-12_14-41-49_VNINS.csv,lap,7,49221,1230.732493,17.764526,3356.205,309.882,-4.162964,,9.374592,35.53025390,-97.47578831,25.808,163.030,-4.719,4.794,0.900
VN300_2026-07-12_14-41-49_VNINS.csv,lap,7,49222,1230.732493,17.764526,3356.487,310.164,-4.162964,,9.374592,35.53025140,-97.47578879,25.600,161.571,-4.857,4.890,0.900
VN300_2026-07-12_14-41-49_VNINS.csv,lap,7,49223,1230.732493,17.764526,3356.766,310.443,-4.162964,,9.374592,35.53024891,-97.47578919,25.295,160.126,-4.899,5.158,0.900
VN300_2026-07-12_14-41-49_VNINS.csv,lap,7,49224,1230.732493,17.764526,3357.402,311.079,-4.162964,,9.374592,35.53024422,-97.47578516,26.340,158.614,-5.073,5.283,0.890
VN300_2026-07-12_14-41-49_VNINS.csv,lap,7,49225,1230.732493,17.764526,3357.691,311.367,-4.162964,,9.374592,35.53024163,-97.47578527,26.188,157.100,-5.123,5.341,0.890
VN300_2026-07-12_14-41-49_VNINS.csv,lap,7,49226,1230.732493,17.764526,3357.978,311.654,-4.162964,,9.374592,35.53023905,-97.47578531,26.024,155.590,-5.103,5.513,0.890
VN300_2026-07-12_14-41-49_VNINS.csv,lap,7,49227,1230.732493,17.764526,3358.262,311.939,-4.162964,,9.374592,35.53023649,-97.47578528,25.905,154.098,-5.062,5.499,0.890
VN300_2026-07-12_14-41-49_VNINS.csv,lap,7,49228,1230.732493,17.764526,3358.546,312.223,-4.162964,,9.374592,35.53023394,-97.47578519,25.712,152.668,-5.057,5.563,0.890
VN300_2026-07-12_14-41-49_VNINS.csv,lap,7,49229,1230.999813,18.031846,3358.827,312.503,-3.895644,,9.374592,35.53023142,-97.47578501,25.566,151.277,-5.054,5.864,0.890
VN300_2026-07-12_14-41-49_VNINS.csv,lap,7,49230,1230.999813,18.031846,3359.107,312.784,-3.895644,,9.374592,35.53022890,-97.47578479,25.456,149.916,-5.047,6.010,0.890
VN300_2026-07-12_14-41-49_VNINS.csv,lap,7,49231,1230.999813,18.031846,3359.386,313.062,-3.895644,,9.374592,35.53022641,-97.47578450,25.269,148.558,-5.022,6.001,0.890
VN300_2026-07-12_14-41-49_VNINS.csv,lap,7,49232,1230.999813,18.031846,3359.928,313.605,-3.895644,,9.374592,35.53022241,-97.47578107,25.995,147.153,-5.090,6.132,0.880
VN300_2026-07-12_14-41-49_VNINS.csv,lap,7,49233,1230.999813,18.031846,3360.213,313.890,-3.895644,,9.374592,35.53021988,-97.47578056,25.884,145.754,-5.109,6.194,0.880
VN300_2026-07-12_14-41-49_VNINS.csv,lap,7,49234,1230.999813,18.031846,3360.497,314.174,-3.895644,,9.374592,35.53021737,-97.47577998,25.673,144.255,-5.029,6.446,0.880
VN300_2026-07-12_14-41-49_VNINS.csv,lap,7,49235,1230.999813,18.031846,3360.780,314.457,-3.895644,,9.374592,35.53021488,-97.47577933,25.579,142.671,-4.842,6.842,0.880
VN300_2026-07-12_14-41-49_VNINS.csv,lap,7,49236,1230.999813,18.031846,3361.061,314.737,-3.895644,,9.374592,35.53021242,-97.47577864,25.474,141.140,-4.710,6.759,0.880
VN300_2026-07-12_14-41-49_VNINS.csv,lap,7,49237,1230.999813,18.031846,3361.340,315.017,-3.895644,,9.374592,35.53020998,-97.47577791,25.234,139.679,-4.733,6.532,0.880
VN300_2026-07-12_14-41-49_VNINS.csv,lap,7,49238,1230.999813,18.031846,3361.617,315.294,-3.895644,,9.374592,35.53020758,-97.47577709,25.095,138.247,-4.744,6.885,0.890
VN300_2026-07-12_14-41-49_VNINS.csv,lap,7,49239,1231.253330,18.285363,3362.127,315.804,-3.642127,,9.374592,35.53020411,-97.47577340,25.776,136.765,-4.697,7.168,0.870
VN300_2026-07-12_14-41-49_VNINS.csv,lap,7,49240,1231.253330,18.285363,3362.410,316.086,-3.642127,,9.374592,35.53020171,-97.47577238,25.518,135.256,-4.624,7.592,0.870
VN300_2026-07-12_14-41-49_VNINS.csv,lap,7,49241,1231.253330,18.285363,3362.691,316.367,-3.642127,,9.374592,35.53019934,-97.47577130,25.400,133.718,-4.588,7.926,0.870
VN300_2026-07-12_14-41-49_VNINS.csv,lap,7,49242,1231.253330,18.285363,3362.970,316.647,-3.642127,,9.374592,35.53019700,-97.47577017,25.305,132.092,-4.512,7.814,0.880
VN300_2026-07-12_14-41-49_VNINS.csv,lap,7,49243,1231.253330,18.285363,3363.249,316.925,-3.642127,,9.374592,35.53019469,-97.47576898,25.079,130.375,-4.236,7.911,0.880
VN300_2026-07-12_14-41-49_VNINS.csv,lap,7,49244,1231.253330,18.285363,3363.525,317.202,-3.642127,,9.374592,35.53019242,-97.47576773,25.004,128.612,-3.889,8.036,0.880
VN300_2026-07-12_14-41-49_VNINS.csv,lap,7,49245,1231.253330,18.285363,3363.801,317.477,-3.642127,,9.374592,35.53019018,-97.47576643,24.897,126.946,-3.536,8.024,0.880
VN300_2026-07-12_14-41-49_VNINS.csv,lap,7,49246,1231.253330,18.285363,3364.075,317.752,-3.642127,,9.374592,35.53018797,-97.47576508,24.775,125.404,-3.295,8.139,0.880
VN300_2026-07-12_14-41-49_VNINS.csv,lap,7,49247,1231.253330,18.285363,3364.546,318.223,-3.642127,,9.374592,35.53018551,-97.47576084,25.377,123.964,-3.132,8.392,0.870
VN300_2026-07-12_14-41-49_VNINS.csv,lap,7,49248,1231.253330,18.285363,3364.830,318.507,-3.642127,,9.374592,35.53018329,-97.47575930,25.515,122.577,-3.054,8.506,0.870
VN300_2026-07-12_14-41-49_VNINS.csv,lap,7,49249,1231.506842,18.538875,3365.111,318.788,-3.388615,,9.374592,35.53018109,-97.47575777,25.476,121.266,-3.041,8.344,0.870
VN300_2026-07-12_14-41-49_VNINS.csv,lap,7,49250,1231.506842,18.538875,3365.392,319.069,-3.388615,,9.374592,35.53017891,-97.47575620,25.420,120.029,-3.084,8.226,0.870
VN300_2026-07-12_14-41-49_VNINS.csv,lap,7,49251,1231.506842,18.538875,3365.673,319.350,-3.388615,,9.374592,35.53017675,-97.47575458,25.434,118.887,-3.123,8.102,0.870
VN300_2026-07-12_14-41-49_VNINS.csv,lap,7,49252,1231.506842,18.538875,3365.954,319.631,-3.388615,,9.374592,35.53017462,-97.47575291,25.460,117.834,-3.112,7.966,0.870
VN300_2026-07-12_14-41-49_VNINS.csv,lap,7,49253,1231.506842,18.538875,3366.236,319.912,-3.388615,,9.374592,35.53017251,-97.47575119,25.432,116.897,-3.103,7.937,0.870
VN300_2026-07-12_14-41-49_VNINS.csv,lap,7,49254,1231.506842,18.538875,3366.517,320.193,-3.388615,,9.374592,35.53017043,-97.47574943,25.466,116.067,-3.100,8.056,0.870
VN300_2026-07-12_14-41-49_VNINS.csv,lap,7,49255,1231.506842,18.538875,3367.079,320.756,-3.388615,,9.374592,35.53016982,-97.47574326,25.810,115.282,-3.164,7.925,0.860
VN300_2026-07-12_14-41-49_VNINS.csv,lap,7,49256,1231.506842,18.538875,3367.363,321.040,-3.388615,,9.374592,35.53016781,-97.47574132,25.781,114.454,-3.234,7.919,0.860
VN300_2026-07-12_14-41-49_VNINS.csv,lap,7,49257,1231.506842,18.538875,3367.649,321.325,-3.388615,,9.374592,35.53016582,-97.47573933,25.783,113.514,-3.203,7.947,0.860
VN300_2026-07-12_14-41-49_VNINS.csv,lap,7,49258,1231.506842,18.538875,3367.933,321.609,-3.388615,,9.374592,35.53016387,-97.47573730,25.757,112.419,-3.043,7.862,0.860
VN300_2026-07-12_14-41-49_VNINS.csv,lap,7,49259,1231.506842,18.538875,3368.217,321.894,-3.388615,,9.374592,35.53016195,-97.47573522,25.701,111.251,-2.787,8.096,0.860
VN300_2026-07-12_14-41-49_VNINS.csv,lap,7,49260,1231.760668,18.792701,3368.503,322.179,-3.134789,,9.374592,35.53016006,-97.47573309,25.739,109.988,-2.481,8.296,0.860
VN300_2026-07-12_14-41-49_VNINS.csv,lap,7,49261,1231.760668,18.792701,3368.786,322.463,-3.134789,,9.374592,35.53015820,-97.47573094,25.704,108.632,-2.127,8.256,0.860
VN300_2026-07-12_14-41-49_VNINS.csv,lap,7,49262,1231.760668,18.792701,3369.070,322.747,-3.134789,,9.374592,35.53015638,-97.47572874,25.623,107.266,-1.741,8.401,0.860
VN300_2026-07-12_14-41-49_VNINS.csv,lap,7,49263,1231.760668,18.792701,3369.610,323.287,-3.134789,,9.374592,35.53015576,-97.47572282,25.950,105.969,-1.440,8.453,0.850
VN300_2026-07-12_14-41-49_VNINS.csv,lap,7,49264,1231.760668,18.792701,3369.897,323.574,-3.134789,,9.374592,35.53015403,-97.47572047,25.943,104.733,-1.256,8.503,0.850
VN300_2026-07-12_14-41-49_VNINS.csv,lap,7,49265,1231.760668,18.792701,3370.184,323.861,-3.134789,,9.374592,35.53015233,-97.47571808,25.960,103.531,-1.147,8.678,0.850
VN300_2026-07-12_14-41-49_VNINS.csv,lap,7,49266,1231.760668,18.792701,3370.472,324.149,-3.134789,,9.374592,35.53015064,-97.47571567,25.990,102.377,-1.130,8.618,0.860
VN300_2026-07-12_14-41-49_VNINS.csv,lap,7,49267,1231.760668,18.792701,3370.760,324.437,-3.134789,,9.374592,35.53014898,-97.47571323,25.996,101.228,-1.190,8.405,0.860
VN300_2026-07-12_14-41-49_VNINS.csv,lap,7,49268,1231.760668,18.792701,3371.049,324.725,-3.134789,,9.374592,35.53014735,-97.47571075,26.067,100.156,-1.319,8.259,0.860
VN300_2026-07-12_14-41-49_VNINS.csv,lap,7,49269,1231.760668,18.792701,3371.338,325.014,-3.134789,,9.374592,35.53014574,-97.47570824,26.179,99.097,-1.465,8.261,0.860
VN300_2026-07-12_14-41-49_VNINS.csv,lap,7,49270,1232.043038,19.075071,3371.628,325.304,-2.852419,,9.374592,35.53014415,-97.47570570,26.315,98.001,-1.544,8.335,0.860
VN300_2026-07-12_14-41-49_VNINS.csv,lap,7,49271,1232.043038,19.075071,3372.248,325.924,-2.852419,,9.374592,35.53014519,-97.47569897,26.705,96.884,-1.549,8.395,0.850
VN300_2026-07-12_14-41-49_VNINS.csv,lap,7,49272,1232.043038,19.075071,3372.544,326.220,-2.852419,,9.374592,35.53014365,-97.47569630,26.836,95.658,-1.435,8.461,0.850
VN300_2026-07-12_14-41-49_VNINS.csv,lap,7,49273,1232.043038,19.075071,3372.840,326.516,-2.852419,,9.374592,35.53014216,-97.47569359,26.840,94.311,-1.144,8.607,0.850
VN300_2026-07-12_14-41-49_VNINS.csv,lap,7,49274,1232.043038,19.075071,3373.138,326.814,-2.852419,,9.374592,35.53014070,-97.47569083,26.928,92.837,-0.621,8.683,0.850
VN300_2026-07-12_14-41-49_VNINS.csv,lap,7,49275,1232.043038,19.075071,3373.436,327.113,-2.852419,,9.374592,35.53013928,-97.47568803,26.970,91.322,0.000,8.690,0.850
VN300_2026-07-12_14-41-49_VNINS.csv,lap,7,49276,1232.043038,19.075071,3373.735,327.411,-2.852419,,9.374592,35.53013790,-97.47568520,27.010,89.831,0.559,8.537,0.850
VN300_2026-07-12_14-41-49_VNINS.csv,lap,7,49277,1232.043038,19.075071,3374.034,327.711,-2.852419,,9.374592,35.53013656,-97.47568233,26.988,88.442,0.964,8.493,0.850
VN300_2026-07-12_14-41-49_VNINS.csv,lap,7,49278,1232.043038,19.075071,3374.333,328.010,-2.852419,,9.374592,35.53013527,-97.47567943,27.019,87.190,1.221,8.590,0.850
VN300_2026-07-12_14-41-49_VNINS.csv,lap,7,49279,1232.043038,19.075071,3375.026,328.703,-2.852419,,9.374592,35.53013759,-97.47567232,27.341,86.022,1.326,8.561,0.840
VN300_2026-07-12_14-41-49_VNINS.csv,lap,7,49280,1232.043038,19.075071,3375.329,329.006,-2.852419,,9.374592,35.53013644,-97.47566929,27.351,84.868,1.342,8.339,0.840
VN300_2026-07-12_14-41-49_VNINS.csv,lap,7,49281,1232.296915,19.328948,3375.633,329.310,-2.598542,,9.374592,35.53013531,-97.47566623,27.530,83.717,1.327,7.993,0.840
VN300_2026-07-12_14-41-49_VNINS.csv,lap,7,49282,1232.296915,19.328948,3375.939,329.615,-2.598542,,9.374592,35.53013420,-97.47566314,27.600,82.558,1.383,7.984,0.840
VN300_2026-07-12_14-41-49_VNINS.csv,lap,7,49283,1232.296915,19.328948,3376.246,329.922,-2.598542,,9.374592,35.53013310,-97.47566003,27.780,81.385,1.539,7.996,0.840
VN300_2026-07-12_14-41-49_VNINS.csv,lap,7,49284,1232.296915,19.328948,3376.553,330.230,-2.598542,,9.374592,35.53013204,-97.47565689,27.760,80.211,1.742,8.041,0.850
VN300_2026-07-12_14-41-49_VNINS.csv,lap,7,49285,1232.296915,19.328948,3376.862,330.539,-2.598542,,9.374592,35.53013101,-97.47565372,27.871,79.007,2.003,7.965,0.850
VN300_2026-07-12_14-41-49_VNINS.csv,lap,7,49286,1232.296915,19.328948,3377.172,330.849,-2.598542,,9.374592,35.53013001,-97.47565052,28.042,77.759,2.375,7.877,0.850
VN300_2026-07-12_14-41-49_VNINS.csv,lap,7,49287,1232.296915,19.328948,3377.484,331.160,-2.598542,,9.374592,35.53012904,-97.47564729,28.143,76.545,2.892,7.717,0.850
VN300_2026-07-12_14-41-49_VNINS.csv,lap,7,49288,1232.296915,19.328948,3378.263,331.939,-2.598542,,9.374592,35.53013263,-97.47563990,28.503,75.455,3.336,7.619,0.840
VN300_2026-07-12_14-41-49_VNINS.csv,lap,7,49289,1232.296915,19.328948,3378.580,332.256,-2.598542,,9.374592,35.53013182,-97.47563654,28.673,74.579,3.571,7.555,0.840
VN300_2026-07-12_14-41-49_VNINS.csv,lap,7,49290,1232.296915,19.328948,3378.899,332.575,-2.598542,,9.374592,35.53013103,-97.47563315,28.819,73.906,3.541,7.472,0.840
VN300_2026-07-12_14-41-49_VNINS.csv,lap,7,49291,1232.550472,19.582505,3379.218,332.895,-2.344985,,9.374592,35.53013028,-97.47562974,28.864,73.432,3.252,7.403,0.840
VN300_2026-07-12_14-41-49_VNINS.csv,lap,7,49292,1232.550472,19.582505,3379.540,333.217,-2.344985,,9.374592,35.53012956,-97.47562630,28.987,73.062,2.753,7.125,0.840
VN300_2026-07-12_14-41-49_VNINS.csv,lap,7,49293,1232.550472,19.582505,3379.861,333.538,-2.344985,,9.374592,35.53012887,-97.47562285,29.077,72.725,2.172,6.674,0.840
VN300_2026-07-12_14-41-49_VNINS.csv,lap,7,49294,1232.550472,19.582505,3380.184,333.861,-2.344985,,9.374592,35.53012821,-97.47561938,29.155,72.334,1.786,6.479,0.840
VN300_2026-07-12_14-41-49_VNINS.csv,lap,7,49295,1232.550472,19.582505,3381.041,334.718,-2.344985,,9.374592,35.53013355,-97.47561255,29.472,71.848,1.813,6.264,0.830
VN300_2026-07-12_14-41-49_VNINS.csv,lap,7,49296,1232.550472,19.582505,3381.369,335.046,-2.344985,,9.374592,35.53013306,-97.47560897,29.692,71.323,2.309,6.231,0.830
VN300_2026-07-12_14-41-49_VNINS.csv,lap,7,49297,1232.550472,19.582505,3381.700,335.377,-2.344985,,9.374592,35.53013259,-97.47560536,30.015,70.781,3.044,6.214,0.830
VN300_2026-07-12_14-41-49_VNINS.csv,lap,7,49298,1232.550472,19.582505,3382.034,335.711,-2.344985,,9.374592,35.53013214,-97.47560171,30.440,70.377,3.835,6.201,0.830
VN300_2026-07-12_14-41-49_VNINS.csv,lap,7,49299,1232.550472,19.582505,3382.374,336.050,-2.344985,,9.374592,35.53013169,-97.47559800,30.762,70.123,4.432,6.144,0.830
VN300_2026-07-12_14-41-49_VNINS.csv,lap,7,49300,1232.550472,19.582505,3382.716,336.393,-2.344985,,9.374592,35.53013124,-97.47559426,31.015,70.108,4.410,6.096,0.830
VN300_2026-07-12_14-41-49_VNINS.csv,lap,7,49301,1232.804039,19.836072,3383.061,336.737,-2.091418,,9.374592,35.53013079,-97.47559049,31.182,70.125,4.018,5.786,0.830
VN300_2026-07-12_14-41-49_VNINS.csv,lap,7,49302,1232.804039,19.836072,3383.407,337.084,-2.091418,,9.374592,35.53013035,-97.47558670,31.334,70.066,3.524,5.649,0.840
VN300_2026-07-12_14-41-49_VNINS.csv,lap,7,49303,1232.804039,19.836072,3384.163,337.840,-2.091418,,9.374592,35.53013432,-97.47557992,31.704,69.985,3.099,5.421,0.820
VN300_2026-07-12_14-41-49_VNINS.csv,lap,7,49304,1232.804039,19.836072,3384.517,338.194,-2.091418,,9.374592,35.53013397,-97.47557603,31.917,69.971,3.032,5.205,0.820
VN300_2026-07-12_14-41-49_VNINS.csv,lap,7,49305,1232.804039,19.836072,3384.874,338.550,-2.091418,,9.374592,35.53013357,-97.47557212,32.259,70.028,3.361,4.954,0.830
VN300_2026-07-12_14-41-49_VNINS.csv,lap,7,49306,1232.804039,19.836072,3385.232,338.909,-2.091418,,9.374592,35.53013315,-97.47556819,32.490,70.138,3.703,4.751,0.830
VN300_2026-07-12_14-41-49_VNINS.csv,lap,7,49307,1232.804039,19.836072,3385.594,339.270,-2.091418,,9.374592,35.53013274,-97.47556423,32.740,70.273,4.091,4.788,0.830
VN300_2026-07-12_14-41-49_VNINS.csv,lap,7,49308,1232.804039,19.836072,3385.960,339.637,-2.091418,,9.374592,35.53013234,-97.47556021,33.240,70.436,4.383,4.719,0.830
VN300_2026-07-12_14-41-49_VNINS.csv,lap,7,49309,1232.804039,19.836072,3386.331,340.007,-2.091418,,9.374592,35.53013191,-97.47555615,33.568,70.601,4.303,4.565,0.830
VN300_2026-07-12_14-41-49_VNINS.csv,lap,7,49310,1232.804039,19.836072,3386.705,340.382,-2.091418,,9.374592,35.53013146,-97.47555205,33.914,70.696,3.959,4.487,0.830
VN300_2026-07-12_14-41-49_VNINS.csv,lap,7,49311,1233.070901,20.102934,3387.543,341.220,-1.824556,,9.374592,35.53013571,-97.47554440,34.452,70.761,3.633,4.491,0.820
VN300_2026-07-12_14-41-49_VNINS.csv,lap,7,49312,1233.070901,20.102934,3387.926,341.602,-1.824556,,9.374592,35.53013533,-97.47554020,34.574,70.848,3.413,4.329,0.820
VN300_2026-07-12_14-41-49_VNINS.csv,lap,7,49313,1233.070901,20.102934,3388.310,341.987,-1.824556,,9.374592,35.53013494,-97.47553598,34.637,70.931,3.541,4.179,0.820
VN300_2026-07-12_14-41-49_VNINS.csv,lap,7,49314,1233.070901,20.102934,3388.695,342.372,-1.824556,,9.374592,35.53013457,-97.47553175,34.660,70.990,3.916,4.245,0.820
VN300_2026-07-12_14-41-49_VNINS.csv,lap,7,49315,1233.070901,20.102934,3389.080,342.757,-1.824556,,9.374592,35.53013418,-97.47552752,34.797,71.081,4.353,4.293,0.820
VN300_2026-07-12_14-41-49_VNINS.csv,lap,7,49316,1233.070901,20.102934,3389.466,343.142,-1.824556,,9.374592,35.53013376,-97.47552329,34.649,71.160,4.668,4.069,0.820
VN300_2026-07-12_14-41-49_VNINS.csv,lap,7,49317,1233.070901,20.102934,3389.850,343.526,-1.824556,,9.374592,35.53013334,-97.47551908,34.604,71.185,4.641,4.043,0.820
VN300_2026-07-12_14-41-49_VNINS.csv,lap,7,49318,1233.070901,20.102934,3390.234,343.911,-1.824556,,9.374592,35.53013287,-97.47551487,34.686,71.276,4.376,4.027,0.820
VN300_2026-07-12_14-41-49_VNINS.csv,lap,7,49319,1233.070901,20.102934,3391.020,344.696,-1.824556,,9.374592,35.53013633,-97.47550730,35.000,71.405,4.123,3.885,0.810
VN300_2026-07-12_14-41-49_VNINS.csv,lap,7,49320,1233.070901,20.102934,3391.411,345.087,-1.824556,,9.374592,35.53013585,-97.47550302,35.341,71.597,4.015,3.773,0.810
VN300_2026-07-12_14-41-49_VNINS.csv,lap,7,49321,1233.070901,20.102934,3391.805,345.482,-1.824556,,9.374592,35.53013534,-97.47549871,35.784,71.829,4.271,3.819,0.810
VN300_2026-07-12_14-41-49_VNINS.csv,lap,7,49322,1233.324799,20.356832,3392.206,345.883,-1.570658,,9.374592,35.53013479,-97.47549433,36.318,72.148,4.731,3.585,0.820
VN300_2026-07-12_14-41-49_VNINS.csv,lap,7,49323,1233.324799,20.356832,3392.611,346.288,-1.570658,,9.374592,35.53013420,-97.47548991,36.803,72.475,5.201,3.521,0.820
VN300_2026-07-12_14-41-49_VNINS.csv,lap,7,49324,1233.324799,20.356832,3393.022,346.699,-1.570658,,9.374592,35.53013360,-97.47548543,37.164,72.779,5.505,3.539,0.820
VN300_2026-07-12_14-41-49_VNINS.csv,lap,7,49325,1233.324799,20.356832,3393.437,347.113,-1.570658,,9.374592,35.53013299,-97.47548091,37.408,73.011,5.456,3.568,0.820
VN300_2026-07-12_14-41-49_VNINS.csv,lap,7,49326,1233.324799,20.356832,3393.852,347.529,-1.570658,,9.374592,35.53013233,-97.47547639,37.582,73.283,5.183,3.294,0.820
VN300_2026-07-12_14-41-49_VNINS.csv,lap,7,49327,1233.324799,20.356832,3394.269,347.946,-1.570658,,9.374592,35.53013163,-97.47547186,37.549,73.594,4.938,3.174,0.820
VN300_2026-07-12_14-41-49_VNINS.csv,lap,7,49328,1233.324799,20.356832,3394.983,348.660,-1.570658,,9.374592,35.53013567,-97.47546573,37.658,73.984,4.952,3.408,0.810
VN300_2026-07-12_14-41-49_VNINS.csv,lap,7,49329,1233.324799,20.356832,3395.402,349.079,-1.570658,,9.374592,35.53013502,-97.47546117,37.648,74.490,5.285,3.328,0.810
VN300_2026-07-12_14-41-49_VNINS.csv,lap,7,49330,1233.324799,20.356832,3395.818,349.495,-1.570658,,9.374592,35.53013435,-97.47545665,37.212,75.001,5.590,3.314,0.810
VN300_2026-07-12_14-41-49_VNINS.csv,lap,7,49331,1233.324799,20.356832,3396.229,349.906,-1.570658,,9.374592,35.53013364,-97.47545219,36.786,75.523,5.655,3.350,0.810
VN300_2026-07-12_14-41-49_VNINS.csv,lap,7,49332,1233.578251,20.610284,3396.636,350.312,-1.317206,,9.374592,35.53013287,-97.47544780,36.518,76.087,5.463,3.221,0.810
VN300_2026-07-12_14-41-49_VNINS.csv,lap,7,49333,1233.578251,20.610284,3397.041,350.718,-1.317206,,9.374592,35.53013207,-97.47544343,36.425,76.617,5.044,3.198,0.810
VN300_2026-07-12_14-41-49_VNINS.csv,lap,7,49334,1233.578251,20.610284,3397.446,351.123,-1.317206,,9.374592,35.53013124,-97.47543907,36.587,77.292,4.577,3.076,0.810
VN300_2026-07-12_14-41-49_VNINS.csv,lap,7,49335,1233.578251,20.610284,3397.853,351.529,-1.317206,,9.374592,35.53013039,-97.47543470,36.686,78.026,4.216,2.957,0.810
VN300_2026-07-12_14-41-49_VNINS.csv,lap,7,49336,1233.578251,20.610284,3398.579,352.256,-1.317206,,9.374592,35.53013388,-97.47542791,37.039,78.896,4.080,2.865,0.800
VN300_2026-07-12_14-41-49_VNINS.csv,lap,7,49337,1233.578251,20.610284,3398.992,352.668,-1.317206,,9.374592,35.53013302,-97.47542348,37.269,80.063,4.223,2.406,0.800
VN300_2026-07-12_14-41-49_VNINS.csv,lap,7,49338,1233.578251,20.610284,3399.407,353.083,-1.317206,,9.374592,35.53013215,-97.47541902,37.431,81.326,4.654,2.545,0.810
VN300_2026-07-12_14-41-49_VNINS.csv,lap,7,49339,1233.578251,20.610284,3399.824,353.500,-1.317206,,9.374592,35.53013124,-97.47541455,37.641,82.584,5.051,2.633,0.810
VN300_2026-07-12_14-41-49_VNINS.csv,lap,7,49340,1233.578251,20.610284,3400.241,353.918,-1.317206,,9.374592,35.53013030,-97.47541008,37.845,83.609,5.247,2.517,0.810
VN300_2026-07-12_14-41-49_VNINS.csv,lap,7,49341,1233.578251,20.610284,3400.663,354.339,-1.317206,,9.374592,35.53012930,-97.47540559,38.044,84.424,5.272,2.169,0.810
VN300_2026-07-12_14-41-49_VNINS.csv,lap,7,49342,1233.578251,20.610284,3401.083,354.760,-1.317206,,9.374592,35.53012826,-97.47540112,37.974,85.121,5.151,2.068,0.810
VN300_2026-07-12_14-41-49_VNINS.csv,lap,7,49343,1233.832008,20.864041,3401.506,355.182,-1.063449,,9.374592,35.53012717,-97.47539665,38.149,85.807,4.939,2.218,0.810
VN300_2026-07-12_14-41-49_VNINS.csv,lap,7,49344,1233.832008,20.864041,3402.030,355.707,-1.063449,,9.374592,35.53012929,-97.47539147,38.162,86.687,4.874,2.322,0.800
VN300_2026-07-12_14-41-49_VNINS.csv,lap,7,49345,1233.832008,20.864041,3402.452,356.129,-1.063449,,9.374592,35.53012818,-97.47538701,38.055,87.685,4.856,2.682,0.800
VN300_2026-07-12_14-41-49_VNINS.csv,lap,7,49346,1233.832008,20.864041,3402.874,356.551,-1.063449,,9.374592,35.53012703,-97.47538257,37.835,88.665,4.711,2.535,0.800
VN300_2026-07-12_14-41-49_VNINS.csv,lap,7,49347,1233.832008,20.864041,3403.292,356.969,-1.063449,,9.374592,35.53012585,-97.47537818,37.513,89.410,4.374,2.433,0.800
VN300_2026-07-12_14-41-49_VNINS.csv,lap,7,49348,1233.832008,20.864041,3403.709,357.385,-1.063449,,9.374592,35.53012463,-97.47537383,37.442,90.158,4.049,2.412,0.800
VN300_2026-07-12_14-41-49_VNINS.csv,lap,7,49349,1233.832008,20.864041,3404.125,357.801,-1.063449,,9.374592,35.53012337,-97.47536950,37.531,91.044,3.952,2.541,0.800
VN300_2026-07-12_14-41-49_VNINS.csv,lap,7,49350,1233.832008,20.864041,3404.541,358.218,-1.063449,,9.374592,35.53012205,-97.47536519,37.564,92.127,4.079,2.576,0.800
VN300_2026-07-12_14-41-49_VNINS.csv,lap,7,49351,1233.832008,20.864041,3405.027,358.704,-1.063449,,9.374592,35.53012329,-97.47536004,37.450,93.312,4.421,2.780,0.790
VN300_2026-07-12_14-41-49_VNINS.csv,lap,7,49352,1233.832008,20.864041,3405.443,359.119,-1.063449,,9.374592,35.53012194,-97.47535576,37.327,94.442,4.766,2.998,0.800
VN300_2026-07-12_14-41-49_VNINS.csv,lap,7,49353,1234.098639,21.130672,3405.855,359.531,-0.796818,,9.374592,35.53012053,-97.47535155,37.050,95.477,4.948,2.519,0.800
VN300_2026-07-12_14-41-49_VNINS.csv,lap,7,49354,1234.098639,21.130672,3406.265,359.941,-0.796818,,9.374592,35.53011909,-97.47534738,36.737,96.299,4.985,2.523,0.800
VN300_2026-07-12_14-41-49_VNINS.csv,lap,7,49355,1234.098639,21.130672,3406.671,360.348,-0.796818,,9.374592,35.53011760,-97.47534328,36.576,97.008,4.793,2.443,0.800
VN300_2026-07-12_14-41-49_VNINS.csv,lap,7,49356,1234.098639,21.130672,3407.076,360.753,-0.796818,,9.374592,35.53011607,-97.47533922,36.506,97.637,4.578,2.665,0.800
VN300_2026-07-12_14-41-49_VNINS.csv,lap,7,49357,1234.098639,21.130672,3407.480,361.157,-0.796818,,9.374592,35.53011450,-97.47533519,36.448,98.283,4.441,3.037,0.800
VN300_2026-07-12_14-41-49_VNINS.csv,lap,7,49358,1234.098639,21.130672,3407.885,361.562,-0.796818,,9.374592,35.53011287,-97.47533119,36.434,98.972,4.316,3.136,0.800
VN300_2026-07-12_14-41-49_VNINS.csv,lap,7,49359,1234.098639,21.130672,3408.205,361.882,-0.796818,,9.374592,35.53011288,-97.47532765,36.264,99.701,4.458,3.059,0.790
VN300_2026-07-12_14-41-49_VNINS.csv,lap,7,49360,1234.098639,21.130672,3408.607,362.283,-0.796818,,9.374592,35.53011119,-97.47532373,36.084,100.396,4.741,3.039,0.790
VN300_2026-07-12_14-41-49_VNINS.csv,lap,7,49361,1234.098639,21.130672,3409.006,362.683,-0.796818,,9.374592,35.53010948,-97.47531985,35.936,101.055,5.054,3.362,0.790
VN300_2026-07-12_14-41-49_VNINS.csv,lap,7,49362,1234.098639,21.130672,3409.405,363.082,-0.796818,,9.374592,35.53010772,-97.47531601,35.935,101.722,5.407,3.600,0.790
VN300_2026-07-12_14-41-49_VNINS.csv,lap,7,49363,1234.352223,21.384256,3409.803,363.480,-0.543234,,9.374592,35.53010590,-97.47531222,35.718,102.258,5.706,3.374,0.790
VN300_2026-07-12_14-41-49_VNINS.csv,lap,7,49364,1234.352223,21.384256,3410.198,363.874,-0.543234,,9.374592,35.53010406,-97.47530849,35.401,102.693,5.787,3.319,0.790
VN300_2026-07-12_14-41-49_VNINS.csv,lap,7,49365,1234.352223,21.384256,3410.589,364.266,-0.543234,,9.374592,35.53010220,-97.47530482,35.253,103.109,5.620,3.327,0.800
VN300_2026-07-12_14-41-49_VNINS.csv,lap,7,49366,1234.352223,21.384256,3410.980,364.657,-0.543234,,9.374592,35.53010029,-97.47530119,35.134,103.613,5.378,3.219,0.800
VN300_2026-07-12_14-41-49_VNINS.csv,lap,7,49367,1234.352223,21.384256,3411.369,365.045,-0.543234,,9.374592,35.53009836,-97.47529761,35.030,104.253,5.077,3.313,0.800
VN300_2026-07-12_14-41-49_VNINS.csv,lap,7,49368,1234.352223,21.384256,3411.632,365.309,-0.543234,,9.374592,35.53009831,-97.47529470,34.719,105.112,4.839,3.263,0.790
VN300_2026-07-12_14-41-49_VNINS.csv,lap,7,49369,1234.352223,21.384256,3412.016,365.692,-0.543234,,9.374592,35.53009634,-97.47529122,34.731,106.237,4.775,3.229,0.790
VN300_2026-07-12_14-41-49_VNINS.csv,lap,7,49370,1234.352223,21.384256,3412.401,366.078,-0.543234,,9.374592,35.53009432,-97.47528776,34.708,107.568,4.884,3.133,0.790
VN300_2026-07-12_14-41-49_VNINS.csv,lap,7,49371,1234.352223,21.384256,3412.786,366.462,-0.543234,,9.374592,35.53009228,-97.47528433,34.682,109.023,5.119,3.218,0.790
VN300_2026-07-12_14-41-49_VNINS.csv,lap,7,49372,1234.352223,21.384256,3413.170,366.847,-0.543234,,9.374592,35.53009019,-97.47528094,34.686,110.515,5.360,3.316,0.790
VN300_2026-07-12_14-41-49_VNINS.csv,lap,7,49373,1234.605750,21.637783,3413.555,367.232,-0.289707,,9.374592,35.53008806,-97.47527759,34.721,111.962,5.548,3.249,0.790
VN300_2026-07-12_14-41-49_VNINS.csv,lap,7,49374,1234.605750,21.637783,3413.940,367.616,-0.289707,,9.374592,35.53008588,-97.47527429,34.666,113.325,5.646,3.103,0.790
VN300_2026-07-12_14-41-49_VNINS.csv,lap,7,49375,1234.605750,21.637783,3414.168,367.845,-0.289707,,9.374592,35.53008513,-97.47527194,34.262,114.583,5.668,2.962,0.780
VN300_2026-07-12_14-41-49_VNINS.csv,lap,7,49376,1234.605750,21.637783,3414.548,368.225,-0.289707,,9.374592,35.53008290,-97.47526876,34.218,115.792,5.595,3.109,0.780
VN300_2026-07-12_14-41-49_VNINS.csv,lap,7,49377,1234.605750,21.637783,3414.927,368.604,-0.289707,,9.374592,35.53008063,-97.47526563,34.283,116.941,5.496,3.280,0.780
VN300_2026-07-12_14-41-49_VNINS.csv,lap,7,49378,1234.605750,21.637783,3415.309,368.985,-0.289707,,9.374592,35.53007831,-97.47526253,34.323,118.083,5.432,3.433,0.790
VN300_2026-07-12_14-41-49_VNINS.csv,lap,7,49379,1234.605750,21.637783,3415.690,369.367,-0.289707,,9.374592,35.53007594,-97.47525948,34.482,119.244,5.504,3.247,0.790
VN300_2026-07-12_14-41-49_VNINS.csv,lap,7,49380,1234.605750,21.637783,3416.073,369.750,-0.289707,,9.374592,35.53007353,-97.47525646,34.465,120.357,5.634,3.320,0.790
VN300_2026-07-12_14-41-49_VNINS.csv,lap,7,49381,1234.605750,21.637783,3416.456,370.133,-0.289707,,9.374592,35.53007108,-97.47525348,34.578,121.485,5.785,3.419,0.790
VN300_2026-07-12_14-41-49_VNINS.csv,lap,7,49382,1234.605750,21.637783,3416.841,370.518,-0.289707,,9.374592,35.53006859,-97.47525053,34.627,122.587,6.002,3.706,0.790
VN300_2026-07-12_14-41-49_VNINS.csv,lap,7,49383,1234.859829,21.891862,3417.033,370.710,-0.035628,,9.374592,35.53006720,-97.47524927,34.216,123.615,6.226,3.726,0.780
VN300_2026-07-12_14-41-49_VNINS.csv,lap,7,49384,1234.859829,21.891862,3417.412,371.089,-0.035628,,9.374592,35.53006466,-97.47524647,34.224,124.549,6.325,3.625,0.780
VN300_2026-07-12_14-41-49_VNINS.csv,lap,7,49385,1234.859829,21.891862,3417.792,371.469,-0.035628,,9.374592,35.53006209,-97.47524371,34.206,125.383,6.336,3.823,0.780
VN300_2026-07-12_14-41-49_VNINS.csv,lap,7,49386,1234.859829,21.891862,3418.172,371.849,-0.035628,,9.374592,35.53005947,-97.47524101,34.192,126.154,6.221,3.770,0.780
VN300_2026-07-12_14-41-49_VNINS.csv,lap,7,49387,1234.859829,21.891862,3418.551,372.228,-0.035628,,9.374592,35.53005683,-97.47523836,34.174,126.857,6.051,3.846,0.780
VN300_2026-07-12_14-41-49_VNINS.csv,lap,7,49388,1234.859829,21.891862,3418.931,372.608,-0.035628,,9.374592,35.53005415,-97.47523575,34.222,127.645,6.056,4.074,0.780
VN300_2026-07-12_14-41-49_VNINS.csv,lap,7,49389,1234.859829,21.891862,3419.312,372.989,-0.035628,,9.374592,35.53005143,-97.47523319,34.339,128.445,6.077,4.083,0.780
VN300_2026-07-12_14-41-49_VNINS.csv,lap,7,49390,1234.859829,21.891862,3419.694,373.371,-0.035628,,9.374592,35.53004868,-97.47523066,34.509,129.258,6.182,4.210,0.790
VN300_2026-07-12_14-41-49_VNINS.csv,lap,7,49391,1234.859829,21.891862,3419.863,373.540,-0.035628,,9.374592,35.53004731,-97.47522986,34.104,130.065,6.307,4.139,0.780
VN300_2026-07-12_14-41-49_VNINS.csv,lap,7,49392,1234.859829,21.891862,3420.242,373.919,-0.035628,,9.374592,35.53004453,-97.47522743,34.282,130.857,6.354,4.181,0.780
VN300_2026-07-12_14-41-49_VNINS.csv,lap,7,49393,1234.859829,21.891862,3420.625,374.302,-0.035628,,9.374592,35.53004170,-97.47522502,34.500,131.629,6.316,4.320,0.780
VN300_2026-07-12_14-41-49_VNINS.csv,lap,7,49394,1235.134985,22.167018,3421.010,374.686,0.239528,,9.374592,35.53003883,-97.47522265,34.733,132.427,6.212,4.273,0.780
VN300_2026-07-12_14-41-49_VNINS.csv,lap,7,49395,1235.134985,22.167018,3421.396,375.073,0.239528,,9.374592,35.53003593,-97.47522030,34.912,133.255,6.127,4.358,0.780
VN300_2026-07-12_14-41-49_VNINS.csv,lap,7,49396,1235.134985,22.167018,3421.785,375.462,0.239528,,9.374592,35.53003297,-97.47521800,35.098,134.100,6.033,4.104,0.780
VN300_2026-07-12_14-41-49_VNINS.csv,lap,7,49397,1235.134985,22.167018,3422.176,375.853,0.239528,,9.374592,35.53002998,-97.47521573,35.280,134.985,5.917,4.007,0.780
VN300_2026-07-12_14-41-49_VNINS.csv,lap,7,49398,1235.134985,22.167018,3422.569,376.245,0.239528,,9.374592,35.53002696,-97.47521349,35.425,135.943,5.814,4.182,0.780
VN300_2026-07-12_14-41-49_VNINS.csv,lap,7,49399,1235.134985,22.167018,3422.738,376.415,0.239528,,9.374592,35.53002544,-97.47521330,34.972,136.846,5.693,4.196,0.770
VN300_2026-07-12_14-41-49_VNINS.csv,lap,7,49400,1235.134985,22.167018,3423.129,376.805,0.239528,,9.374592,35.53002238,-97.47521119,35.148,137.826,5.645,4.099,0.770
VN300_2026-07-12_14-41-49_VNINS.csv,lap,7,49401,1235.134985,22.167018,3423.520,377.197,0.239528,,9.374592,35.53001928,-97.47520914,35.287,138.825,5.664,4.203,0.770
VN300_2026-07-12_14-41-49_VNINS.csv,lap,7,49402,1235.134985,22.167018,3423.912,377.589,0.239528,,9.374592,35.53001615,-97.47520715,35.326,139.861,5.702,4.424,0.780
VN300_2026-07-12_14-41-49_VNINS.csv,lap,7,49403,1235.134985,22.167018,3424.304,377.981,0.239528,,9.374592,35.53001299,-97.47520522,35.467,140.851,5.729,4.350,0.780
VN300_2026-07-12_14-41-49_VNINS.csv,lap,7,49404,1235.134985,22.167018,3424.698,378.375,0.239528,,9.374592,35.53000980,-97.47520332,35.404,141.831,5.802,4.409,0.780
VN300_2026-07-12_14-41-49_VNINS.csv,lap,7,49405,1235.388769,22.420802,3425.093,378.770,0.493312,,9.374592,35.53000659,-97.47520146,35.580,142.742,5.764,4.766,0.780
VN300_2026-07-12_14-41-49_VNINS.csv,lap,7,49406,1235.388769,22.420802,3425.489,379.165,0.493312,,9.374592,35.53000334,-97.47519968,35.676,143.624,5.621,4.936,0.780
VN300_2026-07-12_14-41-49_VNINS.csv,lap,7,49407,1235.388769,22.420802,3425.885,379.562,0.493312,,9.374592,35.53000006,-97.47519796,35.814,144.472,5.489,4.799,0.780
VN300_2026-07-12_14-41-49_VNINS.csv,lap,7,49408,1235.388769,22.420802,3426.128,379.805,0.493312,,9.374592,35.52999790,-97.47519835,35.404,145.382,5.401,4.872,0.770
VN300_2026-07-12_14-41-49_VNINS.csv,lap,7,49409,1235.388769,22.420802,3426.522,380.199,0.493312,,9.374592,35.52999460,-97.47519676,35.503,146.485,5.482,5.025,0.770
VN300_2026-07-12_14-41-49_VNINS.csv,lap,7,49410,1235.388769,22.420802,3426.918,380.594,0.493312,,9.374592,35.52999126,-97.47519526,35.610,147.661,5.738,4.968,0.770
VN300_2026-07-12_14-41-49_VNINS.csv,lap,7,49411,1235.388769,22.420802,3427.314,380.990,0.493312,,9.374592,35.52998789,-97.47519384,35.792,148.930,5.995,5.065,0.770
VN300_2026-07-12_14-41-49_VNINS.csv,lap,7,49412,1235.388769,22.420802,3427.713,381.390,0.493312,,9.374592,35.52998447,-97.47519250,35.939,150.156,6.237,5.100,0.770
VN300_2026-07-12_14-41-49_VNINS.csv,lap,7,49413,1235.388769,22.420802,3428.113,381.789,0.493312,,9.374592,35.52998103,-97.47519121,36.040,151.317,6.368,5.280,0.770
VN300_2026-07-12_14-41-49_VNINS.csv,lap,7,49414,1235.388769,22.420802,3428.514,382.191,0.493312,,9.374592,35.52997756,-97.47518998,36.200,152.263,6.315,5.161,0.780
VN300_2026-07-12_14-41-49_VNINS.csv,lap,7,49415,1235.642321,22.674354,3428.749,382.426,0.746864,,9.374592,35.52997546,-97.47519021,35.928,153.137,6.082,4.974,0.770
VN300_2026-07-12_14-41-49_VNINS.csv,lap,7,49416,1235.642321,22.674354,3429.149,382.826,0.746864,,9.374592,35.52997196,-97.47518916,36.090,154.051,5.866,5.110,0.770
VN300_2026-07-12_14-41-49_VNINS.csv,lap,7,49417,1235.642321,22.674354,3429.552,383.229,0.746864,,9.374592,35.52996843,-97.47518818,36.262,155.059,5.717,5.256,0.770
VN300_2026-07-12_14-41-49_VNINS.csv,lap,7,49418,1235.642321,22.674354,3429.957,383.633,0.746864,,9.374592,35.52996487,-97.47518724,36.457,156.119,5.664,5.403,0.770
VN300_2026-07-12_14-41-49_VNINS.csv,lap,7,49419,1235.642321,22.674354,3430.362,384.039,0.746864,,9.374592,35.52996129,-97.47518638,36.658,157.198,5.729,5.626,0.770
VN300_2026-07-12_14-41-49_VNINS.csv,lap,7,49420,1235.642321,22.674354,3430.772,384.449,0.746864,,9.374592,35.52995767,-97.47518555,36.874,158.214,5.898,5.688,0.770
VN300_2026-07-12_14-41-49_VNINS.csv,lap,7,49421,1235.642321,22.674354,3431.183,384.859,0.746864,,9.374592,35.52995403,-97.47518478,37.027,159.143,6.062,5.605,0.770
VN300_2026-07-12_14-41-49_VNINS.csv,lap,7,49422,1235.642321,22.674354,3431.596,385.272,0.746864,,9.374592,35.52995036,-97.47518406,37.258,159.917,6.163,5.496,0.770
VN300_2026-07-12_14-41-49_VNINS.csv,lap,7,49423,1235.642321,22.674354,3431.880,385.556,0.746864,,9.374592,35.52994781,-97.47518393,37.104,160.618,6.259,5.594,0.760
VN300_2026-07-12_14-41-49_VNINS.csv,lap,7,49424,1235.642321,22.674354,3432.294,385.971,0.746864,,9.374592,35.52994411,-97.47518334,37.331,161.223,6.282,5.628,0.760
VN300_2026-07-12_14-41-49_VNINS.csv,lap,7,49425,1235.895892,22.927925,3432.711,386.388,1.000435,,9.374592,35.52994039,-97.47518281,37.490,161.720,6.265,5.600,0.760
VN300_2026-07-12_14-41-49_VNINS.csv,lap,7,49426,1235.895892,22.927925,3433.129,386.806,1.000435,,9.374592,35.52993665,-97.47518233,37.693,162.167,6.255,5.686,0.760
VN300_2026-07-12_14-41-49_VNINS.csv,lap,7,49427,1235.895892,22.927925,3433.550,387.227,1.000435,,9.374592,35.52993288,-97.47518191,37.935,162.590,6.277,5.872,0.770
VN300_2026-07-12_14-41-49_VNINS.csv,lap,7,49428,1235.895892,22.927925,3433.973,387.650,1.000435,,9.374592,35.52992908,-97.47518159,38.136,162.973,6.296,5.907,0.770
VN300_2026-07-12_14-41-49_VNINS.csv,lap,7,49429,1235.895892,22.927925,3434.399,388.075,1.000435,,9.374592,35.52992526,-97.47518135,38.329,163.330,6.359,5.922,0.770
VN300_2026-07-12_14-41-49_VNINS.csv,lap,7,49430,1235.895892,22.927925,3434.827,388.504,1.000435,,9.374592,35.52992141,-97.47518116,38.527,163.680,6.520,6.043,0.770
VN300_2026-07-12_14-41-49_VNINS.csv,lap,7,49431,1235.895892,22.927925,3435.111,388.788,1.000435,,9.374592,35.52991892,-97.47518046,38.430,164.002,6.696,6.042,0.760
VN300_2026-07-12_14-41-49_VNINS.csv,lap,7,49432,1235.895892,22.927925,3435.541,389.217,1.000435,,9.374592,35.52991506,-97.47518034,38.609,164.307,6.820,6.144,0.760
VN300_2026-07-12_14-41-49_VNINS.csv,lap,7,49433,1235.895892,22.927925,3435.971,389.648,1.000435,,9.374592,35.52991119,-97.47518029,38.756,164.566,6.825,6.151,0.760
VN300_2026-07-12_14-41-49_VNINS.csv,lap,7,49434,1235.895892,22.927925,3436.404,390.080,1.000435,,9.374592,35.52990730,-97.47518031,38.956,164.891,6.770,6.082,0.760
VN300_2026-07-12_14-41-49_VNINS.csv,lap,7,49435,1236.163975,23.196008,3436.838,390.515,1.268518,,9.374592,35.52990339,-97.47518041,39.173,165.321,6.773,6.074,0.760
VN300_2026-07-12_14-41-49_VNINS.csv,lap,7,49436,1236.163975,23.196008,3437.276,390.952,1.268518,,9.374592,35.52989946,-97.47518061,39.377,165.858,6.822,6.337,0.760
VN300_2026-07-12_14-41-49_VNINS.csv,lap,7,49437,1236.163975,23.196008,3437.716,391.392,1.268518,,9.374592,35.52989551,-97.47518088,39.639,166.445,6.974,6.350,0.760
VN300_2026-07-12_14-41-49_VNINS.csv,lap,7,49438,1236.163975,23.196008,3438.158,391.835,1.268518,,9.374592,35.52989154,-97.47518120,39.720,167.017,7.081,6.398,0.760
VN300_2026-07-12_14-41-49_VNINS.csv,lap,7,49439,1236.163975,23.196008,3438.504,392.181,1.268518,,9.374592,35.52988874,-97.47517953,39.642,167.518,7.047,6.476,0.750
VN300_2026-07-12_14-41-49_VNINS.csv,lap,7,49440,1236.163975,23.196008,3438.947,392.623,1.268518,,9.374592,35.52988477,-97.47517987,39.877,168.021,6.963,6.600,0.760
VN300_2026-07-12_14-41-49_VNINS.csv,lap,7,49441,1236.163975,23.196008,3439.393,393.070,1.268518,,9.374592,35.52988077,-97.47518029,40.095,168.511,6.875,6.497,0.760
VN300_2026-07-12_14-41-49_VNINS.csv,lap,7,49442,1236.163975,23.196008,3439.841,393.517,1.268518,,9.374592,35.52987676,-97.47518074,40.251,168.996,6.869,6.518,0.760
VN300_2026-07-12_14-41-49_VNINS.csv,lap,7,49443,1236.163975,23.196008,3440.291,393.968,1.268518,,9.374592,35.52987273,-97.47518123,40.473,169.462,6.942,6.501,0.760
VN300_2026-07-12_14-41-49_VNINS.csv,lap,7,49444,1236.163975,23.196008,3440.743,394.420,1.268518,,9.374592,35.52986869,-97.47518178,40.675,169.830,6.996,6.592,0.760
VN300_2026-07-12_14-41-49_VNINS.csv,lap,7,49445,1236.163975,23.196008,3441.198,394.874,1.268518,,9.374592,35.52986463,-97.47518237,40.780,170.191,7.109,6.920,0.760
VN300_2026-07-12_14-41-49_VNINS.csv,lap,7,49446,1236.417812,23.449845,3441.653,395.329,1.522355,,9.374592,35.52986057,-97.47518300,41.015,170.456,7.116,6.832,0.760
VN300_2026-07-12_14-41-49_VNINS.csv,lap,7,49447,1236.417812,23.449845,3442.112,395.789,1.522355,,9.374592,35.52985648,-97.47518372,41.269,170.757,7.283,6.754,0.760
VN300_2026-07-12_14-41-49_VNINS.csv,lap,7,49448,1236.417812,23.449845,3442.489,396.166,1.522355,,9.374592,35.52985339,-97.47518201,41.004,171.030,7.435,7.079,0.750
VN300_2026-07-12_14-41-49_VNINS.csv,lap,7,49449,1236.417812,23.449845,3442.947,396.624,1.522355,,9.374592,35.52984931,-97.47518273,41.273,171.206,7.623,7.480,0.750
VN300_2026-07-12_14-41-49_VNINS.csv,lap,7,49450,1236.417812,23.449845,3443.408,397.085,1.522355,,9.374592,35.52984522,-97.47518354,41.333,171.341,7.887,7.378,0.750
VN300_2026-07-12_14-41-49_VNINS.csv,lap,7,49451,1236.417812,23.449845,3443.871,397.548,1.522355,,9.374592,35.52984111,-97.47518436,41.486,171.317,8.040,7.513,0.750
VN300_2026-07-12_14-41-49_VNINS.csv,lap,7,49452,1236.417812,23.449845,3444.335,398.011,1.522355,,9.374592,35.52983700,-97.47518522,41.718,171.247,8.064,7.804,0.760
VN300_2026-07-12_14-41-49_VNINS.csv,lap,7,49453,1236.417812,23.449845,3444.801,398.478,1.522355,,9.374592,35.52983287,-97.47518614,41.961,171.147,8.038,7.720,0.760
VN300_2026-07-12_14-41-49_VNINS.csv,lap,7,49454,1236.417812,23.449845,3445.271,398.948,1.522355,,9.374592,35.52982872,-97.47518711,42.104,171.032,8.050,7.716,0.760
VN300_2026-07-12_14-41-49_VNINS.csv,lap,7,49455,1236.417812,23.449845,3445.748,399.424,1.522355,,9.374592,35.52982531,-97.47518392,41.976,170.900,8.116,7.832,0.750
VN300_2026-07-12_14-41-49_VNINS.csv,lap,7,49456,1236.671391,23.703424,3446.218,399.895,1.775934,,9.374592,35.52982115,-97.47518487,42.270,170.763,8.225,7.895,0.750
VN300_2026-07-12_14-41-49_VNINS.csv,lap,7,49457,1236.671391,23.703424,3446.691,400.368,1.775934,,9.374592,35.52981697,-97.47518584,42.369,170.655,8.387,7.980,0.750
VN300_2026-07-12_14-41-49_VNINS.csv,lap,7,49458,1236.671391,23.703424,3447.166,400.842,1.775934,,9.374592,35.52981278,-97.47518684,42.629,170.539,8.525,8.038,0.750
VN300_2026-07-12_14-41-49_VNINS.csv,lap,7,49459,1236.671391,23.703424,3447.643,401.320,1.775934,,9.374592,35.52980857,-97.47518788,43.010,170.431,8.674,7.946,0.750
VN300_2026-07-12_14-41-49_VNINS.csv,lap,7,49460,1236.671391,23.703424,3448.125,401.802,1.775934,,9.374592,35.52980433,-97.47518899,43.310,170.293,8.839,7.817,0.750
VN300_2026-07-12_14-41-49_VNINS.csv,lap,7,49461,1236.671391,23.703424,3448.609,402.286,1.775934,,9.374592,35.52980008,-97.47519015,43.455,170.159,9.018,8.047,0.750
VN300_2026-07-12_14-41-49_VNINS.csv,lap,7,49462,1236.671391,23.703424,3449.096,402.773,1.775934,,9.374592,35.52979581,-97.47519135,43.768,170.048,9.121,8.057,0.750
VN300_2026-07-12_14-41-49_VNINS.csv,lap,7,49463,1236.671391,23.703424,3449.737,403.414,1.775934,,9.374592,35.52979136,-97.47518685,43.820,169.928,9.220,7.871,0.740
VN300_2026-07-12_14-41-49_VNINS.csv,lap,7,49464,1236.671391,23.703424,3450.226,403.903,1.775934,,9.374592,35.52978706,-97.47518799,43.885,169.760,9.194,7.934,0.750
VN300_2026-07-12_14-41-49_VNINS.csv,lap,7,49465,1236.671391,23.703424,3450.718,404.395,1.775934,,9.374592,35.52978274,-97.47518916,44.131,169.607,9.188,8.077,0.750
VN300_2026-07-12_14-41-49_VNINS.csv,lap,7,49466,1236.924849,23.956882,3451.213,404.890,2.029392,,9.374592,35.52977840,-97.47519037,44.326,169.420,9.233,8.018,0.750
VN300_2026-07-12_14-41-49_VNINS.csv,lap,7,49467,1236.924849,23.956882,3451.708,405.385,2.029392,,9.374592,35.52977406,-97.47519160,44.426,169.243,9.342,7.819,0.750
VN300_2026-07-12_14-41-49_VNINS.csv,lap,7,49468,1236.924849,23.956882,3452.207,405.883,2.029392,,9.374592,35.52976970,-97.47519287,44.640,169.091,9.488,7.832,0.750
VN300_2026-07-12_14-41-49_VNINS.csv,lap,7,49469,1236.924849,23.956882,3452.706,406.383,2.029392,,9.374592,35.52976533,-97.47519416,44.903,168.966,9.578,7.878,0.750
VN300_2026-07-12_14-41-49_VNINS.csv,lap,7,49470,1236.924849,23.956882,3453.208,406.884,2.029392,,9.374592,35.52976095,-97.47519548,45.063,168.822,9.635,7.756,0.750
VN300_2026-07-12_14-41-49_VNINS.csv,lap,7,49471,1236.924849,23.956882,3454.076,407.752,2.029392,,9.374592,35.52975586,-97.47518821,45.146,168.608,9.902,7.603,0.740
VN300_2026-07-12_14-41-49_VNINS.csv,lap,7,49472,1236.924849,23.956882,3454.582,408.258,2.029392,,9.374592,35.52975141,-97.47518939,45.285,168.401,10.233,7.681,0.740
VN300_2026-07-12_14-41-49_VNINS.csv,lap,7,49473,1236.924849,23.956882,3455.089,408.765,2.029392,,9.374592,35.52974696,-97.47519060,45.461,168.162,10.537,7.260,0.740
VN300_2026-07-12_14-41-49_VNINS.csv,lap,7,49474,1236.924849,23.956882,3455.597,409.274,2.029392,,9.374592,35.52974249,-97.47519180,45.520,167.785,10.778,6.994,0.740
VN300_2026-07-12_14-41-49_VNINS.csv,lap,7,49475,1236.924849,23.956882,3456.107,409.784,2.029392,,9.374592,35.52973801,-97.47519298,45.554,167.226,11.114,7.569,0.740
VN300_2026-07-12_14-41-49_VNINS.csv,lap,7,49476,1237.194256,24.226289,3456.617,410.294,2.298799,,9.374592,35.52973353,-97.47519419,45.637,166.580,11.579,7.054,0.750
VN300_2026-07-12_14-41-49_VNINS.csv,lap,7,49477,1237.194256,24.226289,3457.127,410.803,2.298799,,9.374592,35.52972905,-97.47519538,45.614,165.922,11.924,6.235,0.750
VN300_2026-07-12_14-41-49_VNINS.csv,lap,7,49478,1237.194256,24.226289,3457.637,411.314,2.298799,,9.374592,35.52972456,-97.47519657,45.624,165.356,12.048,6.460,0.750
VN300_2026-07-12_14-41-49_VNINS.csv,lap,7,49479,1237.194256,24.226289,3458.560,412.237,2.298799,,9.374592,35.52971968,-97.47518832,45.600,164.795,12.078,6.698,0.740
VN300_2026-07-12_14-41-49_VNINS.csv,lap,7,49480,1237.194256,24.226289,3459.070,412.747,2.298799,,9.374592,35.52971517,-97.47518935,45.731,164.225,12.237,6.601,0.740
VN300_2026-07-12_14-41-49_VNINS.csv,lap,7,49481,1237.194256,24.226289,3459.583,413.260,2.298799,,9.374592,35.52971064,-97.47519042,45.888,163.599,12.468,5.998,0.740
VN300_2026-07-12_14-41-49_VNINS.csv,lap,7,49482,1237.194256,24.226289,3460.098,413.775,2.298799,,9.374592,35.52970609,-97.47519148,45.994,163.086,12.693,5.849,0.740
VN300_2026-07-12_14-41-49_VNINS.csv,lap,7,49483,1237.194256,24.226289,3460.612,414.289,2.298799,,9.374592,35.52970155,-97.47519255,45.993,162.671,12.794,6.137,0.740
VN300_2026-07-12_14-41-49_VNINS.csv,lap,7,49484,1237.194256,24.226289,3461.128,414.804,2.298799,,9.374592,35.52969700,-97.47519364,46.161,162.312,12.636,5.837,0.740
VN300_2026-07-12_14-41-49_VNINS.csv,lap,7,49485,1237.194256,24.226289,3461.646,415.322,2.298799,,9.374592,35.52969243,-97.47519474,46.243,161.972,12.500,5.698,0.740
VN300_2026-07-12_14-41-49_VNINS.csv,lap,7,49486,1237.194256,24.226289,3462.162,415.839,2.298799,,9.374592,35.52968787,-97.47519585,46.237,161.608,12.374,5.627,0.740
VN300_2026-07-12_14-41-49_VNINS.csv,lap,7,49487,1237.448015,24.480048,3462.681,416.357,2.552558,,9.374592,35.52968330,-97.47519698,46.471,161.200,12.346,5.452,0.740
VN300_2026-07-12_14-41-49_VNINS.csv,lap,7,49488,1237.448015,24.480048,3463.824,417.501,2.552558,,9.374592,35.52967760,-97.47518646,46.308,160.698,12.528,5.394,0.740
VN300_2026-07-12_14-41-49_VNINS.csv,lap,7,49489,1237.448015,24.480048,3464.344,418.020,2.552558,,9.374592,35.52967299,-97.47518737,46.454,160.180,12.755,5.196,0.740
VN300_2026-07-12_14-41-49_VNINS.csv,lap,7,49490,1237.448015,24.480048,3464.865,418.542,2.552558,,9.374592,35.52966836,-97.47518828,46.585,159.631,13.076,5.084,0.740
VN300_2026-07-12_14-41-49_VNINS.csv,lap,7,49491,1237.448015,24.480048,3465.387,419.063,2.552558,,9.374592,35.52966373,-97.47518920,46.648,159.093,13.405,4.927,0.740
VN300_2026-07-12_14-41-49_VNINS.csv,lap,7,49492,1237.448015,24.480048,3465.909,419.586,2.552558,,9.374592,35.52965909,-97.47519012,46.645,158.588,13.570,4.568,0.740
VN300_2026-07-12_14-41-49_VNINS.csv,lap,7,49493,1237.448015,24.480048,3466.431,420.108,2.552558,,9.374592,35.52965445,-97.47519102,46.710,158.114,13.714,4.426,0.740
VN300_2026-07-12_14-41-49_VNINS.csv,lap,7,49494,1237.448015,24.480048,3466.956,420.633,2.552558,,9.374592,35.52964979,-97.47519194,46.919,157.658,13.706,4.266,0.740
VN300_2026-07-12_14-41-49_VNINS.csv,lap,7,49495,1237.448015,24.480048,3468.166,421.843,2.552558,,9.374592,35.52964418,-97.47518048,46.955,157.139,13.747,3.923,0.730
VN300_2026-07-12_14-41-49_VNINS.csv,lap,7,49496,1237.448015,24.480048,3468.692,422.368,2.552558,,9.374592,35.52963949,-97.47518117,46.983,156.566,13.836,3.844,0.730
VN300_2026-07-12_14-41-49_VNINS.csv,lap,7,49497,1237.701619,24.733652,3469.219,422.896,2.806162,,9.374592,35.52963478,-97.47518187,47.003,156.031,13.868,3.616,0.730
VN300_2026-07-12_14-41-49_VNINS.csv,lap,7,49498,1237.701619,24.733652,3469.746,423.422,2.806162,,9.374592,35.52963008,-97.47518258,47.172,155.559,13.803,3.214,0.730
VN300_2026-07-12_14-41-49_VNINS.csv,lap,7,49499,1237.701619,24.733652,3470.274,423.950,2.806162,,9.374592,35.52962537,-97.47518331,47.213,155.144,13.642,2.961,0.740
VN300_2026-07-12_14-41-49_VNINS.csv,lap,7,49500,1237.701619,24.733652,3470.803,424.479,2.806162,,9.374592,35.52962065,-97.47518405,47.297,154.664,13.610,2.916,0.740
VN300_2026-07-12_14-41-49_VNINS.csv,lap,7,49501,1237.701619,24.733652,3471.333,425.010,2.806162,,9.374592,35.52961592,-97.47518480,47.417,154.117,13.885,2.835,0.740
VN300_2026-07-12_14-41-49_VNINS.csv,lap,7,49502,1237.701619,24.733652,3471.865,425.541,2.806162,,9.374592,35.52961118,-97.47518556,47.341,153.620,14.190,2.382,0.740
VN300_2026-07-12_14-41-49_VNINS.csv,lap,7,49503,1237.701619,24.733652,3473.183,426.860,2.806162,,9.374592,35.52960552,-97.47517276,47.009,153.217,14.483,2.130,0.730
VN300_2026-07-12_14-41-49_VNINS.csv,lap,7,49504,1237.701619,24.733652,3473.709,427.386,2.806162,,9.374592,35.52960080,-97.47517323,46.955,152.958,14.555,2.303,0.730
VN300_2026-07-12_14-41-49_VNINS.csv,lap,7,49505,1237.701619,24.733652,3474.235,427.912,2.806162,,9.374592,35.52959609,-97.47517371,46.817,152.836,14.365,1.994,0.730
VN300_2026-07-12_14-41-49_VNINS.csv,lap,7,49506,1237.701619,24.733652,3474.756,428.433,2.806162,,9.374592,35.52959142,-97.47517419,46.424,152.753,14.194,1.883,0.730
VN300_2026-07-12_14-41-49_VNINS.csv,lap,7,49507,1237.955081,24.987114,3475.274,428.950,3.059624,,9.374592,35.52958678,-97.47517467,46.061,152.719,13.953,1.746,0.730
VN300_2026-07-12_14-41-49_VNINS.csv,lap,7,49508,1237.955081,24.987114,3475.787,429.464,3.059624,,9.374592,35.52958218,-97.47517517,45.643,152.738,13.770,1.462,0.730
VN300_2026-07-12_14-41-49_VNINS.csv,lap,7,49509,1237.955081,24.987114,3476.296,429.973,3.059624,,9.374592,35.52957762,-97.47517566,45.395,152.790,13.784,1.335,0.730
VN300_2026-07-12_14-41-49_VNINS.csv,lap,7,49510,1237.955081,24.987114,3476.803,430.480,3.059624,,9.374592,35.52957308,-97.47517617,45.181,152.893,13.967,1.076,0.740
VN300_2026-07-12_14-41-49_VNINS.csv,lap,7,49511,1237.955081,24.987114,3478.061,431.738,3.059624,,9.374592,35.52956760,-97.47516401,44.765,153.034,14.206,1.031,0.730
VN300_2026-07-12_14-41-49_VNINS.csv,lap,7,49512,1237.955081,24.987114,3478.560,432.236,3.059624,,9.374592,35.52956312,-97.47516428,44.428,153.294,14.415,1.047,0.730
VN300_2026-07-12_14-41-49_VNINS.csv,lap,7,49513,1237.955081,24.987114,3479.057,432.733,3.059624,,9.374592,35.52955866,-97.47516460,44.338,153.579,14.475,0.834,0.730
VN300_2026-07-12_14-41-49_VNINS.csv,lap,7,49514,1237.955081,24.987114,3479.551,433.228,3.059624,,9.374592,35.52955422,-97.47516494,44.004,153.912,14.491,0.869,0.730
VN300_2026-07-12_14-41-49_VNINS.csv,lap,7,49515,1237.955081,24.987114,3480.043,433.719,3.059624,,9.374592,35.52954981,-97.47516531,43.741,154.271,14.438,0.840,0.730
VN300_2026-07-12_14-41-49_VNINS.csv,lap,7,49516,1237.955081,24.987114,3480.531,434.208,3.059624,,9.374592,35.52954543,-97.47516573,43.532,154.645,14.457,0.509,0.730
VN300_2026-07-12_14-41-49_VNINS.csv,lap,7,49517,1238.230265,25.262298,3481.015,434.692,3.334808,,9.374592,35.52954109,-97.47516617,43.164,155.065,14.561,0.534,0.730
VN300_2026-07-12_14-41-49_VNINS.csv,lap,7,49518,1238.230265,25.262298,3481.498,435.174,3.334808,,9.374592,35.52953677,-97.47516663,42.895,155.526,14.708,0.672,0.730
VN300_2026-07-12_14-41-49_VNINS.csv,lap,7,49519,1238.230265,25.262298,3482.576,436.252,3.334808,,9.374592,35.52953138,-97.47515673,42.533,155.930,14.755,0.265,0.720
VN300_2026-07-12_14-41-49_VNINS.csv,lap,7,49520,1238.230265,25.262298,3483.051,436.728,3.334808,,9.374592,35.52952711,-97.47515701,42.249,156.297,14.747,0.206,0.720
VN300_2026-07-12_14-41-49_VNINS.csv,lap,7,49521,1238.230265,25.262298,3483.522,437.199,3.334808,,9.374592,35.52952288,-97.47515734,41.979,156.666,14.693,0.147,0.730
VN300_2026-07-12_14-41-49_VNINS.csv,lap,7,49522,1238.230265,25.262298,3483.990,437.667,3.334808,,9.374592,35.52951868,-97.47515768,41.749,157.102,14.664,-0.046,0.730
VN300_2026-07-12_14-41-49_VNINS.csv,lap,7,49523,1238.230265,25.262298,3484.456,438.133,3.334808,,9.374592,35.52951450,-97.47515805,41.506,157.650,14.762,-0.129,0.730
VN300_2026-07-12_14-41-49_VNINS.csv,lap,7,49524,1238.230265,25.262298,3484.919,438.596,3.334808,,9.374592,35.52951035,-97.47515843,41.218,158.280,14.853,-0.086,0.730
VN300_2026-07-12_14-41-49_VNINS.csv,lap,7,49525,1238.230265,25.262298,3485.379,439.055,3.334808,,9.374592,35.52950623,-97.47515886,40.911,158.979,14.948,-0.168,0.730
VN300_2026-07-12_14-41-49_VNINS.csv,lap,7,49526,1238.230265,25.262298,3485.836,439.512,3.334808,,9.374592,35.52950214,-97.47515932,40.625,159.742,15.074,-0.193,0.730
VN300_2026-07-12_14-41-49_VNINS.csv,lap,7,49527,1238.230265,25.262298,3486.288,439.965,3.334808,,9.374592,35.52949809,-97.47515983,40.312,160.576,15.154,-0.091,0.730
VN300_2026-07-12_14-41-49_VNINS.csv,lap,7,49528,1238.230265,25.262298,3487.277,440.954,3.334808,,9.374592,35.52949252,-97.47515131,40.091,161.383,15.182,-0.086,0.720
VN300_2026-07-12_14-41-49_VNINS.csv,lap,7,49529,1238.484371,25.516404,3487.725,441.401,3.588914,,9.374592,35.52948851,-97.47515172,39.786,162.271,15.243,-0.032,0.720
VN300_2026-07-12_14-41-49_VNINS.csv,lap,7,49530,1238.484371,25.516404,3488.168,441.845,3.588914,,9.374592,35.52948454,-97.47515216,39.462,163.152,15.250,0.141,0.720
VN300_2026-07-12_14-41-49_VNINS.csv,lap,7,49531,1238.484371,25.516404,3488.608,442.285,3.588914,,9.374592,35.52948060,-97.47515266,39.237,164.022,15.183,0.161,0.720
VN300_2026-07-12_14-41-49_VNINS.csv,lap,7,49532,1238.484371,25.516404,3489.046,442.722,3.588914,,9.374592,35.52947669,-97.47515318,39.058,164.972,15.226,0.233,0.730
VN300_2026-07-12_14-41-49_VNINS.csv,lap,7,49533,1238.484371,25.516404,3489.482,443.159,3.588914,,9.374592,35.52947279,-97.47515373,38.881,165.932,15.323,0.499,0.730
VN300_2026-07-12_14-41-49_VNINS.csv,lap,7,49534,1238.484371,25.516404,3489.916,443.592,3.588914,,9.374592,35.52946892,-97.47515432,38.757,166.913,15.415,0.624,0.730
VN300_2026-07-12_14-41-49_VNINS.csv,lap,7,49535,1238.484371,25.516404,3490.671,444.348,3.588914,,9.374592,35.52946308,-97.47515006,38.873,167.828,15.568,0.630,0.720
VN300_2026-07-12_14-41-49_VNINS.csv,lap,7,49536,1238.484371,25.516404,3491.104,444.781,3.588914,,9.374592,35.52945921,-97.47515063,38.730,168.619,15.626,0.603,0.720
VN300_2026-07-12_14-41-49_VNINS.csv,lap,7,49537,1238.484371,25.516404,3491.536,445.213,3.588914,,9.374592,35.52945536,-97.47515128,38.594,169.322,15.578,0.557,0.720
VN300_2026-07-12_14-41-49_VNINS.csv,lap,7,49538,1238.484371,25.516404,3491.967,445.644,3.588914,,9.374592,35.52945153,-97.47515199,38.505,169.895,15.541,0.701,0.720
VN300_2026-07-12_14-41-49_VNINS.csv,lap,7,49539,1238.737898,25.769931,3492.397,446.073,3.842441,,9.374592,35.52944772,-97.47515277,38.334,170.536,15.626,0.744,0.720
VN300_2026-07-12_14-41-49_VNINS.csv,lap,7,49540,1238.737898,25.769931,3492.825,446.502,3.842441,,9.374592,35.52944393,-97.47515361,38.321,171.190,15.814,0.692,0.720
VN300_2026-07-12_14-41-49_VNINS.csv,lap,7,49541,1238.737898,25.769931,3493.254,446.931,3.842441,,9.374592,35.52944014,-97.47515453,38.348,171.929,16.098,0.768,0.720
VN300_2026-07-12_14-41-49_VNINS.csv,lap,7,49542,1238.737898,25.769931,3493.682,447.358,3.842441,,9.374592,35.52943638,-97.47515550,38.268,172.673,16.411,1.091,0.720
VN300_2026-07-12_14-41-49_VNINS.csv,lap,7,49543,1238.737898,25.769931,3494.362,448.039,3.842441,,9.374592,35.52943058,-97.47515309,38.383,173.322,16.628,1.031,0.720
VN300_2026-07-12_14-41-49_VNINS.csv,lap,7,49544,1238.737898,25.769931,3494.792,448.468,3.842441,,9.374592,35.52942680,-97.47515406,38.436,173.818,16.718,1.089,0.720
VN300_2026-07-12_14-41-49_VNINS.csv,lap,7,49545,1238.737898,25.769931,3495.220,448.897,3.842441,,9.374592,35.52942305,-97.47515513,38.440,174.218,16.697,1.134,0.720
VN300_2026-07-12_14-41-49_VNINS.csv,lap,7,49546,1238.737898,25.769931,3495.649,449.326,3.842441,,9.374592,35.52941930,-97.47515627,38.411,174.548,16.608,1.002,0.720
VN300_2026-07-12_14-41-49_VNINS.csv,lap,7,49547,1238.737898,25.769931,3496.078,449.754,3.842441,,9.374592,35.52941557,-97.47515745,38.393,174.867,16.500,1.053,0.720
VN300_2026-07-12_14-41-49_VNINS.csv,lap,7,49548,1238.737898,25.769931,3496.507,450.184,3.842441,,9.374592,35.52941184,-97.47515867,38.457,175.212,16.509,1.146,0.720
VN300_2026-07-12_14-41-49_VNINS.csv,lap,7,49549,1238.991402,26.023435,3496.936,450.613,4.095945,,9.374592,35.52940812,-97.47515994,38.505,175.600,16.565,1.145,0.720
VN300_2026-07-12_14-41-49_VNINS.csv,lap,7,49550,1238.991402,26.023435,3497.366,451.043,4.095945,,9.374592,35.52940441,-97.47516127,38.544,175.978,16.666,1.214,0.720
VN300_2026-07-12_14-41-49_VNINS.csv,lap,7,49551,1238.991402,26.023435,3497.796,451.473,4.095945,,9.374592,35.52940071,-97.47516267,38.557,176.351,16.817,1.214,0.720
VN300_2026-07-12_14-41-49_VNINS.csv,lap,7,49552,1238.991402,26.023435,3498.497,452.174,4.095945,,9.374592,35.52939447,-97.47516159,38.863,176.602,16.905,1.130,0.710
VN300_2026-07-12_14-41-49_VNINS.csv,lap,7,49553,1238.991402,26.023435,3498.931,452.607,4.095945,,9.374592,35.52939077,-97.47516310,38.910,176.802,16.941,1.279,0.710
VN300_2026-07-12_14-41-49_VNINS.csv,lap,7,49554,1238.991402,26.023435,3499.365,453.041,4.095945,,9.374592,35.52938708,-97.47516466,38.979,176.893,16.925,1.332,0.720
VN300_2026-07-12_14-41-49_VNINS.csv,lap,7,49555,1238.991402,26.023435,3499.799,453.476,4.095945,,9.374592,35.52938340,-97.47516628,39.004,176.860,16.908,1.239,0.720
VN300_2026-07-12_14-41-49_VNINS.csv,lap,7,49556,1238.991402,26.023435,3500.235,453.912,4.095945,,9.374592,35.52937971,-97.47516790,39.036,176.685,16.918,1.420,0.720
VN300_2026-07-12_14-41-49_VNINS.csv,lap,7,49557,1238.991402,26.023435,3500.671,454.348,4.095945,,9.374592,35.52937603,-97.47516957,39.273,176.365,16.957,1.518,0.720
VN300_2026-07-12_14-41-49_VNINS.csv,lap,7,49558,1238.991402,26.023435,3501.109,454.785,4.095945,,9.374592,35.52937235,-97.47517128,39.335,175.875,17.024,1.394,0.720
VN300_2026-07-12_14-41-49_VNINS.csv,lap,7,49559,1239.259704,26.291737,3501.926,455.603,4.364247,,9.374592,35.52936503,-97.47517041,39.928,175.243,17.197,1.352,0.710
VN300_2026-07-12_14-41-49_VNINS.csv,lap,7,49560,1239.259704,26.291737,3502.373,456.049,4.364247,,9.374592,35.52936126,-97.47517210,40.067,174.523,17.428,1.162,0.710
VN300_2026-07-12_14-41-49_VNINS.csv,lap,7,49561,1239.259704,26.291737,3502.820,456.497,4.364247,,9.374592,35.52935748,-97.47517379,40.063,173.710,17.704,0.790,0.710
VN300_2026-07-12_14-41-49_VNINS.csv,lap,7,49562,1239.259704,26.291737,3503.266,456.942,4.364247,,9.374592,35.52935371,-97.47517546,39.975,172.883,17.911,0.641,0.710
VN300_2026-07-12_14-41-49_VNINS.csv,lap,7,49563,1239.259704,26.291737,3503.711,457.388,4.364247,,9.374592,35.52934994,-97.47517714,39.932,172.070,18.014,0.281,0.710
VN300_2026-07-12_14-41-49_VNINS.csv,lap,7,49564,1239.259704,26.291737,3504.155,457.832,4.364247,,9.374592,35.52934619,-97.47517881,39.727,171.272,17.988,-0.116,0.710
VN300_2026-07-12_14-41-49_VNINS.csv,lap,7,49565,1239.259704,26.291737,3504.597,458.274,4.364247,,9.374592,35.52934244,-97.47518044,39.587,170.426,17.909,-0.431,0.720
VN300_2026-07-12_14-41-49_VNINS.csv,lap,7,49566,1239.259704,26.291737,3505.038,458.715,4.364247,,9.374592,35.52933869,-97.47518203,39.449,169.544,17.805,-0.946,0.720
VN300_2026-07-12_14-41-49_VNINS.csv,lap,7,49567,1239.259704,26.291737,3505.478,459.155,4.364247,,9.374592,35.52933494,-97.47518357,39.361,168.668,17.770,-1.295,0.720
VN300_2026-07-12_14-41-49_VNINS.csv,lap,7,49568,1239.259704,26.291737,3506.150,459.827,,GPS uncertainty 100.0 m > 4.0 m,9.374592,35.52933000,-97.47517929,39.969,167.752,17.677,-1.869,99.990
VN300_2026-07-12_14-41-49_VNINS.csv,lap,7,49569,1239.259704,26.291737,3506.150,459.827,,GPS uncertainty 100.0 m > 4.0 m,9.374592,35.52933000,-97.47517929,39.969,166.895,17.651,-2.395,99.990
VN300_2026-07-12_14-41-49_VNINS.csv,lap,7,49570,1239.513420,26.545453,3506.150,459.827,,GPS uncertainty 100.0 m > 4.0 m,9.374592,35.52933000,-97.47517929,39.969,166.000,17.830,-2.911,99.990
VN300_2026-07-12_14-41-49_VNINS.csv,lap,7,49571,1239.513420,26.545453,3506.150,459.827,,GPS uncertainty 100.0 m > 4.0 m,9.374592,35.52933000,-97.47517929,39.969,165.004,17.944,-3.645,99.990
VN300_2026-07-12_14-41-49_VNINS.csv,lap,7,49572,1239.513420,26.545453,3506.150,459.827,,GPS uncertainty 100.0 m > 4.0 m,9.374592,35.52933000,-97.47517929,39.969,163.916,18.180,-4.042,99.990
VN300_2026-07-12_14-41-49_VNINS.csv,lap,7,49573,1239.513420,26.545453,3506.150,459.827,,GPS uncertainty 100.0 m > 4.0 m,9.374592,35.52933000,-97.47517929,39.969,162.808,18.069,-4.708,99.990
VN300_2026-07-12_14-41-49_VNINS.csv,lap,7,49574,1239.513420,26.545453,3506.150,459.827,,GPS uncertainty 100.0 m > 4.0 m,9.374592,35.52933000,-97.47517929,39.969,161.818,17.959,-5.183,99.990
VN300_2026-07-12_14-41-49_VNINS.csv,lap,7,49575,1239.513420,26.545453,3506.150,459.827,,GPS uncertainty 100.0 m > 4.0 m,9.374592,35.52933000,-97.47517929,39.969,160.844,17.685,-5.689,99.990
VN300_2026-07-12_14-41-49_VNINS.csv,lap,7,49576,1239.513420,26.545453,3506.150,459.827,,GPS uncertainty 100.0 m > 4.0 m,9.374592,35.52933000,-97.47517929,39.969,159.938,17.378,-5.922,99.990
VN300_2026-07-12_14-41-49_VNINS.csv,lap,7,49577,1239.513420,26.545453,3506.150,459.827,,GPS uncertainty 100.0 m > 4.0 m,9.374592,35.52933000,-97.47517929,39.969,158.904,17.104,-6.248,99.990
VN300_2026-07-12_14-41-49_VNINS.csv,lap,7,49578,1239.513420,26.545453,3506.150,459.827,,GPS uncertainty 100.0 m > 4.0 m,9.374592,35.52933000,-97.47517929,39.969,157.773,16.935,-6.629,99.990
VN300_2026-07-12_14-41-49_VNINS.csv,lap,7,49579,1239.513420,26.545453,3506.150,459.827,,GPS uncertainty 100.0 m > 4.0 m,9.374592,35.52933000,-97.47517929,39.969,156.552,16.794,-7.022,99.990
VN300_2026-07-12_14-41-49_VNINS.csv,lap,7,49580,1239.767037,26.799070,3506.150,459.827,,GPS uncertainty 100.0 m > 4.0 m,9.374592,35.52933000,-97.47517929,39.969,155.257,16.721,-7.408,99.990
VN300_2026-07-12_14-41-49_VNINS.csv,lap,7,49581,1239.767037,26.799070,3506.150,459.827,,GPS uncertainty 100.0 m > 4.0 m,9.374592,35.52933000,-97.47517929,39.969,153.953,16.698,-7.582,99.990
VN300_2026-07-12_14-41-49_VNINS.csv,lap,7,49582,1239.767037,26.799070,3506.150,459.827,,GPS uncertainty 100.0 m > 4.0 m,9.374592,35.52933000,-97.47517929,39.969,152.741,16.589,-7.787,99.990
VN300_2026-07-12_14-41-49_VNINS.csv,lap,7,49583,1239.767037,26.799070,3506.150,459.827,,GPS uncertainty 100.0 m > 4.0 m,9.374592,35.52933000,-97.47517929,39.969,151.553,16.461,-8.189,99.990
VN300_2026-07-12_14-41-49_VNINS.csv,lap,7,49584,1239.767037,26.799070,3506.150,459.827,,GPS uncertainty 100.0 m > 4.0 m,9.374592,35.52933000,-97.47517929,39.969,150.396,16.367,-8.317,99.990
VN300_2026-07-12_14-41-49_VNINS.csv,lap,7,49585,1239.767037,26.799070,3506.150,459.827,,GPS uncertainty 100.0 m > 4.0 m,9.374592,35.52933000,-97.47517929,39.969,149.290,16.227,-8.765,99.990
VN300_2026-07-12_14-41-49_VNINS.csv,lap,7,49586,1239.767037,26.799070,3506.150,459.827,,GPS uncertainty 100.0 m > 4.0 m,9.374592,35.52933000,-97.47517929,39.969,148.288,16.120,-9.214,99.990
VN300_2026-07-12_14-41-49_VNINS.csv,lap,7,49587,1239.767037,26.799070,3506.150,459.827,,GPS uncertainty 100.0 m > 4.0 m,9.374592,35.52933000,-97.47517929,39.969,147.347,16.017,-9.355,99.990
VN300_2026-07-12_14-41-49_VNINS.csv,lap,7,49588,1239.767037,26.799070,3506.150,459.827,,GPS uncertainty 100.0 m > 4.0 m,9.374592,35.52933000,-97.47517929,39.969,146.459,15.994,-9.792,99.990
VN300_2026-07-12_14-41-49_VNINS.csv,lap,7,49589,1239.767037,26.799070,3506.150,459.827,,GPS uncertainty 100.0 m > 4.0 m,9.374592,35.52933000,-97.47517929,39.969,145.594,15.977,-10.217,99.990
VN300_2026-07-12_14-41-49_VNINS.csv,lap,7,49590,1240.020556,27.052589,3506.150,459.827,,GPS uncertainty 100.0 m > 4.0 m,9.374592,35.52933000,-97.47517929,39.969,144.946,15.912,-10.577,99.990
VN300_2026-07-12_14-41-49_VNINS.csv,lap,7,49591,1240.020556,27.052589,3506.150,459.827,,GPS uncertainty 100.0 m > 4.0 m,9.374592,35.52933000,-97.47517929,39.969,144.407,15.829,-10.958,99.990
VN300_2026-07-12_14-41-49_VNINS.csv,lap,7,49592,1240.020556,27.052589,3506.150,459.827,,GPS uncertainty 100.0 m > 4.0 m,9.374592,35.52933000,-97.47517929,39.969,144.036,15.733,-11.102,99.990
VN300_2026-07-12_14-41-49_VNINS.csv,lap,7,49593,1240.020556,27.052589,3506.150,459.827,,GPS uncertainty 100.0 m > 4.0 m,9.374592,35.52933000,-97.47517929,39.969,143.698,15.632,-11.492,99.990
VN300_2026-07-12_14-41-49_VNINS.csv,lap,7,49594,1240.020556,27.052589,3506.150,459.827,,GPS uncertainty 100.0 m > 4.0 m,9.374592,35.52933000,-97.47517929,39.969,143.364,15.589,-11.935,99.990
VN300_2026-07-12_14-41-49_VNINS.csv,lap,7,49595,1240.020556,27.052589,3506.150,459.827,,GPS uncertainty 100.0 m > 4.0 m,9.374592,35.52933000,-97.47517929,39.969,143.088,15.575,-12.042,99.990
VN300_2026-07-12_14-41-49_VNINS.csv,lap,7,49596,1240.020556,27.052589,3506.150,459.827,,GPS uncertainty 100.0 m > 4.0 m,9.374592,35.52933000,-97.47517929,39.969,142.882,15.615,-12.461,99.990
VN300_2026-07-12_14-41-49_VNINS.csv,lap,7,49597,1240.020556,27.052589,3506.150,459.827,,GPS uncertainty 100.0 m > 4.0 m,9.374592,35.52933000,-97.47517929,39.969,142.707,15.729,-12.597,99.990
VN300_2026-07-12_14-41-49_VNINS.csv,lap,7,49598,1240.020556,27.052589,3506.150,459.827,,GPS uncertainty 100.0 m > 4.0 m,9.374592,35.52933000,-97.47517929,39.969,142.727,15.841,-12.773,99.990
VN300_2026-07-12_14-41-49_VNINS.csv,lap,7,49599,1240.020556,27.052589,3506.150,459.827,,GPS uncertainty 100.0 m > 4.0 m,9.374592,35.52933000,-97.47517929,39.969,142.879,15.965,-13.176,99.990
VN300_2026-07-12_14-41-49_VNINS.csv,lap,7,49600,1240.295417,27.327450,3506.150,459.827,,GPS uncertainty 100.0 m > 4.0 m,9.374592,35.52933000,-97.47517929,39.969,143.189,16.098,-12.967,99.990
VN300_2026-07-12_14-41-49_VNINS.csv,lap,7,49601,1240.295417,27.327450,3506.150,459.827,,GPS uncertainty 100.0 m > 4.0 m,9.374592,35.52933000,-97.47517929,39.969,143.672,16.233,-13.070,99.990
VN300_2026-07-12_14-41-49_VNINS.csv,lap,7,49602,1240.295417,27.327450,3506.150,459.827,,GPS uncertainty 100.0 m > 4.0 m,9.374592,35.52933000,-97.47517929,39.969,144.231,16.389,-13.337,99.990
VN300_2026-07-12_14-41-49_VNINS.csv,lap,7,49603,1240.295417,27.327450,3506.150,459.827,,GPS uncertainty 100.0 m > 4.0 m,9.374592,35.52933000,-97.47517929,39.969,144.911,16.544,-13.237,99.990
VN300_2026-07-12_14-41-49_VNINS.csv,lap,7,49604,1240.295417,27.327450,3506.150,459.827,,GPS uncertainty 100.0 m > 4.0 m,9.374592,35.52933000,-97.47517929,39.969,145.684,16.654,-13.277,99.990
VN300_2026-07-12_14-41-49_VNINS.csv,lap,7,49605,1240.295417,27.327450,3506.150,459.827,,GPS uncertainty 100.0 m > 4.0 m,9.374592,35.52933000,-97.47517929,39.969,146.506,16.674,-13.208,99.990
VN300_2026-07-12_14-41-49_VNINS.csv,lap,7,49606,1240.295417,27.327450,3506.150,459.827,,GPS uncertainty 100.0 m > 4.0 m,9.374592,35.52933000,-97.47517929,39.969,147.410,16.608,-13.049,99.990
VN300_2026-07-12_14-41-49_VNINS.csv,lap,7,49607,1240.295417,27.327450,3506.150,459.827,,GPS uncertainty 100.0 m > 4.0 m,9.374592,35.52933000,-97.47517929,39.969,148.314,16.658,-13.010,99.990
VN300_2026-07-12_14-41-49_VNINS.csv,lap,7,49608,1240.295417,27.327450,3506.150,459.827,,GPS uncertainty 100.0 m > 4.0 m,9.374592,35.52933000,-97.47517929,39.969,149.161,16.892,-12.787,99.990
VN300_2026-07-12_14-41-49_VNINS.csv,lap,7,49609,1240.295417,27.327450,3506.150,459.827,,GPS uncertainty 100.0 m > 4.0 m,9.374592,35.52933000,-97.47517929,39.969,149.957,17.163,-12.546,99.990
VN300_2026-07-12_14-41-49_VNINS.csv,lap,7,49610,1240.295417,27.327450,3506.150,459.827,,GPS uncertainty 100.0 m > 4.0 m,9.374592,35.52933000,-97.47517929,39.969,150.604,17.424,-12.400,99.990
VN300_2026-07-12_14-41-49_VNINS.csv,lap,7,49611,1240.549169,27.581202,3506.150,459.827,,GPS uncertainty 100.0 m > 4.0 m,9.374592,35.52933000,-97.47517929,39.969,151.019,17.532,-12.355,99.990
VN300_2026-07-12_14-41-49_VNINS.csv,lap,7,49612,1240.549169,27.581202,3506.150,459.827,,GPS uncertainty 100.0 m > 4.0 m,9.374592,35.52933000,-97.47517929,39.969,151.299,17.683,-12.278,99.990
VN300_2026-07-12_14-41-49_VNINS.csv,lap,7,49613,1240.549169,27.581202,3506.150,459.827,,GPS uncertainty 100.0 m > 4.0 m,9.374592,35.52933000,-97.47517929,39.969,151.486,17.731,-12.394,99.990
VN300_2026-07-12_14-41-49_VNINS.csv,lap,7,49614,1240.549169,27.581202,3506.150,459.827,,GPS uncertainty 100.0 m > 4.0 m,9.374592,35.52933000,-97.47517929,39.969,151.713,17.965,-12.492,99.990
VN300_2026-07-12_14-41-49_VNINS.csv,lap,7,49615,1240.549169,27.581202,3528.897,482.574,,GPS uncertainty 100.0 m > 4.0 m,9.374592,35.52912647,-97.47515402,42.909,151.986,18.096,-12.426,99.990
VN300_2026-07-12_14-41-49_VNINS.csv,lap,7,49616,1240.549169,27.581202,3529.377,483.053,,GPS uncertainty 100.0 m > 4.0 m,9.374592,35.52912216,-97.47515428,42.644,152.314,18.150,-12.573,99.990
VN300_2026-07-12_14-41-49_VNINS.csv,lap,7,49617,1240.549169,27.581202,3529.853,483.530,,GPS uncertainty 100.0 m > 4.0 m,9.374592,35.52911788,-97.47515457,42.326,152.670,18.057,-12.609,99.990
VN300_2026-07-12_14-41-49_VNINS.csv,lap,7,49618,1240.549169,27.581202,3530.325,484.002,,GPS uncertainty 100.0 m > 4.0 m,9.374592,35.52911365,-97.47515496,41.995,153.253,17.955,-12.497,99.990
VN300_2026-07-12_14-41-49_VNINS.csv,lap,7,49619,1240.549169,27.581202,3530.793,484.469,,GPS uncertainty 100.0 m > 4.0 m,9.374592,35.52910946,-97.47515540,41.802,154.013,18.067,-12.547,99.990
VN300_2026-07-12_14-41-49_VNINS.csv,lap,7,49620,1240.549169,27.581202,3531.260,484.936,,GPS uncertainty 100.0 m > 4.0 m,9.374592,35.52910528,-97.47515589,41.557,154.926,18.393,-12.309,99.990
VN300_2026-07-12_14-41-49_VNINS.csv,lap,7,49621,1240.802720,27.834753,3531.729,485.405,,GPS uncertainty 100.0 m > 4.0 m,9.374592,35.52910108,-97.47515640,41.395,155.943,18.790,-11.948,99.990
VN300_2026-07-12_14-41-49_VNINS.csv,lap,7,49622,1240.802720,27.834753,3532.189,485.866,,GPS uncertainty 100.0 m > 4.0 m,9.374592,35.52909697,-97.47515699,41.036,156.973,19.099,-11.896,99.990
VN300_2026-07-12_14-41-49_VNINS.csv,lap,7,49623,1240.802720,27.834753,3533.337,487.013,,GPS uncertainty 100.0 m > 4.0 m,9.374592,35.52908789,-97.47515096,43.533,158.017,19.332,-11.681,99.990
VN300_2026-07-12_14-41-49_VNINS.csv,lap,7,49624,1240.802720,27.834753,3533.825,487.502,,GPS uncertainty 100.0 m > 4.0 m,9.374592,35.52908350,-97.47515114,43.742,159.086,19.450,-11.382,99.990
VN300_2026-07-12_14-41-49_VNINS.csv,lap,7,49625,1240.802720,27.834753,3534.316,487.992,,GPS uncertainty 100.0 m > 4.0 m,9.374592,35.52907909,-97.47515135,44.003,160.187,19.586,-11.245,99.990
VN300_2026-07-12_14-41-49_VNINS.csv,lap,7,49626,1240.802720,27.834753,3534.809,488.485,,GPS uncertainty 100.0 m > 4.0 m,9.374592,35.52907466,-97.47515158,44.233,161.269,19.777,-11.041,99.990
VN300_2026-07-12_14-41-49_VNINS.csv,lap,7,49627,1240.802720,27.834753,3535.305,488.982,,GPS uncertainty 100.0 m > 4.0 m,9.374592,35.52907020,-97.47515185,44.542,162.401,19.972,-10.678,99.990
VN300_2026-07-12_14-41-49_VNINS.csv,lap,7,49628,1240.802720,27.834753,3535.805,489.482,,GPS uncertainty 100.0 m > 4.0 m,9.374592,35.52906571,-97.47515217,44.863,163.531,20.224,-10.502,99.990
VN300_2026-07-12_14-41-49_VNINS.csv,lap,7,49629,1240.802720,27.834753,3536.308,489.984,,GPS uncertainty 100.0 m > 4.0 m,9.374592,35.52906120,-97.47515250,45.152,164.625,20.446,-10.263,99.990
VN300_2026-07-12_14-41-49_VNINS.csv,lap,7,49630,1240.802720,27.834753,3536.814,490.491,,GPS uncertainty 100.0 m > 4.0 m,9.374592,35.52905666,-97.47515289,45.491,165.616,20.636,-9.974,99.990
VN300_2026-07-12_14-41-49_VNINS.csv,lap,7,49631,1241.056340,28.088373,3537.065,490.742,,GPS uncertainty 100.0 m > 4.0 m,9.374592,35.52905486,-97.47515457,39.378,166.542,20.746,-9.746,99.990
VN300_2026-07-12_14-41-49_VNINS.csv,lap,7,49632,1241.056340,28.088373,3537.503,491.179,,GPS uncertainty 100.0 m > 4.0 m,9.374592,35.52905097,-97.47515529,39.278,167.274,20.830,-9.606,99.990
VN300_2026-07-12_14-41-49_VNINS.csv,lap,7,49633,1241.056340,28.088373,3537.942,491.619,,GPS uncertainty 100.0 m > 4.0 m,9.374592,35.52904707,-97.47515607,39.355,167.962,21.059,-9.540,99.990
VN300_2026-07-12_14-41-49_VNINS.csv,lap,7,49634,1241.056340,28.088373,3538.379,492.056,,GPS uncertainty 100.0 m > 4.0 m,9.374592,35.52904320,-97.47515691,39.112,168.532,21.331,-9.499,99.990
VN300_2026-07-12_14-41-49_VNINS.csv,lap,7,49635,1241.056340,28.088373,3538.816,492.492,,GPS uncertainty 100.0 m > 4.0 m,9.374592,35.52903934,-97.47515780,39.066,169.070,21.588,-9.334,99.990
VN300_2026-07-12_14-41-49_VNINS.csv,lap,7,49636,1241.056340,28.088373,3539.252,492.929,,GPS uncertainty 100.0 m > 4.0 m,9.374592,35.52903549,-97.47515874,39.100,169.510,21.819,-8.847,99.990
VN300_2026-07-12_14-41-49_VNINS.csv,lap,7,49637,1241.056340,28.088373,3539.688,493.365,,GPS uncertainty 100.0 m > 4.0 m,9.374592,35.52903165,-97.47515972,39.126,169.751,21.874,-8.745,99.990
VN300_2026-07-12_14-41-49_VNINS.csv,lap,7,49638,1241.056340,28.088373,3540.122,493.799,,GPS uncertainty 100.0 m > 4.0 m,9.374592,35.52902784,-97.47516077,38.942,169.846,21.783,-9.360,99.990
VN300_2026-07-12_14-41-49_VNINS.csv,lap,7,49639,1241.056340,28.088373,3540.666,494.343,,GPS uncertainty 100.0 m > 4.0 m,9.374592,35.52902298,-97.47516140,38.836,169.887,21.667,-9.424,99.990
VN300_2026-07-12_14-41-49_VNINS.csv,lap,7,49640,1241.056340,28.088373,3541.099,494.776,,GPS uncertainty 100.0 m > 4.0 m,9.374592,35.52901920,-97.47516256,38.672,169.933,21.644,-9.336,99.990
VN300_2026-07-12_14-41-49_VNINS.csv,lap,7,49641,1241.056340,28.088373,3541.531,495.208,,GPS uncertainty 100.0 m > 4.0 m,9.374592,35.52901544,-97.47516376,38.635,169.914,21.644,-9.607,99.990
VN300_2026-07-12_14-41-49_VNINS.csv,lap,7,49642,1241.324393,28.356426,3541.964,495.641,,GPS uncertainty 100.0 m > 4.0 m,9.374592,35.52901168,-97.47516500,38.860,169.720,21.692,-9.550,99.990
VN300_2026-07-12_14-41-49_VNINS.csv,lap,7,49643,1241.324393,28.356426,3542.399,496.075,,GPS uncertainty 100.0 m > 4.0 m,9.374592,35.52900791,-97.47516627,38.917,169.410,21.727,-9.431,99.990
VN300_2026-07-12_14-41-49_VNINS.csv,lap,7,49644,1241.324393,28.356426,3542.833,496.510,,GPS uncertainty 100.0 m > 4.0 m,9.374592,35.52900415,-97.47516757,38.977,168.914,21.646,-9.720,99.990
VN300_2026-07-12_14-41-49_VNINS.csv,lap,7,49645,1241.324393,28.356426,3543.270,496.946,,GPS uncertainty 100.0 m > 4.0 m,9.374592,35.52900037,-97.47516888,39.104,168.177,21.560,-9.915,99.990
VN300_2026-07-12_14-41-49_VNINS.csv,lap,7,49646,1241.324393,28.356426,3543.709,497.386,,GPS uncertainty 100.0 m > 4.0 m,9.374592,35.52899656,-97.47517016,39.393,167.221,21.353,-10.087,99.990
VN300_2026-07-12_14-41-49_VNINS.csv,lap,7,49647,1241.324393,28.356426,3544.150,497.827,,GPS uncertainty 100.0 m > 4.0 m,9.374592,35.52899273,-97.47517144,39.398,166.136,21.081,-10.307,99.990
VN300_2026-07-12_14-41-49_VNINS.csv,lap,7,49648,1241.324393,28.356426,3544.891,498.568,6.428936,,9.374592,35.52898607,-97.47517129,40.645,164.929,20.735,-10.643,2.200
VN300_2026-07-12_14-41-49_VNINS.csv,lap,7,49649,1241.324393,28.356426,3545.346,499.023,6.428936,,9.374592,35.52898208,-97.47517242,40.651,163.649,20.409,-10.901,2.200
VN300_2026-07-12_14-41-49_VNINS.csv,lap,7,49650,1241.324393,28.356426,3545.801,499.477,6.428936,,9.374592,35.52897809,-97.47517351,40.455,162.335,19.922,-11.207,2.200
VN300_2026-07-12_14-41-49_VNINS.csv,lap,7,49651,1241.324393,28.356426,3546.252,499.929,6.428936,,9.374592,35.52897412,-97.47517455,40.183,160.983,19.436,-11.717,2.200
VN300_2026-07-12_14-41-49_VNINS.csv,lap,7,49652,1241.577909,28.609942,3546.704,500.380,6.682452,,9.374592,35.52897014,-97.47517555,40.236,159.427,19.006,-12.241,2.200
VN300_2026-07-12_14-41-49_VNINS.csv,lap,7,49653,1241.577909,28.609942,3547.156,500.832,6.682452,,9.374592,35.52896615,-97.47517650,40.309,157.712,18.685,-12.628,2.200
VN300_2026-07-12_14-41-49_VNINS.csv,lap,7,49654,1241.577909,28.609942,3547.606,501.283,6.682452,,9.374592,35.52896217,-97.47517742,40.087,155.934,18.312,-13.443,2.200
VN300_2026-07-12_14-41-49_VNINS.csv,lap,7,49655,1241.577909,28.609942,3548.152,501.828,6.682452,,9.374592,35.52895759,-97.47517526,38.943,154.200,17.894,-13.986,2.040
VN300_2026-07-12_14-41-49_VNINS.csv,lap,7,49656,1241.577909,28.609942,3548.587,502.264,6.682452,,9.374592,35.52895369,-97.47517575,38.923,152.485,17.369,-14.435,2.040
VN300_2026-07-12_14-41-49_VNINS.csv,lap,7,49657,1241.577909,28.609942,3549.025,502.702,6.682452,,9.374592,35.52894977,-97.47517621,38.945,150.824,16.856,-14.981,2.040
VN300_2026-07-12_14-41-49_VNINS.csv,lap,7,49658,1241.577909,28.609942,3549.464,503.140,6.682452,,9.374592,35.52894584,-97.47517658,39.018,149.180,16.293,-15.641,2.040
VN300_2026-07-12_14-41-49_VNINS.csv,lap,7,49659,1241.577909,28.609942,3549.902,503.579,6.682452,,9.374592,35.52894190,-97.47517686,39.048,147.611,15.859,-15.981,2.040
VN300_2026-07-12_14-41-49_VNINS.csv,lap,7,49660,1241.577909,28.609942,3550.342,504.019,6.682452,,9.374592,35.52893795,-97.47517706,39.224,146.168,15.421,-16.330,2.040
VN300_2026-07-12_14-41-49_VNINS.csv,lap,7,49661,1241.577909,28.609942,3550.784,504.460,6.682452,,9.374592,35.52893398,-97.47517718,39.307,144.853,15.006,-16.728,2.040
VN300_2026-07-12_14-41-49_VNINS.csv,lap,7,49662,1241.831390,28.863423,3551.225,504.902,6.935933,,9.374592,35.52893001,-97.47517721,39.359,143.599,14.609,-16.947,2.050
VN300_2026-07-12_14-41-49_VNINS.csv,lap,7,49663,1241.831390,28.863423,3551.615,505.292,6.935933,,9.374592,35.52892751,-97.47517418,36.535,142.384,14.229,-17.160,1.910
VN300_2026-07-12_14-41-49_VNINS.csv,lap,7,49664,1241.831390,28.863423,3552.026,505.703,6.935933,,9.374592,35.52892383,-97.47517384,36.473,141.235,13.820,-17.598,1.910
VN300_2026-07-12_14-41-49_VNINS.csv,lap,7,49665,1241.831390,28.863423,3552.435,506.111,6.935933,,9.374592,35.52892017,-97.47517341,36.470,140.082,13.483,-17.820,1.920
VN300_2026-07-12_14-41-49_VNINS.csv,lap,7,49666,1241.831390,28.863423,3552.843,506.520,6.935933,,9.374592,35.52891652,-97.47517288,36.432,138.944,13.193,-18.004,1.920
VN300_2026-07-12_14-41-49_VNINS.csv,lap,7,49667,1241.831390,28.863423,3553.251,506.928,6.935933,,9.374592,35.52891289,-97.47517226,36.448,137.874,12.937,-18.317,1.920
VN300_2026-07-12_14-41-49_VNINS.csv,lap,7,49668,1241.831390,28.863423,3553.660,507.336,6.935933,,9.374592,35.52890926,-97.47517155,36.497,136.849,12.746,-18.688,1.920
VN300_2026-07-12_14-41-49_VNINS.csv,lap,7,49669,1241.831390,28.863423,3554.069,507.745,6.935933,,9.374592,35.52890564,-97.47517074,36.607,135.933,12.572,-18.792,1.920
VN300_2026-07-12_14-41-49_VNINS.csv,lap,7,49670,1241.831390,28.863423,3554.479,508.156,6.935933,,9.374592,35.52890202,-97.47516986,36.707,135.164,12.390,-19.077,1.920
VN300_2026-07-12_14-41-49_VNINS.csv,lap,7,49671,1241.831390,28.863423,3554.986,508.663,6.935933,,9.374592,35.52889747,-97.47516948,37.394,134.487,12.236,-19.363,1.810
VN300_2026-07-12_14-41-49_VNINS.csv,lap,7,49672,1241.831390,28.863423,3555.407,509.084,6.935933,,9.374592,35.52889377,-97.47516849,37.613,133.926,12.081,-19.377,1.810
VN300_2026-07-12_14-41-49_VNINS.csv,lap,7,49673,1242.085236,29.117269,3555.829,509.506,7.189779,,9.374592,35.52889007,-97.47516745,37.937,133.488,11.973,-19.682,1.810
VN300_2026-07-12_14-41-49_VNINS.csv,lap,7,49674,1242.085236,29.117269,3556.254,509.930,7.189779,,9.374592,35.52888635,-97.47516641,38.075,133.099,11.851,-19.957,1.810
VN300_2026-07-12_14-41-49_VNINS.csv,lap,7,49675,1242.085236,29.117269,3556.681,510.358,7.189779,,9.374592,35.52888261,-97.47516530,38.383,132.742,11.856,-20.008,1.810
VN300_2026-07-12_14-41-49_VNINS.csv,lap,7,49676,1242.085236,29.117269,3557.111,510.788,7.189779,,9.374592,35.52887886,-97.47516416,38.585,132.533,11.909,-20.170,1.810
VN300_2026-07-12_14-41-49_VNINS.csv,lap,7,49677,1242.085236,29.117269,3557.542,511.219,7.189779,,9.374592,35.52887510,-97.47516298,38.858,132.488,11.980,-20.807,1.810
VN300_2026-07-12_14-41-49_VNINS.csv,lap,7,49678,1242.085236,29.117269,3557.977,511.653,7.189779,,9.374592,35.52887132,-97.47516178,39.015,132.575,12.068,-20.952,1.810
VN300_2026-07-12_14-41-49_VNINS.csv,lap,7,49679,1242.085236,29.117269,3558.425,512.101,7.189779,,9.374592,35.52886730,-97.47516145,39.017,132.898,12.146,-21.004,1.720
VN300_2026-07-12_14-41-49_VNINS.csv,lap,7,49680,1242.085236,29.117269,3558.863,512.539,7.189779,,9.374592,35.52886348,-97.47516026,39.178,133.344,12.295,-21.371,1.720
VN300_2026-07-12_14-41-49_VNINS.csv,lap,7,49681,1242.085236,29.117269,3559.302,512.979,7.189779,,9.374592,35.52885965,-97.47515906,39.368,133.751,12.527,-21.751,1.720
VN300_2026-07-12_14-41-49_VNINS.csv,lap,7,49682,1242.085236,29.117269,3559.744,513.421,7.189779,,9.374592,35.52885580,-97.47515785,39.665,134.121,12.867,-21.715,1.720
VN300_2026-07-12_14-41-49_VNINS.csv,lap,7,49683,1242.355857,29.387890,3560.188,513.865,7.460400,,9.374592,35.52885193,-97.47515664,39.830,134.555,13.258,-21.916,1.720
VN300_2026-07-12_14-41-49_VNINS.csv,lap,7,49684,1242.355857,29.387890,3560.633,514.310,7.460400,,9.374592,35.52884805,-97.47515542,39.889,135.047,13.600,-22.130,1.720
VN300_2026-07-12_14-41-49_VNINS.csv,lap,7,49685,1242.355857,29.387890,3561.081,514.758,7.460400,,9.374592,35.52884415,-97.47515420,39.998,135.608,13.928,-22.253,1.720
VN300_2026-07-12_14-41-49_VNINS.csv,lap,7,49686,1242.355857,29.387890,3561.530,515.206,7.460400,,9.374592,35.52884024,-97.47515298,40.234,136.255,14.122,-22.191,1.720
VN300_2026-07-12_14-41-49_VNINS.csv,lap,7,49687,1242.355857,29.387890,3561.980,515.656,7.460400,,9.374592,35.52883631,-97.47515178,40.269,136.954,14.339,-22.183,1.720
VN300_2026-07-12_14-41-49_VNINS.csv,lap,7,49688,1242.355857,29.387890,3562.423,516.100,7.460400,,9.374592,35.52883234,-97.47515220,39.995,137.815,14.578,-22.135,1.640
VN300_2026-07-12_14-41-49_VNINS.csv,lap,7,49689,1242.355857,29.387890,3562.871,516.548,7.460400,,9.374592,35.52882840,-97.47515114,40.099,138.749,14.832,-22.013,1.640
VN300_2026-07-12_14-41-49_VNINS.csv,lap,7,49690,1242.355857,29.387890,3563.320,516.997,7.460400,,9.374592,35.52882445,-97.47515013,40.181,139.717,15.066,-21.961,1.640
VN300_2026-07-12_14-41-49_VNINS.csv,lap,7,49691,1242.355857,29.387890,3563.770,517.447,7.460400,,9.374592,35.52882048,-97.47514916,40.254,140.712,15.371,-21.827,1.640
VN300_2026-07-12_14-41-49_VNINS.csv,lap,7,49692,1242.355857,29.387890,3564.221,517.897,7.460400,,9.374592,35.52881650,-97.47514823,40.349,141.762,15.755,-21.729,1.640
VN300_2026-07-12_14-41-49_VNINS.csv,lap,7,49693,1242.355857,29.387890,3564.673,518.349,7.460400,,9.374592,35.52881250,-97.47514734,40.434,142.842,16.236,-21.439,1.640
VN300_2026-07-12_14-41-49_VNINS.csv,lap,7,49694,1242.609732,29.641765,3565.125,518.802,7.714275,,9.374592,35.52880849,-97.47514648,40.507,143.865,16.661,-21.278,1.640
VN300_2026-07-12_14-41-49_VNINS.csv,lap,7,49695,1242.609732,29.641765,3565.646,519.323,7.714275,,9.374592,35.52880402,-97.47514820,40.272,145.090,17.052,-21.136,1.570
VN300_2026-07-12_14-41-49_VNINS.csv,lap,7,49696,1242.609732,29.641765,3566.097,519.774,7.714275,,9.374592,35.52879999,-97.47514763,40.278,146.308,17.306,-21.132,1.570
VN300_2026-07-12_14-41-49_VNINS.csv,lap,7,49697,1242.609732,29.641765,3566.549,520.225,7.714275,,9.374592,35.52879595,-97.47514712,40.312,147.474,17.519,-20.977,1.570
VN300_2026-07-12_14-41-49_VNINS.csv,lap,7,49698,1242.609732,29.641765,3567.001,520.678,7.714275,,9.374592,35.52879190,-97.47514665,40.446,148.658,17.711,-20.695,1.570
VN300_2026-07-12_14-41-49_VNINS.csv,lap,7,49699,1242.609732,29.641765,3567.454,521.131,7.714275,,9.374592,35.52878784,-97.47514626,40.482,149.783,17.919,-20.640,1.570
VN300_2026-07-12_14-41-49_VNINS.csv,lap,7,49700,1242.609732,29.641765,3567.908,521.584,7.714275,,9.374592,35.52878377,-97.47514591,40.513,150.738,18.123,-20.326,1.580
VN300_2026-07-12_14-41-49_VNINS.csv,lap,7,49701,1242.609732,29.641765,3568.362,522.039,7.714275,,9.374592,35.52877969,-97.47514558,40.693,151.510,18.247,-19.931,1.580
VN300_2026-07-12_14-41-49_VNINS.csv,lap,7,49702,1242.609732,29.641765,3568.819,522.495,7.714275,,9.374592,35.52877559,-97.47514531,40.806,152.154,18.482,-20.048,1.580
VN300_2026-07-12_14-41-49_VNINS.csv,lap,7,49703,1242.609732,29.641765,3569.304,522.981,7.714275,,9.374592,35.52877136,-97.47514662,40.596,152.832,18.639,-20.214,1.510
VN300_2026-07-12_14-41-49_VNINS.csv,lap,7,49704,1242.863197,29.895230,3569.759,523.435,7.967740,,9.374592,35.52876727,-97.47514655,40.734,153.585,18.848,-20.328,1.510
VN300_2026-07-12_14-41-49_VNINS.csv,lap,7,49705,1242.863197,29.895230,3570.215,523.891,7.967740,,9.374592,35.52876317,-97.47514649,40.702,154.265,18.871,-20.011,1.510
VN300_2026-07-12_14-41-49_VNINS.csv,lap,7,49706,1242.863197,29.895230,3570.671,524.347,7.967740,,9.374592,35.52875907,-97.47514649,40.774,155.068,18.755,-20.113,1.510
VN300_2026-07-12_14-41-49_VNINS.csv,lap,7,49707,1242.863197,29.895230,3571.128,524.804,7.967740,,9.374592,35.52875496,-97.47514657,40.878,155.788,18.723,-20.561,1.510
VN300_2026-07-12_14-41-49_VNINS.csv,lap,7,49708,1242.863197,29.895230,3571.586,525.263,7.967740,,9.374592,35.52875084,-97.47514670,41.029,156.460,18.797,-20.886,1.520
VN300_2026-07-12_14-41-49_VNINS.csv,lap,7,49709,1242.863197,29.895230,3572.045,525.722,7.967740,,9.374592,35.52874671,-97.47514690,41.152,157.185,19.000,-20.885,1.520
VN300_2026-07-12_14-41-49_VNINS.csv,lap,7,49710,1242.863197,29.895230,3572.508,526.184,7.967740,,9.374592,35.52874256,-97.47514718,41.276,157.857,19.310,-20.925,1.520
VN300_2026-07-12_14-41-49_VNINS.csv,lap,7,49711,1242.863197,29.895230,3573.083,526.759,7.967740,,9.374592,35.52873755,-97.47514560,42.025,158.544,19.615,-20.854,1.460
VN300_2026-07-12_14-41-49_VNINS.csv,lap,7,49712,1242.863197,29.895230,3573.554,527.231,7.967740,,9.374592,35.52873332,-97.47514592,42.184,159.202,19.893,-20.950,1.460
VN300_2026-07-12_14-41-49_VNINS.csv,lap,7,49713,1242.863197,29.895230,3574.028,527.704,7.967740,,9.374592,35.52872907,-97.47514630,42.310,159.777,20.136,-21.034,1.460
VN300_2026-07-12_14-41-49_VNINS.csv,lap,7,49714,1243.116681,30.148714,3574.502,528.179,8.221224,,9.374592,35.52872482,-97.47514671,42.323,160.296,20.224,-20.884,1.460
VN300_2026-07-12_14-41-49_VNINS.csv,lap,7,49715,1243.116681,30.148714,3574.977,528.654,8.221224,,9.374592,35.52872056,-97.47514715,42.488,160.809,20.256,-20.828,1.460
VN300_2026-07-12_14-41-49_VNINS.csv,lap,7,49716,1243.116681,30.148714,3575.454,529.131,8.221224,,9.374592,35.52871629,-97.47514762,42.674,161.230,20.243,-21.078,1.460
VN300_2026-07-12_14-41-49_VNINS.csv,lap,7,49717,1243.116681,30.148714,3575.933,529.610,8.221224,,9.374592,35.52871200,-97.47514813,42.753,161.582,20.261,-21.051,1.460
VN300_2026-07-12_14-41-49_VNINS.csv,lap,7,49718,1243.116681,30.148714,3576.413,530.090,8.221224,,9.374592,35.52870771,-97.47514870,43.049,161.911,20.367,-21.373,1.460
VN300_2026-07-12_14-41-49_VNINS.csv,lap,7,49719,1243.116681,30.148714,3577.003,530.680,8.221224,,9.374592,35.52870247,-97.47514767,43.802,162.200,20.576,-21.598,1.410
VN300_2026-07-12_14-41-49_VNINS.csv,lap,7,49720,1243.116681,30.148714,3577.495,531.171,8.221224,,9.374592,35.52869807,-97.47514822,44.056,162.588,20.808,-21.604,1.410
VN300_2026-07-12_14-41-49_VNINS.csv,lap,7,49721,1243.116681,30.148714,3577.989,531.666,8.221224,,9.374592,35.52869365,-97.47514879,44.174,163.042,21.027,-21.943,1.410
VN300_2026-07-12_14-41-49_VNINS.csv,lap,7,49722,1243.116681,30.148714,3578.486,532.162,8.221224,,9.374592,35.52868921,-97.47514940,44.419,163.575,21.144,-22.105,1.410
VN300_2026-07-12_14-41-49_VNINS.csv,lap,7,49723,1243.116681,30.148714,3578.984,532.661,8.221224,,9.374592,35.52868476,-97.47515003,44.532,164.202,21.175,-21.984,1.410
VN300_2026-07-12_14-41-49_VNINS.csv,lap,7,49724,1243.507721,30.539754,3579.484,533.160,8.612264,,9.374592,35.52868030,-97.47515071,44.728,164.922,21.204,-22.274,1.410
VN300_2026-07-12_14-41-49_VNINS.csv,lap,7,49725,1243.507721,30.539754,3579.986,533.663,8.612264,,9.374592,35.52867582,-97.47515143,44.858,165.606,21.311,-22.507,1.410
VN300_2026-07-12_14-41-49_VNINS.csv,lap,7,49726,1243.507721,30.539754,3580.490,534.166,8.612264,,9.374592,35.52867133,-97.47515217,45.105,166.352,21.523,-22.521,1.410
VN300_2026-07-12_14-41-49_VNINS.csv,lap,7,49727,1243.507721,30.539754,3581.096,534.772,8.612264,,9.374592,35.52866631,-97.47514957,45.366,167.068,21.771,-22.675,1.370
VN300_2026-07-12_14-41-49_VNINS.csv,lap,7,49728,1243.507721,30.539754,3581.605,535.282,8.612264,,9.374592,35.52866175,-97.47515017,45.479,167.733,22.061,-22.758,1.370
VN300_2026-07-12_14-41-49_VNINS.csv,lap,7,49729,1243.507721,30.539754,3582.115,535.792,8.612264,,9.374592,35.52865720,-97.47515087,45.622,168.408,22.291,-22.840,1.370
VN300_2026-07-12_14-41-49_VNINS.csv,lap,7,49730,1243.507721,30.539754,3582.626,536.302,8.612264,,9.374592,35.52865265,-97.47515160,45.479,169.119,22.456,-22.922,1.370
VN300_2026-07-12_14-41-49_VNINS.csv,lap,7,49731,1243.507721,30.539754,3583.134,536.811,8.612264,,9.374592,35.52864812,-97.47515236,45.475,169.892,22.566,-22.867,1.370
VN300_2026-07-12_14-41-49_VNINS.csv,lap,7,49732,1243.507721,30.539754,3583.643,537.320,8.612264,,9.374592,35.52864359,-97.47515318,45.309,170.704,22.793,-23.131,1.370
VN300_2026-07-12_14-41-49_VNINS.csv,lap,7,49733,1243.507721,30.539754,3584.149,537.826,8.612264,,9.374592,35.52863909,-97.47515401,45.212,171.575,23.083,-23.168,1.370
VN300_2026-07-12_14-41-49_VNINS.csv,lap,7,49734,1243.507721,30.539754,3584.654,538.331,8.612264,,9.374592,35.52863460,-97.47515486,44.795,172.513,23.393,-22.908,1.370
VN300_2026-07-12_14-41-49_VNINS.csv,lap,7,49735,1243.507721,30.539754,3585.221,538.898,8.612264,,9.374592,35.52862955,-97.47515399,44.562,173.531,23.503,-23.240,1.330
VN300_2026-07-12_14-41-49_VNINS.csv,lap,7,49736,1243.507721,30.539754,3585.718,539.395,8.612264,,9.374592,35.52862513,-97.47515481,44.234,174.601,23.712,-23.337,1.330
VN300_2026-07-12_14-41-49_VNINS.csv,lap,7,49737,1243.507721,30.539754,3586.211,539.888,8.612264,,9.374592,35.52862075,-97.47515566,43.924,175.818,24.094,-23.028,1.330
VN300_2026-07-12_14-41-49_VNINS.csv,lap,7,49738,1243.507721,30.539754,3586.702,540.379,8.612264,,9.374592,35.52861640,-97.47515658,43.743,177.004,24.609,-23.425,1.330
VN300_2026-07-12_14-41-49_VNINS.csv,lap,7,49739,1243.507721,30.539754,3587.191,540.867,8.612264,,9.374592,35.52861207,-97.47515750,43.377,178.181,25.171,-23.243,1.330
VN300_2026-07-12_14-41-49_VNINS.csv,lap,7,49740,1243.763101,30.795134,3587.674,541.351,8.867644,,9.374592,35.52860779,-97.47515844,43.151,179.323,25.666,-22.979,1.330
VN300_2026-07-12_14-41-49_VNINS.csv,lap,7,49741,1243.763101,30.795134,3588.156,541.833,8.867644,,9.374592,35.52860353,-97.47515943,42.866,-179.571,26.008,-23.042,1.330
VN300_2026-07-12_14-41-49_VNINS.csv,lap,7,49742,1243.763101,30.795134,3588.636,542.312,8.867644,,9.374592,35.52859930,-97.47516044,42.616,-178.638,26.220,-23.135,1.330
VN300_2026-07-12_14-41-49_VNINS.csv,lap,7,49743,1243.763101,30.795134,3589.155,542.832,8.867644,,9.374592,35.52859471,-97.47516150,42.455,-177.715,26.402,-22.971,1.290
VN300_2026-07-12_14-41-49_VNINS.csv,lap,7,49744,1243.763101,30.795134,3589.630,543.307,8.867644,,9.374592,35.52859053,-97.47516260,42.279,-176.808,26.707,-23.144,1.290
VN300_2026-07-12_14-41-49_VNINS.csv,lap,7,49745,1243.763101,30.795134,3590.103,543.779,8.867644,,9.374592,35.52858638,-97.47516373,42.040,-175.966,27.162,-23.096,1.290
VN300_2026-07-12_14-41-49_VNINS.csv,lap,7,49746,1243.763101,30.795134,3590.572,544.249,8.867644,,9.374592,35.52858226,-97.47516485,41.576,-175.221,27.537,-22.568,1.290
VN300_2026-07-12_14-41-49_VNINS.csv,lap,7,49747,1243.763101,30.795134,3591.036,544.712,8.867644,,9.374592,35.52857820,-97.47516602,41.351,-174.657,27.561,-22.758,1.300
VN300_2026-07-12_14-41-49_VNINS.csv,lap,7,49748,1243.763101,30.795134,3591.497,545.173,8.867644,,9.374592,35.52857417,-97.47516721,40.944,-174.321,27.394,-22.965,1.300
VN300_2026-07-12_14-41-49_VNINS.csv,lap,7,49749,1243.763101,30.795134,3591.954,545.631,8.867644,,9.374592,35.52857017,-97.47516841,40.659,-174.003,27.278,-22.807,1.300
VN300_2026-07-12_14-41-49_VNINS.csv,lap,7,49750,1244.016592,31.048625,3592.409,546.086,9.121135,,9.374592,35.52856621,-97.47516965,40.511,-173.719,27.328,-22.876,1.300
VN300_2026-07-12_14-41-49_VNINS.csv,lap,7,49751,1244.016592,31.048625,3592.864,546.541,9.121135,,9.374592,35.52856238,-97.47517143,40.290,-173.364,27.523,-22.969,1.260
VN300_2026-07-12_14-41-49_VNINS.csv,lap,7,49752,1244.016592,31.048625,3593.314,546.991,9.121135,,9.374592,35.52855848,-97.47517275,39.999,-172.996,27.736,-22.912,1.260
VN300_2026-07-12_14-41-49_VNINS.csv,lap,7,49753,1244.016592,31.048625,3593.761,547.437,9.121135,,9.374592,35.52855462,-97.47517412,39.623,-172.521,27.851,-22.971,1.260
VN300_2026-07-12_14-41-49_VNINS.csv,lap,7,49754,1244.016592,31.048625,3594.202,547.879,9.121135,,9.374592,35.52855082,-97.47517552,39.280,-171.934,27.858,-23.047,1.260
VN300_2026-07-12_14-41-49_VNINS.csv,lap,7,49755,1244.016592,31.048625,3594.641,548.318,9.121135,,9.374592,35.52854705,-97.47517697,38.967,-171.177,27.866,-22.819,1.260
VN300_2026-07-12_14-41-49_VNINS.csv,lap,7,49756,1244.016592,31.048625,3595.076,548.753,9.121135,,9.374592,35.52854333,-97.47517846,38.693,-170.271,27.964,-22.516,1.260
VN300_2026-07-12_14-41-49_VNINS.csv,lap,7,49757,1244.016592,31.048625,3595.509,549.185,9.121135,,9.374592,35.52853964,-97.47517997,38.487,-169.239,28.211,-22.356,1.260
VN300_2026-07-12_14-41-49_VNINS.csv,lap,7,49758,1244.016592,31.048625,3595.939,549.615,9.121135,,9.374592,35.52853598,-97.47518150,38.203,-168.207,28.568,-22.023,1.260
VN300_2026-07-12_14-41-49_VNINS.csv,lap,7,49759,1244.016592,31.048625,3596.388,550.064,9.121135,,9.374592,35.52853208,-97.47518279,37.917,-167.142,28.859,-21.719,1.230
VN300_2026-07-12_14-41-49_VNINS.csv,lap,7,49760,1244.270049,31.302082,3596.812,550.488,9.374592,,9.374592,35.52852849,-97.47518437,37.687,-165.999,29.155,-21.512,1.230
VN300_2026-07-12_14-41-49_VNINS.csv,lap,7,49761,1244.270049,31.302082,3597.231,550.908,9.374592,,9.374592,35.52852495,-97.47518598,37.316,-164.868,29.363,-21.325,1.230
VN300_2026-07-12_14-41-49_VNINS.csv,lap,7,49762,1244.270049,31.302082,3597.648,551.325,9.374592,,9.374592,35.52852144,-97.47518760,37.085,-163.720,29.498,-21.157,1.230
VN300_2026-07-12_14-41-49_VNINS.csv,lap,7,49763,1244.270049,31.302082,3598.061,551.738,9.374592,,9.374592,35.52851797,-97.47518923,36.723,-162.665,29.492,-20.762,1.230
VN300_2026-07-12_14-41-49_VNINS.csv,lap,7,49764,1244.270049,31.302082,3598.472,552.149,9.374592,,9.374592,35.52851453,-97.47519088,36.488,-161.661,29.545,-20.248,1.230
VN300_2026-07-12_14-41-49_VNINS.csv,lap,7,49765,1244.270049,31.302082,3598.880,552.556,9.374592,,9.374592,35.52851113,-97.47519257,36.358,-160.682,29.761,-20.220,1.230
VN300_2026-07-12_14-41-49_VNINS.csv,lap,7,49766,1244.270049,31.302082,3599.287,552.964,9.374592,,9.374592,35.52850775,-97.47519430,36.159,-159.834,30.095,-20.256,1.230
VN300_2026-07-12_14-41-49_VNINS.csv,lap,7,49767,1244.270049,31.302082,3599.689,553.366,9.374592,,9.374592,35.52850442,-97.47519604,35.838,-159.030,30.567,-20.509,1.230
VN300_2026-07-12_14-41-49_VNINS.csv,lap,7,49768,1244.270049,31.302082,3600.197,553.873,9.374592,,9.374592,35.52850152,-97.47520037,35.838,-158.345,30.886,-20.391,1.200
VN300_2026-07-12_14-41-49_VNINS.csv,lap,7,49769,1244.270049,31.302082,3600.596,554.273,9.374592,,9.374592,35.52849830,-97.47520232,35.421,-157.717,30.965,-20.498,1.200
