source,segment_type,segment_number,row_index,time_s,segment_time_s,distance_m,segment_distance_m,live_delta_to_best_s,live_delta_error,final_delta_to_best_s,lat,lon,speed_mph,yaw_deg,pitch_deg,roll_deg,pos_uncertainty_m
VN300_2026-07-12_14-41-49_VNINS.csv,lap,4,45448,1136.285348,0.000000,1749.864,0.000,0.000000,,10.434962,35.52850439,-97.47482095,45.744,-3.555,-0.527,0.387,1.360
VN300_2026-07-12_14-41-49_VNINS.csv,lap,4,45449,1136.285348,0.000000,1750.376,0.512,-0.273597,,10.434962,35.52850894,-97.47482006,46.068,-3.647,-0.434,0.588,1.370
VN300_2026-07-12_14-41-49_VNINS.csv,lap,4,45450,1136.538819,0.253471,1750.893,1.029,-0.020126,,10.434962,35.52851353,-97.47481915,46.341,-3.741,-0.352,0.501,1.370
VN300_2026-07-12_14-41-49_VNINS.csv,lap,4,45451,1136.538819,0.253471,1751.412,1.548,-0.020126,,10.434962,35.52851814,-97.47481826,46.631,-3.884,-0.289,0.713,1.380
VN300_2026-07-12_14-41-49_VNINS.csv,lap,4,45452,1136.538819,0.253471,1751.936,2.072,-0.020126,,10.434962,35.52852279,-97.47481736,47.001,-4.072,-0.314,0.766,1.390
VN300_2026-07-12_14-41-49_VNINS.csv,lap,4,45453,1136.538819,0.253471,1752.463,2.598,-0.020126,,10.434962,35.52852747,-97.47481645,47.261,-4.296,-0.322,0.853,1.390
VN300_2026-07-12_14-41-49_VNINS.csv,lap,4,45454,1136.538819,0.253471,1752.993,3.129,-0.020126,,10.434962,35.52853218,-97.47481553,47.625,-4.470,-0.324,0.863,1.400
VN300_2026-07-12_14-41-49_VNINS.csv,lap,4,45455,1136.538819,0.253471,1753.609,3.745,-0.020126,,10.434962,35.52853710,-97.47481866,48.002,-4.630,-0.311,0.876,1.390
VN300_2026-07-12_14-41-49_VNINS.csv,lap,4,45456,1136.538819,0.253471,1754.147,4.283,-0.020126,,10.434962,35.52854188,-97.47481774,48.278,-4.743,-0.308,0.951,1.400
VN300_2026-07-12_14-41-49_VNINS.csv,lap,4,45457,1136.538819,0.253471,1754.688,4.824,-0.273955,,10.434962,35.52854669,-97.47481682,48.640,-4.830,-0.298,1.004,1.410
VN300_2026-07-12_14-41-49_VNINS.csv,lap,4,45458,1136.538819,0.253471,1755.233,5.369,-0.273955,,10.434962,35.52855153,-97.47481589,48.929,-4.884,-0.296,0.915,1.420
VN300_2026-07-12_14-41-49_VNINS.csv,lap,4,45459,1136.538819,0.253471,1755.782,5.918,-0.273955,,10.434962,35.52855641,-97.47481493,49.346,-4.911,-0.268,0.841,1.420
VN300_2026-07-12_14-41-49_VNINS.csv,lap,4,45460,1136.538819,0.253471,1756.336,6.472,-0.273955,,10.434962,35.52856132,-97.47481393,49.759,-4.854,-0.254,0.865,1.430
VN300_2026-07-12_14-41-49_VNINS.csv,lap,4,45461,1137.262575,0.977227,1756.893,7.029,0.449801,,10.434962,35.52856626,-97.47481289,50.062,-4.742,-0.334,0.805,1.440
VN300_2026-07-12_14-41-49_VNINS.csv,lap,4,45462,1137.262575,0.977227,1757.454,7.590,0.449801,,10.434962,35.52857123,-97.47481181,50.435,-4.608,-0.467,0.749,1.450
VN300_2026-07-12_14-41-49_VNINS.csv,lap,4,45463,1137.262575,0.977227,1758.113,8.248,0.449801,,10.434962,35.52857650,-97.47481512,50.890,-4.436,-0.556,0.755,1.440
VN300_2026-07-12_14-41-49_VNINS.csv,lap,4,45464,1137.262575,0.977227,1758.684,8.820,0.196238,,10.434962,35.52858155,-97.47481397,51.364,-4.281,-0.559,0.741,1.450
VN300_2026-07-12_14-41-49_VNINS.csv,lap,4,45465,1137.262575,0.977227,1759.260,9.396,0.196238,,10.434962,35.52858664,-97.47481279,51.629,-4.156,-0.445,0.715,1.450
VN300_2026-07-12_14-41-49_VNINS.csv,lap,4,45466,1137.262575,0.977227,1759.838,9.974,0.196238,,10.434962,35.52859175,-97.47481157,52.081,-4.037,-0.321,0.740,1.460
VN300_2026-07-12_14-41-49_VNINS.csv,lap,4,45467,1137.262575,0.977227,1760.424,10.560,0.196238,,10.434962,35.52859691,-97.47481030,52.538,-3.980,-0.240,0.775,1.470
VN300_2026-07-12_14-41-49_VNINS.csv,lap,4,45468,1137.262575,0.977227,1761.012,11.148,0.196238,,10.434962,35.52860210,-97.47480901,52.743,-4.049,-0.283,0.901,1.480
VN300_2026-07-12_14-41-49_VNINS.csv,lap,4,45469,1137.262575,0.977227,1761.603,11.739,0.196238,,10.434962,35.52860730,-97.47480770,53.079,-4.240,-0.373,1.002,1.480
VN300_2026-07-12_14-41-49_VNINS.csv,lap,4,45470,1137.262575,0.977227,1762.198,12.333,0.196238,,10.434962,35.52861254,-97.47480637,53.349,-4.544,-0.468,1.033,1.490
VN300_2026-07-12_14-41-49_VNINS.csv,lap,4,45471,1137.262575,0.977227,1762.883,13.019,-0.057544,,10.434962,35.52861804,-97.47480979,53.506,-4.968,-0.511,1.186,1.480
VN300_2026-07-12_14-41-49_VNINS.csv,lap,4,45472,1137.262575,0.977227,1763.483,13.619,-0.057544,,10.434962,35.52862333,-97.47480850,53.742,-5.460,-0.500,1.250,1.490
VN300_2026-07-12_14-41-49_VNINS.csv,lap,4,45473,1137.262575,0.977227,1764.084,14.220,-0.057544,,10.434962,35.52862863,-97.47480717,53.868,-6.016,-0.455,1.405,1.500
VN300_2026-07-12_14-41-49_VNINS.csv,lap,4,45474,1137.262575,0.977227,1764.686,14.821,-0.057544,,10.434962,35.52863393,-97.47480585,53.787,-6.574,-0.485,1.579,1.510
VN300_2026-07-12_14-41-49_VNINS.csv,lap,4,45475,1137.262575,0.977227,1765.287,15.423,-0.057544,,10.434962,35.52863923,-97.47480453,53.832,-7.108,-0.535,1.580,1.520
VN300_2026-07-12_14-41-49_VNINS.csv,lap,4,45476,1137.262575,0.977227,1765.888,16.024,-0.153391,,10.434962,35.52864453,-97.47480323,53.677,-7.599,-0.627,1.524,1.520
VN300_2026-07-12_14-41-49_VNINS.csv,lap,4,45477,1137.262575,0.977227,1766.487,16.623,-0.322482,,10.434962,35.52864982,-97.47480194,53.643,-8.006,-0.647,1.654,1.530
VN300_2026-07-12_14-41-49_VNINS.csv,lap,4,45478,1137.262575,0.977227,1767.086,17.222,-0.322482,,10.434962,35.52865510,-97.47480066,53.420,-8.268,-0.633,1.620,1.540
VN300_2026-07-12_14-41-49_VNINS.csv,lap,4,45479,1137.262575,0.977227,1767.822,17.958,-0.322482,,10.434962,35.52866087,-97.47480465,53.058,-8.420,-0.702,1.613,1.540
VN300_2026-07-12_14-41-49_VNINS.csv,lap,4,45480,1137.262575,0.977227,1768.414,18.550,-0.322482,,10.434962,35.52866610,-97.47480342,52.954,-8.430,-0.802,1.500,1.540
VN300_2026-07-12_14-41-49_VNINS.csv,lap,4,45481,1137.262575,0.977227,1769.006,19.141,-0.322482,,10.434962,35.52867132,-97.47480217,52.866,-8.337,-0.855,1.236,1.550
VN300_2026-07-12_14-41-49_VNINS.csv,lap,4,45482,1137.262575,0.977227,1769.593,19.729,-0.535091,,10.434962,35.52867651,-97.47480093,52.582,-8.160,-0.886,1.234,1.560
VN300_2026-07-12_14-41-49_VNINS.csv,lap,4,45483,1137.262575,0.977227,1770.180,20.316,-0.576077,,10.434962,35.52868169,-97.47479968,52.434,-7.896,-0.880,1.173,1.570
VN300_2026-07-12_14-41-49_VNINS.csv,lap,4,45484,1137.262575,0.977227,1770.765,20.901,-0.576077,,10.434962,35.52868685,-97.47479843,52.301,-7.577,-0.820,0.948,1.580
VN300_2026-07-12_14-41-49_VNINS.csv,lap,4,45485,1137.262575,0.977227,1771.349,21.485,-0.576077,,10.434962,35.52869200,-97.47479717,52.115,-7.235,-0.753,0.764,1.580
VN300_2026-07-12_14-41-49_VNINS.csv,lap,4,45486,1137.262575,0.977227,1771.930,22.066,-0.576077,,10.434962,35.52869712,-97.47479591,51.931,-6.872,-0.682,0.743,1.590
VN300_2026-07-12_14-41-49_VNINS.csv,lap,4,45487,1137.262575,0.977227,1772.636,22.772,-0.576077,,10.434962,35.52870253,-97.47479999,51.813,-6.501,-0.684,0.610,1.580
VN300_2026-07-12_14-41-49_VNINS.csv,lap,4,45488,1137.262575,0.977227,1773.213,23.349,-0.829874,,10.434962,35.52870762,-97.47479875,51.652,-6.093,-0.713,0.469,1.590
VN300_2026-07-12_14-41-49_VNINS.csv,lap,4,45489,1137.521725,1.236377,1773.790,23.926,-0.570724,,10.434962,35.52871271,-97.47479747,51.638,-5.676,-0.740,0.326,1.600
VN300_2026-07-12_14-41-49_VNINS.csv,lap,4,45490,1137.521725,1.236377,1774.366,24.502,-0.570724,,10.434962,35.52871778,-97.47479617,51.575,-5.187,-0.736,0.265,1.610
VN300_2026-07-12_14-41-49_VNINS.csv,lap,4,45491,1137.521725,1.236377,1774.943,25.079,-0.570724,,10.434962,35.52872285,-97.47479482,51.558,-4.659,-0.751,0.153,1.620
VN300_2026-07-12_14-41-49_VNINS.csv,lap,4,45492,1137.521725,1.236377,1775.519,25.654,-0.570724,,10.434962,35.52872790,-97.47479343,51.474,-4.087,-0.779,0.029,1.620
VN300_2026-07-12_14-41-49_VNINS.csv,lap,4,45493,1137.521725,1.236377,1776.092,26.228,-0.824112,,10.434962,35.52873293,-97.47479202,51.425,-3.496,-0.814,-0.004,1.630
VN300_2026-07-12_14-41-49_VNINS.csv,lap,4,45494,1137.521725,1.236377,1776.667,26.803,-0.824112,,10.434962,35.52873796,-97.47479056,51.411,-2.848,-0.887,-0.049,1.640
VN300_2026-07-12_14-41-49_VNINS.csv,lap,4,45495,1137.521725,1.236377,1777.333,27.469,-0.824112,,10.434962,35.52874306,-97.47479443,51.374,-2.176,-0.920,-0.208,1.630
VN300_2026-07-12_14-41-49_VNINS.csv,lap,4,45496,1137.521725,1.236377,1777.907,28.043,-0.824112,,10.434962,35.52874807,-97.47479293,51.392,-1.474,-0.965,-0.357,1.640
VN300_2026-07-12_14-41-49_VNINS.csv,lap,4,45497,1137.521725,1.236377,1778.481,28.617,-0.824112,,10.434962,35.52875308,-97.47479139,51.365,-0.725,-0.978,-0.435,1.650
VN300_2026-07-12_14-41-49_VNINS.csv,lap,4,45498,1137.521725,1.236377,1779.054,29.190,-1.100484,,10.434962,35.52875807,-97.47478980,51.349,0.061,-1.011,-0.600,1.660
VN300_2026-07-12_14-41-49_VNINS.csv,lap,4,45499,1137.521725,1.236377,1779.628,29.764,-1.100484,,10.434962,35.52876306,-97.47478818,51.303,0.868,-1.007,-0.694,1.660
VN300_2026-07-12_14-41-49_VNINS.csv,lap,4,45500,1137.775476,1.490128,1780.201,30.337,-0.846733,,10.434962,35.52876803,-97.47478652,51.303,1.695,-1.023,-0.937,1.670
VN300_2026-07-12_14-41-49_VNINS.csv,lap,4,45501,1137.775476,1.490128,1780.774,30.910,-0.846733,,10.434962,35.52877299,-97.47478481,51.355,2.532,-1.016,-1.082,1.680
VN300_2026-07-12_14-41-49_VNINS.csv,lap,4,45502,1137.775476,1.490128,1781.348,31.484,-0.986746,,10.434962,35.52877795,-97.47478304,51.347,3.407,-1.024,-1.109,1.690
VN300_2026-07-12_14-41-49_VNINS.csv,lap,4,45503,1137.775476,1.490128,1781.935,32.070,-1.100604,,10.434962,35.52878249,-97.47478634,51.275,4.284,-0.989,-1.316,1.680
VN300_2026-07-12_14-41-49_VNINS.csv,lap,4,45504,1137.775476,1.490128,1782.507,32.643,-1.100604,,10.434962,35.52878742,-97.47478452,51.218,5.146,-0.972,-1.477,1.680
VN300_2026-07-12_14-41-49_VNINS.csv,lap,4,45505,1137.775476,1.490128,1783.078,33.214,-1.100604,,10.434962,35.52879233,-97.47478267,51.187,5.993,-0.916,-1.465,1.690
VN300_2026-07-12_14-41-49_VNINS.csv,lap,4,45506,1137.775476,1.490128,1783.651,33.787,-1.100604,,10.434962,35.52879724,-97.47478076,51.303,6.823,-0.839,-1.575,1.700
VN300_2026-07-12_14-41-49_VNINS.csv,lap,4,45507,1137.775476,1.490128,1784.223,34.359,-1.335078,,10.434962,35.52880214,-97.47477882,51.262,7.556,-0.702,-1.646,1.710
VN300_2026-07-12_14-41-49_VNINS.csv,lap,4,45508,1137.775476,1.490128,1784.796,34.932,-1.353983,,10.434962,35.52880703,-97.47477682,51.325,8.217,-0.667,-1.728,1.720
VN300_2026-07-12_14-41-49_VNINS.csv,lap,4,45509,1137.775476,1.490128,1785.371,35.507,-1.353983,,10.434962,35.52881192,-97.47477477,51.415,8.781,-0.667,-1.855,1.720
VN300_2026-07-12_14-41-49_VNINS.csv,lap,4,45510,1138.041336,1.755988,1785.945,36.081,-1.088123,,10.434962,35.52881680,-97.47477268,51.454,9.280,-0.627,-1.836,1.730
VN300_2026-07-12_14-41-49_VNINS.csv,lap,4,45511,1138.041336,1.755988,1786.403,36.539,-1.088123,,10.434962,35.52882054,-97.47477480,51.477,9.798,-0.561,-1.759,1.720
VN300_2026-07-12_14-41-49_VNINS.csv,lap,4,45512,1138.041336,1.755988,1786.980,37.115,-1.137962,,10.434962,35.52882542,-97.47477266,51.588,10.251,-0.417,-1.485,1.730
VN300_2026-07-12_14-41-49_VNINS.csv,lap,4,45513,1138.041336,1.755988,1787.556,37.692,-1.341586,,10.434962,35.52883029,-97.47477047,51.706,10.661,-0.313,-1.539,1.740
VN300_2026-07-12_14-41-49_VNINS.csv,lap,4,45514,1138.041336,1.755988,1788.135,38.271,-1.341586,,10.434962,35.52883517,-97.47476825,51.803,11.022,-0.234,-1.516,1.740
VN300_2026-07-12_14-41-49_VNINS.csv,lap,4,45515,1138.041336,1.755988,1788.714,38.850,-1.341586,,10.434962,35.52884004,-97.47476598,51.984,11.326,-0.257,-1.413,1.750
VN300_2026-07-12_14-41-49_VNINS.csv,lap,4,45516,1138.041336,1.755988,1789.296,39.432,-1.341586,,10.434962,35.52884493,-97.47476368,52.269,11.648,-0.267,-0.931,1.760
VN300_2026-07-12_14-41-49_VNINS.csv,lap,4,45517,1138.041336,1.755988,1789.883,40.019,-1.341586,,10.434962,35.52884984,-97.47476131,52.644,11.998,-0.282,-1.014,1.770
VN300_2026-07-12_14-41-49_VNINS.csv,lap,4,45518,1138.041336,1.755988,1790.471,40.607,-1.716632,,10.434962,35.52885476,-97.47475891,52.835,12.251,-0.319,-1.022,1.780
VN300_2026-07-12_14-41-49_VNINS.csv,lap,4,45519,1138.041336,1.755988,1790.862,40.998,-1.716632,,10.434962,35.52885814,-97.47476008,52.948,12.477,-0.437,-0.768,1.760
VN300_2026-07-12_14-41-49_VNINS.csv,lap,4,45520,1138.041336,1.755988,1791.455,41.591,-1.716632,,10.434962,35.52886309,-97.47475763,53.306,12.658,-0.580,-0.790,1.770
VN300_2026-07-12_14-41-49_VNINS.csv,lap,4,45521,1138.295155,2.009807,1792.052,42.188,-1.462813,,10.434962,35.52886806,-97.47475515,53.603,12.807,-0.650,-0.665,1.780
VN300_2026-07-12_14-41-49_VNINS.csv,lap,4,45522,1138.295155,2.009807,1792.653,42.789,-1.462813,,10.434962,35.52887306,-97.47475263,53.935,12.983,-0.603,-0.578,1.790
VN300_2026-07-12_14-41-49_VNINS.csv,lap,4,45523,1138.295155,2.009807,1793.257,43.393,-1.462813,,10.434962,35.52887808,-97.47475008,54.228,13.166,-0.398,-0.262,1.790
VN300_2026-07-12_14-41-49_VNINS.csv,lap,4,45524,1138.295155,2.009807,1793.864,44.000,-1.462813,,10.434962,35.52888312,-97.47474750,54.591,13.301,-0.119,-0.489,1.800
VN300_2026-07-12_14-41-49_VNINS.csv,lap,4,45525,1138.295155,2.009807,1794.474,44.610,-1.462813,,10.434962,35.52888819,-97.47474491,54.640,13.302,0.133,-0.142,1.810
VN300_2026-07-12_14-41-49_VNINS.csv,lap,4,45526,1138.295155,2.009807,1795.086,45.221,-1.462813,,10.434962,35.52889326,-97.47474230,54.868,13.265,0.094,-0.084,1.820
VN300_2026-07-12_14-41-49_VNINS.csv,lap,4,45527,1138.295155,2.009807,1795.700,45.835,-1.703819,,10.434962,35.52889834,-97.47473964,55.043,13.149,-0.042,0.012,1.830
VN300_2026-07-12_14-41-49_VNINS.csv,lap,4,45528,1138.295155,2.009807,1796.049,46.185,-1.717885,,10.434962,35.52890146,-97.47474008,55.079,12.975,-0.261,0.219,1.810
VN300_2026-07-12_14-41-49_VNINS.csv,lap,4,45529,1138.295155,2.009807,1796.666,46.801,-1.717885,,10.434962,35.52890656,-97.47473740,55.332,12.743,-0.526,0.379,1.820
VN300_2026-07-12_14-41-49_VNINS.csv,lap,4,45530,1138.295155,2.009807,1797.285,47.421,-1.717885,,10.434962,35.52891168,-97.47473470,55.536,12.505,-0.643,0.440,1.830
VN300_2026-07-12_14-41-49_VNINS.csv,lap,4,45531,1138.548560,2.263212,1797.906,48.042,-1.464480,,10.434962,35.52891681,-97.47473200,55.699,12.237,-0.595,0.435,1.840
VN300_2026-07-12_14-41-49_VNINS.csv,lap,4,45532,1138.548560,2.263212,1798.530,48.666,-1.464480,,10.434962,35.52892196,-97.47472926,55.925,11.989,-0.494,0.693,1.850
VN300_2026-07-12_14-41-49_VNINS.csv,lap,4,45533,1138.548560,2.263212,1799.156,49.292,-1.464480,,10.434962,35.52892712,-97.47472648,56.162,11.819,-0.353,0.500,1.850
VN300_2026-07-12_14-41-49_VNINS.csv,lap,4,45534,1138.548560,2.263212,1799.783,49.919,-1.598957,,10.434962,35.52893228,-97.47472369,56.203,11.644,-0.329,0.490,1.860
VN300_2026-07-12_14-41-49_VNINS.csv,lap,4,45535,1138.548560,2.263212,1800.158,50.294,-1.718221,,10.434962,35.52893554,-97.47472474,56.113,11.434,-0.384,0.835,1.850
VN300_2026-07-12_14-41-49_VNINS.csv,lap,4,45536,1138.548560,2.263212,1800.785,50.921,-1.718221,,10.434962,35.52894070,-97.47472193,56.163,11.168,-0.519,0.852,1.850
VN300_2026-07-12_14-41-49_VNINS.csv,lap,4,45537,1138.548560,2.263212,1801.412,51.547,-1.718221,,10.434962,35.52894585,-97.47471913,56.109,10.770,-0.640,0.840,1.860
VN300_2026-07-12_14-41-49_VNINS.csv,lap,4,45538,1138.548560,2.263212,1802.038,52.174,-1.718221,,10.434962,35.52895101,-97.47471636,55.949,10.289,-0.740,0.935,1.870
VN300_2026-07-12_14-41-49_VNINS.csv,lap,4,45539,1138.548560,2.263212,1802.662,52.798,-1.718221,,10.434962,35.52895616,-97.47471361,55.895,9.814,-0.828,1.048,1.880
VN300_2026-07-12_14-41-49_VNINS.csv,lap,4,45540,1138.548560,2.263212,1803.284,53.420,-1.718221,,10.434962,35.52896129,-97.47471088,55.504,9.327,-0.959,0.975,1.890
VN300_2026-07-12_14-41-49_VNINS.csv,lap,4,45541,1138.802038,2.516690,1803.900,54.036,-1.464743,,10.434962,35.52896638,-97.47470817,55.141,8.725,-1.122,1.144,1.900
VN300_2026-07-12_14-41-49_VNINS.csv,lap,4,45542,1138.802038,2.516690,1804.516,54.652,-1.718161,,10.434962,35.52897146,-97.47470547,55.061,8.035,-1.152,1.227,1.900
VN300_2026-07-12_14-41-49_VNINS.csv,lap,4,45543,1138.802038,2.516690,1804.949,55.085,-1.718161,,10.434962,35.52897498,-97.47470753,54.596,7.299,-1.066,1.240,1.890
VN300_2026-07-12_14-41-49_VNINS.csv,lap,4,45544,1138.802038,2.516690,1805.556,55.691,-1.718161,,10.434962,35.52898000,-97.47470492,54.212,6.473,-0.928,1.292,1.900
VN300_2026-07-12_14-41-49_VNINS.csv,lap,4,45545,1138.802038,2.516690,1806.158,56.294,-1.718161,,10.434962,35.52898500,-97.47470235,53.715,5.590,-0.826,1.467,1.910
VN300_2026-07-12_14-41-49_VNINS.csv,lap,4,45546,1138.802038,2.516690,1806.755,56.891,-1.718161,,10.434962,35.52898996,-97.47469982,53.308,4.703,-0.853,1.668,1.910
VN300_2026-07-12_14-41-49_VNINS.csv,lap,4,45547,1138.802038,2.516690,1807.348,57.484,-1.718161,,10.434962,35.52899489,-97.47469734,52.868,3.769,-0.948,1.792,1.920
VN300_2026-07-12_14-41-49_VNINS.csv,lap,4,45548,1138.802038,2.516690,1807.936,58.072,-1.718161,,10.434962,35.52899980,-97.47469491,52.454,2.798,-1.069,1.816,1.930
VN300_2026-07-12_14-41-49_VNINS.csv,lap,4,45549,1138.802038,2.516690,1808.519,58.655,-1.718161,,10.434962,35.52900467,-97.47469252,52.089,1.751,-1.184,1.949,1.940
VN300_2026-07-12_14-41-49_VNINS.csv,lap,4,45550,1138.802038,2.516690,1809.098,59.234,-1.855526,,10.434962,35.52900952,-97.47469020,51.710,0.630,-1.156,2.087,1.950
VN300_2026-07-12_14-41-49_VNINS.csv,lap,4,45551,1139.072611,2.787263,1809.623,59.759,-1.715954,,10.434962,35.52901334,-97.47469361,51.216,-0.541,-1.145,2.071,1.930
VN300_2026-07-12_14-41-49_VNINS.csv,lap,4,45552,1139.072611,2.787263,1810.192,60.328,-1.715954,,10.434962,35.52901813,-97.47469141,50.807,-1.650,-1.183,2.094,1.940
VN300_2026-07-12_14-41-49_VNINS.csv,lap,4,45553,1139.072611,2.787263,1810.757,60.893,-1.715954,,10.434962,35.52902290,-97.47468926,50.436,-2.752,-1.253,2.179,1.950
VN300_2026-07-12_14-41-49_VNINS.csv,lap,4,45554,1139.072611,2.787263,1811.316,61.452,-1.715954,,10.434962,35.52902763,-97.47468716,50.030,-3.839,-1.341,2.303,1.960
VN300_2026-07-12_14-41-49_VNINS.csv,lap,4,45555,1139.072611,2.787263,1811.873,62.009,-1.715954,,10.434962,35.52903235,-97.47468511,49.592,-4.921,-1.373,2.336,1.970
VN300_2026-07-12_14-41-49_VNINS.csv,lap,4,45556,1139.072611,2.787263,1812.423,62.559,-1.715954,,10.434962,35.52903703,-97.47468312,49.254,-6.062,-1.250,2.447,1.970
VN300_2026-07-12_14-41-49_VNINS.csv,lap,4,45557,1139.072611,2.787263,1812.970,63.106,-1.715954,,10.434962,35.52904169,-97.47468119,48.870,-7.178,-1.044,2.315,1.980
VN300_2026-07-12_14-41-49_VNINS.csv,lap,4,45558,1139.072611,2.787263,1813.513,63.649,-1.715954,,10.434962,35.52904633,-97.47467932,48.433,-8.233,-0.916,2.455,1.990
VN300_2026-07-12_14-41-49_VNINS.csv,lap,4,45559,1139.072611,2.787263,1814.104,64.240,-1.715954,,10.434962,35.52905037,-97.47468357,48.024,-9.255,-0.821,2.632,1.980
VN300_2026-07-12_14-41-49_VNINS.csv,lap,4,45560,1139.072611,2.787263,1814.638,64.774,-1.715954,,10.434962,35.52905496,-97.47468185,47.687,-10.210,-0.757,2.670,1.990
VN300_2026-07-12_14-41-49_VNINS.csv,lap,4,45561,1139.072611,2.787263,1815.169,65.305,-1.874043,,10.434962,35.52905954,-97.47468018,47.404,-11.125,-0.806,2.675,2.000
VN300_2026-07-12_14-41-49_VNINS.csv,lap,4,45562,1139.326465,3.041117,1815.696,65.832,-1.716353,,10.434962,35.52906409,-97.47467857,47.112,-11.978,-0.815,2.787,2.000
VN300_2026-07-12_14-41-49_VNINS.csv,lap,4,45563,1139.326465,3.041117,1816.220,66.356,-1.716353,,10.434962,35.52906863,-97.47467702,46.900,-12.880,-0.726,2.804,2.010
VN300_2026-07-12_14-41-49_VNINS.csv,lap,4,45564,1139.326465,3.041117,1816.742,66.878,-1.716353,,10.434962,35.52907317,-97.47467554,46.740,-13.782,-0.602,2.786,2.020
VN300_2026-07-12_14-41-49_VNINS.csv,lap,4,45565,1139.326465,3.041117,1817.263,67.399,-1.716353,,10.434962,35.52907771,-97.47467411,46.868,-14.679,-0.442,2.745,2.030
VN300_2026-07-12_14-41-49_VNINS.csv,lap,4,45566,1139.326465,3.041117,1817.788,67.924,-1.716353,,10.434962,35.52908228,-97.47467267,47.081,-15.555,-0.245,2.793,2.030
VN300_2026-07-12_14-41-49_VNINS.csv,lap,4,45567,1139.326465,3.041117,1818.315,68.450,-1.716353,,10.434962,35.52908687,-97.47467123,47.500,-16.373,-0.080,2.849,2.040
VN300_2026-07-12_14-41-49_VNINS.csv,lap,4,45568,1139.326465,3.041117,1818.943,69.079,-1.716353,,10.434962,35.52909104,-97.47467592,47.677,-17.116,0.018,2.897,2.030
VN300_2026-07-12_14-41-49_VNINS.csv,lap,4,45569,1139.326465,3.041117,1819.477,69.613,-1.716353,,10.434962,35.52909570,-97.47467449,47.917,-17.794,0.050,2.942,2.040
VN300_2026-07-12_14-41-49_VNINS.csv,lap,4,45570,1139.326465,3.041117,1820.012,70.148,-1.716353,,10.434962,35.52910037,-97.47467306,48.056,-18.428,0.033,2.807,2.050
VN300_2026-07-12_14-41-49_VNINS.csv,lap,4,45571,1139.326465,3.041117,1820.551,70.686,-1.783712,,10.434962,35.52910507,-97.47467164,48.315,-19.066,0.058,2.693,2.060
VN300_2026-07-12_14-41-49_VNINS.csv,lap,4,45572,1139.579899,3.294551,1821.093,71.229,-1.716824,,10.434962,35.52910980,-97.47467019,48.769,-19.682,0.109,2.672,2.060
VN300_2026-07-12_14-41-49_VNINS.csv,lap,4,45573,1139.579899,3.294551,1821.639,71.775,-1.716824,,10.434962,35.52911457,-97.47466873,49.108,-20.240,0.133,2.621,2.070
VN300_2026-07-12_14-41-49_VNINS.csv,lap,4,45574,1139.579899,3.294551,1822.188,72.324,-1.716824,,10.434962,35.52911936,-97.47466728,49.175,-20.763,0.184,2.488,2.080
VN300_2026-07-12_14-41-49_VNINS.csv,lap,4,45575,1139.579899,3.294551,1822.869,73.005,-1.716824,,10.434962,35.52912395,-97.47467227,49.600,-21.241,0.249,2.319,2.080
VN300_2026-07-12_14-41-49_VNINS.csv,lap,4,45576,1139.579899,3.294551,1823.426,73.561,-1.716824,,10.434962,35.52912881,-97.47467081,49.983,-21.606,0.308,2.195,2.080
VN300_2026-07-12_14-41-49_VNINS.csv,lap,4,45577,1139.579899,3.294551,1823.985,74.121,-1.716824,,10.434962,35.52913370,-97.47466936,50.171,-21.828,0.334,1.915,2.090
VN300_2026-07-12_14-41-49_VNINS.csv,lap,4,45578,1139.579899,3.294551,1824.545,74.681,-1.716824,,10.434962,35.52913860,-97.47466793,50.331,-21.919,0.306,1.773,2.100
VN300_2026-07-12_14-41-49_VNINS.csv,lap,4,45579,1139.579899,3.294551,1825.108,75.244,-1.716824,,10.434962,35.52914353,-97.47466651,50.561,-21.905,0.226,1.724,2.110
VN300_2026-07-12_14-41-49_VNINS.csv,lap,4,45580,1139.579899,3.294551,1825.673,75.809,-1.716824,,10.434962,35.52914848,-97.47466510,50.721,-21.799,0.116,1.525,2.120
VN300_2026-07-12_14-41-49_VNINS.csv,lap,4,45581,1139.579899,3.294551,1826.240,76.375,-1.961655,,10.434962,35.52915345,-97.47466372,50.851,-21.654,0.024,1.328,2.120
VN300_2026-07-12_14-41-49_VNINS.csv,lap,4,45582,1139.833357,3.548009,1826.809,76.945,-1.717514,,10.434962,35.52915845,-97.47466234,51.121,-21.481,0.021,1.193,2.130
VN300_2026-07-12_14-41-49_VNINS.csv,lap,4,45583,1139.833357,3.548009,1827.541,77.677,-1.717514,,10.434962,35.52916337,-97.47466771,51.436,-21.247,0.018,0.997,2.130
VN300_2026-07-12_14-41-49_VNINS.csv,lap,4,45584,1139.833357,3.548009,1828.117,78.253,-1.717514,,10.434962,35.52916843,-97.47466634,51.819,-21.027,0.023,0.756,2.140
VN300_2026-07-12_14-41-49_VNINS.csv,lap,4,45585,1139.833357,3.548009,1828.697,78.833,-1.717514,,10.434962,35.52917352,-97.47466493,52.108,-20.802,-0.031,0.713,2.140
VN300_2026-07-12_14-41-49_VNINS.csv,lap,4,45586,1139.833357,3.548009,1829.281,79.417,-1.717514,,10.434962,35.52917863,-97.47466348,52.439,-20.510,-0.149,0.491,2.150
VN300_2026-07-12_14-41-49_VNINS.csv,lap,4,45587,1139.833357,3.548009,1829.867,80.003,-1.717514,,10.434962,35.52918376,-97.47466199,52.576,-20.165,-0.327,0.258,2.160
VN300_2026-07-12_14-41-49_VNINS.csv,lap,4,45588,1139.833357,3.548009,1830.457,80.593,-1.717514,,10.434962,35.52918892,-97.47466047,52.903,-19.772,-0.470,0.052,2.170
VN300_2026-07-12_14-41-49_VNINS.csv,lap,4,45589,1139.833357,3.548009,1831.047,81.183,-1.803837,,10.434962,35.52919408,-97.47465892,53.060,-19.294,-0.574,0.015,2.180
VN300_2026-07-12_14-41-49_VNINS.csv,lap,4,45590,1139.833357,3.548009,1831.640,81.776,-1.996097,,10.434962,35.52919925,-97.47465734,53.117,-18.761,-0.679,-0.151,2.180
VN300_2026-07-12_14-41-49_VNINS.csv,lap,4,45591,1139.833357,3.548009,1832.398,82.534,-1.996097,,10.434962,35.52920433,-97.47466293,52.795,-18.219,-0.802,-0.216,2.180
VN300_2026-07-12_14-41-49_VNINS.csv,lap,4,45592,1140.101861,3.816513,1832.988,83.124,-1.727593,,10.434962,35.52920947,-97.47466133,52.786,-17.579,-0.924,-0.273,2.190
VN300_2026-07-12_14-41-49_VNINS.csv,lap,4,45593,1140.101861,3.816513,1833.579,83.715,-1.727593,,10.434962,35.52921461,-97.47465966,53.114,-16.869,-0.943,-0.424,2.200
VN300_2026-07-12_14-41-49_VNINS.csv,lap,4,45594,1140.101861,3.816513,1834.172,84.308,-1.727593,,10.434962,35.52921976,-97.47465795,53.058,-16.113,-0.869,-0.528,2.210
VN300_2026-07-12_14-41-49_VNINS.csv,lap,4,45595,1140.101861,3.816513,1834.764,84.900,-1.727593,,10.434962,35.52922489,-97.47465620,53.053,-15.299,-0.776,-0.537,2.210
VN300_2026-07-12_14-41-49_VNINS.csv,lap,4,45596,1140.101861,3.816513,1835.356,85.492,-1.727593,,10.434962,35.52923001,-97.47465440,53.064,-14.432,-0.713,-0.536,2.220
VN300_2026-07-12_14-41-49_VNINS.csv,lap,4,45597,1140.101861,3.816513,1835.950,86.086,-1.727593,,10.434962,35.52923513,-97.47465253,53.351,-13.591,-0.732,-0.733,2.230
VN300_2026-07-12_14-41-49_VNINS.csv,lap,4,45598,1140.101861,3.816513,1836.547,86.683,-1.952678,,10.434962,35.52924026,-97.47465058,53.515,-12.763,-0.804,-0.926,2.240
VN300_2026-07-12_14-41-49_VNINS.csv,lap,4,45599,1140.101861,3.816513,1837.243,87.379,-1.981428,,10.434962,35.52924494,-97.47465569,53.486,-11.903,-0.862,-0.999,2.230
VN300_2026-07-12_14-41-49_VNINS.csv,lap,4,45600,1140.101861,3.816513,1837.841,87.977,-1.981428,,10.434962,35.52925006,-97.47465367,53.696,-10.977,-0.872,-1.067,2.240
VN300_2026-07-12_14-41-49_VNINS.csv,lap,4,45601,1140.101861,3.816513,1838.442,88.578,-1.981428,,10.434962,35.52925519,-97.47465159,53.866,-10.016,-0.809,-1.219,2.250
VN300_2026-07-12_14-41-49_VNINS.csv,lap,4,45602,1140.101861,3.816513,1839.044,89.180,-1.981428,,10.434962,35.52926032,-97.47464946,53.954,-9.010,-0.702,-1.197,2.260
VN300_2026-07-12_14-41-49_VNINS.csv,lap,4,45603,1140.355750,4.070402,1839.648,89.784,-1.727539,,10.434962,35.52926545,-97.47464728,54.048,-8.036,-0.616,-1.278,2.270
VN300_2026-07-12_14-41-49_VNINS.csv,lap,4,45604,1140.355750,4.070402,1840.252,90.388,-3.010680,,10.434962,35.52927057,-97.47464505,54.263,-7.142,-0.606,-1.356,2.280
VN300_2026-07-12_14-41-49_VNINS.csv,lap,4,45605,1140.355750,4.070402,1840.858,90.994,-3.010680,,10.434962,35.52927570,-97.47464277,54.443,-6.278,-0.633,-1.452,2.280
VN300_2026-07-12_14-41-49_VNINS.csv,lap,4,45606,1140.355750,4.070402,1841.468,91.604,-3.010680,,10.434962,35.52928084,-97.47464043,54.704,-5.411,-0.669,-1.383,2.290
VN300_2026-07-12_14-41-49_VNINS.csv,lap,4,45607,1140.355750,4.070402,1842.080,92.216,-3.010680,,10.434962,35.52928599,-97.47463805,54.875,-4.548,-0.686,-1.485,2.300
VN300_2026-07-12_14-41-49_VNINS.csv,lap,4,45608,1140.355750,4.070402,1842.689,92.825,-3.010680,,10.434962,35.52929010,-97.47464251,55.046,-3.711,-0.663,-1.612,2.300
VN300_2026-07-12_14-41-49_VNINS.csv,lap,4,45609,1140.355750,4.070402,1843.307,93.443,-3.010680,,10.434962,35.52929528,-97.47464005,55.563,-2.922,-0.641,-1.470,2.300
VN300_2026-07-12_14-41-49_VNINS.csv,lap,4,45610,1140.355750,4.070402,1843.931,94.066,-3.010680,,10.434962,35.52930049,-97.47463750,56.135,-2.185,-0.651,-1.239,2.310
VN300_2026-07-12_14-41-49_VNINS.csv,lap,4,45611,1140.355750,4.070402,1844.562,94.698,-3.010680,,10.434962,35.52930574,-97.47463484,56.899,-1.415,-0.672,-1.423,2.320
VN300_2026-07-12_14-41-49_VNINS.csv,lap,4,45612,1140.355750,4.070402,1845.199,95.335,-3.010680,,10.434962,35.52931103,-97.47463213,57.306,-0.679,-0.679,-1.515,2.330
VN300_2026-07-12_14-41-49_VNINS.csv,lap,4,45613,1140.609093,4.323745,1845.842,95.978,-2.757337,,10.434962,35.52931635,-97.47462934,57.980,0.107,-0.609,-1.383,2.340
VN300_2026-07-12_14-41-49_VNINS.csv,lap,4,45614,1140.609093,4.323745,1846.494,96.630,-2.757337,,10.434962,35.52932172,-97.47462647,58.507,0.946,-0.445,-1.338,2.350
VN300_2026-07-12_14-41-49_VNINS.csv,lap,4,45615,1140.609093,4.323745,1847.006,97.142,-2.757337,,10.434962,35.52932557,-97.47462958,58.865,1.739,-0.262,-1.355,2.340
VN300_2026-07-12_14-41-49_VNINS.csv,lap,4,45616,1140.609093,4.323745,1847.665,97.801,-2.757337,,10.434962,35.52933099,-97.47462662,59.274,2.480,-0.085,-1.389,2.350
VN300_2026-07-12_14-41-49_VNINS.csv,lap,4,45617,1140.609093,4.323745,1848.331,98.466,-2.757337,,10.434962,35.52933645,-97.47462362,59.777,3.102,-0.041,-1.489,2.360
VN300_2026-07-12_14-41-49_VNINS.csv,lap,4,45618,1140.609093,4.323745,1848.999,99.135,-2.757337,,10.434962,35.52934193,-97.47462057,60.196,3.621,-0.155,-1.603,2.370
VN300_2026-07-12_14-41-49_VNINS.csv,lap,4,45619,1140.609093,4.323745,1849.674,99.810,-2.757337,,10.434962,35.52934745,-97.47461747,60.575,4.129,-0.337,-1.430,2.380
VN300_2026-07-12_14-41-49_VNINS.csv,lap,4,45620,1140.609093,4.323745,1850.354,100.490,-2.757337,,10.434962,35.52935300,-97.47461432,61.149,4.675,-0.484,-1.182,2.390
VN300_2026-07-12_14-41-49_VNINS.csv,lap,4,45621,1140.609093,4.323745,1851.040,101.176,-2.757337,,10.434962,35.52935858,-97.47461109,61.504,5.226,-0.577,-1.152,2.400
VN300_2026-07-12_14-41-49_VNINS.csv,lap,4,45622,1140.609093,4.323745,1851.730,101.865,-2.757337,,10.434962,35.52936417,-97.47460779,62.005,5.852,-0.479,-1.152,2.410
VN300_2026-07-12_14-41-49_VNINS.csv,lap,4,45623,1140.609093,4.323745,1852.188,102.323,-2.757337,,10.434962,35.52936776,-97.47461027,62.307,6.520,-0.196,-1.092,2.400
VN300_2026-07-12_14-41-49_VNINS.csv,lap,4,45624,1140.862854,4.577506,1852.885,103.021,-2.503576,,10.434962,35.52937340,-97.47460689,62.843,7.218,0.080,-1.230,2.410
VN300_2026-07-12_14-41-49_VNINS.csv,lap,4,45625,1140.862854,4.577506,1853.591,103.727,-2.503576,,10.434962,35.52937909,-97.47460344,63.434,7.920,0.358,-1.222,2.420
VN300_2026-07-12_14-41-49_VNINS.csv,lap,4,45626,1140.862854,4.577506,1854.303,104.439,-2.503576,,10.434962,35.52938482,-97.47459992,64.125,8.569,0.452,-1.227,2.420
VN300_2026-07-12_14-41-49_VNINS.csv,lap,4,45627,1140.862854,4.577506,1855.023,105.159,-2.503576,,10.434962,35.52939059,-97.47459632,64.610,9.208,0.388,-1.322,2.430
VN300_2026-07-12_14-41-49_VNINS.csv,lap,4,45628,1140.862854,4.577506,1855.748,105.884,-2.503576,,10.434962,35.52939639,-97.47459266,65.072,9.791,0.184,-1.352,2.440
VN300_2026-07-12_14-41-49_VNINS.csv,lap,4,45629,1140.862854,4.577506,1856.479,106.614,-2.503576,,10.434962,35.52940222,-97.47458893,65.715,10.437,-0.055,-1.345,2.450
VN300_2026-07-12_14-41-49_VNINS.csv,lap,4,45630,1140.862854,4.577506,1857.215,107.351,-2.503576,,10.434962,35.52940808,-97.47458513,66.223,11.158,-0.237,-1.254,2.460
VN300_2026-07-12_14-41-49_VNINS.csv,lap,4,45631,1140.862854,4.577506,1857.609,107.745,-2.503576,,10.434962,35.52941135,-97.47458680,66.478,11.899,-0.276,-1.135,2.450
VN300_2026-07-12_14-41-49_VNINS.csv,lap,4,45632,1140.862854,4.577506,1858.356,108.491,-2.503576,,10.434962,35.52941727,-97.47458291,66.996,12.662,-0.154,-1.108,2.460
VN300_2026-07-12_14-41-49_VNINS.csv,lap,4,45633,1141.128960,4.843612,1859.106,109.242,-2.237470,,10.434962,35.52942320,-97.47457894,67.488,13.315,0.020,-1.143,2.470
VN300_2026-07-12_14-41-49_VNINS.csv,lap,4,45634,1141.128960,4.843612,1859.863,109.999,-2.237470,,10.434962,35.52942916,-97.47457491,68.017,13.872,0.099,-0.985,2.480
VN300_2026-07-12_14-41-49_VNINS.csv,lap,4,45635,1141.128960,4.843612,1860.626,110.762,-2.237470,,10.434962,35.52943515,-97.47457079,68.477,14.318,0.050,-0.969,2.490
VN300_2026-07-12_14-41-49_VNINS.csv,lap,4,45636,1141.128960,4.843612,1861.395,111.531,-2.237470,,10.434962,35.52944116,-97.47456658,69.133,14.564,-0.112,-1.081,2.500
VN300_2026-07-12_14-41-49_VNINS.csv,lap,4,45637,1141.128960,4.843612,1862.170,112.306,-2.237470,,10.434962,35.52944718,-97.47456228,69.596,14.604,-0.266,-0.700,2.510
VN300_2026-07-12_14-41-49_VNINS.csv,lap,4,45638,1141.128960,4.843612,1862.951,113.087,-2.237470,,10.434962,35.52945324,-97.47455791,70.187,14.488,-0.373,-0.641,2.520
VN300_2026-07-12_14-41-49_VNINS.csv,lap,4,45639,1141.128960,4.843612,1863.271,113.407,-2.237470,,10.434962,35.52945597,-97.47455904,70.227,14.132,-0.382,-0.716,2.510
VN300_2026-07-12_14-41-49_VNINS.csv,lap,4,45640,1141.128960,4.843612,1864.057,114.193,-2.432106,,10.434962,35.52946204,-97.47455460,70.322,13.581,-0.434,-0.423,2.520
VN300_2026-07-12_14-41-49_VNINS.csv,lap,4,45641,1141.128960,4.843612,1864.843,114.979,-2.491342,,10.434962,35.52946811,-97.47455015,70.422,12.840,-0.516,-0.180,2.530
VN300_2026-07-12_14-41-49_VNINS.csv,lap,4,45642,1141.128960,4.843612,1865.630,115.766,-2.491342,,10.434962,35.52947418,-97.47454568,70.377,11.908,-0.585,0.245,2.540
VN300_2026-07-12_14-41-49_VNINS.csv,lap,4,45643,1141.128960,4.843612,1866.414,116.550,-2.491342,,10.434962,35.52948023,-97.47454122,70.166,10.940,-0.734,0.624,2.550
VN300_2026-07-12_14-41-49_VNINS.csv,lap,4,45644,1141.382813,5.097465,1867.197,117.333,-2.237489,,10.434962,35.52948625,-97.47453674,69.897,9.942,-0.929,0.878,2.560
VN300_2026-07-12_14-41-49_VNINS.csv,lap,4,45645,1141.382813,5.097465,1867.975,118.111,-2.237489,,10.434962,35.52949223,-97.47453227,69.638,8.874,-1.008,1.111,2.570
VN300_2026-07-12_14-41-49_VNINS.csv,lap,4,45646,1141.382813,5.097465,1868.752,118.888,-2.237489,,10.434962,35.52949821,-97.47452783,69.386,7.726,-0.901,1.356,2.580
VN300_2026-07-12_14-41-49_VNINS.csv,lap,4,45647,1141.382813,5.097465,1869.238,119.374,-2.371281,,10.434962,35.52950175,-97.47453098,68.862,6.589,-0.705,1.337,2.570
VN300_2026-07-12_14-41-49_VNINS.csv,lap,4,45648,1141.382813,5.097465,1870.003,120.139,-2.513412,,10.434962,35.52950765,-97.47452663,68.346,5.541,-0.537,1.289,2.580
VN300_2026-07-12_14-41-49_VNINS.csv,lap,4,45649,1141.382813,5.097465,1870.763,120.899,-2.513412,,10.434962,35.52951352,-97.47452232,67.862,4.655,-0.489,1.514,2.580
VN300_2026-07-12_14-41-49_VNINS.csv,lap,4,45650,1141.382813,5.097465,1871.520,121.656,-2.513412,,10.434962,35.52951936,-97.47451803,67.529,3.925,-0.585,1.483,2.590
VN300_2026-07-12_14-41-49_VNINS.csv,lap,4,45651,1141.382813,5.097465,1872.271,122.407,-2.513412,,10.434962,35.52952517,-97.47451379,67.088,3.278,-0.772,1.381,2.600
VN300_2026-07-12_14-41-49_VNINS.csv,lap,4,45652,1141.382813,5.097465,1873.019,123.155,-2.513412,,10.434962,35.52953096,-97.47450959,66.741,2.639,-0.957,1.455,2.610
VN300_2026-07-12_14-41-49_VNINS.csv,lap,4,45653,1141.382813,5.097465,1873.762,123.898,-2.513412,,10.434962,35.52953673,-97.47450544,66.527,1.974,-1.086,1.538,2.620
VN300_2026-07-12_14-41-49_VNINS.csv,lap,4,45654,1141.636330,5.350982,1874.504,124.640,-2.284555,,10.434962,35.52954249,-97.47450131,66.252,1.250,-1.092,1.566,2.630
VN300_2026-07-12_14-41-49_VNINS.csv,lap,4,45655,1141.636330,5.350982,1875.046,125.182,-2.513711,,10.434962,35.52954617,-97.47450524,65.617,0.469,-1.027,1.734,2.620
VN300_2026-07-12_14-41-49_VNINS.csv,lap,4,45656,1141.636330,5.350982,1875.777,125.912,-2.513711,,10.434962,35.52955188,-97.47450125,65.215,-0.293,-0.962,1.868,2.630
VN300_2026-07-12_14-41-49_VNINS.csv,lap,4,45657,1141.636330,5.350982,1876.501,126.637,-2.513711,,10.434962,35.52955755,-97.47449730,64.648,-1.041,-0.977,1.984,2.640
VN300_2026-07-12_14-41-49_VNINS.csv,lap,4,45658,1141.636330,5.350982,1877.220,127.355,-2.513711,,10.434962,35.52956318,-97.47449341,64.133,-1.786,-1.025,2.127,2.650
VN300_2026-07-12_14-41-49_VNINS.csv,lap,4,45659,1141.636330,5.350982,1877.933,128.069,-2.513711,,10.434962,35.52956878,-97.47448956,63.767,-2.605,-1.061,2.135,2.660
VN300_2026-07-12_14-41-49_VNINS.csv,lap,4,45660,1141.636330,5.350982,1878.643,128.779,-2.513711,,10.434962,35.52957436,-97.47448574,63.461,-3.506,-0.994,2.123,2.670
VN300_2026-07-12_14-41-49_VNINS.csv,lap,4,45661,1141.636330,5.350982,1879.349,129.485,-2.629176,,10.434962,35.52957992,-97.47448197,63.081,-4.407,-0.874,1.992,2.680
VN300_2026-07-12_14-41-49_VNINS.csv,lap,4,45662,1141.636330,5.350982,1880.052,130.188,-2.767204,,10.434962,35.52958546,-97.47447824,62.909,-5.394,-0.706,2.156,2.690
VN300_2026-07-12_14-41-49_VNINS.csv,lap,4,45663,1141.636330,5.350982,1880.617,130.753,-2.767204,,10.434962,35.52958918,-97.47448249,62.483,-6.358,-0.491,2.054,2.680
VN300_2026-07-12_14-41-49_VNINS.csv,lap,4,45664,1141.889815,5.604467,1881.313,131.449,-2.513719,,10.434962,35.52959470,-97.47447886,62.147,-7.248,-0.354,1.756,2.690
VN300_2026-07-12_14-41-49_VNINS.csv,lap,4,45665,1141.889815,5.604467,1882.004,132.140,-2.513719,,10.434962,35.52960020,-97.47447530,61.855,-8.136,-0.198,1.841,2.700
VN300_2026-07-12_14-41-49_VNINS.csv,lap,4,45666,1141.889815,5.604467,1882.693,132.829,-2.513719,,10.434962,35.52960570,-97.47447179,61.711,-8.999,-0.036,1.869,2.710
VN300_2026-07-12_14-41-49_VNINS.csv,lap,4,45667,1141.889815,5.604467,1883.382,133.518,-2.513719,,10.434962,35.52961121,-97.47446832,61.605,-9.834,0.050,1.726,2.720
VN300_2026-07-12_14-41-49_VNINS.csv,lap,4,45668,1141.889815,5.604467,1884.071,134.206,-2.598463,,10.434962,35.52961674,-97.47446489,61.644,-10.652,0.056,1.582,2.730
VN300_2026-07-12_14-41-49_VNINS.csv,lap,4,45669,1141.889815,5.604467,1884.757,134.893,-2.767235,,10.434962,35.52962226,-97.47446150,61.391,-11.356,-0.027,1.642,2.740
VN300_2026-07-12_14-41-49_VNINS.csv,lap,4,45670,1141.889815,5.604467,1885.442,135.578,-2.767235,,10.434962,35.52962779,-97.47445816,61.388,-12.029,-0.159,1.772,2.750
VN300_2026-07-12_14-41-49_VNINS.csv,lap,4,45671,1141.889815,5.604467,1886.082,136.218,-2.767235,,10.434962,35.52963195,-97.47446305,61.214,-12.669,-0.265,1.746,2.740
VN300_2026-07-12_14-41-49_VNINS.csv,lap,4,45672,1141.889815,5.604467,1886.765,136.901,-2.767235,,10.434962,35.52963749,-97.47445979,61.185,-13.311,-0.397,1.730,2.750
VN300_2026-07-12_14-41-49_VNINS.csv,lap,4,45673,1141.889815,5.604467,1887.447,137.583,-2.767235,,10.434962,35.52964304,-97.47445657,61.079,-13.998,-0.480,1.638,2.760
VN300_2026-07-12_14-41-49_VNINS.csv,lap,4,45674,1141.889815,5.604467,1888.128,138.264,-2.767235,,10.434962,35.52964859,-97.47445339,61.138,-14.715,-0.453,1.768,2.770
VN300_2026-07-12_14-41-49_VNINS.csv,lap,4,45675,1142.167684,5.882336,1888.811,138.947,-2.560746,,10.434962,35.52965416,-97.47445023,61.081,-15.430,-0.394,1.943,2.780
VN300_2026-07-12_14-41-49_VNINS.csv,lap,4,45676,1142.167684,5.882336,1889.493,139.629,-2.767829,,10.434962,35.52965974,-97.47444710,61.069,-16.165,-0.287,1.925,2.790
VN300_2026-07-12_14-41-49_VNINS.csv,lap,4,45677,1142.167684,5.882336,1890.175,140.311,-2.767829,,10.434962,35.52966533,-97.47444399,61.205,-16.854,-0.200,1.770,2.800
VN300_2026-07-12_14-41-49_VNINS.csv,lap,4,45678,1142.167684,5.882336,1890.858,140.994,-2.767829,,10.434962,35.52967093,-97.47444088,61.406,-17.440,-0.177,1.923,2.810
VN300_2026-07-12_14-41-49_VNINS.csv,lap,4,45679,1142.167684,5.882336,1891.578,141.714,-2.767829,,10.434962,35.52967544,-97.47444658,61.280,-17.976,-0.216,1.878,2.800
VN300_2026-07-12_14-41-49_VNINS.csv,lap,4,45680,1142.167684,5.882336,1892.261,142.397,-2.767829,,10.434962,35.52968107,-97.47444355,61.225,-18.453,-0.309,1.794,2.810
VN300_2026-07-12_14-41-49_VNINS.csv,lap,4,45681,1142.167684,5.882336,1892.945,143.081,-2.767829,,10.434962,35.52968671,-97.47444054,61.351,-18.945,-0.342,1.903,2.820
VN300_2026-07-12_14-41-49_VNINS.csv,lap,4,45682,1142.167684,5.882336,1893.631,143.767,-2.767829,,10.434962,35.52969238,-97.47443754,61.560,-19.451,-0.355,1.793,2.830
VN300_2026-07-12_14-41-49_VNINS.csv,lap,4,45683,1142.167684,5.882336,1894.320,144.456,-2.860238,,10.434962,35.52969808,-97.47443455,61.818,-19.972,-0.307,1.704,2.840
VN300_2026-07-12_14-41-49_VNINS.csv,lap,4,45684,1142.167684,5.882336,1895.011,145.147,-3.022066,,10.434962,35.52970380,-97.47443158,61.962,-20.448,-0.252,1.755,2.850
VN300_2026-07-12_14-41-49_VNINS.csv,lap,4,45685,1142.167684,5.882336,1895.705,145.840,-3.022066,,10.434962,35.52970955,-97.47442861,62.120,-20.912,-0.214,1.723,2.860
VN300_2026-07-12_14-41-49_VNINS.csv,lap,4,45686,1142.421559,6.136211,1896.399,146.535,-2.768191,,10.434962,35.52971532,-97.47442568,62.467,-21.375,-0.043,1.796,2.870
VN300_2026-07-12_14-41-49_VNINS.csv,lap,4,45687,1142.421559,6.136211,1897.097,147.233,-2.768191,,10.434962,35.52972113,-97.47442274,62.811,-21.828,0.176,1.925,2.880
VN300_2026-07-12_14-41-49_VNINS.csv,lap,4,45688,1142.421559,6.136211,1897.891,148.027,-2.768191,,10.434962,35.52972609,-97.47442904,63.366,-22.324,0.430,1.664,2.870
VN300_2026-07-12_14-41-49_VNINS.csv,lap,4,45689,1142.421559,6.136211,1898.599,148.735,-2.768191,,10.434962,35.52973199,-97.47442609,63.630,-22.789,0.576,1.505,2.880
VN300_2026-07-12_14-41-49_VNINS.csv,lap,4,45690,1142.421559,6.136211,1899.313,149.449,-2.768191,,10.434962,35.52973793,-97.47442310,64.247,-23.169,0.547,1.715,2.890
VN300_2026-07-12_14-41-49_VNINS.csv,lap,4,45691,1142.421559,6.136211,1900.034,150.170,-2.874337,,10.434962,35.52974393,-97.47442008,64.627,-23.457,0.369,1.563,2.900
VN300_2026-07-12_14-41-49_VNINS.csv,lap,4,45692,1142.421559,6.136211,1900.757,150.893,-3.022284,,10.434962,35.52974995,-97.47441705,65.022,-23.761,0.122,1.429,2.910
VN300_2026-07-12_14-41-49_VNINS.csv,lap,4,45693,1142.421559,6.136211,1901.486,151.621,-3.022284,,10.434962,35.52975601,-97.47441399,65.512,-24.033,-0.095,1.573,2.920
VN300_2026-07-12_14-41-49_VNINS.csv,lap,4,45694,1142.421559,6.136211,1902.222,152.358,-3.022284,,10.434962,35.52976213,-97.47441089,66.015,-24.224,-0.240,1.368,2.930
VN300_2026-07-12_14-41-49_VNINS.csv,lap,4,45695,1142.421559,6.136211,1903.057,153.193,-3.022284,,10.434962,35.52976754,-97.47441730,66.193,-24.407,-0.268,1.162,2.930
VN300_2026-07-12_14-41-49_VNINS.csv,lap,4,45696,1142.675073,6.389725,1903.799,153.935,-2.768770,,10.434962,35.52977372,-97.47441422,66.626,-24.545,-0.165,1.290,2.940
VN300_2026-07-12_14-41-49_VNINS.csv,lap,4,45697,1142.675073,6.389725,1904.545,154.680,-2.768770,,10.434962,35.52977993,-97.47441111,66.977,-24.586,-0.081,1.111,2.950
VN300_2026-07-12_14-41-49_VNINS.csv,lap,4,45698,1142.675073,6.389725,1905.294,155.430,-2.819799,,10.434962,35.52978617,-97.47440798,67.192,-24.633,-0.020,1.013,2.960
VN300_2026-07-12_14-41-49_VNINS.csv,lap,4,45699,1142.675073,6.389725,1906.045,156.181,-3.022302,,10.434962,35.52979242,-97.47440483,67.441,-24.657,-0.056,1.031,2.970
VN300_2026-07-12_14-41-49_VNINS.csv,lap,4,45700,1142.675073,6.389725,1906.801,156.937,-3.022302,,10.434962,35.52979870,-97.47440164,67.776,-24.611,-0.199,0.767,2.980
VN300_2026-07-12_14-41-49_VNINS.csv,lap,4,45701,1142.675073,6.389725,1907.556,157.692,-3.022302,,10.434962,35.52980497,-97.47439844,67.635,-24.548,-0.328,0.759,2.990
VN300_2026-07-12_14-41-49_VNINS.csv,lap,4,45702,1142.675073,6.389725,1908.312,158.448,-3.022302,,10.434962,35.52981125,-97.47439523,67.841,-24.423,-0.464,0.666,3.000
VN300_2026-07-12_14-41-49_VNINS.csv,lap,4,45703,1142.675073,6.389725,1909.200,159.336,-3.022302,,10.434962,35.52981680,-97.47440228,67.771,-24.244,-0.531,0.559,2.990
VN300_2026-07-12_14-41-49_VNINS.csv,lap,4,45704,1142.675073,6.389725,1909.956,160.092,-3.022302,,10.434962,35.52982309,-97.47439909,67.660,-24.025,-0.576,0.459,3.010
VN300_2026-07-12_14-41-49_VNINS.csv,lap,4,45705,1142.675073,6.389725,1910.713,160.849,-3.079524,,10.434962,35.52982937,-97.47439586,67.731,-23.756,-0.673,0.376,3.020
VN300_2026-07-12_14-41-49_VNINS.csv,lap,4,45706,1142.928541,6.643193,1911.469,161.605,-3.035578,,10.434962,35.52983563,-97.47439261,67.695,-23.392,-0.709,0.288,3.030
VN300_2026-07-12_14-41-49_VNINS.csv,lap,4,45707,1142.928541,6.643193,1912.225,162.361,-3.035578,,10.434962,35.52984189,-97.47438934,67.872,-22.966,-0.651,0.209,3.040
VN300_2026-07-12_14-41-49_VNINS.csv,lap,4,45708,1142.928541,6.643193,1912.984,163.120,-3.035578,,10.434962,35.52984816,-97.47438602,67.990,-22.437,-0.527,0.014,3.050
VN300_2026-07-12_14-41-49_VNINS.csv,lap,4,45709,1142.928541,6.643193,1913.745,163.881,-3.035578,,10.434962,35.52985443,-97.47438266,68.103,-21.861,-0.468,-0.192,3.060
VN300_2026-07-12_14-41-49_VNINS.csv,lap,4,45710,1142.928541,6.643193,1914.506,164.642,-3.035578,,10.434962,35.52986069,-97.47437927,68.184,-21.282,-0.455,-0.292,3.070
VN300_2026-07-12_14-41-49_VNINS.csv,lap,4,45711,1142.928541,6.643193,1915.375,165.511,-3.035578,,10.434962,35.52986605,-97.47438626,68.310,-20.636,-0.482,-0.388,3.060
VN300_2026-07-12_14-41-49_VNINS.csv,lap,4,45712,1142.928541,6.643193,1916.140,166.276,-3.266017,,10.434962,35.52987233,-97.47438281,68.568,-20.006,-0.514,-0.559,3.070
VN300_2026-07-12_14-41-49_VNINS.csv,lap,4,45713,1142.928541,6.643193,1916.906,167.042,-3.288992,,10.434962,35.52987862,-97.47437934,68.777,-19.385,-0.471,-0.540,3.080
VN300_2026-07-12_14-41-49_VNINS.csv,lap,4,45714,1142.928541,6.643193,1917.676,167.812,-3.288992,,10.434962,35.52988492,-97.47437583,69.032,-18.745,-0.415,-0.552,3.090
VN300_2026-07-12_14-41-49_VNINS.csv,lap,4,45715,1142.928541,6.643193,1918.449,168.585,-3.288992,,10.434962,35.52989124,-97.47437227,69.340,-18.130,-0.351,-0.692,3.100
VN300_2026-07-12_14-41-49_VNINS.csv,lap,4,45716,1143.195283,6.909935,1919.225,169.361,-3.022250,,10.434962,35.52989758,-97.47436868,69.578,-17.537,-0.279,-0.586,3.110
VN300_2026-07-12_14-41-49_VNINS.csv,lap,4,45717,1143.195283,6.909935,1920.004,170.140,-3.022250,,10.434962,35.52990393,-97.47436504,69.990,-16.904,-0.202,-0.498,3.130
VN300_2026-07-12_14-41-49_VNINS.csv,lap,4,45718,1143.195283,6.909935,1920.788,170.924,-3.022250,,10.434962,35.52991031,-97.47436135,70.268,-16.286,-0.157,-0.818,3.140
VN300_2026-07-12_14-41-49_VNINS.csv,lap,4,45719,1143.195283,6.909935,1921.553,171.688,-3.276055,,10.434962,35.52991530,-97.47436716,70.411,-15.627,-0.069,-0.819,3.130
VN300_2026-07-12_14-41-49_VNINS.csv,lap,4,45720,1143.195283,6.909935,1922.342,172.477,-3.276055,,10.434962,35.52992171,-97.47436342,70.840,-14.946,-0.044,-0.673,3.140
VN300_2026-07-12_14-41-49_VNINS.csv,lap,4,45721,1143.195283,6.909935,1923.138,173.274,-3.276055,,10.434962,35.52992816,-97.47435960,71.503,-14.248,-0.064,-0.952,3.150
VN300_2026-07-12_14-41-49_VNINS.csv,lap,4,45722,1143.195283,6.909935,1923.937,174.073,-3.276055,,10.434962,35.52993462,-97.47435573,71.618,-13.541,-0.050,-0.952,3.160
VN300_2026-07-12_14-41-49_VNINS.csv,lap,4,45723,1143.195283,6.909935,1924.740,174.875,-3.276055,,10.434962,35.52994110,-97.47435182,72.080,-12.778,-0.098,-0.795,3.170
VN300_2026-07-12_14-41-49_VNINS.csv,lap,4,45724,1143.195283,6.909935,1925.547,175.683,-3.276055,,10.434962,35.52994760,-97.47434785,72.444,-11.959,-0.029,-0.862,3.180
VN300_2026-07-12_14-41-49_VNINS.csv,lap,4,45725,1143.195283,6.909935,1926.358,176.494,-3.529550,,10.434962,35.52995412,-97.47434383,72.567,-11.132,0.071,-0.838,3.200
VN300_2026-07-12_14-41-49_VNINS.csv,lap,4,45726,1143.195283,6.909935,1927.169,177.305,-3.529550,,10.434962,35.52996063,-97.47433978,72.734,-10.353,0.073,-0.596,3.210
VN300_2026-07-12_14-41-49_VNINS.csv,lap,4,45727,1143.449077,7.163729,1927.882,178.018,-3.275756,,10.434962,35.52996529,-97.47434519,72.656,-9.616,-0.117,-0.847,3.200
VN300_2026-07-12_14-41-49_VNINS.csv,lap,4,45728,1143.449077,7.163729,1928.693,178.829,-3.275756,,10.434962,35.52997177,-97.47434108,72.638,-9.015,-0.430,-0.661,3.210
VN300_2026-07-12_14-41-49_VNINS.csv,lap,4,45729,1143.449077,7.163729,1929.506,179.642,-3.275756,,10.434962,35.52997824,-97.47433690,72.927,-8.387,-0.818,-0.383,3.220
VN300_2026-07-12_14-41-49_VNINS.csv,lap,4,45730,1143.449077,7.163729,1930.324,180.460,-3.275756,,10.434962,35.52998474,-97.47433265,73.438,-7.549,-0.936,-0.932,3.230
VN300_2026-07-12_14-41-49_VNINS.csv,lap,4,45731,1143.449077,7.163729,1931.145,181.281,-3.546332,,10.434962,35.52999125,-97.47432838,73.537,-6.641,-0.726,-1.400,3.240
VN300_2026-07-12_14-41-49_VNINS.csv,lap,4,45732,1143.449077,7.163729,1931.967,182.103,-3.546332,,10.434962,35.52999776,-97.47432408,73.665,-5.680,-0.387,-1.266,3.260
VN300_2026-07-12_14-41-49_VNINS.csv,lap,4,45733,1143.449077,7.163729,1932.792,182.928,-3.546332,,10.434962,35.53000428,-97.47431972,74.076,-4.805,-0.071,-1.213,3.270
VN300_2026-07-12_14-41-49_VNINS.csv,lap,4,45734,1143.449077,7.163729,1933.621,183.757,-3.546332,,10.434962,35.53001081,-97.47431530,74.398,-4.095,0.028,-1.630,3.280
VN300_2026-07-12_14-41-49_VNINS.csv,lap,4,45735,1143.449077,7.163729,1934.256,184.392,-3.546332,,10.434962,35.53001494,-97.47432014,74.521,-3.485,-0.061,-1.929,3.270
VN300_2026-07-12_14-41-49_VNINS.csv,lap,4,45736,1143.449077,7.163729,1935.091,185.227,-3.546332,,10.434962,35.53002149,-97.47431563,74.902,-2.851,-0.135,-2.031,3.280
VN300_2026-07-12_14-41-49_VNINS.csv,lap,4,45737,1143.702629,7.417281,1935.930,186.066,-3.378373,,10.434962,35.53002806,-97.47431106,75.370,-2.159,-0.036,-2.068,3.290
VN300_2026-07-12_14-41-49_VNINS.csv,lap,4,45738,1143.702629,7.417281,1936.777,186.912,-3.546571,,10.434962,35.53003466,-97.47430640,75.990,-1.359,0.086,-1.873,3.300
VN300_2026-07-12_14-41-49_VNINS.csv,lap,4,45739,1143.702629,7.417281,1937.629,187.765,-3.546571,,10.434962,35.53004129,-97.47430167,76.577,-0.607,0.193,-2.039,3.320
VN300_2026-07-12_14-41-49_VNINS.csv,lap,4,45740,1143.702629,7.417281,1938.488,188.624,-3.546571,,10.434962,35.53004795,-97.47429687,76.965,0.014,0.095,-2.181,3.330
VN300_2026-07-12_14-41-49_VNINS.csv,lap,4,45741,1143.702629,7.417281,1939.348,189.484,-3.546571,,10.434962,35.53005462,-97.47429204,77.270,0.614,-0.137,-2.002,3.340
VN300_2026-07-12_14-41-49_VNINS.csv,lap,4,45742,1143.702629,7.417281,1940.215,190.351,-3.546571,,10.434962,35.53006132,-97.47428714,77.737,1.250,-0.355,-1.917,3.350
VN300_2026-07-12_14-41-49_VNINS.csv,lap,4,45743,1143.702629,7.417281,1940.749,190.885,-3.660565,,10.434962,35.53006495,-97.47429099,77.946,2.019,-0.342,-2.053,3.340
VN300_2026-07-12_14-41-49_VNINS.csv,lap,4,45744,1143.702629,7.417281,1941.621,191.757,-3.799961,,10.434962,35.53007167,-97.47428602,78.182,2.837,-0.159,-1.881,3.350
VN300_2026-07-12_14-41-49_VNINS.csv,lap,4,45745,1143.702629,7.417281,1942.496,192.632,-3.799961,,10.434962,35.53007840,-97.47428100,78.561,3.686,0.094,-1.824,3.360
VN300_2026-07-12_14-41-49_VNINS.csv,lap,4,45746,1143.702629,7.417281,1943.376,193.512,-3.799961,,10.434962,35.53008514,-97.47427591,78.797,4.403,0.224,-1.885,3.380
VN300_2026-07-12_14-41-49_VNINS.csv,lap,4,45747,1143.956079,7.670731,1944.258,194.394,-3.546511,,10.434962,35.53009188,-97.47427077,79.055,5.047,0.186,-1.957,3.390
VN300_2026-07-12_14-41-49_VNINS.csv,lap,4,45748,1143.956079,7.670731,1945.143,195.279,-3.546511,,10.434962,35.53009863,-97.47426559,79.307,5.617,0.070,-1.869,3.400
VN300_2026-07-12_14-41-49_VNINS.csv,lap,4,45749,1143.956079,7.670731,1946.030,196.166,-3.800003,,10.434962,35.53010537,-97.47426035,79.460,6.132,-0.194,-1.997,3.410
VN300_2026-07-12_14-41-49_VNINS.csv,lap,4,45750,1143.956079,7.670731,1946.919,197.055,-3.800003,,10.434962,35.53011212,-97.47425508,79.677,6.543,-0.561,-1.931,3.420
VN300_2026-07-12_14-41-49_VNINS.csv,lap,4,45751,1143.956079,7.670731,1947.354,197.490,-3.800003,,10.434962,35.53011489,-97.47425847,79.721,7.024,-0.900,-1.736,3.410
VN300_2026-07-12_14-41-49_VNINS.csv,lap,4,45752,1143.956079,7.670731,1948.246,198.382,-3.800003,,10.434962,35.53012164,-97.47425313,79.944,7.658,-0.981,-1.779,3.420
VN300_2026-07-12_14-41-49_VNINS.csv,lap,4,45753,1143.956079,7.670731,1949.140,199.276,-3.800003,,10.434962,35.53012839,-97.47424776,80.095,8.336,-0.858,-1.588,3.440
VN300_2026-07-12_14-41-49_VNINS.csv,lap,4,45754,1143.956079,7.670731,1950.036,200.172,-3.800003,,10.434962,35.53013513,-97.47424234,80.206,9.090,-0.555,-1.499,3.450
VN300_2026-07-12_14-41-49_VNINS.csv,lap,4,45755,1143.956079,7.670731,1950.931,201.067,-4.083034,,10.434962,35.53014185,-97.47423689,79.923,9.771,-0.374,-1.515,3.460
VN300_2026-07-12_14-41-49_VNINS.csv,lap,4,45756,1143.956079,7.670731,1951.825,201.961,-4.083034,,10.434962,35.53014852,-97.47423139,79.920,10.330,-0.496,-1.592,3.470
VN300_2026-07-12_14-41-49_VNINS.csv,lap,4,45757,1144.222838,7.937490,1952.718,202.854,-3.816275,,10.434962,35.53015516,-97.47422584,80.068,10.896,-0.644,-1.679,3.480
VN300_2026-07-12_14-41-49_VNINS.csv,lap,4,45758,1144.222838,7.937490,1953.613,203.749,-3.816275,,10.434962,35.53016179,-97.47422023,80.104,11.518,-0.708,-1.749,3.500
VN300_2026-07-12_14-41-49_VNINS.csv,lap,4,45759,1144.222838,7.937490,1953.953,204.089,-3.816275,,10.434962,35.53016328,-97.47422351,79.869,12.179,-0.647,-1.698,3.480
VN300_2026-07-12_14-41-49_VNINS.csv,lap,4,45760,1144.222838,7.937490,1954.845,204.981,-3.816275,,10.434962,35.53016985,-97.47421784,79.942,12.840,-0.495,-1.735,3.490
VN300_2026-07-12_14-41-49_VNINS.csv,lap,4,45761,1144.222838,7.937490,1955.738,205.874,-4.070086,,10.434962,35.53017640,-97.47421213,79.907,13.441,-0.373,-1.706,3.510
VN300_2026-07-12_14-41-49_VNINS.csv,lap,4,45762,1144.222838,7.937490,1956.630,206.766,-4.070086,,10.434962,35.53018292,-97.47420639,79.794,13.976,-0.346,-1.546,3.520
VN300_2026-07-12_14-41-49_VNINS.csv,lap,4,45763,1144.222838,7.937490,1957.523,207.659,-4.070086,,10.434962,35.53018942,-97.47420059,79.889,14.416,-0.401,-1.572,3.530
VN300_2026-07-12_14-41-49_VNINS.csv,lap,4,45764,1144.222838,7.937490,1958.416,208.552,-4.070086,,10.434962,35.53019589,-97.47419476,79.866,14.789,-0.416,-1.573,3.540
VN300_2026-07-12_14-41-49_VNINS.csv,lap,4,45765,1144.222838,7.937490,1959.308,209.444,-4.070086,,10.434962,35.53020234,-97.47418889,79.880,15.099,-0.415,-1.452,3.550
VN300_2026-07-12_14-41-49_VNINS.csv,lap,4,45766,1144.222838,7.937490,1960.200,210.336,-4.323886,,10.434962,35.53020877,-97.47418300,79.785,15.262,-0.455,-1.200,3.560
VN300_2026-07-12_14-41-49_VNINS.csv,lap,4,45767,1144.222838,7.937490,1961.091,211.227,-4.323886,,10.434962,35.53021518,-97.47417709,79.755,15.277,-0.501,-0.962,3.580
VN300_2026-07-12_14-41-49_VNINS.csv,lap,4,45768,1144.476741,8.191393,1961.358,211.494,,GPS uncertainty 100.0 m > 4.0 m,10.434962,35.53021710,-97.47417531,79.732,15.167,-0.540,-0.969,99.990
VN300_2026-07-12_14-41-49_VNINS.csv,lap,4,45769,1144.476741,8.191393,1961.358,211.494,,GPS uncertainty 100.0 m > 4.0 m,10.434962,35.53021710,-97.47417531,79.732,14.930,-0.628,-0.888,99.990
VN300_2026-07-12_14-41-49_VNINS.csv,lap,4,45770,1144.476741,8.191393,1961.358,211.494,,GPS uncertainty 100.0 m > 4.0 m,10.434962,35.53021710,-97.47417531,79.732,14.579,-0.726,-0.721,99.990
VN300_2026-07-12_14-41-49_VNINS.csv,lap,4,45771,1144.476741,8.191393,1961.358,211.494,,GPS uncertainty 100.0 m > 4.0 m,10.434962,35.53021710,-97.47417531,79.732,14.191,-0.712,-0.397,99.990
VN300_2026-07-12_14-41-49_VNINS.csv,lap,4,45772,1144.476741,8.191393,1961.358,211.494,,GPS uncertainty 100.0 m > 4.0 m,10.434962,35.53021710,-97.47417531,79.732,13.735,-0.635,-0.275,99.990
VN300_2026-07-12_14-41-49_VNINS.csv,lap,4,45773,1144.476741,8.191393,1961.358,211.494,,GPS uncertainty 100.0 m > 4.0 m,10.434962,35.53021710,-97.47417531,79.732,13.218,-0.617,-0.226,99.990
VN300_2026-07-12_14-41-49_VNINS.csv,lap,4,45774,1144.476741,8.191393,1961.358,211.494,,GPS uncertainty 100.0 m > 4.0 m,10.434962,35.53021710,-97.47417531,79.732,12.738,-0.664,-0.189,99.990
VN300_2026-07-12_14-41-49_VNINS.csv,lap,4,45775,1144.476741,8.191393,1961.358,211.494,,GPS uncertainty 100.0 m > 4.0 m,10.434962,35.53021710,-97.47417531,79.732,12.351,-0.667,0.163,99.990
VN300_2026-07-12_14-41-49_VNINS.csv,lap,4,45776,1144.476741,8.191393,1961.358,211.494,,GPS uncertainty 100.0 m > 4.0 m,10.434962,35.53021710,-97.47417531,79.732,12.021,-0.620,0.107,99.990
VN300_2026-07-12_14-41-49_VNINS.csv,lap,4,45777,1144.476741,8.191393,1961.358,211.494,,GPS uncertainty 100.0 m > 4.0 m,10.434962,35.53021710,-97.47417531,79.732,11.614,-0.564,0.207,99.990
VN300_2026-07-12_14-41-49_VNINS.csv,lap,4,45778,1144.730322,8.444974,1961.358,211.494,,GPS uncertainty 100.0 m > 4.0 m,10.434962,35.53021710,-97.47417531,79.732,11.100,-0.462,0.276,99.990
VN300_2026-07-12_14-41-49_VNINS.csv,lap,4,45779,1144.730322,8.444974,1961.358,211.494,,GPS uncertainty 100.0 m > 4.0 m,10.434962,35.53021710,-97.47417531,79.732,10.509,-0.383,0.356,99.990
VN300_2026-07-12_14-41-49_VNINS.csv,lap,4,45780,1144.730322,8.444974,1961.358,211.494,,GPS uncertainty 100.0 m > 4.0 m,10.434962,35.53021710,-97.47417531,79.732,9.858,-0.403,0.485,99.990
VN300_2026-07-12_14-41-49_VNINS.csv,lap,4,45781,1144.730322,8.444974,1961.358,211.494,,GPS uncertainty 100.0 m > 4.0 m,10.434962,35.53021710,-97.47417531,79.732,9.110,-0.551,0.662,99.990
VN300_2026-07-12_14-41-49_VNINS.csv,lap,4,45782,1144.730322,8.444974,1961.358,211.494,,GPS uncertainty 100.0 m > 4.0 m,10.434962,35.53021710,-97.47417531,79.732,8.240,-0.672,0.767,99.990
VN300_2026-07-12_14-41-49_VNINS.csv,lap,4,45783,1144.730322,8.444974,1961.358,211.494,,GPS uncertainty 100.0 m > 4.0 m,10.434962,35.53021710,-97.47417531,79.732,7.208,-0.724,0.844,99.990
VN300_2026-07-12_14-41-49_VNINS.csv,lap,4,45784,1144.730322,8.444974,1961.358,211.494,,GPS uncertainty 100.0 m > 4.0 m,10.434962,35.53021710,-97.47417531,79.732,6.058,-0.703,0.879,99.990
VN300_2026-07-12_14-41-49_VNINS.csv,lap,4,45785,1144.730322,8.444974,1961.358,211.494,,GPS uncertainty 100.0 m > 4.0 m,10.434962,35.53021710,-97.47417531,79.732,4.810,-0.639,1.049,99.990
VN300_2026-07-12_14-41-49_VNINS.csv,lap,4,45786,1144.730322,8.444974,1961.358,211.494,,GPS uncertainty 100.0 m > 4.0 m,10.434962,35.53021710,-97.47417531,79.732,3.554,-0.563,1.255,99.990
VN300_2026-07-12_14-41-49_VNINS.csv,lap,4,45787,1144.730322,8.444974,1961.358,211.494,,GPS uncertainty 100.0 m > 4.0 m,10.434962,35.53021710,-97.47417531,79.732,2.307,-0.581,1.340,99.990
VN300_2026-07-12_14-41-49_VNINS.csv,lap,4,45788,1144.983827,8.698479,1961.358,211.494,,GPS uncertainty 100.0 m > 4.0 m,10.434962,35.53021710,-97.47417531,79.732,1.122,-0.709,1.349,99.990
VN300_2026-07-12_14-41-49_VNINS.csv,lap,4,45789,1144.983827,8.698479,1961.358,211.494,,GPS uncertainty 100.0 m > 4.0 m,10.434962,35.53021710,-97.47417531,79.732,-0.103,-0.792,1.509,99.990
VN300_2026-07-12_14-41-49_VNINS.csv,lap,4,45790,1144.983827,8.698479,1961.358,211.494,,GPS uncertainty 100.0 m > 4.0 m,10.434962,35.53021710,-97.47417531,79.732,-1.345,-0.814,1.552,99.990
VN300_2026-07-12_14-41-49_VNINS.csv,lap,4,45791,1144.983827,8.698479,1961.358,211.494,,GPS uncertainty 100.0 m > 4.0 m,10.434962,35.53021710,-97.47417531,79.732,-2.526,-0.851,1.287,99.990
VN300_2026-07-12_14-41-49_VNINS.csv,lap,4,45792,1144.983827,8.698479,1961.358,211.494,,GPS uncertainty 100.0 m > 4.0 m,10.434962,35.53021710,-97.47417531,79.732,-3.669,-0.875,1.560,99.990
VN300_2026-07-12_14-41-49_VNINS.csv,lap,4,45793,1144.983827,8.698479,1961.358,211.494,,GPS uncertainty 100.0 m > 4.0 m,10.434962,35.53021710,-97.47417531,79.732,-4.822,-0.776,1.698,99.990
VN300_2026-07-12_14-41-49_VNINS.csv,lap,4,45794,1144.983827,8.698479,1961.358,211.494,,GPS uncertainty 100.0 m > 4.0 m,10.434962,35.53021710,-97.47417531,79.732,-5.977,-0.726,1.734,99.990
VN300_2026-07-12_14-41-49_VNINS.csv,lap,4,45795,1144.983827,8.698479,1961.358,211.494,,GPS uncertainty 100.0 m > 4.0 m,10.434962,35.53021710,-97.47417531,79.732,-7.066,-0.724,1.658,99.990
VN300_2026-07-12_14-41-49_VNINS.csv,lap,4,45796,1144.983827,8.698479,1961.358,211.494,,GPS uncertainty 100.0 m > 4.0 m,10.434962,35.53021710,-97.47417531,79.732,-8.161,-0.657,1.427,99.990
VN300_2026-07-12_14-41-49_VNINS.csv,lap,4,45797,1144.983827,8.698479,1961.358,211.494,,GPS uncertainty 100.0 m > 4.0 m,10.434962,35.53021710,-97.47417531,79.732,-9.182,-0.614,1.704,99.990
VN300_2026-07-12_14-41-49_VNINS.csv,lap,4,45798,1145.257360,8.972012,1961.358,211.494,,GPS uncertainty 100.0 m > 4.0 m,10.434962,35.53021710,-97.47417531,79.732,-10.207,-0.636,1.933,99.990
VN300_2026-07-12_14-41-49_VNINS.csv,lap,4,45799,1145.257360,8.972012,1961.358,211.494,,GPS uncertainty 100.0 m > 4.0 m,10.434962,35.53021710,-97.47417531,79.732,-11.139,-0.742,1.897,99.990
VN300_2026-07-12_14-41-49_VNINS.csv,lap,4,45800,1145.257360,8.972012,1961.358,211.494,,GPS uncertainty 100.0 m > 4.0 m,10.434962,35.53021710,-97.47417531,79.732,-12.050,-0.832,1.808,99.990
VN300_2026-07-12_14-41-49_VNINS.csv,lap,4,45801,1145.257360,8.972012,1961.358,211.494,,GPS uncertainty 100.0 m > 4.0 m,10.434962,35.53021710,-97.47417531,79.732,-12.981,-0.868,1.945,99.990
VN300_2026-07-12_14-41-49_VNINS.csv,lap,4,45802,1145.257360,8.972012,1961.358,211.494,,GPS uncertainty 100.0 m > 4.0 m,10.434962,35.53021710,-97.47417531,79.732,-13.916,-0.842,2.128,99.990
VN300_2026-07-12_14-41-49_VNINS.csv,lap,4,45803,1145.257360,8.972012,1961.358,211.494,,GPS uncertainty 100.0 m > 4.0 m,10.434962,35.53021710,-97.47417531,79.732,-14.866,-0.768,2.011,99.990
VN300_2026-07-12_14-41-49_VNINS.csv,lap,4,45804,1145.257360,8.972012,1961.358,211.494,,GPS uncertainty 100.0 m > 4.0 m,10.434962,35.53021710,-97.47417531,79.732,-15.874,-0.671,2.018,99.990
VN300_2026-07-12_14-41-49_VNINS.csv,lap,4,45805,1145.257360,8.972012,1961.358,211.494,,GPS uncertainty 100.0 m > 4.0 m,10.434962,35.53021710,-97.47417531,79.732,-16.984,-0.506,2.045,99.990
VN300_2026-07-12_14-41-49_VNINS.csv,lap,4,45806,1145.257360,8.972012,1961.358,211.494,,GPS uncertainty 100.0 m > 4.0 m,10.434962,35.53021710,-97.47417531,79.732,-18.078,-0.348,2.060,99.990
VN300_2026-07-12_14-41-49_VNINS.csv,lap,4,45807,1145.257360,8.972012,1961.358,211.494,,GPS uncertainty 100.0 m > 4.0 m,10.434962,35.53021710,-97.47417531,79.732,-19.144,-0.205,2.145,99.990
VN300_2026-07-12_14-41-49_VNINS.csv,lap,4,45808,1145.257360,8.972012,1961.358,211.494,,GPS uncertainty 100.0 m > 4.0 m,10.434962,35.53021710,-97.47417531,79.732,-20.166,-0.113,2.244,99.990
VN300_2026-07-12_14-41-49_VNINS.csv,lap,4,45809,1145.511176,9.225828,1961.358,211.494,,GPS uncertainty 100.0 m > 4.0 m,10.434962,35.53021710,-97.47417531,79.732,-21.101,-0.092,2.312,99.990
VN300_2026-07-12_14-41-49_VNINS.csv,lap,4,45810,1145.511176,9.225828,1961.358,211.494,,GPS uncertainty 100.0 m > 4.0 m,10.434962,35.53021710,-97.47417531,79.732,-21.948,-0.161,2.256,99.990
VN300_2026-07-12_14-41-49_VNINS.csv,lap,4,45811,1145.511176,9.225828,1961.358,211.494,,GPS uncertainty 100.0 m > 4.0 m,10.434962,35.53021710,-97.47417531,79.732,-22.649,-0.312,2.060,99.990
VN300_2026-07-12_14-41-49_VNINS.csv,lap,4,45812,1145.511176,9.225828,1961.358,211.494,,GPS uncertainty 100.0 m > 4.0 m,10.434962,35.53021710,-97.47417531,79.732,-23.260,-0.518,2.081,99.990
VN300_2026-07-12_14-41-49_VNINS.csv,lap,4,45813,1145.511176,9.225828,1961.358,211.494,,GPS uncertainty 100.0 m > 4.0 m,10.434962,35.53021710,-97.47417531,79.732,-23.833,-0.685,2.024,99.990
VN300_2026-07-12_14-41-49_VNINS.csv,lap,4,45814,1145.511176,9.225828,1961.358,211.494,,GPS uncertainty 100.0 m > 4.0 m,10.434962,35.53021710,-97.47417531,79.732,-24.410,-0.782,1.837,99.990
VN300_2026-07-12_14-41-49_VNINS.csv,lap,4,45815,1145.511176,9.225828,2043.933,294.069,,GPS uncertainty 100.0 m > 4.0 m,10.434962,35.52979552,-97.47492652,32.797,-24.990,-0.773,1.893,99.990
VN300_2026-07-12_14-41-49_VNINS.csv,lap,4,45816,1145.511176,9.225828,2044.298,294.434,,GPS uncertainty 100.0 m > 4.0 m,10.434962,35.52979866,-97.47492771,32.604,-25.542,-0.633,1.773,99.990
VN300_2026-07-12_14-41-49_VNINS.csv,lap,4,45817,1145.511176,9.225828,2044.661,294.797,,GPS uncertainty 100.0 m > 4.0 m,10.434962,35.52980176,-97.47492896,32.359,-25.991,-0.499,1.573,99.990
VN300_2026-07-12_14-41-49_VNINS.csv,lap,4,45818,1145.511176,9.225828,2045.021,295.156,,GPS uncertainty 100.0 m > 4.0 m,10.434962,35.52980482,-97.47493024,32.135,-26.289,-0.411,1.430,99.990
VN300_2026-07-12_14-41-49_VNINS.csv,lap,4,45819,1145.764808,9.479460,2045.380,295.516,,GPS uncertainty 100.0 m > 4.0 m,10.434962,35.52980788,-97.47493153,32.126,-26.441,-0.331,1.280,99.990
VN300_2026-07-12_14-41-49_VNINS.csv,lap,4,45820,1145.764808,9.479460,2045.738,295.874,,GPS uncertainty 100.0 m > 4.0 m,10.434962,35.52981093,-97.47493279,31.975,-26.440,-0.362,1.170,99.990
VN300_2026-07-12_14-41-49_VNINS.csv,lap,4,45821,1145.764808,9.479460,2046.094,296.230,,GPS uncertainty 100.0 m > 4.0 m,10.434962,35.52981395,-97.47493411,31.823,-26.294,-0.486,0.930,99.990
VN300_2026-07-12_14-41-49_VNINS.csv,lap,4,45822,1145.764808,9.479460,2046.450,296.586,,GPS uncertainty 100.0 m > 4.0 m,10.434962,35.52981696,-97.47493543,31.682,-26.035,-0.693,0.645,99.990
VN300_2026-07-12_14-41-49_VNINS.csv,lap,4,45823,1145.764808,9.479460,2047.287,297.423,,GPS uncertainty 100.0 m > 4.0 m,10.434962,35.52982447,-97.47493482,33.465,-25.635,-0.837,0.303,99.990
VN300_2026-07-12_14-41-49_VNINS.csv,lap,4,45824,1145.764808,9.479460,2047.660,297.796,,GPS uncertainty 100.0 m > 4.0 m,10.434962,35.52982769,-97.47493598,33.421,-25.093,-0.861,0.061,99.990
VN300_2026-07-12_14-41-49_VNINS.csv,lap,4,45825,1145.764808,9.479460,2048.034,298.170,,GPS uncertainty 100.0 m > 4.0 m,10.434962,35.52983092,-97.47493713,33.414,-24.493,-0.869,-0.200,99.990
VN300_2026-07-12_14-41-49_VNINS.csv,lap,4,45826,1145.764808,9.479460,2048.407,298.543,,GPS uncertainty 100.0 m > 4.0 m,10.434962,35.52983415,-97.47493827,33.398,-23.837,-0.840,-0.377,99.990
VN300_2026-07-12_14-41-49_VNINS.csv,lap,4,45827,1145.764808,9.479460,2048.781,298.917,,GPS uncertainty 100.0 m > 4.0 m,10.434962,35.52983739,-97.47493937,33.340,-23.088,-0.754,-0.601,99.990
VN300_2026-07-12_14-41-49_VNINS.csv,lap,4,45828,1145.764808,9.479460,2049.153,299.289,,GPS uncertainty 100.0 m > 4.0 m,10.434962,35.52984062,-97.47494044,33.249,-22.287,-0.753,-0.704,99.990
VN300_2026-07-12_14-41-49_VNINS.csv,lap,4,45829,1145.764808,9.479460,2049.525,299.660,,GPS uncertainty 100.0 m > 4.0 m,10.434962,35.52984385,-97.47494148,33.136,-21.475,-0.810,-0.928,99.990
VN300_2026-07-12_14-41-49_VNINS.csv,lap,4,45830,1146.018563,9.733215,2049.894,300.030,,GPS uncertainty 100.0 m > 4.0 m,10.434962,35.52984707,-97.47494250,33.050,-20.678,-0.860,-0.995,99.990
VN300_2026-07-12_14-41-49_VNINS.csv,lap,4,45831,1146.018563,9.733215,2050.575,300.711,,GPS uncertainty 100.0 m > 4.0 m,10.434962,35.52985313,-97.47494143,34.086,-19.827,-0.896,-1.035,99.990
VN300_2026-07-12_14-41-49_VNINS.csv,lap,4,45832,1146.018563,9.733215,2050.956,301.092,,GPS uncertainty 100.0 m > 4.0 m,10.434962,35.52985650,-97.47494218,34.036,-18.959,-0.888,-1.317,99.990
VN300_2026-07-12_14-41-49_VNINS.csv,lap,4,45833,1146.018563,9.733215,2051.337,301.473,,GPS uncertainty 100.0 m > 4.0 m,10.434962,35.52985988,-97.47494288,33.994,-18.042,-0.889,-1.414,99.990
VN300_2026-07-12_14-41-49_VNINS.csv,lap,4,45834,1146.018563,9.733215,2051.716,301.852,,GPS uncertainty 100.0 m > 4.0 m,10.434962,35.52986325,-97.47494354,33.859,-17.093,-0.937,-1.347,99.990
VN300_2026-07-12_14-41-49_VNINS.csv,lap,4,45835,1146.018563,9.733215,2052.095,302.231,,GPS uncertainty 100.0 m > 4.0 m,10.434962,35.52986662,-97.47494415,33.722,-16.086,-1.069,-1.258,99.990
VN300_2026-07-12_14-41-49_VNINS.csv,lap,4,45836,1146.018563,9.733215,2052.471,302.607,,GPS uncertainty 100.0 m > 4.0 m,10.434962,35.52986997,-97.47494470,33.564,-15.050,-1.183,-1.308,99.990
VN300_2026-07-12_14-41-49_VNINS.csv,lap,4,45837,1146.018563,9.733215,2052.847,302.983,,GPS uncertainty 100.0 m > 4.0 m,10.434962,35.52987333,-97.47494519,33.541,-13.970,-1.197,-1.382,99.990
VN300_2026-07-12_14-41-49_VNINS.csv,lap,4,45838,1146.018563,9.733215,2053.222,303.358,,GPS uncertainty 100.0 m > 4.0 m,10.434962,35.52987668,-97.47494563,33.467,-12.890,-1.086,-1.330,99.990
VN300_2026-07-12_14-41-49_VNINS.csv,lap,4,45839,1146.018563,9.733215,2053.732,303.868,,GPS uncertainty 100.0 m > 4.0 m,10.434962,35.52988123,-97.47494492,33.963,-11.907,-0.909,-1.323,99.990
VN300_2026-07-12_14-41-49_VNINS.csv,lap,4,45840,1146.284705,9.999357,2054.112,304.248,,GPS uncertainty 100.0 m > 4.0 m,10.434962,35.52988464,-97.47494515,33.942,-11.109,-0.762,-1.229,99.990
VN300_2026-07-12_14-41-49_VNINS.csv,lap,4,45841,1146.284705,9.999357,2054.492,304.628,,GPS uncertainty 100.0 m > 4.0 m,10.434962,35.52988806,-97.47494530,33.967,-10.495,-0.732,-1.167,99.990
VN300_2026-07-12_14-41-49_VNINS.csv,lap,4,45842,1146.284705,9.999357,2054.873,305.008,,GPS uncertainty 100.0 m > 4.0 m,10.434962,35.52989148,-97.47494540,34.090,-10.033,-0.757,-1.045,99.990
VN300_2026-07-12_14-41-49_VNINS.csv,lap,4,45843,1146.284705,9.999357,2055.255,305.391,,GPS uncertainty 100.0 m > 4.0 m,10.434962,35.52989492,-97.47494544,34.331,-9.662,-0.743,-0.967,99.990
VN300_2026-07-12_14-41-49_VNINS.csv,lap,4,45844,1146.284705,9.999357,2055.641,305.777,,GPS uncertainty 100.0 m > 4.0 m,10.434962,35.52989839,-97.47494541,34.568,-9.328,-0.723,-0.923,99.990
VN300_2026-07-12_14-41-49_VNINS.csv,lap,4,45845,1146.284705,9.999357,2056.029,306.165,,GPS uncertainty 100.0 m > 4.0 m,10.434962,35.52990188,-97.47494531,34.890,-9.058,-0.654,-0.845,99.990
VN300_2026-07-12_14-41-49_VNINS.csv,lap,4,45846,1146.284705,9.999357,2056.420,306.556,,GPS uncertainty 100.0 m > 4.0 m,10.434962,35.52990539,-97.47494513,35.121,-8.846,-0.543,-0.889,99.990
VN300_2026-07-12_14-41-49_VNINS.csv,lap,4,45847,1146.284705,9.999357,2056.814,306.950,-7.620414,,10.434962,35.52990893,-97.47494491,35.363,-8.699,-0.447,-0.885,2.950
VN300_2026-07-12_14-41-49_VNINS.csv,lap,4,45848,1146.284705,9.999357,2057.168,307.304,-7.620414,,10.434962,35.52991207,-97.47494428,34.442,-8.560,-0.443,-0.754,2.700
VN300_2026-07-12_14-41-49_VNINS.csv,lap,4,45849,1146.284705,9.999357,2057.553,307.689,-7.620414,,10.434962,35.52991552,-97.47494392,34.516,-8.366,-0.437,-0.750,2.700
VN300_2026-07-12_14-41-49_VNINS.csv,lap,4,45850,1146.538320,10.252972,2057.939,308.075,-7.366799,,10.434962,35.52991898,-97.47494352,34.587,-8.092,-0.471,-0.720,2.700
VN300_2026-07-12_14-41-49_VNINS.csv,lap,4,45851,1146.538320,10.252972,2058.326,308.462,-7.366799,,10.434962,35.52992244,-97.47494307,34.689,-7.705,-0.507,-0.709,2.700
VN300_2026-07-12_14-41-49_VNINS.csv,lap,4,45852,1146.538320,10.252972,2058.713,308.849,-7.366799,,10.434962,35.52992590,-97.47494257,34.800,-7.186,-0.501,-0.646,2.710
VN300_2026-07-12_14-41-49_VNINS.csv,lap,4,45853,1146.538320,10.252972,2059.103,309.238,-7.366799,,10.434962,35.52992937,-97.47494201,34.904,-6.589,-0.464,-0.601,2.710
VN300_2026-07-12_14-41-49_VNINS.csv,lap,4,45854,1146.538320,10.252972,2059.493,309.629,-7.366799,,10.434962,35.52993285,-97.47494140,35.037,-5.970,-0.392,-0.683,2.710
VN300_2026-07-12_14-41-49_VNINS.csv,lap,4,45855,1146.538320,10.252972,2060.014,310.150,-7.366799,,10.434962,35.52993715,-97.47494368,35.341,-5.342,-0.330,-0.599,2.510
VN300_2026-07-12_14-41-49_VNINS.csv,lap,4,45856,1146.538320,10.252972,2060.409,310.545,-7.366799,,10.434962,35.52994068,-97.47494316,35.492,-4.717,-0.304,-0.520,2.510
VN300_2026-07-12_14-41-49_VNINS.csv,lap,4,45857,1146.538320,10.252972,2060.806,310.942,-7.366799,,10.434962,35.52994422,-97.47494259,35.583,-4.125,-0.319,-0.578,2.510
VN300_2026-07-12_14-41-49_VNINS.csv,lap,4,45858,1146.538320,10.252972,2061.205,311.341,-7.366799,,10.434962,35.52994777,-97.47494198,35.684,-3.596,-0.332,-0.533,2.510
VN300_2026-07-12_14-41-49_VNINS.csv,lap,4,45859,1146.538320,10.252972,2061.605,311.741,-7.366799,,10.434962,35.52995133,-97.47494134,35.810,-3.127,-0.405,-0.443,2.510
VN300_2026-07-12_14-41-49_VNINS.csv,lap,4,45860,1146.538320,10.252972,2062.007,312.143,-7.366799,,10.434962,35.52995490,-97.47494067,36.000,-2.716,-0.496,-0.401,2.510
VN300_2026-07-12_14-41-49_VNINS.csv,lap,4,45861,1146.792159,10.506811,2062.409,312.545,-7.145972,,10.434962,35.52995847,-97.47493994,36.150,-2.393,-0.515,-0.597,2.510
VN300_2026-07-12_14-41-49_VNINS.csv,lap,4,45862,1146.792159,10.506811,2062.814,312.950,-7.297000,,10.434962,35.52996206,-97.47493919,36.269,-2.184,-0.566,-0.540,2.510
VN300_2026-07-12_14-41-49_VNINS.csv,lap,4,45863,1146.792159,10.506811,2063.169,313.305,-7.366407,,10.434962,35.52996525,-97.47493894,35.810,-2.085,-0.648,-0.464,2.360
VN300_2026-07-12_14-41-49_VNINS.csv,lap,4,45864,1146.792159,10.506811,2063.571,313.707,-7.366407,,10.434962,35.52996880,-97.47493815,35.961,-2.107,-0.653,-0.374,2.360
VN300_2026-07-12_14-41-49_VNINS.csv,lap,4,45865,1146.792159,10.506811,2063.973,314.109,-7.366407,,10.434962,35.52997236,-97.47493733,36.054,-2.321,-0.665,-0.214,2.360
VN300_2026-07-12_14-41-49_VNINS.csv,lap,4,45866,1146.792159,10.506811,2064.376,314.512,-7.366407,,10.434962,35.52997592,-97.47493649,36.217,-2.671,-0.684,-0.260,2.360
VN300_2026-07-12_14-41-49_VNINS.csv,lap,4,45867,1146.792159,10.506811,2064.783,314.919,-7.366407,,10.434962,35.52997950,-97.47493560,36.341,-3.102,-0.573,-0.154,2.360
VN300_2026-07-12_14-41-49_VNINS.csv,lap,4,45868,1146.792159,10.506811,2065.189,315.325,-7.366407,,10.434962,35.52998308,-97.47493471,36.412,-3.557,-0.439,-0.103,2.360
VN300_2026-07-12_14-41-49_VNINS.csv,lap,4,45869,1146.792159,10.506811,2065.596,315.732,-7.366407,,10.434962,35.52998667,-97.47493381,36.560,-4.037,-0.286,0.150,2.360
VN300_2026-07-12_14-41-49_VNINS.csv,lap,4,45870,1146.792159,10.506811,2066.005,316.141,-7.366407,,10.434962,35.52999027,-97.47493288,36.615,-4.415,-0.181,0.203,2.360
VN300_2026-07-12_14-41-49_VNINS.csv,lap,4,45871,1147.045697,10.760349,2066.476,316.612,-7.112869,,10.434962,35.52999404,-97.47493524,36.331,-4.740,-0.206,0.164,2.230
VN300_2026-07-12_14-41-49_VNINS.csv,lap,4,45872,1147.045697,10.760349,2066.883,317.019,-7.112869,,10.434962,35.52999765,-97.47493450,36.402,-5.009,-0.343,0.198,2.230
VN300_2026-07-12_14-41-49_VNINS.csv,lap,4,45873,1147.045697,10.760349,2067.291,317.427,-7.112869,,10.434962,35.53000127,-97.47493376,36.500,-5.232,-0.464,0.312,2.230
VN300_2026-07-12_14-41-49_VNINS.csv,lap,4,45874,1147.045697,10.760349,2067.700,317.836,-7.112869,,10.434962,35.53000490,-97.47493300,36.598,-5.314,-0.557,0.247,2.230
VN300_2026-07-12_14-41-49_VNINS.csv,lap,4,45875,1147.045697,10.760349,2068.110,318.246,-7.112869,,10.434962,35.53000853,-97.47493223,36.697,-5.324,-0.606,0.045,2.230
VN300_2026-07-12_14-41-49_VNINS.csv,lap,4,45876,1147.045697,10.760349,2068.521,318.657,-7.112869,,10.434962,35.53001218,-97.47493147,36.803,-5.336,-0.610,0.144,2.230
VN300_2026-07-12_14-41-49_VNINS.csv,lap,4,45877,1147.045697,10.760349,2068.934,319.070,-7.112869,,10.434962,35.53001584,-97.47493073,36.905,-5.358,-0.540,0.612,2.230
VN300_2026-07-12_14-41-49_VNINS.csv,lap,4,45878,1147.045697,10.760349,2069.346,319.482,-7.170855,,10.434962,35.53001950,-97.47492998,36.980,-5.443,-0.549,0.750,2.230
VN300_2026-07-12_14-41-49_VNINS.csv,lap,4,45879,1147.045697,10.760349,2069.843,319.979,-7.378466,,10.434962,35.53002334,-97.47493279,36.718,-5.663,-0.611,0.750,2.120
VN300_2026-07-12_14-41-49_VNINS.csv,lap,4,45880,1147.045697,10.760349,2070.254,320.390,-7.381325,,10.434962,35.53002701,-97.47493225,36.733,-6.074,-0.634,0.583,2.120
VN300_2026-07-12_14-41-49_VNINS.csv,lap,4,45881,1147.418306,11.132958,2070.666,320.802,-7.008716,,10.434962,35.53003069,-97.47493177,36.795,-6.693,-0.623,0.999,2.120
VN300_2026-07-12_14-41-49_VNINS.csv,lap,4,45882,1147.418306,11.132958,2071.078,321.214,-7.008716,,10.434962,35.53003438,-97.47493131,36.852,-7.524,-0.404,1.426,2.120
VN300_2026-07-12_14-41-49_VNINS.csv,lap,4,45883,1147.418306,11.132958,2071.491,321.626,-7.008716,,10.434962,35.53003807,-97.47493087,36.811,-8.490,-0.165,1.486,2.120
VN300_2026-07-12_14-41-49_VNINS.csv,lap,4,45884,1147.418306,11.132958,2071.903,322.039,-7.008716,,10.434962,35.53004176,-97.47493045,36.770,-9.452,-0.086,1.332,2.120
VN300_2026-07-12_14-41-49_VNINS.csv,lap,4,45885,1147.418306,11.132958,2072.313,322.449,-7.008716,,10.434962,35.53004544,-97.47493006,36.606,-10.374,-0.175,1.274,2.120
VN300_2026-07-12_14-41-49_VNINS.csv,lap,4,45886,1147.418306,11.132958,2072.724,322.860,-7.008716,,10.434962,35.53004912,-97.47492972,36.557,-11.281,-0.430,1.556,2.120
VN300_2026-07-12_14-41-49_VNINS.csv,lap,4,45887,1147.418306,11.132958,2073.133,323.269,-7.008716,,10.434962,35.53005279,-97.47492940,36.579,-12.256,-0.628,1.755,2.120
VN300_2026-07-12_14-41-49_VNINS.csv,lap,4,45888,1147.418306,11.132958,2073.610,323.746,-7.008716,,10.434962,35.53005664,-97.47493173,36.457,-13.288,-0.692,1.856,2.020
VN300_2026-07-12_14-41-49_VNINS.csv,lap,4,45889,1147.418306,11.132958,2074.019,324.155,-7.008716,,10.434962,35.53006032,-97.47493165,36.480,-14.400,-0.632,1.877,2.020
VN300_2026-07-12_14-41-49_VNINS.csv,lap,4,45890,1147.418306,11.132958,2074.426,324.562,-7.008716,,10.434962,35.53006398,-97.47493165,36.403,-15.515,-0.513,2.004,2.020
VN300_2026-07-12_14-41-49_VNINS.csv,lap,4,45891,1147.418306,11.132958,2074.834,324.970,-7.008716,,10.434962,35.53006765,-97.47493170,36.401,-16.570,-0.370,2.172,2.020
VN300_2026-07-12_14-41-49_VNINS.csv,lap,4,45892,1147.418306,11.132958,2075.241,325.377,-7.008716,,10.434962,35.53007131,-97.47493180,36.349,-17.490,-0.341,2.116,2.020
VN300_2026-07-12_14-41-49_VNINS.csv,lap,4,45893,1147.418306,11.132958,2075.648,325.783,-7.008716,,10.434962,35.53007496,-97.47493196,36.274,-18.272,-0.399,2.089,2.020
VN300_2026-07-12_14-41-49_VNINS.csv,lap,4,45894,1147.418306,11.132958,2076.054,326.190,-7.008716,,10.434962,35.53007861,-97.47493217,36.299,-18.902,-0.517,2.021,2.020
VN300_2026-07-12_14-41-49_VNINS.csv,lap,4,45895,1147.418306,11.132958,2076.603,326.739,-7.008716,,10.434962,35.53008272,-97.47493554,36.866,-19.377,-0.628,1.846,1.940
VN300_2026-07-12_14-41-49_VNINS.csv,lap,4,45896,1147.673347,11.387999,2077.017,327.153,-6.753675,,10.434962,35.53008642,-97.47493605,36.985,-19.807,-0.691,1.648,1.940
VN300_2026-07-12_14-41-49_VNINS.csv,lap,4,45897,1147.673347,11.387999,2077.431,327.567,-6.755433,,10.434962,35.53009011,-97.47493662,37.081,-20.212,-0.719,1.670,1.940
VN300_2026-07-12_14-41-49_VNINS.csv,lap,4,45898,1147.673347,11.387999,2077.846,327.982,-6.930584,,10.434962,35.53009381,-97.47493725,37.206,-20.561,-0.689,1.545,1.940
VN300_2026-07-12_14-41-49_VNINS.csv,lap,4,45899,1147.673347,11.387999,2078.263,328.399,-7.007414,,10.434962,35.53009752,-97.47493794,37.296,-20.887,-0.653,1.339,1.940
VN300_2026-07-12_14-41-49_VNINS.csv,lap,4,45900,1147.673347,11.387999,2078.681,328.817,-7.007414,,10.434962,35.53010123,-97.47493866,37.383,-21.151,-0.654,1.328,1.940
VN300_2026-07-12_14-41-49_VNINS.csv,lap,4,45901,1147.673347,11.387999,2079.099,329.235,-7.007414,,10.434962,35.53010494,-97.47493943,37.473,-21.352,-0.652,1.211,1.940
VN300_2026-07-12_14-41-49_VNINS.csv,lap,4,45902,1147.673347,11.387999,2079.518,329.654,-7.007414,,10.434962,35.53010865,-97.47494024,37.562,-21.522,-0.704,0.776,1.940
VN300_2026-07-12_14-41-49_VNINS.csv,lap,4,45903,1147.673347,11.387999,2079.935,330.071,-7.007414,,10.434962,35.53011230,-97.47494128,37.538,-21.619,-0.719,0.576,1.860
VN300_2026-07-12_14-41-49_VNINS.csv,lap,4,45904,1147.673347,11.387999,2080.356,330.491,-7.007414,,10.434962,35.53011601,-97.47494218,37.681,-21.627,-0.719,0.365,1.860
VN300_2026-07-12_14-41-49_VNINS.csv,lap,4,45905,1147.673347,11.387999,2080.777,330.913,-7.007414,,10.434962,35.53011973,-97.47494309,37.793,-21.483,-0.711,0.009,1.860
VN300_2026-07-12_14-41-49_VNINS.csv,lap,4,45906,1147.926923,11.641575,2081.200,331.336,-6.753838,,10.434962,35.53012345,-97.47494404,37.827,-21.267,-0.752,-0.249,1.860
VN300_2026-07-12_14-41-49_VNINS.csv,lap,4,45907,1147.926923,11.641575,2081.623,331.759,-6.753838,,10.434962,35.53012717,-97.47494501,37.963,-21.009,-0.822,-0.501,1.860
VN300_2026-07-12_14-41-49_VNINS.csv,lap,4,45908,1147.926923,11.641575,2082.048,332.184,-6.753838,,10.434962,35.53013091,-97.47494599,38.125,-20.703,-0.757,-0.954,1.860
VN300_2026-07-12_14-41-49_VNINS.csv,lap,4,45909,1147.926923,11.641575,2082.474,332.610,-6.753838,,10.434962,35.53013465,-97.47494700,38.178,-20.406,-0.668,-1.375,1.870
VN300_2026-07-12_14-41-49_VNINS.csv,lap,4,45910,1147.926923,11.641575,2082.901,333.037,-6.753838,,10.434962,35.53013840,-97.47494802,38.288,-20.178,-0.585,-1.562,1.870
VN300_2026-07-12_14-41-49_VNINS.csv,lap,4,45911,1147.926923,11.641575,2083.346,333.482,-6.753838,,10.434962,35.53014240,-97.47494820,38.390,-19.981,-0.524,-1.848,1.800
VN300_2026-07-12_14-41-49_VNINS.csv,lap,4,45912,1147.926923,11.641575,2083.775,333.911,-6.753838,,10.434962,35.53014619,-97.47494912,38.546,-19.798,-0.578,-2.357,1.800
VN300_2026-07-12_14-41-49_VNINS.csv,lap,4,45913,1147.926923,11.641575,2084.207,334.343,-6.753838,,10.434962,35.53015000,-97.47495005,38.650,-19.638,-0.636,-2.616,1.800
VN300_2026-07-12_14-41-49_VNINS.csv,lap,4,45914,1147.926923,11.641575,2084.640,334.776,-6.816389,,10.434962,35.53015382,-97.47495098,38.856,-19.466,-0.677,-2.892,1.800
VN300_2026-07-12_14-41-49_VNINS.csv,lap,4,45915,1147.926923,11.641575,2085.076,335.212,-6.993974,,10.434962,35.53015766,-97.47495193,39.065,-19.277,-0.665,-3.208,1.800
VN300_2026-07-12_14-41-49_VNINS.csv,lap,4,45916,1148.180447,11.895099,2085.514,335.650,-6.753930,,10.434962,35.53016152,-97.47495288,39.211,-19.115,-0.590,-3.484,1.800
VN300_2026-07-12_14-41-49_VNINS.csv,lap,4,45917,1148.180447,11.895099,2085.952,336.088,-6.753930,,10.434962,35.53016539,-97.47495383,39.389,-18.980,-0.561,-3.646,1.800
VN300_2026-07-12_14-41-49_VNINS.csv,lap,4,45918,1148.180447,11.895099,2086.393,336.529,-6.753930,,10.434962,35.53016928,-97.47495477,39.564,-18.832,-0.518,-3.992,1.800
VN300_2026-07-12_14-41-49_VNINS.csv,lap,4,45919,1148.180447,11.895099,2086.830,336.966,-6.753930,,10.434962,35.53017317,-97.47495414,39.484,-18.739,-0.488,-4.192,1.740
VN300_2026-07-12_14-41-49_VNINS.csv,lap,4,45920,1148.180447,11.895099,2087.272,337.408,-6.753930,,10.434962,35.53017709,-97.47495497,39.650,-18.707,-0.505,-4.243,1.740
VN300_2026-07-12_14-41-49_VNINS.csv,lap,4,45921,1148.180447,11.895099,2087.716,337.852,-6.753930,,10.434962,35.53018103,-97.47495578,39.817,-18.687,-0.512,-4.502,1.740
VN300_2026-07-12_14-41-49_VNINS.csv,lap,4,45922,1148.180447,11.895099,2088.163,338.299,-6.753930,,10.434962,35.53018499,-97.47495661,40.017,-18.743,-0.531,-4.836,1.740
VN300_2026-07-12_14-41-49_VNINS.csv,lap,4,45923,1148.180447,11.895099,2088.611,338.747,-6.753930,,10.434962,35.53018896,-97.47495747,40.170,-18.927,-0.558,-4.835,1.740
VN300_2026-07-12_14-41-49_VNINS.csv,lap,4,45924,1148.180447,11.895099,2089.061,339.197,-6.753930,,10.434962,35.53019295,-97.47495832,40.354,-19.140,-0.563,-4.967,1.740
VN300_2026-07-12_14-41-49_VNINS.csv,lap,4,45925,1148.180447,11.895099,2089.515,339.651,-6.753930,,10.434962,35.53019697,-97.47495916,40.519,-19.436,-0.501,-5.235,1.740
VN300_2026-07-12_14-41-49_VNINS.csv,lap,4,45926,1148.452393,12.167045,2089.968,340.104,-6.481984,,10.434962,35.53020099,-97.47496002,40.655,-19.758,-0.524,-5.394,1.740
VN300_2026-07-12_14-41-49_VNINS.csv,lap,4,45927,1148.452393,12.167045,2090.423,340.559,-6.481984,,10.434962,35.53020502,-97.47496088,40.733,-20.060,-0.586,-5.542,1.740
VN300_2026-07-12_14-41-49_VNINS.csv,lap,4,45928,1148.452393,12.167045,2090.851,340.987,-6.481984,,10.434962,35.53020886,-97.47496063,40.523,-20.300,-0.681,-5.886,1.680
VN300_2026-07-12_14-41-49_VNINS.csv,lap,4,45929,1148.452393,12.167045,2091.305,341.441,-6.481984,,10.434962,35.53021289,-97.47496143,40.546,-20.516,-0.839,-5.976,1.680
VN300_2026-07-12_14-41-49_VNINS.csv,lap,4,45930,1148.452393,12.167045,2091.758,341.894,-6.530055,,10.434962,35.53021691,-97.47496223,40.565,-20.693,-0.985,-6.123,1.680
VN300_2026-07-12_14-41-49_VNINS.csv,lap,4,45931,1148.452393,12.167045,2092.212,342.348,-6.707215,,10.434962,35.53022094,-97.47496304,40.533,-20.875,-1.144,-6.454,1.680
VN300_2026-07-12_14-41-49_VNINS.csv,lap,4,45932,1148.452393,12.167045,2092.665,342.801,-6.735452,,10.434962,35.53022496,-97.47496388,40.554,-21.065,-1.267,-6.839,1.690
VN300_2026-07-12_14-41-49_VNINS.csv,lap,4,45933,1148.452393,12.167045,2093.118,343.254,-6.735452,,10.434962,35.53022897,-97.47496477,40.467,-21.308,-1.264,-6.789,1.690
VN300_2026-07-12_14-41-49_VNINS.csv,lap,4,45934,1148.452393,12.167045,2093.568,343.704,-6.735452,,10.434962,35.53023295,-97.47496568,40.161,-21.548,-1.332,-7.033,1.690
VN300_2026-07-12_14-41-49_VNINS.csv,lap,4,45935,1148.452393,12.167045,2094.039,344.175,-6.735452,,10.434962,35.53023675,-97.47496797,39.863,-21.950,-1.390,-7.185,1.630
VN300_2026-07-12_14-41-49_VNINS.csv,lap,4,45936,1148.452393,12.167045,2094.483,344.619,-6.735452,,10.434962,35.53024066,-97.47496898,39.694,-22.458,-1.448,-7.491,1.630
VN300_2026-07-12_14-41-49_VNINS.csv,lap,4,45937,1148.706216,12.420868,2094.926,345.062,-6.481629,,10.434962,35.53024455,-97.47497001,39.407,-22.964,-1.464,-7.608,1.630
VN300_2026-07-12_14-41-49_VNINS.csv,lap,4,45938,1148.706216,12.420868,2095.364,345.500,-6.481629,,10.434962,35.53024840,-97.47497107,39.183,-23.488,-1.439,-7.811,1.630
VN300_2026-07-12_14-41-49_VNINS.csv,lap,4,45939,1148.706216,12.420868,2095.802,345.938,-6.481629,,10.434962,35.53025223,-97.47497216,38.933,-23.971,-1.404,-7.764,1.640
VN300_2026-07-12_14-41-49_VNINS.csv,lap,4,45940,1148.706216,12.420868,2096.236,346.372,-6.481629,,10.434962,35.53025603,-97.47497326,38.776,-24.339,-1.405,-7.913,1.640
VN300_2026-07-12_14-41-49_VNINS.csv,lap,4,45941,1148.706216,12.420868,2096.668,346.804,-6.481629,,10.434962,35.53025981,-97.47497436,38.550,-24.647,-1.429,-8.362,1.640
VN300_2026-07-12_14-41-49_VNINS.csv,lap,4,45942,1148.706216,12.420868,2097.097,347.233,-6.481629,,10.434962,35.53026356,-97.47497550,38.409,-24.952,-1.462,-8.516,1.640
VN300_2026-07-12_14-41-49_VNINS.csv,lap,4,45943,1148.706216,12.420868,2097.533,347.668,-6.481629,,10.434962,35.53026715,-97.47497742,38.272,-25.218,-1.460,-8.397,1.590
VN300_2026-07-12_14-41-49_VNINS.csv,lap,4,45944,1148.706216,12.420868,2097.959,348.095,-6.481629,,10.434962,35.53027086,-97.47497863,38.134,-25.496,-1.468,-8.586,1.590
VN300_2026-07-12_14-41-49_VNINS.csv,lap,4,45945,1148.706216,12.420868,2098.385,348.520,-6.481629,,10.434962,35.53027455,-97.47497986,37.950,-25.837,-1.524,-8.756,1.590
VN300_2026-07-12_14-41-49_VNINS.csv,lap,4,45946,1148.706216,12.420868,2098.807,348.943,-6.481629,,10.434962,35.53027821,-97.47498112,37.775,-26.243,-1.644,-8.929,1.590
VN300_2026-07-12_14-41-49_VNINS.csv,lap,4,45947,1148.959807,12.674459,2099.228,349.364,-6.228038,,10.434962,35.53028184,-97.47498243,37.672,-26.768,-1.834,-8.799,1.590
VN300_2026-07-12_14-41-49_VNINS.csv,lap,4,45948,1148.959807,12.674459,2099.647,349.783,-6.292624,,10.434962,35.53028545,-97.47498378,37.605,-27.535,-2.007,-8.943,1.590
VN300_2026-07-12_14-41-49_VNINS.csv,lap,4,45949,1148.959807,12.674459,2100.067,350.203,-6.415722,,10.434962,35.53028904,-97.47498520,37.475,-28.486,-2.194,-8.939,1.590
VN300_2026-07-12_14-41-49_VNINS.csv,lap,4,45950,1148.959807,12.674459,2100.484,350.620,-6.503946,,10.434962,35.53029260,-97.47498666,37.549,-29.664,-2.295,-9.051,1.590
VN300_2026-07-12_14-41-49_VNINS.csv,lap,4,45951,1148.959807,12.674459,2100.878,351.014,-6.503946,,10.434962,35.53029608,-97.47498749,37.278,-30.983,-2.315,-9.176,1.550
VN300_2026-07-12_14-41-49_VNINS.csv,lap,4,45952,1148.959807,12.674459,2101.294,351.430,-6.503946,,10.434962,35.53029960,-97.47498904,37.222,-32.324,-2.363,-9.195,1.550
VN300_2026-07-12_14-41-49_VNINS.csv,lap,4,45953,1148.959807,12.674459,2101.708,351.844,-6.503946,,10.434962,35.53030309,-97.47499063,37.144,-33.581,-2.523,-9.225,1.550
VN300_2026-07-12_14-41-49_VNINS.csv,lap,4,45954,1148.959807,12.674459,2102.122,352.258,-6.503946,,10.434962,35.53030657,-97.47499227,37.179,-34.731,-2.791,-9.462,1.550
VN300_2026-07-12_14-41-49_VNINS.csv,lap,4,45955,1148.959807,12.674459,2102.536,352.672,-6.503946,,10.434962,35.53031003,-97.47499396,37.147,-35.768,-3.139,-9.858,1.550
VN300_2026-07-12_14-41-49_VNINS.csv,lap,4,45956,1148.959807,12.674459,2102.949,353.085,-6.503946,,10.434962,35.53031346,-97.47499571,37.106,-36.690,-3.543,-10.041,1.550
VN300_2026-07-12_14-41-49_VNINS.csv,lap,4,45957,1149.213388,12.928040,2103.362,353.498,-6.250365,,10.434962,35.53031687,-97.47499752,37.187,-37.622,-3.898,-10.258,1.550
VN300_2026-07-12_14-41-49_VNINS.csv,lap,4,45958,1149.213388,12.928040,2103.776,353.912,-6.250365,,10.434962,35.53032026,-97.47499940,37.212,-38.590,-4.223,-10.608,1.550
VN300_2026-07-12_14-41-49_VNINS.csv,lap,4,45959,1149.213388,12.928040,2104.239,354.375,-6.250365,,10.434962,35.53032261,-97.47500362,37.437,-39.706,-4.400,-10.770,1.510
VN300_2026-07-12_14-41-49_VNINS.csv,lap,4,45960,1149.213388,12.928040,2104.655,354.791,-6.250365,,10.434962,35.53032592,-97.47500576,37.532,-40.830,-4.550,-10.943,1.510
VN300_2026-07-12_14-41-49_VNINS.csv,lap,4,45961,1149.213388,12.928040,2105.071,355.207,-6.250365,,10.434962,35.53032922,-97.47500794,37.663,-41.921,-4.634,-11.279,1.510
VN300_2026-07-12_14-41-49_VNINS.csv,lap,4,45962,1149.213388,12.928040,2105.487,355.623,-6.250365,,10.434962,35.53033248,-97.47501020,37.742,-42.906,-4.728,-11.341,1.510
VN300_2026-07-12_14-41-49_VNINS.csv,lap,4,45963,1149.213388,12.928040,2105.906,356.042,-6.250365,,10.434962,35.53033573,-97.47501253,37.861,-43.781,-4.865,-11.307,1.510
VN300_2026-07-12_14-41-49_VNINS.csv,lap,4,45964,1149.213388,12.928040,2106.324,356.460,-6.250365,,10.434962,35.53033894,-97.47501493,37.996,-44.522,-5.068,-11.576,1.510
VN300_2026-07-12_14-41-49_VNINS.csv,lap,4,45965,1149.213388,12.928040,2106.744,356.880,-6.307390,,10.434962,35.53034213,-97.47501743,38.203,-45.212,-5.258,-11.787,1.520
VN300_2026-07-12_14-41-49_VNINS.csv,lap,4,45966,1149.213388,12.928040,2107.167,357.303,-6.453275,,10.434962,35.53034529,-97.47502002,38.401,-45.876,-5.428,-11.740,1.520
VN300_2026-07-12_14-41-49_VNINS.csv,lap,4,45967,1149.213388,12.928040,2107.591,357.727,-6.503918,,10.434962,35.53034844,-97.47502266,38.632,-46.545,-5.572,-11.900,1.520
VN300_2026-07-12_14-41-49_VNINS.csv,lap,4,45968,1149.485587,13.200239,2107.893,358.029,-6.231719,,10.434962,35.53035053,-97.47502479,37.946,-47.173,-5.721,-12.440,1.480
VN300_2026-07-12_14-41-49_VNINS.csv,lap,4,45969,1149.485587,13.200239,2108.311,358.447,-6.231719,,10.434962,35.53035358,-97.47502750,38.128,-47.741,-5.884,-12.513,1.480
VN300_2026-07-12_14-41-49_VNINS.csv,lap,4,45970,1149.485587,13.200239,2108.732,358.868,-6.231719,,10.434962,35.53035662,-97.47503027,38.378,-48.238,-6.053,-12.570,1.480
VN300_2026-07-12_14-41-49_VNINS.csv,lap,4,45971,1149.485587,13.200239,2109.154,359.290,-6.231719,,10.434962,35.53035966,-97.47503307,38.607,-48.658,-6.257,-12.969,1.480
VN300_2026-07-12_14-41-49_VNINS.csv,lap,4,45972,1149.485587,13.200239,2109.580,359.716,-6.231719,,10.434962,35.53036269,-97.47503595,38.871,-49.137,-6.446,-13.375,1.480
VN300_2026-07-12_14-41-49_VNINS.csv,lap,4,45973,1149.485587,13.200239,2110.008,360.144,-6.231719,,10.434962,35.53036570,-97.47503890,39.230,-49.628,-6.572,-13.384,1.480
VN300_2026-07-12_14-41-49_VNINS.csv,lap,4,45974,1149.485587,13.200239,2110.440,360.576,-6.231719,,10.434962,35.53036873,-97.47504188,39.540,-50.139,-6.630,-13.605,1.480
VN300_2026-07-12_14-41-49_VNINS.csv,lap,4,45975,1149.485587,13.200239,2110.814,360.950,-6.231719,,10.434962,35.53037184,-97.47504346,39.147,-50.723,-6.627,-13.841,1.440
VN300_2026-07-12_14-41-49_VNINS.csv,lap,4,45976,1149.485587,13.200239,2111.247,361.383,-6.231719,,10.434962,35.53037487,-97.47504646,39.433,-51.223,-6.691,-13.903,1.440
VN300_2026-07-12_14-41-49_VNINS.csv,lap,4,45977,1149.485587,13.200239,2111.682,361.818,-6.231719,,10.434962,35.53037790,-97.47504950,39.725,-51.722,-6.812,-14.101,1.440
VN300_2026-07-12_14-41-49_VNINS.csv,lap,4,45978,1149.739063,13.453715,2112.121,362.257,-5.978243,,10.434962,35.53038094,-97.47505259,39.945,-52.138,-7.028,-14.472,1.440
VN300_2026-07-12_14-41-49_VNINS.csv,lap,4,45979,1149.739063,13.453715,2112.560,362.696,-5.978243,,10.434962,35.53038396,-97.47505573,40.182,-52.481,-7.200,-14.642,1.450
VN300_2026-07-12_14-41-49_VNINS.csv,lap,4,45980,1149.739063,13.453715,2113.004,363.140,-5.978243,,10.434962,35.53038698,-97.47505893,40.498,-52.799,-7.344,-14.923,1.450
VN300_2026-07-12_14-41-49_VNINS.csv,lap,4,45981,1149.739063,13.453715,2113.450,363.586,-5.978243,,10.434962,35.53039000,-97.47506218,40.709,-53.098,-7.440,-15.166,1.450
VN300_2026-07-12_14-41-49_VNINS.csv,lap,4,45982,1149.739063,13.453715,2113.899,364.035,-5.978243,,10.434962,35.53039302,-97.47506547,41.030,-53.375,-7.520,-15.312,1.450
VN300_2026-07-12_14-41-49_VNINS.csv,lap,4,45983,1149.739063,13.453715,2114.252,364.388,-5.978243,,10.434962,35.53039503,-97.47506849,40.563,-53.657,-7.569,-15.699,1.410
VN300_2026-07-12_14-41-49_VNINS.csv,lap,4,45984,1149.739063,13.453715,2114.700,364.836,-6.070123,,10.434962,35.53039801,-97.47507182,40.798,-53.944,-7.624,-16.039,1.410
VN300_2026-07-12_14-41-49_VNINS.csv,lap,4,45985,1149.739063,13.453715,2115.150,365.286,-6.218205,,10.434962,35.53040098,-97.47507520,41.035,-54.222,-7.701,-16.090,1.410
VN300_2026-07-12_14-41-49_VNINS.csv,lap,4,45986,1149.739063,13.453715,2115.603,365.739,-6.232221,,10.434962,35.53040395,-97.47507862,41.354,-54.444,-7.816,-16.451,1.410
VN300_2026-07-12_14-41-49_VNINS.csv,lap,4,45987,1149.739063,13.453715,2116.059,366.195,-6.232221,,10.434962,35.53040693,-97.47508209,41.684,-54.673,-7.995,-16.678,1.410
VN300_2026-07-12_14-41-49_VNINS.csv,lap,4,45988,1149.739063,13.453715,2116.518,366.654,-6.232221,,10.434962,35.53040991,-97.47508560,41.999,-54.930,-8.110,-16.699,1.410
VN300_2026-07-12_14-41-49_VNINS.csv,lap,4,45989,1149.992901,13.707553,2116.982,367.117,-5.978383,,10.434962,35.53041292,-97.47508914,42.244,-55.163,-8.244,-16.880,1.410
VN300_2026-07-12_14-41-49_VNINS.csv,lap,4,45990,1149.992901,13.707553,2117.447,367.583,-5.978383,,10.434962,35.53041594,-97.47509271,42.527,-55.539,-8.272,-17.438,1.420
VN300_2026-07-12_14-41-49_VNINS.csv,lap,4,45991,1149.992901,13.707553,2117.842,367.977,-5.978383,,10.434962,35.53041829,-97.47509597,42.100,-56.069,-8.273,-17.200,1.380
VN300_2026-07-12_14-41-49_VNINS.csv,lap,4,45992,1149.992901,13.707553,2118.308,368.443,-5.978383,,10.434962,35.53042127,-97.47509959,42.388,-56.620,-8.275,-17.197,1.380
VN300_2026-07-12_14-41-49_VNINS.csv,lap,4,45993,1149.992901,13.707553,2118.776,368.912,-5.978383,,10.434962,35.53042424,-97.47510326,42.529,-57.255,-8.243,-17.477,1.380
VN300_2026-07-12_14-41-49_VNINS.csv,lap,4,45994,1149.992901,13.707553,2119.245,369.381,-5.978383,,10.434962,35.53042719,-97.47510696,42.616,-57.823,-8.400,-17.652,1.380
VN300_2026-07-12_14-41-49_VNINS.csv,lap,4,45995,1149.992901,13.707553,2119.714,369.850,-5.978383,,10.434962,35.53043011,-97.47511071,42.730,-58.303,-8.655,-17.726,1.380
VN300_2026-07-12_14-41-49_VNINS.csv,lap,4,45996,1149.992901,13.707553,2120.185,370.321,-5.978383,,10.434962,35.53043302,-97.47511449,42.714,-58.767,-9.006,-18.096,1.380
VN300_2026-07-12_14-41-49_VNINS.csv,lap,4,45997,1149.992901,13.707553,2120.655,370.791,-5.978383,,10.434962,35.53043589,-97.47511830,42.741,-59.370,-9.370,-18.139,1.390
VN300_2026-07-12_14-41-49_VNINS.csv,lap,4,45998,1149.992901,13.707553,2121.125,371.261,-5.978383,,10.434962,35.53043872,-97.47512216,42.750,-60.041,-9.696,-18.019,1.390
VN300_2026-07-12_14-41-49_VNINS.csv,lap,4,45999,1150.246455,13.961107,2121.513,371.649,-5.724829,,10.434962,35.53044035,-97.47512595,42.152,-60.755,-9.951,-18.319,1.350
VN300_2026-07-12_14-41-49_VNINS.csv,lap,4,46000,1150.246455,13.961107,2121.975,372.111,-5.772676,,10.434962,35.53044308,-97.47512980,41.837,-61.466,-10.136,-18.419,1.360
VN300_2026-07-12_14-41-49_VNINS.csv,lap,4,46001,1150.246455,13.961107,2122.434,372.569,-5.922406,,10.434962,35.53044577,-97.47513364,41.522,-62.063,-10.397,-18.332,1.360
VN300_2026-07-12_14-41-49_VNINS.csv,lap,4,46002,1150.246455,13.961107,2122.888,373.024,-5.978278,,10.434962,35.53044841,-97.47513748,41.325,-62.630,-10.663,-18.449,1.360
VN300_2026-07-12_14-41-49_VNINS.csv,lap,4,46003,1150.246455,13.961107,2123.342,373.478,-5.978278,,10.434962,35.53045101,-97.47514134,41.086,-63.220,-10.889,-18.555,1.360
VN300_2026-07-12_14-41-49_VNINS.csv,lap,4,46004,1150.246455,13.961107,2123.791,373.927,-5.978278,,10.434962,35.53045356,-97.47514519,40.897,-63.788,-11.150,-18.544,1.360
VN300_2026-07-12_14-41-49_VNINS.csv,lap,4,46005,1150.246455,13.961107,2124.239,374.375,-5.978278,,10.434962,35.53045608,-97.47514905,40.786,-64.339,-11.361,-18.774,1.360
VN300_2026-07-12_14-41-49_VNINS.csv,lap,4,46006,1150.246455,13.961107,2124.686,374.822,-5.978278,,10.434962,35.53045857,-97.47515293,40.795,-64.957,-11.538,-19.052,1.360
VN300_2026-07-12_14-41-49_VNINS.csv,lap,4,46007,1150.246455,13.961107,2125.133,375.269,-5.978278,,10.434962,35.53046104,-97.47515683,40.807,-65.502,-11.744,-19.208,1.360
VN300_2026-07-12_14-41-49_VNINS.csv,lap,4,46008,1150.246455,13.961107,2125.580,375.716,-5.978278,,10.434962,35.53046256,-97.47516140,40.605,-65.953,-12.002,-19.017,1.330
VN300_2026-07-12_14-41-49_VNINS.csv,lap,4,46009,1150.523836,14.238488,2126.026,376.162,-5.700897,,10.434962,35.53046494,-97.47516537,40.816,-66.391,-12.259,-19.017,1.330
VN300_2026-07-12_14-41-49_VNINS.csv,lap,4,46010,1150.523836,14.238488,2126.474,376.610,-5.700897,,10.434962,35.53046729,-97.47516939,41.031,-67.028,-12.449,-19.227,1.330
VN300_2026-07-12_14-41-49_VNINS.csv,lap,4,46011,1150.523836,14.238488,2126.925,377.061,-5.700897,,10.434962,35.53046963,-97.47517346,41.379,-67.937,-12.523,-19.404,1.330
VN300_2026-07-12_14-41-49_VNINS.csv,lap,4,46012,1150.523836,14.238488,2127.377,377.513,-5.700897,,10.434962,35.53047193,-97.47517758,41.461,-68.857,-12.522,-19.217,1.330
VN300_2026-07-12_14-41-49_VNINS.csv,lap,4,46013,1150.523836,14.238488,2127.830,377.966,-5.700897,,10.434962,35.53047420,-97.47518174,41.620,-69.770,-12.517,-18.668,1.330
VN300_2026-07-12_14-41-49_VNINS.csv,lap,4,46014,1150.523836,14.238488,2128.285,378.421,-5.700897,,10.434962,35.53047646,-97.47518593,41.650,-70.480,-12.712,-18.763,1.330
VN300_2026-07-12_14-41-49_VNINS.csv,lap,4,46015,1150.523836,14.238488,2128.632,378.768,-5.700897,,10.434962,35.53047779,-97.47518940,40.931,-71.088,-13.063,-19.177,1.300
VN300_2026-07-12_14-41-49_VNINS.csv,lap,4,46016,1150.523836,14.238488,2129.079,379.215,-5.700897,,10.434962,35.53047992,-97.47519359,40.817,-71.687,-13.475,-19.212,1.310
VN300_2026-07-12_14-41-49_VNINS.csv,lap,4,46017,1150.523836,14.238488,2129.525,379.661,-5.700897,,10.434962,35.53048199,-97.47519781,40.870,-72.394,-13.861,-19.176,1.310
VN300_2026-07-12_14-41-49_VNINS.csv,lap,4,46018,1150.523836,14.238488,2129.973,380.108,-5.760934,,10.434962,35.53048403,-97.47520207,40.884,-73.166,-14.215,-19.350,1.310
VN300_2026-07-12_14-41-49_VNINS.csv,lap,4,46019,1150.523836,14.238488,2130.419,380.554,-5.919399,,10.434962,35.53048602,-97.47520635,40.823,-73.999,-14.542,-19.222,1.310
VN300_2026-07-12_14-41-49_VNINS.csv,lap,4,46020,1150.777671,14.492323,2130.864,381.000,-5.716486,,10.434962,35.53048797,-97.47521065,40.912,-74.885,-14.900,-19.468,1.310
VN300_2026-07-12_14-41-49_VNINS.csv,lap,4,46021,1150.777671,14.492323,2131.310,381.446,-5.716486,,10.434962,35.53048988,-97.47521498,40.892,-75.780,-15.210,-19.645,1.310
VN300_2026-07-12_14-41-49_VNINS.csv,lap,4,46022,1150.777671,14.492323,2131.754,381.890,-5.716486,,10.434962,35.53049172,-97.47521934,40.891,-76.769,-15.433,-19.342,1.310
VN300_2026-07-12_14-41-49_VNINS.csv,lap,4,46023,1150.777671,14.492323,2132.216,382.352,-5.716486,,10.434962,35.53049225,-97.47522440,40.651,-77.761,-15.675,-19.109,1.280
VN300_2026-07-12_14-41-49_VNINS.csv,lap,4,46024,1150.777671,14.492323,2132.659,382.795,-5.716486,,10.434962,35.53049399,-97.47522881,40.856,-78.740,-15.920,-19.375,1.280
VN300_2026-07-12_14-41-49_VNINS.csv,lap,4,46025,1150.777671,14.492323,2133.104,383.240,-5.716486,,10.434962,35.53049569,-97.47523326,40.918,-79.663,-16.213,-19.131,1.280
VN300_2026-07-12_14-41-49_VNINS.csv,lap,4,46026,1150.777671,14.492323,2133.551,383.687,-5.716486,,10.434962,35.53049737,-97.47523775,41.164,-80.479,-16.420,-18.811,1.280
VN300_2026-07-12_14-41-49_VNINS.csv,lap,4,46027,1150.777671,14.492323,2134.000,384.136,-5.716486,,10.434962,35.53049902,-97.47524228,41.242,-81.376,-16.643,-19.029,1.280
VN300_2026-07-12_14-41-49_VNINS.csv,lap,4,46028,1150.777671,14.492323,2134.449,384.584,-5.716486,,10.434962,35.53050061,-97.47524683,41.345,-82.271,-16.872,-19.135,1.290
VN300_2026-07-12_14-41-49_VNINS.csv,lap,4,46029,1150.777671,14.492323,2134.898,385.034,-5.716486,,10.434962,35.53050217,-97.47525141,41.370,-83.140,-17.077,-18.868,1.290
VN300_2026-07-12_14-41-49_VNINS.csv,lap,4,46030,1151.031084,14.745736,2135.348,385.484,-5.463073,,10.434962,35.53050372,-97.47525601,41.473,-83.885,-17.479,-18.813,1.290
VN300_2026-07-12_14-41-49_VNINS.csv,lap,4,46031,1151.031084,14.745736,2135.804,385.940,-5.463073,,10.434962,35.53050342,-97.47526103,40.717,-84.518,-17.949,-18.787,1.260
VN300_2026-07-12_14-41-49_VNINS.csv,lap,4,46032,1151.031084,14.745736,2136.245,386.381,-5.463073,,10.434962,35.53050481,-97.47526560,40.656,-85.126,-18.528,-18.584,1.260
VN300_2026-07-12_14-41-49_VNINS.csv,lap,4,46033,1151.031084,14.745736,2136.687,386.822,-5.463073,,10.434962,35.53050615,-97.47527019,40.615,-85.956,-18.986,-18.505,1.260
VN300_2026-07-12_14-41-49_VNINS.csv,lap,4,46034,1151.031084,14.745736,2137.127,387.263,-5.463073,,10.434962,35.53050745,-97.47527479,40.535,-87.001,-19.359,-18.739,1.260
VN300_2026-07-12_14-41-49_VNINS.csv,lap,4,46035,1151.031084,14.745736,2137.565,387.701,-5.463073,,10.434962,35.53050867,-97.47527939,40.234,-88.165,-19.632,-18.529,1.260
VN300_2026-07-12_14-41-49_VNINS.csv,lap,4,46036,1151.031084,14.745736,2138.000,388.136,-5.463073,,10.434962,35.53050985,-97.47528397,40.001,-89.220,-20.011,-18.393,1.260
VN300_2026-07-12_14-41-49_VNINS.csv,lap,4,46037,1151.031084,14.745736,2138.429,388.565,-5.478681,,10.434962,35.53051098,-97.47528851,39.624,-90.291,-20.408,-18.202,1.260
VN300_2026-07-12_14-41-49_VNINS.csv,lap,4,46038,1151.031084,14.745736,2138.855,388.991,-5.622844,,10.434962,35.53051205,-97.47529303,39.311,-91.400,-20.886,-18.019,1.260
VN300_2026-07-12_14-41-49_VNINS.csv,lap,4,46039,1151.031084,14.745736,2139.414,389.550,-5.716875,,10.434962,35.53051168,-97.47529919,39.062,-92.571,-21.348,-17.780,1.240
VN300_2026-07-12_14-41-49_VNINS.csv,lap,4,46040,1151.284610,14.999262,2139.834,389.970,-5.463349,,10.434962,35.53051261,-97.47530369,38.771,-93.928,-21.755,-17.426,1.240
VN300_2026-07-12_14-41-49_VNINS.csv,lap,4,46041,1151.284610,14.999262,2140.252,390.388,-5.463349,,10.434962,35.53051349,-97.47530818,38.413,-95.382,-22.041,-17.090,1.240
VN300_2026-07-12_14-41-49_VNINS.csv,lap,4,46042,1151.284610,14.999262,2140.665,390.801,-5.463349,,10.434962,35.53051430,-97.47531263,38.050,-96.766,-22.375,-16.741,1.240
VN300_2026-07-12_14-41-49_VNINS.csv,lap,4,46043,1151.284610,14.999262,2141.073,391.209,-5.463349,,10.434962,35.53051507,-97.47531704,37.738,-97.933,-22.770,-16.761,1.240
VN300_2026-07-12_14-41-49_VNINS.csv,lap,4,46044,1151.284610,14.999262,2141.478,391.614,-5.463349,,10.434962,35.53051576,-97.47532143,37.389,-98.945,-23.247,-16.676,1.240
VN300_2026-07-12_14-41-49_VNINS.csv,lap,4,46045,1151.284610,14.999262,2141.878,392.013,-5.463349,,10.434962,35.53051639,-97.47532578,37.192,-99.901,-23.802,-16.534,1.240
VN300_2026-07-12_14-41-49_VNINS.csv,lap,4,46046,1151.284610,14.999262,2142.275,392.411,-5.463349,,10.434962,35.53051698,-97.47533011,37.027,-100.924,-24.349,-16.543,1.240
VN300_2026-07-12_14-41-49_VNINS.csv,lap,4,46047,1151.284610,14.999262,2142.827,392.963,-5.463349,,10.434962,35.53051453,-97.47533542,36.958,-102.136,-24.806,-16.492,1.220
VN300_2026-07-12_14-41-49_VNINS.csv,lap,4,46048,1151.284610,14.999262,2143.223,393.359,-5.463349,,10.434962,35.53051489,-97.47533977,36.759,-103.618,-25.100,-15.897,1.220
VN300_2026-07-12_14-41-49_VNINS.csv,lap,4,46049,1151.284610,14.999262,2143.615,393.751,-5.463349,,10.434962,35.53051522,-97.47534408,36.568,-105.077,-25.322,-15.519,1.220
VN300_2026-07-12_14-41-49_VNINS.csv,lap,4,46050,1151.553319,15.267971,2144.003,394.139,-5.194640,,10.434962,35.53051551,-97.47534836,36.286,-106.338,-25.620,-15.409,1.220
VN300_2026-07-12_14-41-49_VNINS.csv,lap,4,46051,1151.553319,15.267971,2144.388,394.524,-5.194640,,10.434962,35.53051573,-97.47535260,36.071,-107.447,-26.012,-15.218,1.220
VN300_2026-07-12_14-41-49_VNINS.csv,lap,4,46052,1151.553319,15.267971,2144.768,394.904,-5.194640,,10.434962,35.53051587,-97.47535680,35.612,-108.319,-26.420,-14.764,1.220
VN300_2026-07-12_14-41-49_VNINS.csv,lap,4,46053,1151.553319,15.267971,2145.145,395.281,-5.194640,,10.434962,35.53051594,-97.47536096,35.467,-109.211,-26.840,-14.643,1.220
VN300_2026-07-12_14-41-49_VNINS.csv,lap,4,46054,1151.553319,15.267971,2145.519,395.655,-5.194640,,10.434962,35.53051594,-97.47536510,35.294,-110.258,-27.107,-14.758,1.220
VN300_2026-07-12_14-41-49_VNINS.csv,lap,4,46055,1151.553319,15.267971,2146.025,396.161,-5.194640,,10.434962,35.53051365,-97.47536993,35.073,-111.576,-27.207,-14.415,1.200
VN300_2026-07-12_14-41-49_VNINS.csv,lap,4,46056,1151.553319,15.267971,2146.399,396.535,-5.299559,,10.434962,35.53051348,-97.47537406,35.018,-113.113,-27.083,-13.804,1.200
VN300_2026-07-12_14-41-49_VNINS.csv,lap,4,46057,1151.553319,15.267971,2146.772,396.908,-5.427196,,10.434962,35.53051324,-97.47537817,34.925,-114.470,-26.977,-13.610,1.200
VN300_2026-07-12_14-41-49_VNINS.csv,lap,4,46058,1151.553319,15.267971,2147.144,397.280,-5.448132,,10.434962,35.53051294,-97.47538226,34.765,-115.589,-27.017,-13.704,1.200
VN300_2026-07-12_14-41-49_VNINS.csv,lap,4,46059,1151.553319,15.267971,2147.513,397.649,-5.448132,,10.434962,35.53051259,-97.47538632,34.702,-116.291,-27.234,-13.771,1.200
VN300_2026-07-12_14-41-49_VNINS.csv,lap,4,46060,1151.553319,15.267971,2147.881,398.017,-5.448132,,10.434962,35.53051219,-97.47539036,34.700,-116.694,-27.584,-13.790,1.200
VN300_2026-07-12_14-41-49_VNINS.csv,lap,4,46061,1151.807137,15.521789,2148.250,398.386,-5.194314,,10.434962,35.53051171,-97.47539439,34.880,-117.000,-27.969,-13.883,1.200
VN300_2026-07-12_14-41-49_VNINS.csv,lap,4,46062,1151.807137,15.521789,2148.620,398.756,-5.194314,,10.434962,35.53051120,-97.47539843,35.097,-117.346,-28.347,-14.376,1.200
VN300_2026-07-12_14-41-49_VNINS.csv,lap,4,46063,1151.807137,15.521789,2149.032,399.168,-5.194314,,10.434962,35.53050900,-97.47540210,34.567,-117.873,-28.655,-14.838,1.180
VN300_2026-07-12_14-41-49_VNINS.csv,lap,4,46064,1151.807137,15.521789,2149.403,399.539,-5.194314,,10.434962,35.53050841,-97.47540613,34.936,-118.683,-28.808,-14.823,1.180
VN300_2026-07-12_14-41-49_VNINS.csv,lap,4,46065,1151.807137,15.521789,2149.779,399.915,-5.194314,,10.434962,35.53050779,-97.47541021,35.292,-119.712,-28.716,-14.707,1.180
VN300_2026-07-12_14-41-49_VNINS.csv,lap,4,46066,1151.807137,15.521789,2150.157,400.293,-5.194314,,10.434962,35.53050711,-97.47541431,35.587,-120.878,-28.489,-14.433,1.180
VN300_2026-07-12_14-41-49_VNINS.csv,lap,4,46067,1151.807137,15.521789,2150.538,400.674,-5.194314,,10.434962,35.53050638,-97.47541842,35.885,-121.860,-28.307,-13.918,1.180
VN300_2026-07-12_14-41-49_VNINS.csv,lap,4,46068,1151.807137,15.521789,2150.923,401.059,-5.194314,,10.434962,35.53050560,-97.47542257,36.183,-122.645,-28.250,-13.784,1.180
VN300_2026-07-12_14-41-49_VNINS.csv,lap,4,46069,1151.807137,15.521789,2151.310,401.446,-5.194314,,10.434962,35.53050477,-97.47542672,36.317,-123.081,-28.451,-13.747,1.180
VN300_2026-07-12_14-41-49_VNINS.csv,lap,4,46070,1151.807137,15.521789,2151.699,401.835,-5.194314,,10.434962,35.53050386,-97.47543087,36.582,-123.336,-28.797,-13.684,1.180
VN300_2026-07-12_14-41-49_VNINS.csv,lap,4,46071,1152.060671,15.775323,2152.126,402.262,-4.940780,,10.434962,35.53050195,-97.47543496,36.270,-123.524,-29.221,-13.924,1.160
VN300_2026-07-12_14-41-49_VNINS.csv,lap,4,46072,1152.060671,15.775323,2152.518,402.653,-4.940780,,10.434962,35.53050100,-97.47543913,36.474,-123.756,-29.604,-14.459,1.160
VN300_2026-07-12_14-41-49_VNINS.csv,lap,4,46073,1152.060671,15.775323,2152.911,403.047,-4.940780,,10.434962,35.53050001,-97.47544330,36.617,-124.072,-29.793,-14.622,1.160
VN300_2026-07-12_14-41-49_VNINS.csv,lap,4,46074,1152.060671,15.775323,2153.306,403.442,-4.940780,,10.434962,35.53049898,-97.47544748,36.909,-124.365,-29.748,-14.727,1.160
VN300_2026-07-12_14-41-49_VNINS.csv,lap,4,46075,1152.060671,15.775323,2153.705,403.841,-4.940780,,10.434962,35.53049792,-97.47545169,37.274,-124.603,-29.597,-15.103,1.160
VN300_2026-07-12_14-41-49_VNINS.csv,lap,4,46076,1152.060671,15.775323,2154.106,404.242,-5.008584,,10.434962,35.53049684,-97.47545592,37.591,-124.834,-29.392,-15.349,1.160
VN300_2026-07-12_14-41-49_VNINS.csv,lap,4,46077,1152.060671,15.775323,2154.511,404.647,-5.085943,,10.434962,35.53049572,-97.47546018,37.903,-125.071,-29.226,-15.381,1.170
VN300_2026-07-12_14-41-49_VNINS.csv,lap,4,46078,1152.060671,15.775323,2154.920,405.056,-5.163993,,10.434962,35.53049457,-97.47546447,38.278,-125.210,-29.189,-15.608,1.170
VN300_2026-07-12_14-41-49_VNINS.csv,lap,4,46079,1152.060671,15.775323,2155.412,405.548,-5.194237,,10.434962,35.53049236,-97.47546919,38.401,-125.314,-29.294,-15.980,1.140
VN300_2026-07-12_14-41-49_VNINS.csv,lap,4,46080,1152.060671,15.775323,2155.829,405.965,-5.194237,,10.434962,35.53049114,-97.47547354,38.652,-125.453,-29.387,-16.135,1.150
VN300_2026-07-12_14-41-49_VNINS.csv,lap,4,46081,1152.314246,16.028898,2156.248,406.383,-4.940662,,10.434962,35.53048990,-97.47547791,39.008,-125.539,-29.501,-16.465,1.150
VN300_2026-07-12_14-41-49_VNINS.csv,lap,4,46082,1152.314246,16.028898,2156.672,406.808,-4.940662,,10.434962,35.53048865,-97.47548234,39.419,-125.605,-29.596,-16.978,1.150
VN300_2026-07-12_14-41-49_VNINS.csv,lap,4,46083,1152.314246,16.028898,2157.099,407.235,-4.940662,,10.434962,35.53048737,-97.47548679,39.718,-125.677,-29.590,-17.135,1.150
VN300_2026-07-12_14-41-49_VNINS.csv,lap,4,46084,1152.314246,16.028898,2157.531,407.667,-4.940662,,10.434962,35.53048607,-97.47549129,40.094,-125.748,-29.534,-17.359,1.150
VN300_2026-07-12_14-41-49_VNINS.csv,lap,4,46085,1152.314246,16.028898,2157.966,408.102,-4.940662,,10.434962,35.53048475,-97.47549582,40.504,-125.789,-29.492,-17.797,1.150
VN300_2026-07-12_14-41-49_VNINS.csv,lap,4,46086,1152.314246,16.028898,2158.406,408.542,-4.940662,,10.434962,35.53048341,-97.47550039,40.818,-125.902,-29.376,-18.177,1.150
VN300_2026-07-12_14-41-49_VNINS.csv,lap,4,46087,1152.314246,16.028898,2158.782,408.918,-4.940662,,10.434962,35.53048166,-97.47550394,40.536,-126.057,-29.292,-18.093,1.130
VN300_2026-07-12_14-41-49_VNINS.csv,lap,4,46088,1152.314246,16.028898,2159.225,409.361,-4.940662,,10.434962,35.53048033,-97.47550856,41.062,-126.211,-29.252,-18.094,1.130
VN300_2026-07-12_14-41-49_VNINS.csv,lap,4,46089,1152.314246,16.028898,2159.673,409.809,-4.940662,,10.434962,35.53047899,-97.47551323,41.412,-126.454,-29.290,-18.385,1.130
VN300_2026-07-12_14-41-49_VNINS.csv,lap,4,46090,1152.314246,16.028898,2160.125,410.261,-4.940662,,10.434962,35.53047763,-97.47551794,41.687,-126.770,-29.422,-18.384,1.130
VN300_2026-07-12_14-41-49_VNINS.csv,lap,4,46091,1152.314246,16.028898,2160.581,410.717,-4.940662,,10.434962,35.53047625,-97.47552268,42.106,-127.111,-29.620,-18.233,1.130
VN300_2026-07-12_14-41-49_VNINS.csv,lap,4,46092,1152.585712,16.300364,2161.041,411.177,-4.669196,,10.434962,35.53047483,-97.47552746,42.482,-127.483,-29.813,-18.149,1.130
VN300_2026-07-12_14-41-49_VNINS.csv,lap,4,46093,1152.585712,16.300364,2161.505,411.641,-4.669196,,10.434962,35.53047340,-97.47553227,42.715,-127.965,-29.935,-18.042,1.130
VN300_2026-07-12_14-41-49_VNINS.csv,lap,4,46094,1152.585712,16.300364,2161.971,412.107,-4.710583,,10.434962,35.53047193,-97.47553709,42.968,-128.477,-30.036,-18.032,1.130
VN300_2026-07-12_14-41-49_VNINS.csv,lap,4,46095,1152.585712,16.300364,2162.254,412.390,-4.825469,,10.434962,35.53047054,-97.47553971,42.128,-128.970,-30.169,-17.886,1.110
VN300_2026-07-12_14-41-49_VNINS.csv,lap,4,46096,1152.585712,16.300364,2162.716,412.852,-4.936506,,10.434962,35.53046903,-97.47554447,42.468,-129.482,-30.288,-17.644,1.110
VN300_2026-07-12_14-41-49_VNINS.csv,lap,4,46097,1152.585712,16.300364,2163.181,413.317,-4.936506,,10.434962,35.53046751,-97.47554926,42.723,-129.945,-30.482,-17.616,1.110
VN300_2026-07-12_14-41-49_VNINS.csv,lap,4,46098,1152.585712,16.300364,2163.649,413.785,-4.936506,,10.434962,35.53046596,-97.47555407,43.110,-130.411,-30.685,-17.648,1.110
VN300_2026-07-12_14-41-49_VNINS.csv,lap,4,46099,1152.585712,16.300364,2164.121,414.257,-4.936506,,10.434962,35.53046439,-97.47555891,43.358,-131.000,-30.798,-17.627,1.110
VN300_2026-07-12_14-41-49_VNINS.csv,lap,4,46100,1152.585712,16.300364,2164.596,414.732,-4.936506,,10.434962,35.53046277,-97.47556377,43.655,-131.624,-30.914,-17.329,1.110
VN300_2026-07-12_14-41-49_VNINS.csv,lap,4,46101,1152.585712,16.300364,2165.075,415.211,-4.936506,,10.434962,35.53046113,-97.47556866,44.017,-132.261,-31.005,-17.134,1.110
VN300_2026-07-12_14-41-49_VNINS.csv,lap,4,46102,1152.839347,16.553999,2165.556,415.692,-4.682871,,10.434962,35.53045948,-97.47557358,44.238,-132.938,-31.134,-17.211,1.110
VN300_2026-07-12_14-41-49_VNINS.csv,lap,4,46103,1152.839347,16.553999,2165.848,415.984,-4.682871,,10.434962,35.53045742,-97.47557558,43.247,-133.640,-31.275,-17.150,1.100
VN300_2026-07-12_14-41-49_VNINS.csv,lap,4,46104,1152.839347,16.553999,2166.321,416.457,-4.682871,,10.434962,35.53045570,-97.47558036,43.558,-134.412,-31.415,-16.843,1.100
VN300_2026-07-12_14-41-49_VNINS.csv,lap,4,46105,1152.839347,16.553999,2166.800,416.936,-4.682871,,10.434962,35.53045395,-97.47558520,43.923,-135.143,-31.569,-16.530,1.100
VN300_2026-07-12_14-41-49_VNINS.csv,lap,4,46106,1152.839347,16.553999,2167.283,417.418,-4.682871,,10.434962,35.53045219,-97.47559007,44.074,-135.610,-31.930,-16.711,1.100
VN300_2026-07-12_14-41-49_VNINS.csv,lap,4,46107,1152.839347,16.553999,2167.766,417.902,-4.682871,,10.434962,35.53045038,-97.47559493,44.234,-136.150,-32.301,-16.908,1.100
VN300_2026-07-12_14-41-49_VNINS.csv,lap,4,46108,1152.839347,16.553999,2168.251,418.387,-4.682871,,10.434962,35.53044851,-97.47559977,44.327,-136.788,-32.452,-16.399,1.100
VN300_2026-07-12_14-41-49_VNINS.csv,lap,4,46109,1152.839347,16.553999,2168.737,418.873,-4.682871,,10.434962,35.53044662,-97.47560461,44.534,-137.498,-32.565,-16.255,1.100
VN300_2026-07-12_14-41-49_VNINS.csv,lap,4,46110,1152.839347,16.553999,2169.225,419.360,-4.682871,,10.434962,35.53044469,-97.47560945,44.636,-138.430,-32.581,-16.275,1.100
VN300_2026-07-12_14-41-49_VNINS.csv,lap,4,46111,1152.839347,16.553999,2169.584,419.720,-4.682871,,10.434962,35.53044152,-97.47561025,43.448,-139.223,-32.760,-16.024,1.080
VN300_2026-07-12_14-41-49_VNINS.csv,lap,4,46112,1152.839347,16.553999,2170.061,420.197,-4.825214,,10.434962,35.53043950,-97.47561490,43.496,-139.975,-32.936,-15.387,1.080
VN300_2026-07-12_14-41-49_VNINS.csv,lap,4,46113,1153.093079,16.807731,2170.539,420.675,-4.682956,,10.434962,35.53043748,-97.47561956,43.619,-140.657,-33.266,-15.557,1.080
VN300_2026-07-12_14-41-49_VNINS.csv,lap,4,46114,1153.093079,16.807731,2171.017,421.153,-4.682956,,10.434962,35.53043542,-97.47562419,43.745,-141.359,-33.673,-15.268,1.080
VN300_2026-07-12_14-41-49_VNINS.csv,lap,4,46115,1153.093079,16.807731,2171.495,421.631,-4.682956,,10.434962,35.53043332,-97.47562881,43.798,-142.141,-33.946,-14.846,1.080
VN300_2026-07-12_14-41-49_VNINS.csv,lap,4,46116,1153.093079,16.807731,2171.974,422.110,-4.682956,,10.434962,35.53043119,-97.47563341,43.778,-142.959,-34.151,-14.570,1.080
VN300_2026-07-12_14-41-49_VNINS.csv,lap,4,46117,1153.093079,16.807731,2172.454,422.590,-4.682956,,10.434962,35.53042902,-97.47563799,43.817,-143.780,-34.304,-14.342,1.080
VN300_2026-07-12_14-41-49_VNINS.csv,lap,4,46118,1153.093079,16.807731,2172.932,423.068,-4.682956,,10.434962,35.53042682,-97.47564253,43.763,-144.683,-34.371,-13.982,1.080
VN300_2026-07-12_14-41-49_VNINS.csv,lap,4,46119,1153.093079,16.807731,2173.304,423.440,-4.682956,,10.434962,35.53042383,-97.47564438,42.723,-145.467,-34.518,-14.061,1.060
VN300_2026-07-12_14-41-49_VNINS.csv,lap,4,46120,1153.093079,16.807731,2173.773,423.909,-4.682956,,10.434962,35.53042157,-97.47564875,42.676,-146.258,-34.681,-13.751,1.070
VN300_2026-07-12_14-41-49_VNINS.csv,lap,4,46121,1153.093079,16.807731,2174.238,424.374,-4.682956,,10.434962,35.53041932,-97.47565308,42.441,-146.980,-34.933,-13.592,1.070
VN300_2026-07-12_14-41-49_VNINS.csv,lap,4,46122,1153.093079,16.807731,2174.700,424.836,-4.682956,,10.434962,35.53041707,-97.47565737,41.989,-147.726,-35.245,-13.421,1.070
VN300_2026-07-12_14-41-49_VNINS.csv,lap,4,46123,1153.346583,17.061235,2175.158,425.293,-4.429452,,10.434962,35.53041481,-97.47566160,41.799,-148.616,-35.489,-13.075,1.070
VN300_2026-07-12_14-41-49_VNINS.csv,lap,4,46124,1153.346583,17.061235,2175.614,425.750,-4.429452,,10.434962,35.53041254,-97.47566580,41.605,-149.555,-35.646,-12.890,1.070
VN300_2026-07-12_14-41-49_VNINS.csv,lap,4,46125,1153.346583,17.061235,2176.067,426.203,-4.429452,,10.434962,35.53041029,-97.47566998,41.447,-150.477,-35.831,-12.812,1.070
VN300_2026-07-12_14-41-49_VNINS.csv,lap,4,46126,1153.346583,17.061235,2176.519,426.655,-4.429452,,10.434962,35.53040804,-97.47567414,41.183,-151.393,-36.096,-12.642,1.070
VN300_2026-07-12_14-41-49_VNINS.csv,lap,4,46127,1153.346583,17.061235,2176.969,427.105,-4.496806,,10.434962,35.53040577,-97.47567825,40.979,-152.262,-36.314,-12.166,1.070
VN300_2026-07-12_14-41-49_VNINS.csv,lap,4,46128,1153.346583,17.061235,2177.415,427.551,-4.576480,,10.434962,35.53040210,-97.47568025,40.265,-153.243,-36.490,-11.704,1.050
VN300_2026-07-12_14-41-49_VNINS.csv,lap,4,46129,1153.346583,17.061235,2177.853,427.989,-4.654691,,10.434962,35.53039982,-97.47568420,39.994,-154.069,-36.697,-11.821,1.050
VN300_2026-07-12_14-41-49_VNINS.csv,lap,4,46130,1153.346583,17.061235,2178.290,428.426,-4.682919,,10.434962,35.53039752,-97.47568811,39.760,-155.115,-36.850,-11.485,1.050
VN300_2026-07-12_14-41-49_VNINS.csv,lap,4,46131,1153.346583,17.061235,2178.723,428.859,-4.682919,,10.434962,35.53039520,-97.47569195,39.521,-156.197,-36.919,-11.031,1.050
VN300_2026-07-12_14-41-49_VNINS.csv,lap,4,46132,1153.346583,17.061235,2179.152,429.288,-4.682919,,10.434962,35.53039287,-97.47569573,39.095,-157.211,-36.953,-10.763,1.050
VN300_2026-07-12_14-41-49_VNINS.csv,lap,4,46133,1153.624120,17.338772,2179.577,429.713,-4.405382,,10.434962,35.53039053,-97.47569945,38.811,-158.227,-36.952,-10.424,1.050
VN300_2026-07-12_14-41-49_VNINS.csv,lap,4,46134,1153.624120,17.338772,2179.999,430.134,-4.405382,,10.434962,35.53038819,-97.47570311,38.434,-159.144,-36.848,-10.008,1.050
VN300_2026-07-12_14-41-49_VNINS.csv,lap,4,46135,1153.624120,17.338772,2180.455,430.591,-4.405382,,10.434962,35.53038410,-97.47570356,37.592,-159.926,-36.796,-9.788,1.040
VN300_2026-07-12_14-41-49_VNINS.csv,lap,4,46136,1153.624120,17.338772,2180.862,430.998,-4.405382,,10.434962,35.53038170,-97.47570695,37.217,-160.397,-36.865,-9.938,1.040
VN300_2026-07-12_14-41-49_VNINS.csv,lap,4,46137,1153.624120,17.338772,2181.266,431.402,-4.405382,,10.434962,35.53037929,-97.47571029,36.871,-160.807,-37.001,-9.777,1.040
VN300_2026-07-12_14-41-49_VNINS.csv,lap,4,46138,1153.624120,17.338772,2181.666,431.802,-4.405382,,10.434962,35.53037688,-97.47571358,36.688,-161.055,-37.236,-9.808,1.040
VN300_2026-07-12_14-41-49_VNINS.csv,lap,4,46139,1153.624120,17.338772,2182.063,432.199,-4.405382,,10.434962,35.53037448,-97.47571683,36.376,-161.301,-37.572,-9.992,1.040
VN300_2026-07-12_14-41-49_VNINS.csv,lap,4,46140,1153.624120,17.338772,2182.459,432.595,-4.405382,,10.434962,35.53037206,-97.47572003,36.212,-161.631,-37.909,-10.055,1.040
VN300_2026-07-12_14-41-49_VNINS.csv,lap,4,46141,1153.624120,17.338772,2182.851,432.987,-4.405382,,10.434962,35.53036964,-97.47572319,36.123,-162.101,-38.162,-10.002,1.040
VN300_2026-07-12_14-41-49_VNINS.csv,lap,4,46142,1153.624120,17.338772,2183.242,433.378,-4.405382,,10.434962,35.53036721,-97.47572631,35.932,-162.735,-38.383,-9.815,1.040
VN300_2026-07-12_14-41-49_VNINS.csv,lap,4,46143,1153.624120,17.338772,2183.712,433.848,-4.405382,,10.434962,35.53036312,-97.47572763,35.715,-163.569,-38.437,-9.616,1.020
VN300_2026-07-12_14-41-49_VNINS.csv,lap,4,46144,1153.877966,17.592618,2184.098,434.234,-4.151536,,10.434962,35.53036062,-97.47573058,35.449,-164.613,-38.407,-9.079,1.020
VN300_2026-07-12_14-41-49_VNINS.csv,lap,4,46145,1153.877966,17.592618,2184.479,434.615,-4.314607,,10.434962,35.53035812,-97.47573347,35.065,-165.697,-38.337,-8.535,1.020
VN300_2026-07-12_14-41-49_VNINS.csv,lap,4,46146,1153.877966,17.592618,2184.857,434.992,-4.405036,,10.434962,35.53035563,-97.47573630,34.605,-166.853,-38.366,-8.122,1.020
VN300_2026-07-12_14-41-49_VNINS.csv,lap,4,46147,1153.877966,17.592618,2185.227,435.363,-4.405036,,10.434962,35.53035315,-97.47573903,34.097,-168.006,-38.494,-7.469,1.030
VN300_2026-07-12_14-41-49_VNINS.csv,lap,4,46148,1153.877966,17.592618,2185.592,435.728,-4.405036,,10.434962,35.53035067,-97.47574168,33.630,-169.192,-38.663,-6.838,1.030
VN300_2026-07-12_14-41-49_VNINS.csv,lap,4,46149,1153.877966,17.592618,2185.952,436.088,-4.405036,,10.434962,35.53034821,-97.47574426,33.141,-170.432,-38.920,-6.181,1.030
VN300_2026-07-12_14-41-49_VNINS.csv,lap,4,46150,1153.877966,17.592618,2186.307,436.443,-4.405036,,10.434962,35.53034575,-97.47574677,32.776,-171.808,-39.157,-5.608,1.030
VN300_2026-07-12_14-41-49_VNINS.csv,lap,4,46151,1153.877966,17.592618,2186.818,436.954,-4.405036,,10.434962,35.53034120,-97.47574757,32.869,-173.420,-39.277,-4.731,1.010
VN300_2026-07-12_14-41-49_VNINS.csv,lap,4,46152,1153.877966,17.592618,2187.171,437.307,-4.405036,,10.434962,35.53033863,-97.47574985,32.677,-175.106,-39.298,-3.631,1.010
VN300_2026-07-12_14-41-49_VNINS.csv,lap,4,46153,1153.877966,17.592618,2187.521,437.657,-4.405036,,10.434962,35.53033605,-97.47575207,32.431,-176.819,-39.333,-2.725,1.010
VN300_2026-07-12_14-41-49_VNINS.csv,lap,4,46154,1154.131446,17.846098,2187.867,438.003,-4.151556,,10.434962,35.53033348,-97.47575422,32.075,-178.505,-39.431,-1.895,1.010
VN300_2026-07-12_14-41-49_VNINS.csv,lap,4,46155,1154.131446,17.846098,2188.210,438.346,-4.151556,,10.434962,35.53033089,-97.47575629,31.844,179.792,-39.516,-0.879,1.010
VN300_2026-07-12_14-41-49_VNINS.csv,lap,4,46156,1154.131446,17.846098,2188.549,438.685,-4.151556,,10.434962,35.53032832,-97.47575829,31.505,178.110,-39.561,-0.032,1.010
VN300_2026-07-12_14-41-49_VNINS.csv,lap,4,46157,1154.131446,17.846098,2188.882,439.018,-4.151556,,10.434962,35.53032575,-97.47576019,31.167,176.387,-39.598,0.853,1.010
VN300_2026-07-12_14-41-49_VNINS.csv,lap,4,46158,1154.131446,17.846098,2189.212,439.348,-4.151556,,10.434962,35.53032318,-97.47576201,30.764,174.652,-39.589,1.724,1.010
VN300_2026-07-12_14-41-49_VNINS.csv,lap,4,46159,1154.131446,17.846098,2189.755,439.891,-4.151556,,10.434962,35.53031832,-97.47576138,31.133,172.899,-39.546,2.739,1.000
VN300_2026-07-12_14-41-49_VNINS.csv,lap,4,46160,1154.131446,17.846098,2190.085,440.221,-4.151556,,10.434962,35.53031563,-97.47576291,30.859,171.167,-39.456,3.743,1.000
VN300_2026-07-12_14-41-49_VNINS.csv,lap,4,46161,1154.131446,17.846098,2190.409,440.545,-4.151556,,10.434962,35.53031296,-97.47576434,30.499,169.524,-39.377,4.433,1.000
VN300_2026-07-12_14-41-49_VNINS.csv,lap,4,46162,1154.131446,17.846098,2190.730,440.866,-4.160166,,10.434962,35.53031028,-97.47576565,30.162,167.849,-39.292,5.210,1.000
VN300_2026-07-12_14-41-49_VNINS.csv,lap,4,46163,1154.131446,17.846098,2191.046,441.182,-4.325198,,10.434962,35.53030761,-97.47576686,29.948,166.208,-39.128,5.943,1.000
VN300_2026-07-12_14-41-49_VNINS.csv,lap,4,46164,1154.384887,18.099539,2191.361,441.496,-4.172497,,10.434962,35.53030493,-97.47576797,29.723,164.624,-38.884,6.560,1.000
VN300_2026-07-12_14-41-49_VNINS.csv,lap,4,46165,1154.384887,18.099539,2191.671,441.807,-4.172497,,10.434962,35.53030226,-97.47576899,29.509,163.134,-38.681,7.067,1.000
VN300_2026-07-12_14-41-49_VNINS.csv,lap,4,46166,1154.384887,18.099539,2191.979,442.115,-4.172497,,10.434962,35.53029960,-97.47576993,29.392,161.725,-38.538,7.631,1.000
VN300_2026-07-12_14-41-49_VNINS.csv,lap,4,46167,1154.384887,18.099539,2192.284,442.420,-4.172497,,10.434962,35.53029695,-97.47577079,29.152,160.454,-38.470,8.074,1.000
VN300_2026-07-12_14-41-49_VNINS.csv,lap,4,46168,1154.384887,18.099539,2192.731,442.867,-4.172497,,10.434962,35.53029294,-97.47577115,29.331,159.274,-38.449,8.728,0.990
VN300_2026-07-12_14-41-49_VNINS.csv,lap,4,46169,1154.384887,18.099539,2193.038,443.173,-4.172497,,10.434962,35.53029024,-97.47577183,29.175,158.153,-38.409,9.207,0.990
VN300_2026-07-12_14-41-49_VNINS.csv,lap,4,46170,1154.384887,18.099539,2193.341,443.477,-4.172497,,10.434962,35.53028755,-97.47577242,29.087,157.012,-38.314,9.527,0.990
VN300_2026-07-12_14-41-49_VNINS.csv,lap,4,46171,1154.384887,18.099539,2193.644,443.780,-4.172497,,10.434962,35.53028486,-97.47577291,29.015,155.817,-38.088,9.880,0.990
VN300_2026-07-12_14-41-49_VNINS.csv,lap,4,46172,1154.384887,18.099539,2193.945,444.081,-4.172497,,10.434962,35.53028217,-97.47577331,28.982,154.607,-37.793,10.428,0.990
VN300_2026-07-12_14-41-49_VNINS.csv,lap,4,46173,1154.384887,18.099539,2194.244,444.380,-4.172497,,10.434962,35.53027949,-97.47577363,28.978,153.445,-37.535,10.873,0.990
VN300_2026-07-12_14-41-49_VNINS.csv,lap,4,46174,1154.651828,18.366480,2194.544,444.680,-3.905556,,10.434962,35.53027680,-97.47577387,28.887,152.328,-37.371,11.290,0.990
VN300_2026-07-12_14-41-49_VNINS.csv,lap,4,46175,1154.651828,18.366480,2194.931,445.067,-3.905556,,10.434962,35.53027341,-97.47577484,28.697,151.208,-37.263,11.863,0.980
VN300_2026-07-12_14-41-49_VNINS.csv,lap,4,46176,1154.651828,18.366480,2195.231,445.367,-3.905556,,10.434962,35.53027072,-97.47577495,28.686,150.026,-37.090,12.375,0.980
VN300_2026-07-12_14-41-49_VNINS.csv,lap,4,46177,1154.651828,18.366480,2195.529,445.665,-3.905556,,10.434962,35.53026804,-97.47577499,28.704,148.755,-36.873,12.907,0.980
VN300_2026-07-12_14-41-49_VNINS.csv,lap,4,46178,1154.651828,18.366480,2195.828,445.964,-3.905556,,10.434962,35.53026535,-97.47577495,28.681,147.428,-36.542,13.621,0.980
VN300_2026-07-12_14-41-49_VNINS.csv,lap,4,46179,1154.651828,18.366480,2196.126,446.262,-3.905556,,10.434962,35.53026267,-97.47577483,28.660,146.054,-36.209,14.287,0.980
VN300_2026-07-12_14-41-49_VNINS.csv,lap,4,46180,1154.651828,18.366480,2196.423,446.559,-3.905556,,10.434962,35.53026000,-97.47577464,28.712,144.631,-35.857,14.999,0.980
VN300_2026-07-12_14-41-49_VNINS.csv,lap,4,46181,1154.651828,18.366480,2196.720,446.856,-3.905556,,10.434962,35.53025734,-97.47577438,28.704,143.202,-35.522,15.778,0.980
VN300_2026-07-12_14-41-49_VNINS.csv,lap,4,46182,1154.651828,18.366480,2197.016,447.152,-3.905556,,10.434962,35.53025469,-97.47577405,28.707,141.722,-35.202,16.366,0.980
VN300_2026-07-12_14-41-49_VNINS.csv,lap,4,46183,1154.651828,18.366480,2197.377,447.513,-3.905556,,10.434962,35.53025145,-97.47577430,28.428,140.315,-34.881,17.109,0.960
VN300_2026-07-12_14-41-49_VNINS.csv,lap,4,46184,1154.651828,18.366480,2197.674,447.810,-3.905556,,10.434962,35.53024881,-97.47577385,28.500,138.871,-34.534,17.912,0.970
VN300_2026-07-12_14-41-49_VNINS.csv,lap,4,46185,1154.905647,18.620299,2197.971,448.107,-3.651737,,10.434962,35.53024617,-97.47577334,28.508,137.403,-34.147,18.628,0.970
VN300_2026-07-12_14-41-49_VNINS.csv,lap,4,46186,1154.905647,18.620299,2198.268,448.404,-3.651737,,10.434962,35.53024354,-97.47577274,28.572,135.937,-33.694,19.484,0.970
VN300_2026-07-12_14-41-49_VNINS.csv,lap,4,46187,1154.905647,18.620299,2198.565,448.700,-3.651737,,10.434962,35.53024093,-97.47577208,28.568,134.472,-33.224,20.074,0.970
VN300_2026-07-12_14-41-49_VNINS.csv,lap,4,46188,1154.905647,18.620299,2198.861,448.997,-3.651737,,10.434962,35.53023833,-97.47577134,28.624,133.042,-32.733,20.675,0.970
VN300_2026-07-12_14-41-49_VNINS.csv,lap,4,46189,1154.905647,18.620299,2199.158,449.294,-3.651737,,10.434962,35.53023575,-97.47577052,28.671,131.689,-32.222,21.419,0.970
VN300_2026-07-12_14-41-49_VNINS.csv,lap,4,46190,1154.905647,18.620299,2199.455,449.591,-3.651737,,10.434962,35.53023317,-97.47576965,28.721,130.386,-31.679,21.949,0.970
VN300_2026-07-12_14-41-49_VNINS.csv,lap,4,46191,1154.905647,18.620299,2199.770,449.906,-3.651737,,10.434962,35.53023042,-97.47576881,28.413,129.189,-31.196,22.283,0.950
VN300_2026-07-12_14-41-49_VNINS.csv,lap,4,46192,1154.905647,18.620299,2200.067,450.202,-3.651737,,10.434962,35.53022788,-97.47576782,28.422,128.069,-30.756,22.846,0.960
VN300_2026-07-12_14-41-49_VNINS.csv,lap,4,46193,1154.905647,18.620299,2200.364,450.500,-3.651737,,10.434962,35.53022535,-97.47576675,28.476,127.002,-30.334,23.371,0.960
VN300_2026-07-12_14-41-49_VNINS.csv,lap,4,46194,1154.905647,18.620299,2200.661,450.797,-3.651737,,10.434962,35.53022284,-97.47576562,28.618,125.930,-29.848,23.787,0.960
VN300_2026-07-12_14-41-49_VNINS.csv,lap,4,46195,1155.159158,18.873810,2200.959,451.095,-3.398226,,10.434962,35.53022034,-97.47576443,28.759,124.830,-29.280,24.242,0.960
VN300_2026-07-12_14-41-49_VNINS.csv,lap,4,46196,1155.159158,18.873810,2201.260,451.395,-3.398226,,10.434962,35.53021783,-97.47576321,28.832,123.748,-28.703,24.556,0.960
VN300_2026-07-12_14-41-49_VNINS.csv,lap,4,46197,1155.159158,18.873810,2201.560,451.696,-3.398226,,10.434962,35.53021532,-97.47576197,28.868,122.631,-28.173,24.766,0.960
VN300_2026-07-12_14-41-49_VNINS.csv,lap,4,46198,1155.159158,18.873810,2201.862,451.998,-3.398226,,10.434962,35.53021284,-97.47576062,29.094,121.533,-27.533,25.518,0.960
VN300_2026-07-12_14-41-49_VNINS.csv,lap,4,46199,1155.159158,18.873810,2202.138,452.274,-3.398226,,10.434962,35.53021047,-97.47575972,28.648,120.510,-26.909,25.998,0.940
VN300_2026-07-12_14-41-49_VNINS.csv,lap,4,46200,1155.159158,18.873810,2202.440,452.576,-3.398226,,10.434962,35.53020800,-97.47575833,28.784,119.479,-26.358,26.087,0.950
VN300_2026-07-12_14-41-49_VNINS.csv,lap,4,46201,1155.159158,18.873810,2202.744,452.880,-3.398226,,10.434962,35.53020554,-97.47575686,28.981,118.458,-25.793,26.590,0.950
VN300_2026-07-12_14-41-49_VNINS.csv,lap,4,46202,1155.159158,18.873810,2203.049,453.185,-3.398226,,10.434962,35.53020309,-97.47575534,29.181,117.421,-25.187,26.984,0.950
VN300_2026-07-12_14-41-49_VNINS.csv,lap,4,46203,1155.159158,18.873810,2203.358,453.494,-3.398226,,10.434962,35.53020063,-97.47575376,29.412,116.398,-24.566,27.478,0.950
VN300_2026-07-12_14-41-49_VNINS.csv,lap,4,46204,1155.159158,18.873810,2203.668,453.804,-3.398226,,10.434962,35.53019819,-97.47575210,29.562,115.432,-23.905,27.991,0.950
VN300_2026-07-12_14-41-49_VNINS.csv,lap,4,46205,1155.159158,18.873810,2203.981,454.117,-3.398226,,10.434962,35.53019575,-97.47575038,29.890,114.429,-23.240,28.099,0.950
VN300_2026-07-12_14-41-49_VNINS.csv,lap,4,46206,1155.412944,19.127596,2204.296,454.432,-3.144440,,10.434962,35.53019330,-97.47574862,30.064,113.455,-22.482,28.270,0.950
VN300_2026-07-12_14-41-49_VNINS.csv,lap,4,46207,1155.412944,19.127596,2204.603,454.739,-3.144440,,10.434962,35.53019162,-97.47574593,29.864,112.515,-21.705,28.572,0.940
VN300_2026-07-12_14-41-49_VNINS.csv,lap,4,46208,1155.412944,19.127596,2204.920,455.056,-3.144440,,10.434962,35.53018922,-97.47574404,30.036,111.713,-20.876,28.644,0.940
VN300_2026-07-12_14-41-49_VNINS.csv,lap,4,46209,1155.412944,19.127596,2205.240,455.376,-3.144440,,10.434962,35.53018681,-97.47574211,30.289,110.928,-20.192,28.375,0.940
VN300_2026-07-12_14-41-49_VNINS.csv,lap,4,46210,1155.412944,19.127596,2205.562,455.698,-3.144440,,10.434962,35.53018440,-97.47574013,30.440,110.181,-19.688,28.020,0.940
VN300_2026-07-12_14-41-49_VNINS.csv,lap,4,46211,1155.412944,19.127596,2205.886,456.022,-3.144440,,10.434962,35.53018200,-97.47573811,30.658,109.444,-19.289,27.744,0.940
VN300_2026-07-12_14-41-49_VNINS.csv,lap,4,46212,1155.412944,19.127596,2206.212,456.348,-3.144440,,10.434962,35.53017961,-97.47573602,30.823,108.769,-18.955,27.353,0.940
VN300_2026-07-12_14-41-49_VNINS.csv,lap,4,46213,1155.412944,19.127596,2206.539,456.675,-3.144440,,10.434962,35.53017724,-97.47573388,30.977,108.183,-18.660,26.811,0.940
VN300_2026-07-12_14-41-49_VNINS.csv,lap,4,46214,1155.412944,19.127596,2206.868,457.004,-3.144440,,10.434962,35.53017488,-97.47573169,31.125,107.679,-18.406,26.429,0.940
VN300_2026-07-12_14-41-49_VNINS.csv,lap,4,46215,1155.412944,19.127596,2207.211,457.347,-3.144440,,10.434962,35.53017405,-97.47572804,30.914,107.280,-18.091,26.169,0.930
VN300_2026-07-12_14-41-49_VNINS.csv,lap,4,46216,1155.707099,19.421751,2207.541,457.677,-2.850285,,10.434962,35.53017175,-97.47572574,31.120,106.947,-17.764,25.694,0.930
VN300_2026-07-12_14-41-49_VNINS.csv,lap,4,46217,1155.707099,19.421751,2207.871,458.007,-2.850285,,10.434962,35.53016946,-97.47572341,31.317,106.621,-17.484,25.293,0.930
VN300_2026-07-12_14-41-49_VNINS.csv,lap,4,46218,1155.707099,19.421751,2208.204,458.340,-2.850285,,10.434962,35.53016716,-97.47572105,31.439,106.271,-17.208,24.886,0.930
VN300_2026-07-12_14-41-49_VNINS.csv,lap,4,46219,1155.707099,19.421751,2208.539,458.675,-2.850285,,10.434962,35.53016486,-97.47571866,31.559,105.776,-16.774,24.523,0.930
VN300_2026-07-12_14-41-49_VNINS.csv,lap,4,46220,1155.707099,19.421751,2208.874,459.010,-2.850285,,10.434962,35.53016260,-97.47571621,31.583,105.202,-16.265,24.564,0.930
VN300_2026-07-12_14-41-49_VNINS.csv,lap,4,46221,1155.707099,19.421751,2209.210,459.346,-2.850285,,10.434962,35.53016036,-97.47571372,31.685,104.461,-15.663,24.446,0.930
VN300_2026-07-12_14-41-49_VNINS.csv,lap,4,46222,1155.707099,19.421751,2209.548,459.684,-2.850285,,10.434962,35.53015814,-97.47571118,31.718,103.588,-14.943,24.205,0.930
VN300_2026-07-12_14-41-49_VNINS.csv,lap,4,46223,1155.707099,19.421751,2209.892,460.028,-2.850285,,10.434962,35.53015712,-97.47570759,31.315,102.646,-14.155,24.137,0.920
VN300_2026-07-12_14-41-49_VNINS.csv,lap,4,46224,1155.707099,19.421751,2210.227,460.363,-2.850285,,10.434962,35.53015499,-97.47570497,31.281,101.675,-13.429,23.906,0.920
VN300_2026-07-12_14-41-49_VNINS.csv,lap,4,46225,1155.707099,19.421751,2210.561,460.697,-2.850285,,10.434962,35.53015291,-97.47570231,31.254,100.715,-12.797,23.720,0.920
VN300_2026-07-12_14-41-49_VNINS.csv,lap,4,46226,1155.707099,19.421751,2210.895,461.031,-2.850285,,10.434962,35.53015086,-97.47569960,31.344,99.781,-12.308,23.546,0.920
VN300_2026-07-12_14-41-49_VNINS.csv,lap,4,46227,1155.960994,19.675646,2211.232,461.367,-2.596390,,10.434962,35.53014882,-97.47569686,31.628,98.849,-11.949,23.233,0.920
VN300_2026-07-12_14-41-49_VNINS.csv,lap,4,46228,1155.960994,19.675646,2211.568,461.704,-2.596390,,10.434962,35.53014679,-97.47569410,31.626,97.929,-11.692,22.861,0.920
VN300_2026-07-12_14-41-49_VNINS.csv,lap,4,46229,1155.960994,19.675646,2211.906,462.042,-2.596390,,10.434962,35.53014478,-97.47569130,31.696,97.052,-11.525,22.450,0.920
VN300_2026-07-12_14-41-49_VNINS.csv,lap,4,46230,1155.960994,19.675646,2212.244,462.380,-2.596390,,10.434962,35.53014280,-97.47568847,31.823,96.213,-11.420,22.078,0.920
VN300_2026-07-12_14-41-49_VNINS.csv,lap,4,46231,1155.960994,19.675646,2212.770,462.906,-2.596390,,10.434962,35.53014372,-97.47568277,31.625,95.356,-11.270,21.861,0.910
VN300_2026-07-12_14-41-49_VNINS.csv,lap,4,46232,1155.960994,19.675646,2213.107,463.243,-2.596390,,10.434962,35.53014187,-97.47567981,31.651,94.391,-10.903,21.832,0.910
VN300_2026-07-12_14-41-49_VNINS.csv,lap,4,46233,1155.960994,19.675646,2213.444,463.580,-2.596390,,10.434962,35.53014007,-97.47567682,31.685,93.329,-10.298,21.677,0.910
VN300_2026-07-12_14-41-49_VNINS.csv,lap,4,46234,1155.960994,19.675646,2213.781,463.917,-2.596390,,10.434962,35.53013830,-97.47567379,31.620,92.157,-9.497,21.365,0.910
VN300_2026-07-12_14-41-49_VNINS.csv,lap,4,46235,1155.960994,19.675646,2214.119,464.255,-2.596390,,10.434962,35.53013659,-97.47567071,31.537,90.949,-8.556,21.257,0.910
VN300_2026-07-12_14-41-49_VNINS.csv,lap,4,46236,1155.960994,19.675646,2214.454,464.590,-2.596390,,10.434962,35.53013494,-97.47566761,31.427,89.714,-7.587,21.040,0.910
VN300_2026-07-12_14-41-49_VNINS.csv,lap,4,46237,1155.960994,19.675646,2214.789,464.925,-2.596390,,10.434962,35.53013335,-97.47566447,31.247,88.604,-6.775,20.684,0.910
VN300_2026-07-12_14-41-49_VNINS.csv,lap,4,46238,1156.214858,19.929510,2215.121,465.257,-2.342526,,10.434962,35.53013182,-97.47566132,31.055,87.571,-6.256,20.443,0.910
VN300_2026-07-12_14-41-49_VNINS.csv,lap,4,46239,1156.214858,19.929510,2215.625,465.761,-2.342526,,10.434962,35.53013258,-97.47565582,30.784,86.612,-5.943,20.168,0.900
VN300_2026-07-12_14-41-49_VNINS.csv,lap,4,46240,1156.214858,19.929510,2215.955,466.090,-2.342526,,10.434962,35.53013122,-97.47565259,30.674,85.676,-5.730,19.729,0.900
VN300_2026-07-12_14-41-49_VNINS.csv,lap,4,46241,1156.214858,19.929510,2216.282,466.418,-2.342526,,10.434962,35.53012989,-97.47564936,30.542,84.713,-5.517,19.056,0.900
VN300_2026-07-12_14-41-49_VNINS.csv,lap,4,46242,1156.214858,19.929510,2216.609,466.745,-2.342526,,10.434962,35.53012863,-97.47564610,30.445,83.722,-5.274,18.588,0.900
VN300_2026-07-12_14-41-49_VNINS.csv,lap,4,46243,1156.214858,19.929510,2216.934,467.070,-2.342526,,10.434962,35.53012743,-97.47564282,30.396,82.731,-4.951,18.261,0.900
VN300_2026-07-12_14-41-49_VNINS.csv,lap,4,46244,1156.214858,19.929510,2217.259,467.395,-2.342526,,10.434962,35.53012628,-97.47563952,30.357,81.671,-4.471,18.068,0.900
VN300_2026-07-12_14-41-49_VNINS.csv,lap,4,46245,1156.214858,19.929510,2217.582,467.718,-2.342526,,10.434962,35.53012519,-97.47563621,30.275,80.559,-3.913,17.822,0.910
VN300_2026-07-12_14-41-49_VNINS.csv,lap,4,46246,1156.214858,19.929510,2217.905,468.041,-2.342526,,10.434962,35.53012417,-97.47563287,30.198,79.363,-3.303,17.458,0.910
VN300_2026-07-12_14-41-49_VNINS.csv,lap,4,46247,1156.214858,19.929510,2218.228,468.363,-2.342526,,10.434962,35.53012320,-97.47562951,30.235,78.138,-2.614,17.080,0.910
VN300_2026-07-12_14-41-49_VNINS.csv,lap,4,46248,1156.468316,20.182968,2218.785,468.921,-2.089068,,10.434962,35.53012461,-97.47562360,30.254,76.948,-1.956,16.622,0.890
VN300_2026-07-12_14-41-49_VNINS.csv,lap,4,46249,1156.468316,20.182968,2219.109,469.245,-2.089068,,10.434962,35.53012380,-97.47562016,30.213,75.922,-1.476,16.198,0.890
VN300_2026-07-12_14-41-49_VNINS.csv,lap,4,46250,1156.468316,20.182968,2219.431,469.567,-2.089068,,10.434962,35.53012304,-97.47561672,30.217,75.034,-1.316,15.805,0.890
VN300_2026-07-12_14-41-49_VNINS.csv,lap,4,46251,1156.468316,20.182968,2219.754,469.890,-2.089068,,10.434962,35.53012234,-97.47561326,30.168,74.340,-1.450,15.476,0.900
VN300_2026-07-12_14-41-49_VNINS.csv,lap,4,46252,1156.468316,20.182968,2220.076,470.212,-2.089068,,10.434962,35.53012167,-97.47560980,30.169,73.707,-1.835,14.939,0.900
VN300_2026-07-12_14-41-49_VNINS.csv,lap,4,46253,1156.468316,20.182968,2220.399,470.534,-2.089068,,10.434962,35.53012104,-97.47560632,30.203,73.120,-2.279,14.204,0.900
VN300_2026-07-12_14-41-49_VNINS.csv,lap,4,46254,1156.468316,20.182968,2220.719,470.855,-2.089068,,10.434962,35.53012045,-97.47560285,30.171,72.439,-2.664,13.443,0.900
VN300_2026-07-12_14-41-49_VNINS.csv,lap,4,46255,1156.468316,20.182968,2221.322,471.458,-2.089068,,10.434962,35.53012320,-97.47559711,30.287,71.663,-2.658,13.026,0.880
VN300_2026-07-12_14-41-49_VNINS.csv,lap,4,46256,1156.468316,20.182968,2221.646,471.782,-2.089068,,10.434962,35.53012277,-97.47559357,30.351,70.805,-2.174,12.538,0.890
VN300_2026-07-12_14-41-49_VNINS.csv,lap,4,46257,1156.468316,20.182968,2221.971,472.106,-2.089068,,10.434962,35.53012241,-97.47559001,30.417,69.947,-1.430,12.244,0.890
VN300_2026-07-12_14-41-49_VNINS.csv,lap,4,46258,1156.735575,20.450227,2222.296,472.432,-1.821809,,10.434962,35.53012208,-97.47558644,30.508,69.158,-0.571,12.134,0.890
VN300_2026-07-12_14-41-49_VNINS.csv,lap,4,46259,1156.735575,20.450227,2222.622,472.758,-1.821809,,10.434962,35.53012179,-97.47558285,30.600,68.538,0.115,11.935,0.890
VN300_2026-07-12_14-41-49_VNINS.csv,lap,4,46260,1156.735575,20.450227,2222.948,473.084,-1.821809,,10.434962,35.53012153,-97.47557926,30.600,68.162,0.318,11.478,0.890
VN300_2026-07-12_14-41-49_VNINS.csv,lap,4,46261,1156.735575,20.450227,2223.275,473.411,-1.821809,,10.434962,35.53012130,-97.47557566,30.488,68.054,-0.014,10.746,0.890
VN300_2026-07-12_14-41-49_VNINS.csv,lap,4,46262,1156.735575,20.450227,2223.601,473.737,-1.821809,,10.434962,35.53012115,-97.47557206,30.476,67.909,-0.398,10.496,0.890
VN300_2026-07-12_14-41-49_VNINS.csv,lap,4,46263,1156.735575,20.450227,2224.188,474.324,-1.821809,,10.434962,35.53012312,-97.47556604,30.845,67.794,-0.695,10.074,0.880
VN300_2026-07-12_14-41-49_VNINS.csv,lap,4,46264,1156.735575,20.450227,2224.521,474.657,-1.821809,,10.434962,35.53012306,-97.47556237,30.904,67.665,-0.795,9.237,0.880
VN300_2026-07-12_14-41-49_VNINS.csv,lap,4,46265,1156.735575,20.450227,2224.855,474.990,-1.821809,,10.434962,35.53012301,-97.47555868,31.160,67.591,-0.600,8.419,0.880
VN300_2026-07-12_14-41-49_VNINS.csv,lap,4,46266,1156.735575,20.450227,2225.190,475.326,-1.821809,,10.434962,35.53012299,-97.47555497,31.054,67.624,-0.240,7.820,0.880
VN300_2026-07-12_14-41-49_VNINS.csv,lap,4,46267,1156.735575,20.450227,2225.526,475.662,-1.821809,,10.434962,35.53012299,-97.47555126,31.332,67.763,0.036,7.610,0.880
VN300_2026-07-12_14-41-49_VNINS.csv,lap,4,46268,1156.735575,20.450227,2225.864,475.999,-1.821809,,10.434962,35.53012301,-97.47554753,31.391,67.880,0.168,7.240,0.880
VN300_2026-07-12_14-41-49_VNINS.csv,lap,4,46269,1156.989317,20.703969,2226.203,476.339,-1.568067,,10.434962,35.53012305,-97.47554378,31.672,67.981,0.165,6.800,0.880
VN300_2026-07-12_14-41-49_VNINS.csv,lap,4,46270,1156.989317,20.703969,2226.545,476.681,-1.568067,,10.434962,35.53012309,-97.47554000,31.992,68.088,-0.137,6.384,0.880
VN300_2026-07-12_14-41-49_VNINS.csv,lap,4,46271,1156.989317,20.703969,2227.149,477.285,-1.568067,,10.434962,35.53012367,-97.47553336,32.610,68.153,-0.576,5.974,0.870
VN300_2026-07-12_14-41-49_VNINS.csv,lap,4,46272,1156.989317,20.703969,2227.501,477.637,-1.568067,,10.434962,35.53012370,-97.47552947,32.721,68.111,-0.914,5.647,0.870
VN300_2026-07-12_14-41-49_VNINS.csv,lap,4,46273,1156.989317,20.703969,2227.855,477.991,-1.568067,,10.434962,35.53012374,-97.47552556,32.754,67.982,-1.111,5.354,0.870
VN300_2026-07-12_14-41-49_VNINS.csv,lap,4,46274,1156.989317,20.703969,2228.210,478.346,-1.568067,,10.434962,35.53012379,-97.47552164,32.866,67.825,-0.983,4.967,0.870
VN300_2026-07-12_14-41-49_VNINS.csv,lap,4,46275,1156.989317,20.703969,2228.566,478.702,-1.568067,,10.434962,35.53012386,-97.47551771,32.964,67.645,-0.534,4.617,0.870
VN300_2026-07-12_14-41-49_VNINS.csv,lap,4,46276,1156.989317,20.703969,2228.922,479.058,-1.568067,,10.434962,35.53012395,-97.47551377,32.895,67.466,-0.036,4.250,0.870
VN300_2026-07-12_14-41-49_VNINS.csv,lap,4,46277,1156.989317,20.703969,2229.278,479.414,-1.568067,,10.434962,35.53012404,-97.47550984,32.931,67.389,0.348,3.953,0.870
VN300_2026-07-12_14-41-49_VNINS.csv,lap,4,46278,1156.989317,20.703969,2229.634,479.770,-1.568067,,10.434962,35.53012412,-97.47550591,32.833,67.453,0.449,3.557,0.880
VN300_2026-07-12_14-41-49_VNINS.csv,lap,4,46279,1157.242863,20.957515,2230.235,480.371,-1.314521,,10.434962,35.53012478,-97.47549932,33.299,67.622,0.222,3.120,0.860
VN300_2026-07-12_14-41-49_VNINS.csv,lap,4,46280,1157.242863,20.957515,2230.597,480.733,-1.314521,,10.434962,35.53012485,-97.47549532,33.414,67.948,-0.122,2.710,0.860
VN300_2026-07-12_14-41-49_VNINS.csv,lap,4,46281,1157.242863,20.957515,2230.962,481.097,-1.314521,,10.434962,35.53012492,-97.47549129,33.665,68.417,-0.366,2.339,0.860
VN300_2026-07-12_14-41-49_VNINS.csv,lap,4,46282,1157.242863,20.957515,2231.329,481.465,-1.314521,,10.434962,35.53012496,-97.47548723,33.875,68.945,-0.489,1.860,0.860
VN300_2026-07-12_14-41-49_VNINS.csv,lap,4,46283,1157.242863,20.957515,2231.698,481.834,-1.314521,,10.434962,35.53012500,-97.47548315,34.012,69.503,-0.445,1.411,0.870
VN300_2026-07-12_14-41-49_VNINS.csv,lap,4,46284,1157.242863,20.957515,2232.069,482.205,-1.314521,,10.434962,35.53012504,-97.47547905,34.249,70.088,-0.261,1.136,0.870
VN300_2026-07-12_14-41-49_VNINS.csv,lap,4,46285,1157.242863,20.957515,2232.443,482.579,-1.314521,,10.434962,35.53012505,-97.47547492,34.445,70.658,-0.026,0.834,0.870
VN300_2026-07-12_14-41-49_VNINS.csv,lap,4,46286,1157.242863,20.957515,2232.819,482.954,-1.314521,,10.434962,35.53012503,-97.47547077,34.676,71.127,0.154,0.464,0.870
VN300_2026-07-12_14-41-49_VNINS.csv,lap,4,46287,1157.242863,20.957515,2233.196,483.332,-1.314521,,10.434962,35.53012499,-97.47546660,34.817,71.420,0.126,0.229,0.870
VN300_2026-07-12_14-41-49_VNINS.csv,lap,4,46288,1157.242863,20.957515,2233.694,483.830,-1.314521,,10.434962,35.53012488,-97.47546110,35.078,71.655,-0.039,0.057,0.860
VN300_2026-07-12_14-41-49_VNINS.csv,lap,4,46289,1157.496309,21.210961,2234.078,484.214,-1.061075,,10.434962,35.53012480,-97.47545685,35.317,71.853,-0.087,-0.221,0.860
VN300_2026-07-12_14-41-49_VNINS.csv,lap,4,46290,1157.496309,21.210961,2234.465,484.601,-1.061075,,10.434962,35.53012474,-97.47545258,35.454,71.940,0.072,-0.466,0.860
VN300_2026-07-12_14-41-49_VNINS.csv,lap,4,46291,1157.496309,21.210961,2234.854,484.990,-1.061075,,10.434962,35.53012468,-97.47544828,35.608,71.996,0.365,-0.541,0.860
VN300_2026-07-12_14-41-49_VNINS.csv,lap,4,46292,1157.496309,21.210961,2235.244,485.380,-1.061075,,10.434962,35.53012461,-97.47544397,35.660,72.058,0.817,-0.793,0.860
VN300_2026-07-12_14-41-49_VNINS.csv,lap,4,46293,1157.496309,21.210961,2235.634,485.770,-1.061075,,10.434962,35.53012453,-97.47543966,35.584,72.111,1.159,-1.034,0.860
VN300_2026-07-12_14-41-49_VNINS.csv,lap,4,46294,1157.496309,21.210961,2236.024,486.160,-1.061075,,10.434962,35.53012446,-97.47543535,35.576,72.181,1.240,-1.223,0.860
VN300_2026-07-12_14-41-49_VNINS.csv,lap,4,46295,1157.496309,21.210961,2236.484,486.620,-1.061075,,10.434962,35.53012496,-97.47543031,35.525,72.360,1.095,-1.436,0.850
VN300_2026-07-12_14-41-49_VNINS.csv,lap,4,46296,1157.496309,21.210961,2236.874,487.010,-1.061075,,10.434962,35.53012488,-97.47542600,35.621,72.593,0.674,-1.644,0.850
VN300_2026-07-12_14-41-49_VNINS.csv,lap,4,46297,1157.496309,21.210961,2237.265,487.401,-1.061075,,10.434962,35.53012478,-97.47542168,35.704,72.891,0.035,-2.066,0.850
VN300_2026-07-12_14-41-49_VNINS.csv,lap,4,46298,1157.496309,21.210961,2237.657,487.793,-1.061075,,10.434962,35.53012466,-97.47541735,35.770,73.283,-0.553,-2.298,0.850
VN300_2026-07-12_14-41-49_VNINS.csv,lap,4,46299,1157.763661,21.478313,2238.050,488.186,-0.793723,,10.434962,35.53012454,-97.47541301,35.858,73.799,-0.978,-2.503,0.850
VN300_2026-07-12_14-41-49_VNINS.csv,lap,4,46300,1157.763661,21.478313,2238.444,488.580,-0.793723,,10.434962,35.53012440,-97.47540866,36.099,74.469,-0.899,-2.939,0.850
VN300_2026-07-12_14-41-49_VNINS.csv,lap,4,46301,1157.763661,21.478313,2238.840,488.976,-0.793723,,10.434962,35.53012426,-97.47540429,36.114,75.207,-0.414,-3.344,0.850
VN300_2026-07-12_14-41-49_VNINS.csv,lap,4,46302,1157.763661,21.478313,2239.235,489.371,-0.793723,,10.434962,35.53012410,-97.47539993,36.027,76.047,0.033,-3.588,0.860
VN300_2026-07-12_14-41-49_VNINS.csv,lap,4,46303,1157.763661,21.478313,2239.731,489.867,-0.793723,,10.434962,35.53012402,-97.47539445,35.572,76.791,0.184,-3.719,0.840
VN300_2026-07-12_14-41-49_VNINS.csv,lap,4,46304,1157.763661,21.478313,2240.117,490.253,-0.793723,,10.434962,35.53012381,-97.47539019,35.043,77.447,-0.059,-4.012,0.840
VN300_2026-07-12_14-41-49_VNINS.csv,lap,4,46305,1157.763661,21.478313,2240.499,490.635,-0.793723,,10.434962,35.53012352,-97.47538598,34.897,78.146,-0.287,-4.681,0.850
VN300_2026-07-12_14-41-49_VNINS.csv,lap,4,46306,1157.763661,21.478313,2240.881,491.017,-0.793723,,10.434962,35.53012319,-97.47538178,34.802,79.114,-0.378,-4.837,0.850
VN300_2026-07-12_14-41-49_VNINS.csv,lap,4,46307,1157.763661,21.478313,2241.263,491.399,-0.793723,,10.434962,35.53012282,-97.47537758,34.881,80.258,-0.104,-5.262,0.850
VN300_2026-07-12_14-41-49_VNINS.csv,lap,4,46308,1157.763661,21.478313,2241.645,491.781,-0.793723,,10.434962,35.53012245,-97.47537339,34.607,81.534,0.392,-5.365,0.850
VN300_2026-07-12_14-41-49_VNINS.csv,lap,4,46309,1157.763661,21.478313,2242.023,492.159,-0.793723,,10.434962,35.53012203,-97.47536924,34.497,82.809,0.558,-5.681,0.850
VN300_2026-07-12_14-41-49_VNINS.csv,lap,4,46310,1158.017522,21.732174,2242.399,492.534,-0.539862,,10.434962,35.53012157,-97.47536513,34.145,83.948,0.512,-6.216,0.850
VN300_2026-07-12_14-41-49_VNINS.csv,lap,4,46311,1158.017522,21.732174,2242.819,492.955,-0.539862,,10.434962,35.53012101,-97.47536053,33.897,85.051,0.307,-6.522,0.840
VN300_2026-07-12_14-41-49_VNINS.csv,lap,4,46312,1158.017522,21.732174,2243.191,493.327,-0.539862,,10.434962,35.53012049,-97.47535647,33.929,86.194,0.093,-6.728,0.840
VN300_2026-07-12_14-41-49_VNINS.csv,lap,4,46313,1158.017522,21.732174,2243.563,493.699,-0.539862,,10.434962,35.53011992,-97.47535242,33.919,87.525,0.079,-6.885,0.840
VN300_2026-07-12_14-41-49_VNINS.csv,lap,4,46314,1158.017522,21.732174,2243.935,494.071,-0.539862,,10.434962,35.53011931,-97.47534838,33.913,89.035,0.350,-6.950,0.840
VN300_2026-07-12_14-41-49_VNINS.csv,lap,4,46315,1158.017522,21.732174,2244.306,494.442,-0.539862,,10.434962,35.53011866,-97.47534436,33.743,90.557,0.745,-7.017,0.840
VN300_2026-07-12_14-41-49_VNINS.csv,lap,4,46316,1158.017522,21.732174,2244.675,494.811,-0.539862,,10.434962,35.53011798,-97.47534037,33.579,92.067,1.112,-7.280,0.840
VN300_2026-07-12_14-41-49_VNINS.csv,lap,4,46317,1158.017522,21.732174,2245.041,495.177,-0.539862,,10.434962,35.53011724,-97.47533643,33.312,93.459,1.421,-7.645,0.840
VN300_2026-07-12_14-41-49_VNINS.csv,lap,4,46318,1158.017522,21.732174,2245.405,495.540,-0.539862,,10.434962,35.53011645,-97.47533253,33.000,94.633,1.538,-7.909,0.840
VN300_2026-07-12_14-41-49_VNINS.csv,lap,4,46319,1158.017522,21.732174,2245.813,495.948,-0.539862,,10.434962,35.53011424,-97.47532893,32.744,95.664,1.512,-7.983,0.830
VN300_2026-07-12_14-41-49_VNINS.csv,lap,4,46320,1158.271062,21.985714,2246.172,496.307,-0.286322,,10.434962,35.53011334,-97.47532512,32.630,96.615,1.473,-8.004,0.830
VN300_2026-07-12_14-41-49_VNINS.csv,lap,4,46321,1158.271062,21.985714,2246.529,496.665,-0.286322,,10.434962,35.53011240,-97.47532134,32.556,97.467,1.417,-7.891,0.830
VN300_2026-07-12_14-41-49_VNINS.csv,lap,4,46322,1158.271062,21.985714,2246.887,497.023,-0.286322,,10.434962,35.53011143,-97.47531757,32.552,98.209,1.461,-7.494,0.830
VN300_2026-07-12_14-41-49_VNINS.csv,lap,4,46323,1158.271062,21.985714,2247.244,497.380,-0.286322,,10.434962,35.53011041,-97.47531383,32.560,98.745,1.600,-7.639,0.840
VN300_2026-07-12_14-41-49_VNINS.csv,lap,4,46324,1158.271062,21.985714,2247.602,497.738,-0.286322,,10.434962,35.53010938,-97.47531008,32.540,98.899,1.853,-7.605,0.840
VN300_2026-07-12_14-41-49_VNINS.csv,lap,4,46325,1158.271062,21.985714,2247.960,498.096,-0.286322,,10.434962,35.53010833,-97.47530634,32.537,98.717,2.175,-7.578,0.840
VN300_2026-07-12_14-41-49_VNINS.csv,lap,4,46326,1158.271062,21.985714,2248.317,498.453,-0.286322,,10.434962,35.53010728,-97.47530261,32.503,98.352,2.503,-7.376,0.840
VN300_2026-07-12_14-41-49_VNINS.csv,lap,4,46327,1158.271062,21.985714,2248.674,498.810,-0.286322,,10.434962,35.53010617,-97.47529891,32.477,97.971,2.816,-7.563,0.840
VN300_2026-07-12_14-41-49_VNINS.csv,lap,4,46328,1158.271062,21.985714,2249.025,499.161,-0.286322,,10.434962,35.53010387,-97.47529625,32.238,97.735,2.932,-7.947,0.830
VN300_2026-07-12_14-41-49_VNINS.csv,lap,4,46329,1158.271062,21.985714,2249.380,499.515,-0.286322,,10.434962,35.53010270,-97.47529261,32.108,97.763,2.810,-8.070,0.830
VN300_2026-07-12_14-41-49_VNINS.csv,lap,4,46330,1158.524555,22.239207,2249.732,499.868,-0.032829,,10.434962,35.53010153,-97.47528899,31.999,98.030,2.524,-8.166,0.830
VN300_2026-07-12_14-41-49_VNINS.csv,lap,4,46331,1158.524555,22.239207,2250.084,500.220,-0.032829,,10.434962,35.53010033,-97.47528539,31.925,98.569,2.204,-8.482,0.830
VN300_2026-07-12_14-41-49_VNINS.csv,lap,4,46332,1158.524555,22.239207,2250.435,500.571,-0.032829,,10.434962,35.53009910,-97.47528182,31.900,99.445,1.918,-8.734,0.830
VN300_2026-07-12_14-41-49_VNINS.csv,lap,4,46333,1158.524555,22.239207,2250.786,500.922,-0.032829,,10.434962,35.53009783,-97.47527827,31.822,100.624,1.837,-9.070,0.830
VN300_2026-07-12_14-41-49_VNINS.csv,lap,4,46334,1158.524555,22.239207,2251.135,501.271,-0.032829,,10.434962,35.53009654,-97.47527475,31.666,102.030,1.952,-9.370,0.830
VN300_2026-07-12_14-41-49_VNINS.csv,lap,4,46335,1158.524555,22.239207,2251.480,501.616,-0.032829,,10.434962,35.53009592,-97.47527101,31.435,103.565,2.244,-9.645,0.820
VN300_2026-07-12_14-41-49_VNINS.csv,lap,4,46336,1158.524555,22.239207,2251.827,501.963,-0.032829,,10.434962,35.53009459,-97.47526755,31.410,105.267,2.690,-9.688,0.820
VN300_2026-07-12_14-41-49_VNINS.csv,lap,4,46337,1158.524555,22.239207,2252.172,502.308,-0.032829,,10.434962,35.53009321,-97.47526413,31.316,107.022,3.204,-9.931,0.820
VN300_2026-07-12_14-41-49_VNINS.csv,lap,4,46338,1158.524555,22.239207,2252.517,502.653,-0.032829,,10.434962,35.53009180,-97.47526074,31.212,108.759,3.690,-10.243,0.820
VN300_2026-07-12_14-41-49_VNINS.csv,lap,4,46339,1158.524555,22.239207,2252.859,502.995,-0.032829,,10.434962,35.53009034,-97.47525741,31.085,110.418,4.070,-10.662,0.830
VN300_2026-07-12_14-41-49_VNINS.csv,lap,4,46340,1159.177304,22.891956,2253.201,503.337,0.619920,,10.434962,35.53008884,-97.47525411,30.954,111.977,4.323,-10.974,0.830
VN300_2026-07-12_14-41-49_VNINS.csv,lap,4,46341,1159.177304,22.891956,2253.541,503.677,0.619920,,10.434962,35.53008730,-97.47525086,30.836,113.497,4.472,-10.993,0.830
VN300_2026-07-12_14-41-49_VNINS.csv,lap,4,46342,1159.177304,22.891956,2253.880,504.016,0.619920,,10.434962,35.53008573,-97.47524765,30.753,114.936,4.563,-10.879,0.830
VN300_2026-07-12_14-41-49_VNINS.csv,lap,4,46343,1159.177304,22.891956,2254.385,504.521,0.619920,,10.434962,35.53008124,-97.47524682,30.681,116.409,4.702,-10.992,0.820
VN300_2026-07-12_14-41-49_VNINS.csv,lap,4,46344,1159.177304,22.891956,2254.724,504.860,0.619920,,10.434962,35.53007951,-97.47524374,30.694,117.923,5.034,-11.273,0.820
VN300_2026-07-12_14-41-49_VNINS.csv,lap,4,46345,1159.177304,22.891956,2255.062,505.198,0.619920,,10.434962,35.53007774,-97.47524070,30.605,119.413,5.424,-11.398,0.820
VN300_2026-07-12_14-41-49_VNINS.csv,lap,4,46346,1159.177304,22.891956,2255.400,505.536,0.619920,,10.434962,35.53007594,-97.47523769,30.549,120.836,5.798,-11.369,0.820
VN300_2026-07-12_14-41-49_VNINS.csv,lap,4,46347,1159.177304,22.891956,2255.737,505.873,0.619920,,10.434962,35.53007412,-97.47523471,30.524,122.159,6.113,-11.191,0.820
VN300_2026-07-12_14-41-49_VNINS.csv,lap,4,46348,1159.177304,22.891956,2256.074,506.210,0.619920,,10.434962,35.53007225,-97.47523178,30.446,123.361,6.372,-11.304,0.820
VN300_2026-07-12_14-41-49_VNINS.csv,lap,4,46349,1159.177304,22.891956,2256.410,506.546,0.619920,,10.434962,35.53007033,-97.47522891,30.429,124.523,6.597,-11.574,0.820
VN300_2026-07-12_14-41-49_VNINS.csv,lap,4,46350,1159.177304,22.891956,2256.745,506.881,0.619920,,10.434962,35.53006839,-97.47522608,30.309,125.590,6.754,-11.530,0.820
VN300_2026-07-12_14-41-49_VNINS.csv,lap,4,46351,1159.177304,22.891956,2257.166,507.302,0.619920,,10.434962,35.53006461,-97.47522582,30.071,126.573,6.810,-11.528,0.810
VN300_2026-07-12_14-41-49_VNINS.csv,lap,4,46352,1159.177304,22.891956,2257.498,507.634,0.619920,,10.434962,35.53006256,-97.47522316,30.076,127.560,6.955,-11.452,0.810
VN300_2026-07-12_14-41-49_VNINS.csv,lap,4,46353,1159.177304,22.891956,2257.831,507.967,0.619920,,10.434962,35.53006047,-97.47522052,30.090,128.509,7.148,-11.637,0.810
VN300_2026-07-12_14-41-49_VNINS.csv,lap,4,46354,1159.177304,22.891956,2258.164,508.299,0.619920,,10.434962,35.53005834,-97.47521794,30.025,129.393,7.260,-11.711,0.820
VN300_2026-07-12_14-41-49_VNINS.csv,lap,4,46355,1159.177304,22.891956,2258.495,508.631,0.619920,,10.434962,35.53005619,-97.47521540,29.975,130.237,7.326,-11.625,0.820
VN300_2026-07-12_14-41-49_VNINS.csv,lap,4,46356,1159.177304,22.891956,2258.826,508.962,0.619920,,10.434962,35.53005400,-97.47521292,29.911,131.084,7.381,-11.871,0.820
VN300_2026-07-12_14-41-49_VNINS.csv,lap,4,46357,1159.177304,22.891956,2259.157,509.293,0.619920,,10.434962,35.53005179,-97.47521047,29.999,131.883,7.365,-11.869,0.820
VN300_2026-07-12_14-41-49_VNINS.csv,lap,4,46358,1159.177304,22.891956,2259.489,509.625,0.619920,,10.434962,35.53004954,-97.47520807,30.040,132.711,7.335,-11.943,0.820
VN300_2026-07-12_14-41-49_VNINS.csv,lap,4,46359,1159.177304,22.891956,2259.856,509.992,0.619920,,10.434962,35.53004628,-97.47520738,29.989,133.618,7.392,-11.984,0.810
VN300_2026-07-12_14-41-49_VNINS.csv,lap,4,46360,1159.177304,22.891956,2260.190,510.326,0.619920,,10.434962,35.53004392,-97.47520511,30.258,134.624,7.569,-11.953,0.810
VN300_2026-07-12_14-41-49_VNINS.csv,lap,4,46361,1159.177304,22.891956,2260.525,510.661,0.619920,,10.434962,35.53004151,-97.47520289,30.421,135.617,7.734,-12.299,0.810
VN300_2026-07-12_14-41-49_VNINS.csv,lap,4,46362,1159.177304,22.891956,2260.863,510.999,0.619920,,10.434962,35.53003906,-97.47520067,30.656,136.629,7.960,-12.452,0.810
VN300_2026-07-12_14-41-49_VNINS.csv,lap,4,46363,1159.177304,22.891956,2261.204,511.339,0.619920,,10.434962,35.53003657,-97.47519848,30.902,137.666,8.196,-12.471,0.810
VN300_2026-07-12_14-41-49_VNINS.csv,lap,4,46364,1159.177304,22.891956,2261.547,511.683,0.619920,,10.434962,35.53003404,-97.47519630,31.206,138.677,8.335,-12.510,0.810
VN300_2026-07-12_14-41-49_VNINS.csv,lap,4,46365,1159.177304,22.891956,2261.894,512.030,0.619920,,10.434962,35.53003146,-97.47519414,31.478,139.649,8.358,-12.497,0.810
VN300_2026-07-12_14-41-49_VNINS.csv,lap,4,46366,1159.435884,23.150536,2262.244,512.380,0.878500,,10.434962,35.53002884,-97.47519201,31.734,140.660,8.395,-12.579,0.820
VN300_2026-07-12_14-41-49_VNINS.csv,lap,4,46367,1159.435884,23.150536,2262.624,512.760,0.878500,,10.434962,35.53002542,-97.47519178,31.836,141.699,8.574,-12.560,0.800
VN300_2026-07-12_14-41-49_VNINS.csv,lap,4,46368,1159.435884,23.150536,2262.979,513.115,0.878500,,10.434962,35.53002269,-97.47518975,32.137,142.739,8.836,-12.671,0.810
VN300_2026-07-12_14-41-49_VNINS.csv,lap,4,46369,1159.435884,23.150536,2263.337,513.473,0.878500,,10.434962,35.53001992,-97.47518774,32.373,143.729,9.093,-12.749,0.810
VN300_2026-07-12_14-41-49_VNINS.csv,lap,4,46370,1159.435884,23.150536,2263.698,513.834,0.878500,,10.434962,35.53001711,-97.47518574,32.591,144.673,9.318,-12.591,0.810
VN300_2026-07-12_14-41-49_VNINS.csv,lap,4,46371,1159.435884,23.150536,2264.060,514.196,0.878500,,10.434962,35.53001427,-97.47518378,32.799,145.497,9.367,-12.567,0.810
VN300_2026-07-12_14-41-49_VNINS.csv,lap,4,46372,1159.435884,23.150536,2264.426,514.562,0.878500,,10.434962,35.53001138,-97.47518185,33.042,146.298,9.297,-12.617,0.810
VN300_2026-07-12_14-41-49_VNINS.csv,lap,4,46373,1159.435884,23.150536,2264.794,514.930,0.878500,,10.434962,35.53000845,-97.47517995,33.240,147.088,9.202,-12.572,0.810
VN300_2026-07-12_14-41-49_VNINS.csv,lap,4,46374,1159.435884,23.150536,2265.164,515.300,0.878500,,10.434962,35.53000549,-97.47517809,33.436,147.920,9.141,-12.535,0.810
VN300_2026-07-12_14-41-49_VNINS.csv,lap,4,46375,1159.435884,23.150536,2265.641,515.777,0.878500,,10.434962,35.53000121,-97.47517843,33.726,148.811,9.167,-12.607,0.800
VN300_2026-07-12_14-41-49_VNINS.csv,lap,4,46376,1159.435884,23.150536,2266.016,516.152,0.878500,,10.434962,35.52999815,-97.47517669,33.912,149.700,9.294,-12.757,0.800
VN300_2026-07-12_14-41-49_VNINS.csv,lap,4,46377,1159.689653,23.404305,2266.394,516.530,1.132269,,10.434962,35.52999504,-97.47517499,34.091,150.614,9.557,-12.937,0.800
VN300_2026-07-12_14-41-49_VNINS.csv,lap,4,46378,1159.689653,23.404305,2266.773,516.909,1.132269,,10.434962,35.52999190,-97.47517336,34.207,151.559,9.897,-13.063,0.800
VN300_2026-07-12_14-41-49_VNINS.csv,lap,4,46379,1159.689653,23.404305,2267.155,517.290,1.132269,,10.434962,35.52998873,-97.47517176,34.303,152.530,10.163,-13.064,0.800
VN300_2026-07-12_14-41-49_VNINS.csv,lap,4,46380,1159.689653,23.404305,2267.537,517.673,1.132269,,10.434962,35.52998553,-97.47517022,34.388,153.524,10.441,-13.200,0.800
VN300_2026-07-12_14-41-49_VNINS.csv,lap,4,46381,1159.689653,23.404305,2267.919,518.055,1.132269,,10.434962,35.52998231,-97.47516873,34.408,154.500,10.574,-13.159,0.810
VN300_2026-07-12_14-41-49_VNINS.csv,lap,4,46382,1159.689653,23.404305,2268.301,518.437,1.132269,,10.434962,35.52997908,-97.47516730,34.402,155.476,10.614,-13.297,0.810
VN300_2026-07-12_14-41-49_VNINS.csv,lap,4,46383,1159.689653,23.404305,2268.735,518.871,1.132269,,10.434962,35.52997521,-97.47516793,34.315,156.444,10.624,-13.423,0.800
VN300_2026-07-12_14-41-49_VNINS.csv,lap,4,46384,1159.689653,23.404305,2269.118,519.253,1.132269,,10.434962,35.52997193,-97.47516666,34.369,157.501,10.665,-13.425,0.800
VN300_2026-07-12_14-41-49_VNINS.csv,lap,4,46385,1159.689653,23.404305,2269.500,519.636,1.132269,,10.434962,35.52996863,-97.47516545,34.415,158.580,10.813,-13.435,0.800
VN300_2026-07-12_14-41-49_VNINS.csv,lap,4,46386,1159.689653,23.404305,2269.884,520.020,1.132269,,10.434962,35.52996531,-97.47516429,34.489,159.731,11.017,-13.461,0.800
VN300_2026-07-12_14-41-49_VNINS.csv,lap,4,46387,1159.968354,23.683006,2270.268,520.404,1.410970,,10.434962,35.52996197,-97.47516321,34.642,160.929,11.302,-13.420,0.800
VN300_2026-07-12_14-41-49_VNINS.csv,lap,4,46388,1159.968354,23.683006,2270.655,520.791,1.410970,,10.434962,35.52995859,-97.47516219,34.781,162.198,11.676,-13.423,0.800
VN300_2026-07-12_14-41-49_VNINS.csv,lap,4,46389,1159.968354,23.683006,2271.043,521.179,1.410970,,10.434962,35.52995519,-97.47516123,34.936,163.444,12.004,-13.464,0.800
VN300_2026-07-12_14-41-49_VNINS.csv,lap,4,46390,1159.968354,23.683006,2271.432,521.568,1.410970,,10.434962,35.52995177,-97.47516032,35.117,164.677,12.306,-13.602,0.800
VN300_2026-07-12_14-41-49_VNINS.csv,lap,4,46391,1159.968354,23.683006,2271.907,522.043,1.410970,,10.434962,35.52994759,-97.47516139,35.168,165.937,12.523,-13.494,0.790
VN300_2026-07-12_14-41-49_VNINS.csv,lap,4,46392,1159.968354,23.683006,2272.299,522.435,1.410970,,10.434962,35.52994412,-97.47516065,35.328,167.177,12.624,-13.356,0.790
VN300_2026-07-12_14-41-49_VNINS.csv,lap,4,46393,1159.968354,23.683006,2272.694,522.830,1.410970,,10.434962,35.52994061,-97.47515998,35.499,168.397,12.649,-13.470,0.790
VN300_2026-07-12_14-41-49_VNINS.csv,lap,4,46394,1159.968354,23.683006,2273.090,523.226,1.410970,,10.434962,35.52993708,-97.47515939,35.652,169.639,12.704,-13.397,0.790
VN300_2026-07-12_14-41-49_VNINS.csv,lap,4,46395,1159.968354,23.683006,2273.488,523.624,1.410970,,10.434962,35.52993352,-97.47515888,35.818,170.879,12.869,-13.202,0.790
VN300_2026-07-12_14-41-49_VNINS.csv,lap,4,46396,1159.968354,23.683006,2273.888,524.024,1.410970,,10.434962,35.52992994,-97.47515844,36.034,172.063,13.074,-13.205,0.800
VN300_2026-07-12_14-41-49_VNINS.csv,lap,4,46397,1159.968354,23.683006,2274.290,524.426,1.410970,,10.434962,35.52992634,-97.47515805,36.162,173.091,13.322,-13.368,0.800
VN300_2026-07-12_14-41-49_VNINS.csv,lap,4,46398,1160.222172,23.936824,2274.694,524.830,1.664788,,10.434962,35.52992272,-97.47515771,36.305,173.990,13.597,-13.270,0.800
VN300_2026-07-12_14-41-49_VNINS.csv,lap,4,46399,1160.222172,23.936824,2275.153,525.289,1.664788,,10.434962,35.52991870,-97.47515888,36.392,174.828,13.793,-13.178,0.790
VN300_2026-07-12_14-41-49_VNINS.csv,lap,4,46400,1160.222172,23.936824,2275.561,525.696,1.664788,,10.434962,35.52991504,-97.47515871,36.607,175.520,13.867,-13.384,0.790
VN300_2026-07-12_14-41-49_VNINS.csv,lap,4,46401,1160.222172,23.936824,2275.969,526.105,1.664788,,10.434962,35.52991137,-97.47515861,36.701,176.096,13.810,-13.391,0.790
VN300_2026-07-12_14-41-49_VNINS.csv,lap,4,46402,1160.222172,23.936824,2276.379,526.515,1.664788,,10.434962,35.52990768,-97.47515859,36.864,176.694,13.742,-13.395,0.790
VN300_2026-07-12_14-41-49_VNINS.csv,lap,4,46403,1160.222172,23.936824,2276.792,526.928,1.664788,,10.434962,35.52990397,-97.47515867,37.080,177.287,13.726,-13.486,0.790
VN300_2026-07-12_14-41-49_VNINS.csv,lap,4,46404,1160.222172,23.936824,2277.207,527.343,1.664788,,10.434962,35.52990024,-97.47515882,37.267,177.945,13.827,-13.585,0.790
VN300_2026-07-12_14-41-49_VNINS.csv,lap,4,46405,1160.222172,23.936824,2277.623,527.759,1.664788,,10.434962,35.52989650,-97.47515901,37.314,178.621,13.977,-13.375,0.790
VN300_2026-07-12_14-41-49_VNINS.csv,lap,4,46406,1160.222172,23.936824,2278.038,528.174,1.664788,,10.434962,35.52989277,-97.47515925,37.400,179.324,13.984,-13.251,0.790
VN300_2026-07-12_14-41-49_VNINS.csv,lap,4,46407,1160.222172,23.936824,2278.456,528.592,1.664788,,10.434962,35.52988902,-97.47515959,37.555,179.991,13.914,-13.274,0.790
VN300_2026-07-12_14-41-49_VNINS.csv,lap,4,46408,1160.475689,24.190341,2278.881,529.017,1.918305,,10.434962,35.52988523,-97.47515897,37.576,-179.347,13.856,-13.178,0.780
VN300_2026-07-12_14-41-49_VNINS.csv,lap,4,46409,1160.475689,24.190341,2279.300,529.436,1.918305,,10.434962,35.52988148,-97.47515942,37.673,-178.679,13.810,-13.178,0.780
VN300_2026-07-12_14-41-49_VNINS.csv,lap,4,46410,1160.475689,24.190341,2279.721,529.857,1.918305,,10.434962,35.52987772,-97.47515992,37.749,-178.072,13.850,-13.019,0.790
VN300_2026-07-12_14-41-49_VNINS.csv,lap,4,46411,1160.475689,24.190341,2280.143,530.279,1.918305,,10.434962,35.52987395,-97.47516049,37.900,-177.528,14.021,-12.963,0.790
VN300_2026-07-12_14-41-49_VNINS.csv,lap,4,46412,1160.475689,24.190341,2280.567,530.702,1.918305,,10.434962,35.52987018,-97.47516113,38.084,-177.024,14.182,-12.866,0.790
VN300_2026-07-12_14-41-49_VNINS.csv,lap,4,46413,1160.475689,24.190341,2280.993,531.129,1.918305,,10.434962,35.52986639,-97.47516183,38.242,-176.562,14.284,-12.909,0.790
VN300_2026-07-12_14-41-49_VNINS.csv,lap,4,46414,1160.475689,24.190341,2281.419,531.555,1.918305,,10.434962,35.52986260,-97.47516257,38.358,-176.188,14.245,-12.724,0.790
VN300_2026-07-12_14-41-49_VNINS.csv,lap,4,46415,1160.475689,24.190341,2281.849,531.985,1.918305,,10.434962,35.52985874,-97.47516250,38.618,-175.778,14.134,-12.758,0.780
VN300_2026-07-12_14-41-49_VNINS.csv,lap,4,46416,1160.475689,24.190341,2282.281,532.417,1.918305,,10.434962,35.52985492,-97.47516340,38.873,-175.411,14.080,-12.815,0.780
VN300_2026-07-12_14-41-49_VNINS.csv,lap,4,46417,1160.475689,24.190341,2282.717,532.853,1.918305,,10.434962,35.52985108,-97.47516436,39.150,-175.079,14.047,-12.810,0.780
VN300_2026-07-12_14-41-49_VNINS.csv,lap,4,46418,1160.729171,24.443823,2283.155,533.291,2.171787,,10.434962,35.52984722,-97.47516535,39.426,-174.790,14.194,-12.628,0.780
VN300_2026-07-12_14-41-49_VNINS.csv,lap,4,46419,1160.729171,24.443823,2283.597,533.733,2.171787,,10.434962,35.52984334,-97.47516639,39.673,-174.564,14.265,-12.899,0.780
VN300_2026-07-12_14-41-49_VNINS.csv,lap,4,46420,1160.729171,24.443823,2284.040,534.176,2.171787,,10.434962,35.52983945,-97.47516745,39.823,-174.383,14.311,-13.141,0.780
VN300_2026-07-12_14-41-49_VNINS.csv,lap,4,46421,1160.729171,24.443823,2284.486,534.622,2.171787,,10.434962,35.52983554,-97.47516854,39.990,-174.267,14.274,-13.166,0.780
VN300_2026-07-12_14-41-49_VNINS.csv,lap,4,46422,1160.729171,24.443823,2284.933,535.069,2.171787,,10.434962,35.52983162,-97.47516966,40.235,-174.178,14.150,-13.317,0.780
VN300_2026-07-12_14-41-49_VNINS.csv,lap,4,46423,1160.729171,24.443823,2285.450,535.586,2.171787,,10.434962,35.52982750,-97.47516702,40.222,-174.103,13.975,-13.631,0.770
VN300_2026-07-12_14-41-49_VNINS.csv,lap,4,46424,1160.729171,24.443823,2285.900,536.036,2.171787,,10.434962,35.52982355,-97.47516810,40.411,-174.065,13.762,-13.705,0.780
VN300_2026-07-12_14-41-49_VNINS.csv,lap,4,46425,1160.729171,24.443823,2286.353,536.489,2.171787,,10.434962,35.52981958,-97.47516923,40.616,-174.064,13.609,-13.828,0.780
VN300_2026-07-12_14-41-49_VNINS.csv,lap,4,46426,1160.729171,24.443823,2286.808,536.944,2.171787,,10.434962,35.52981560,-97.47517038,40.783,-174.073,13.519,-14.198,0.780
VN300_2026-07-12_14-41-49_VNINS.csv,lap,4,46427,1160.729171,24.443823,2287.264,537.400,2.171787,,10.434962,35.52981161,-97.47517155,40.876,-174.106,13.475,-14.351,0.780
VN300_2026-07-12_14-41-49_VNINS.csv,lap,4,46428,1161.008720,24.723372,2287.721,537.857,2.451336,,10.434962,35.52980761,-97.47517274,41.072,-174.119,13.449,-14.424,0.780
VN300_2026-07-12_14-41-49_VNINS.csv,lap,4,46429,1161.008720,24.723372,2288.182,538.318,2.451336,,10.434962,35.52980359,-97.47517396,41.241,-174.097,13.385,-14.645,0.780
VN300_2026-07-12_14-41-49_VNINS.csv,lap,4,46430,1161.008720,24.723372,2288.643,538.778,2.451336,,10.434962,35.52979957,-97.47517519,41.308,-174.048,13.306,-14.962,0.780
VN300_2026-07-12_14-41-49_VNINS.csv,lap,4,46431,1161.008720,24.723372,2289.288,539.424,2.451336,,10.434962,35.52979497,-97.47517084,41.342,-174.062,13.266,-15.005,0.770
VN300_2026-07-12_14-41-49_VNINS.csv,lap,4,46432,1161.008720,24.723372,2289.752,539.888,2.451336,,10.434962,35.52979090,-97.47517198,41.527,-174.056,13.203,-15.296,0.770
VN300_2026-07-12_14-41-49_VNINS.csv,lap,4,46433,1161.008720,24.723372,2290.216,540.352,2.451336,,10.434962,35.52978683,-97.47517312,41.612,-174.069,13.068,-15.642,0.770
VN300_2026-07-12_14-41-49_VNINS.csv,lap,4,46434,1161.008720,24.723372,2290.682,540.818,2.451336,,10.434962,35.52978275,-97.47517428,41.643,-174.068,12.925,-15.667,0.770
VN300_2026-07-12_14-41-49_VNINS.csv,lap,4,46435,1161.008720,24.723372,2291.149,541.285,2.451336,,10.434962,35.52977866,-97.47517547,41.859,-174.040,12.750,-15.752,0.770
VN300_2026-07-12_14-41-49_VNINS.csv,lap,4,46436,1161.008720,24.723372,2291.619,541.755,2.451336,,10.434962,35.52977456,-97.47517671,42.038,-174.073,12.670,-16.177,0.780
VN300_2026-07-12_14-41-49_VNINS.csv,lap,4,46437,1161.008720,24.723372,2292.089,542.225,2.451336,,10.434962,35.52977045,-97.47517795,42.183,-174.104,12.592,-16.327,0.780
VN300_2026-07-12_14-41-49_VNINS.csv,lap,4,46438,1161.008720,24.723372,2292.562,542.697,2.451336,,10.434962,35.52976633,-97.47517921,42.299,-174.111,12.496,-16.272,0.780
VN300_2026-07-12_14-41-49_VNINS.csv,lap,4,46439,1161.262506,24.977158,2293.247,543.383,2.705122,,10.434962,35.52976148,-97.47517454,42.307,-174.118,12.350,-16.540,0.770
VN300_2026-07-12_14-41-49_VNINS.csv,lap,4,46440,1161.262506,24.977158,2293.721,543.857,2.705122,,10.434962,35.52975732,-97.47517570,42.470,-174.274,12.240,-16.729,0.770
VN300_2026-07-12_14-41-49_VNINS.csv,lap,4,46441,1161.262506,24.977158,2294.196,544.332,2.705122,,10.434962,35.52975315,-97.47517685,42.511,-174.516,12.254,-16.785,0.770
VN300_2026-07-12_14-41-49_VNINS.csv,lap,4,46442,1161.262506,24.977158,2294.673,544.809,2.705122,,10.434962,35.52974897,-97.47517802,42.629,-174.815,12.348,-17.080,0.770
VN300_2026-07-12_14-41-49_VNINS.csv,lap,4,46443,1161.262506,24.977158,2295.151,545.287,2.705122,,10.434962,35.52974478,-97.47517920,42.741,-175.147,12.402,-17.561,0.770
VN300_2026-07-12_14-41-49_VNINS.csv,lap,4,46444,1161.262506,24.977158,2295.629,545.765,2.705122,,10.434962,35.52974059,-97.47518038,42.673,-175.418,12.398,-17.657,0.770
VN300_2026-07-12_14-41-49_VNINS.csv,lap,4,46445,1161.262506,24.977158,2296.108,546.243,2.705122,,10.434962,35.52973640,-97.47518159,42.835,-175.663,12.350,-17.819,0.770
VN300_2026-07-12_14-41-49_VNINS.csv,lap,4,46446,1161.262506,24.977158,2296.587,546.723,2.705122,,10.434962,35.52973220,-97.47518281,42.895,-175.839,12.244,-18.355,0.770
VN300_2026-07-12_14-41-49_VNINS.csv,lap,4,46447,1161.262506,24.977158,2297.069,547.205,2.705122,,10.434962,35.52972799,-97.47518405,42.993,-176.000,12.110,-18.646,0.780
VN300_2026-07-12_14-41-49_VNINS.csv,lap,4,46448,1161.262506,24.977158,2297.887,548.023,2.705122,,10.434962,35.52972272,-97.47517774,42.958,-176.139,11.973,-18.837,0.770
VN300_2026-07-12_14-41-49_VNINS.csv,lap,4,46449,1161.262506,24.977158,2298.368,548.504,2.705122,,10.434962,35.52971848,-97.47517882,43.012,-176.359,11.878,-18.871,0.770
VN300_2026-07-12_14-41-49_VNINS.csv,lap,4,46450,1161.516324,25.230976,2298.851,548.987,2.958940,,10.434962,35.52971423,-97.47517990,43.144,-176.608,11.885,-19.293,0.770
VN300_2026-07-12_14-41-49_VNINS.csv,lap,4,46451,1161.516324,25.230976,2299.334,549.470,2.958940,,10.434962,35.52970998,-97.47518100,43.219,-176.924,11.881,-19.864,0.770
VN300_2026-07-12_14-41-49_VNINS.csv,lap,4,46452,1161.516324,25.230976,2299.819,549.955,2.958940,,10.434962,35.52970571,-97.47518208,43.274,-177.140,11.781,-19.788,0.770
VN300_2026-07-12_14-41-49_VNINS.csv,lap,4,46453,1161.516324,25.230976,2300.304,550.440,2.958940,,10.434962,35.52970144,-97.47518317,43.403,-177.258,11.567,-19.812,0.770
VN300_2026-07-12_14-41-49_VNINS.csv,lap,4,46454,1161.516324,25.230976,2300.791,550.927,2.958940,,10.434962,35.52969715,-97.47518429,43.531,-177.355,11.171,-20.409,0.770
VN300_2026-07-12_14-41-49_VNINS.csv,lap,4,46455,1161.516324,25.230976,2301.759,551.895,2.958940,,10.434962,35.52969117,-97.47517652,43.533,-177.514,10.786,-20.534,0.760
VN300_2026-07-12_14-41-49_VNINS.csv,lap,4,46456,1161.516324,25.230976,2302.248,552.384,2.958940,,10.434962,35.52968683,-97.47517741,43.677,-177.751,10.445,-20.683,0.760
VN300_2026-07-12_14-41-49_VNINS.csv,lap,4,46457,1161.516324,25.230976,2302.738,552.874,2.958940,,10.434962,35.52968249,-97.47517830,43.753,-178.095,10.135,-20.908,0.760
VN300_2026-07-12_14-41-49_VNINS.csv,lap,4,46458,1161.516324,25.230976,2303.228,553.364,2.958940,,10.434962,35.52967814,-97.47517917,43.768,-178.549,9.933,-21.057,0.760
VN300_2026-07-12_14-41-49_VNINS.csv,lap,4,46459,1161.516324,25.230976,2303.718,553.854,2.958940,,10.434962,35.52967379,-97.47518004,43.816,-179.084,9.807,-21.363,0.760
VN300_2026-07-12_14-41-49_VNINS.csv,lap,4,46460,1161.769764,25.484416,2304.209,554.345,3.212380,,10.434962,35.52966943,-97.47518090,43.942,-179.676,9.686,-21.549,0.770
VN300_2026-07-12_14-41-49_VNINS.csv,lap,4,46461,1161.769764,25.484416,2304.701,554.837,3.212380,,10.434962,35.52966506,-97.47518178,44.109,179.745,9.606,-21.806,0.770
VN300_2026-07-12_14-41-49_VNINS.csv,lap,4,46462,1161.769764,25.484416,2305.196,555.332,3.212380,,10.434962,35.52966067,-97.47518270,44.161,179.238,9.413,-22.258,0.770
VN300_2026-07-12_14-41-49_VNINS.csv,lap,4,46463,1161.769764,25.484416,2306.295,556.431,3.212380,,10.434962,35.52965436,-97.47517336,44.346,178.786,9.156,-22.583,0.760
VN300_2026-07-12_14-41-49_VNINS.csv,lap,4,46464,1161.769764,25.484416,2306.790,556.926,3.212380,,10.434962,35.52964994,-97.47517406,44.359,178.374,8.853,-22.693,0.760
VN300_2026-07-12_14-41-49_VNINS.csv,lap,4,46465,1161.769764,25.484416,2307.289,557.424,3.212380,,10.434962,35.52964550,-97.47517479,44.512,177.958,8.565,-23.139,0.760
VN300_2026-07-12_14-41-49_VNINS.csv,lap,4,46466,1161.769764,25.484416,2307.787,557.923,3.212380,,10.434962,35.52964105,-97.47517549,44.514,177.562,8.268,-23.420,0.760
VN300_2026-07-12_14-41-49_VNINS.csv,lap,4,46467,1161.769764,25.484416,2308.286,558.422,3.212380,,10.434962,35.52963660,-97.47517618,44.604,177.240,8.047,-23.541,0.760
VN300_2026-07-12_14-41-49_VNINS.csv,lap,4,46468,1161.769764,25.484416,2308.786,558.922,3.212380,,10.434962,35.52963214,-97.47517687,44.776,177.090,7.726,-23.935,0.760
VN300_2026-07-12_14-41-49_VNINS.csv,lap,4,46469,1161.769764,25.484416,2309.288,559.424,3.212380,,10.434962,35.52962766,-97.47517756,44.833,176.993,7.393,-24.283,0.760
VN300_2026-07-12_14-41-49_VNINS.csv,lap,4,46470,1162.036608,25.751260,2309.790,559.926,3.479224,,10.434962,35.52962318,-97.47517825,44.868,176.899,7.119,-24.420,0.760
VN300_2026-07-12_14-41-49_VNINS.csv,lap,4,46471,1162.036608,25.751260,2311.029,561.165,3.479224,,10.434962,35.52961729,-97.47516663,45.048,176.579,7.002,-24.526,0.750
VN300_2026-07-12_14-41-49_VNINS.csv,lap,4,46472,1162.036608,25.751260,2311.534,561.670,3.479224,,10.434962,35.52961276,-97.47516705,45.100,176.184,7.033,-24.857,0.760
VN300_2026-07-12_14-41-49_VNINS.csv,lap,4,46473,1162.036608,25.751260,2312.040,562.176,3.479224,,10.434962,35.52960822,-97.47516749,45.354,175.765,7.077,-25.128,0.760
VN300_2026-07-12_14-41-49_VNINS.csv,lap,4,46474,1162.036608,25.751260,2312.548,562.684,3.479224,,10.434962,35.52960367,-97.47516795,45.380,175.456,7.065,-25.204,0.760
VN300_2026-07-12_14-41-49_VNINS.csv,lap,4,46475,1162.036608,25.751260,2313.057,563.193,3.479224,,10.434962,35.52959911,-97.47516843,45.399,175.320,6.912,-25.443,0.760
VN300_2026-07-12_14-41-49_VNINS.csv,lap,4,46476,1162.036608,25.751260,2313.563,563.699,3.479224,,10.434962,35.52959457,-97.47516889,45.098,175.304,6.607,-25.771,0.760
VN300_2026-07-12_14-41-49_VNINS.csv,lap,4,46477,1162.036608,25.751260,2314.068,564.204,3.479224,,10.434962,35.52959005,-97.47516936,45.074,175.291,6.230,-25.892,0.760
VN300_2026-07-12_14-41-49_VNINS.csv,lap,4,46478,1162.036608,25.751260,2314.574,564.709,3.479224,,10.434962,35.52958552,-97.47516985,45.049,175.250,5.936,-26.205,0.760
VN300_2026-07-12_14-41-49_VNINS.csv,lap,4,46479,1162.036608,25.751260,2315.794,565.930,3.479224,,10.434962,35.52958015,-97.47515809,44.912,175.177,5.709,-26.590,0.750
VN300_2026-07-12_14-41-49_VNINS.csv,lap,4,46480,1162.036608,25.751260,2316.294,566.430,3.479224,,10.434962,35.52957566,-97.47515834,44.407,175.165,5.535,-26.704,0.750
VN300_2026-07-12_14-41-49_VNINS.csv,lap,4,46481,1162.290367,26.005019,2316.789,566.925,3.732983,,10.434962,35.52957121,-97.47515861,44.169,175.200,5.394,-27.061,0.750
VN300_2026-07-12_14-41-49_VNINS.csv,lap,4,46482,1162.290367,26.005019,2317.282,567.418,3.732983,,10.434962,35.52956678,-97.47515887,43.865,175.187,5.379,-27.319,0.750
VN300_2026-07-12_14-41-49_VNINS.csv,lap,4,46483,1162.290367,26.005019,2317.771,567.907,3.732983,,10.434962,35.52956239,-97.47515917,43.547,175.234,5.457,-27.502,0.760
VN300_2026-07-12_14-41-49_VNINS.csv,lap,4,46484,1162.290367,26.005019,2318.258,568.394,3.732983,,10.434962,35.52955802,-97.47515950,43.255,175.437,5.610,-27.755,0.760
VN300_2026-07-12_14-41-49_VNINS.csv,lap,4,46485,1162.290367,26.005019,2318.741,568.876,3.732983,,10.434962,35.52955369,-97.47515987,42.939,175.777,5.787,-27.840,0.760
VN300_2026-07-12_14-41-49_VNINS.csv,lap,4,46486,1162.290367,26.005019,2319.220,569.356,3.732983,,10.434962,35.52954939,-97.47516029,42.701,176.329,5.957,-28.213,0.760
VN300_2026-07-12_14-41-49_VNINS.csv,lap,4,46487,1162.290367,26.005019,2319.697,569.833,3.732983,,10.434962,35.52954512,-97.47516073,42.382,176.827,6.252,-28.508,0.760
VN300_2026-07-12_14-41-49_VNINS.csv,lap,4,46488,1162.290367,26.005019,2320.979,571.115,3.732983,,10.434962,35.52953929,-97.47514850,42.193,177.410,6.526,-28.678,0.750
VN300_2026-07-12_14-41-49_VNINS.csv,lap,4,46489,1162.290367,26.005019,2321.451,571.587,3.732983,,10.434962,35.52953505,-97.47514877,42.075,178.033,6.930,-28.974,0.750
VN300_2026-07-12_14-41-49_VNINS.csv,lap,4,46490,1162.290367,26.005019,2321.922,572.057,3.732983,,10.434962,35.52953083,-97.47514910,41.835,178.765,7.216,-29.606,0.750
VN300_2026-07-12_14-41-49_VNINS.csv,lap,4,46491,1162.543785,26.258437,2322.389,572.525,3.986401,,10.434962,35.52952664,-97.47514946,41.564,179.578,7.504,-29.684,0.750
VN300_2026-07-12_14-41-49_VNINS.csv,lap,4,46492,1162.543785,26.258437,2322.854,572.990,3.986401,,10.434962,35.52952247,-97.47514986,41.449,-179.554,7.821,-29.885,0.750
VN300_2026-07-12_14-41-49_VNINS.csv,lap,4,46493,1162.543785,26.258437,2323.317,573.453,3.986401,,10.434962,35.52951832,-97.47515029,41.296,-178.691,8.220,-30.235,0.750
VN300_2026-07-12_14-41-49_VNINS.csv,lap,4,46494,1162.543785,26.258437,2323.779,573.915,3.986401,,10.434962,35.52951418,-97.47515077,41.175,-177.785,8.717,-30.451,0.750
VN300_2026-07-12_14-41-49_VNINS.csv,lap,4,46495,1162.543785,26.258437,2324.794,574.930,3.986401,,10.434962,35.52950905,-97.47514149,40.913,-176.832,9.294,-30.574,0.750
VN300_2026-07-12_14-41-49_VNINS.csv,lap,4,46496,1162.543785,26.258437,2325.251,575.387,3.986401,,10.434962,35.52950495,-97.47514184,40.672,-175.868,9.842,-30.821,0.750
VN300_2026-07-12_14-41-49_VNINS.csv,lap,4,46497,1162.543785,26.258437,2325.707,575.842,3.986401,,10.434962,35.52950087,-97.47514225,40.456,-174.861,10.370,-30.992,0.750
VN300_2026-07-12_14-41-49_VNINS.csv,lap,4,46498,1162.543785,26.258437,2326.158,576.294,3.986401,,10.434962,35.52949683,-97.47514272,40.241,-173.829,10.920,-31.078,0.750
VN300_2026-07-12_14-41-49_VNINS.csv,lap,4,46499,1162.543785,26.258437,2326.608,576.744,3.986401,,10.434962,35.52949280,-97.47514325,40.045,-172.804,11.445,-31.146,0.750
VN300_2026-07-12_14-41-49_VNINS.csv,lap,4,46500,1162.543785,26.258437,2327.055,577.191,3.986401,,10.434962,35.52948881,-97.47514382,39.830,-171.751,11.982,-31.144,0.750
VN300_2026-07-12_14-41-49_VNINS.csv,lap,4,46501,1162.797208,26.511860,2327.500,577.636,4.239824,,10.434962,35.52948484,-97.47514444,39.575,-170.696,12.473,-31.036,0.750
VN300_2026-07-12_14-41-49_VNINS.csv,lap,4,46502,1162.797208,26.511860,2327.943,578.078,4.239824,,10.434962,35.52948090,-97.47514512,39.394,-169.667,12.884,-31.047,0.750
VN300_2026-07-12_14-41-49_VNINS.csv,lap,4,46503,1162.797208,26.511860,2328.800,578.936,4.239824,,10.434962,35.52947546,-97.47513840,39.200,-168.646,13.335,-31.030,0.740
VN300_2026-07-12_14-41-49_VNINS.csv,lap,4,46504,1162.797208,26.511860,2329.237,579.373,4.239824,,10.434962,35.52947156,-97.47513900,38.965,-167.653,13.830,-30.929,0.740
VN300_2026-07-12_14-41-49_VNINS.csv,lap,4,46505,1162.797208,26.511860,2329.672,579.808,4.239824,,10.434962,35.52946768,-97.47513963,38.752,-166.684,14.321,-30.919,0.740
VN300_2026-07-12_14-41-49_VNINS.csv,lap,4,46506,1162.797208,26.511860,2330.105,580.241,4.239824,,10.434962,35.52946383,-97.47514030,38.552,-165.756,14.800,-30.965,0.750
VN300_2026-07-12_14-41-49_VNINS.csv,lap,4,46507,1162.797208,26.511860,2330.536,580.671,4.239824,,10.434962,35.52946000,-97.47514101,38.301,-164.889,15.212,-31.022,0.750
VN300_2026-07-12_14-41-49_VNINS.csv,lap,4,46508,1162.797208,26.511860,2330.964,581.100,4.239824,,10.434962,35.52945620,-97.47514177,38.125,-164.047,15.579,-31.115,0.750
VN300_2026-07-12_14-41-49_VNINS.csv,lap,4,46509,1162.797208,26.511860,2331.390,581.526,4.239824,,10.434962,35.52945242,-97.47514257,38.083,-163.303,15.904,-31.056,0.750
VN300_2026-07-12_14-41-49_VNINS.csv,lap,4,46510,1162.797208,26.511860,2331.816,581.952,4.239824,,10.434962,35.52944866,-97.47514344,37.992,-162.597,16.328,-31.013,0.750
VN300_2026-07-12_14-41-49_VNINS.csv,lap,4,46511,1163.066310,26.780962,2332.465,582.601,4.508926,,10.434962,35.52944348,-97.47514012,38.005,-161.934,16.811,-31.143,0.740
VN300_2026-07-12_14-41-49_VNINS.csv,lap,4,46512,1163.066310,26.780962,2332.890,583.025,4.508926,,10.434962,35.52943973,-97.47514099,37.874,-161.290,17.297,-31.207,0.740
VN300_2026-07-12_14-41-49_VNINS.csv,lap,4,46513,1163.066310,26.780962,2333.314,583.450,4.508926,,10.434962,35.52943599,-97.47514192,37.831,-160.683,17.788,-30.996,0.740
VN300_2026-07-12_14-41-49_VNINS.csv,lap,4,46514,1163.066310,26.780962,2333.736,583.872,4.508926,,10.434962,35.52943228,-97.47514290,37.812,-160.159,18.158,-31.044,0.740
VN300_2026-07-12_14-41-49_VNINS.csv,lap,4,46515,1163.066310,26.780962,2334.159,584.294,4.508926,,10.434962,35.52942857,-97.47514392,37.848,-159.689,18.425,-31.073,0.740
VN300_2026-07-12_14-41-49_VNINS.csv,lap,4,46516,1163.066310,26.780962,2334.582,584.718,4.508926,,10.434962,35.52942486,-97.47514497,37.872,-159.228,18.614,-31.028,0.740
VN300_2026-07-12_14-41-49_VNINS.csv,lap,4,46517,1163.066310,26.780962,2335.005,585.141,4.508926,,10.434962,35.52942116,-97.47514608,37.970,-158.751,18.766,-31.014,0.740
VN300_2026-07-12_14-41-49_VNINS.csv,lap,4,46518,1163.066310,26.780962,2335.430,585.566,4.508926,,10.434962,35.52941746,-97.47514724,38.035,-158.267,18.860,-31.034,0.750
VN300_2026-07-12_14-41-49_VNINS.csv,lap,4,46519,1163.066310,26.780962,2336.013,586.149,4.508926,,10.434962,35.52941240,-97.47514555,38.169,-157.798,18.971,-31.073,0.740
VN300_2026-07-12_14-41-49_VNINS.csv,lap,4,46520,1163.066310,26.780962,2336.439,586.575,4.508926,,10.434962,35.52940870,-97.47514677,38.160,-157.354,19.140,-30.978,0.740
VN300_2026-07-12_14-41-49_VNINS.csv,lap,4,46521,1163.066310,26.780962,2336.866,587.002,4.508926,,10.434962,35.52940500,-97.47514805,38.260,-156.913,19.314,-31.009,0.740
VN300_2026-07-12_14-41-49_VNINS.csv,lap,4,46522,1163.320076,27.034728,2337.295,587.431,4.762692,,10.434962,35.52940130,-97.47514937,38.370,-156.512,19.504,-31.072,0.740
VN300_2026-07-12_14-41-49_VNINS.csv,lap,4,46523,1163.320076,27.034728,2337.723,587.859,4.762692,,10.434962,35.52939762,-97.47515075,38.384,-156.173,19.669,-31.076,0.740
VN300_2026-07-12_14-41-49_VNINS.csv,lap,4,46524,1163.320076,27.034728,2338.151,588.287,4.762692,,10.434962,35.52939394,-97.47515216,38.432,-155.855,19.751,-30.979,0.740
VN300_2026-07-12_14-41-49_VNINS.csv,lap,4,46525,1163.320076,27.034728,2338.581,588.717,4.762692,,10.434962,35.52939026,-97.47515360,38.480,-155.597,19.767,-30.907,0.740
VN300_2026-07-12_14-41-49_VNINS.csv,lap,4,46526,1163.320076,27.034728,2339.010,589.146,4.762692,,10.434962,35.52938659,-97.47515507,38.501,-155.467,19.706,-30.831,0.740
VN300_2026-07-12_14-41-49_VNINS.csv,lap,4,46527,1163.320076,27.034728,2339.440,589.576,4.762692,,10.434962,35.52938292,-97.47515657,38.499,-155.481,19.599,-30.905,0.740
VN300_2026-07-12_14-41-49_VNINS.csv,lap,4,46528,1163.320076,27.034728,2340.086,590.222,4.762692,,10.434962,35.52937713,-97.47515599,38.982,-155.566,19.427,-30.946,0.730
VN300_2026-07-12_14-41-49_VNINS.csv,lap,4,46529,1163.320076,27.034728,2340.521,590.657,4.762692,,10.434962,35.52937342,-97.47515750,38.976,-155.770,19.230,-30.808,0.740
VN300_2026-07-12_14-41-49_VNINS.csv,lap,4,46530,1163.320076,27.034728,2340.956,591.091,4.762692,,10.434962,35.52936972,-97.47515906,39.070,-156.022,19.014,-30.845,0.740
VN300_2026-07-12_14-41-49_VNINS.csv,lap,4,46531,1163.320076,27.034728,2341.391,591.527,4.762692,,10.434962,35.52936602,-97.47516065,39.130,-156.359,18.821,-31.052,0.740
VN300_2026-07-12_14-41-49_VNINS.csv,lap,4,46532,1163.573576,27.288228,2341.828,591.964,5.016192,,10.434962,35.52936232,-97.47516226,39.154,-156.802,18.674,-31.142,0.740
VN300_2026-07-12_14-41-49_VNINS.csv,lap,4,46533,1163.573576,27.288228,2342.264,592.400,5.016192,,10.434962,35.52935863,-97.47516389,39.125,-157.263,18.556,-31.492,0.740
VN300_2026-07-12_14-41-49_VNINS.csv,lap,4,46534,1163.573576,27.288228,2342.699,592.835,5.016192,,10.434962,35.52935494,-97.47516549,38.954,-157.734,18.387,-31.825,0.740
VN300_2026-07-12_14-41-49_VNINS.csv,lap,4,46535,1163.573576,27.288228,2343.423,593.559,5.016192,,10.434962,35.52934852,-97.47516415,39.271,-158.142,18.128,-32.079,0.730
VN300_2026-07-12_14-41-49_VNINS.csv,lap,4,46536,1163.573576,27.288228,2343.859,593.995,5.016192,,10.434962,35.52934480,-97.47516567,39.117,-158.501,17.810,-32.303,0.730
VN300_2026-07-12_14-41-49_VNINS.csv,lap,4,46537,1163.573576,27.288228,2344.294,594.430,5.016192,,10.434962,35.52934108,-97.47516717,39.030,-158.847,17.406,-32.757,0.730
VN300_2026-07-12_14-41-49_VNINS.csv,lap,4,46538,1163.573576,27.288228,2344.728,594.864,5.016192,,10.434962,35.52933737,-97.47516866,38.961,-159.254,17.043,-33.051,0.730
VN300_2026-07-12_14-41-49_VNINS.csv,lap,4,46539,1163.573576,27.288228,2345.161,595.297,5.016192,,10.434962,35.52933367,-97.47517014,38.888,-159.598,16.691,-33.388,0.730
VN300_2026-07-12_14-41-49_VNINS.csv,lap,4,46540,1163.573576,27.288228,2345.594,595.730,5.016192,,10.434962,35.52932996,-97.47517160,38.855,-159.948,16.355,-33.871,0.740
VN300_2026-07-12_14-41-49_VNINS.csv,lap,4,46541,1163.573576,27.288228,2346.026,596.162,5.016192,,10.434962,35.52932626,-97.47517304,38.700,-160.216,16.045,-33.861,0.740
VN300_2026-07-12_14-41-49_VNINS.csv,lap,4,46542,1163.827106,27.541758,2346.456,596.592,5.269722,,10.434962,35.52932256,-97.47517443,38.601,-160.472,15.859,-33.966,0.740
VN300_2026-07-12_14-41-49_VNINS.csv,lap,4,46543,1163.827106,27.541758,2347.284,597.420,5.269722,,10.434962,35.52931545,-97.47517171,38.897,-160.904,15.625,-34.478,0.730
VN300_2026-07-12_14-41-49_VNINS.csv,lap,4,46544,1163.827106,27.541758,2347.715,597.851,5.269722,,10.434962,35.52931169,-97.47517288,38.617,-161.510,15.288,-34.650,0.730
VN300_2026-07-12_14-41-49_VNINS.csv,lap,4,46545,1163.827106,27.541758,2348.146,598.282,5.269722,,10.434962,35.52930793,-97.47517401,38.469,-162.343,14.979,-34.620,0.730
VN300_2026-07-12_14-41-49_VNINS.csv,lap,4,46546,1163.827106,27.541758,2348.572,598.708,5.269722,,10.434962,35.52930420,-97.47517512,38.338,-163.083,14.360,-35.178,0.730
VN300_2026-07-12_14-41-49_VNINS.csv,lap,4,46547,1163.827106,27.541758,2348.997,599.133,5.269722,,10.434962,35.52930048,-97.47517616,37.859,-163.796,13.723,-35.276,0.730
VN300_2026-07-12_14-41-49_VNINS.csv,lap,4,46548,1163.827106,27.541758,2349.417,599.553,5.269722,,10.434962,35.52929678,-97.47517713,37.706,-164.449,12.969,-35.448,0.730
VN300_2026-07-12_14-41-49_VNINS.csv,lap,4,46549,1163.827106,27.541758,2349.836,599.972,5.269722,,10.434962,35.52929309,-97.47517804,37.435,-165.128,12.160,-35.781,0.730
VN300_2026-07-12_14-41-49_VNINS.csv,lap,4,46550,1163.827106,27.541758,2350.252,600.388,5.269722,,10.434962,35.52928941,-97.47517889,37.233,-165.938,11.356,-35.838,0.730
VN300_2026-07-12_14-41-49_VNINS.csv,lap,4,46551,1163.827106,27.541758,2351.110,601.246,5.269722,,10.434962,35.52928209,-97.47517589,37.640,-166.863,10.523,-36.088,0.730
VN300_2026-07-12_14-41-49_VNINS.csv,lap,4,46552,1164.100143,27.814795,2351.529,601.665,5.542759,,10.434962,35.52927836,-97.47517652,37.447,-167.852,9.696,-36.545,0.730
VN300_2026-07-12_14-41-49_VNINS.csv,lap,4,46553,1164.100143,27.814795,2351.944,602.080,5.542759,,10.434962,35.52927465,-97.47517707,37.185,-168.912,8.907,-36.684,0.730
VN300_2026-07-12_14-41-49_VNINS.csv,lap,4,46554,1164.100143,27.814795,2352.358,602.494,5.542759,,10.434962,35.52927095,-97.47517754,36.977,-169.941,8.124,-36.736,0.730
VN300_2026-07-12_14-41-49_VNINS.csv,lap,4,46555,1164.100143,27.814795,2352.770,602.906,5.542759,,10.434962,35.52926726,-97.47517794,36.729,-170.886,7.351,-36.955,0.730
VN300_2026-07-12_14-41-49_VNINS.csv,lap,4,46556,1164.100143,27.814795,2353.179,603.315,5.542759,,10.434962,35.52926359,-97.47517826,36.493,-171.748,6.597,-37.053,0.730
VN300_2026-07-12_14-41-49_VNINS.csv,lap,4,46557,1164.100143,27.814795,2353.585,603.721,5.542759,,10.434962,35.52925994,-97.47517849,36.249,-172.538,5.875,-37.196,0.730
VN300_2026-07-12_14-41-49_VNINS.csv,lap,4,46558,1164.100143,27.814795,2353.988,604.124,5.542759,,10.434962,35.52925632,-97.47517863,36.011,-173.315,5.193,-37.430,0.730
VN300_2026-07-12_14-41-49_VNINS.csv,lap,4,46559,1164.100143,27.814795,2354.895,605.031,5.542759,,10.434962,35.52924905,-97.47517409,36.695,-174.077,4.584,-37.666,0.720
VN300_2026-07-12_14-41-49_VNINS.csv,lap,4,46560,1164.100143,27.814795,2355.303,605.439,5.542759,,10.434962,35.52924538,-97.47517399,36.465,-174.677,4.029,-37.990,0.720
VN300_2026-07-12_14-41-49_VNINS.csv,lap,4,46561,1164.100143,27.814795,2355.709,605.845,5.542759,,10.434962,35.52924173,-97.47517383,36.301,-175.188,3.496,-38.224,0.730
VN300_2026-07-12_14-41-49_VNINS.csv,lap,4,46562,1164.100143,27.814795,2356.114,606.250,5.542759,,10.434962,35.52923810,-97.47517356,36.070,-175.751,3.071,-38.296,0.730
VN300_2026-07-12_14-41-49_VNINS.csv,lap,4,46563,1164.354008,28.068660,2356.516,606.652,5.796624,,10.434962,35.52923449,-97.47517324,35.971,-176.253,2.674,-38.685,0.730
VN300_2026-07-12_14-41-49_VNINS.csv,lap,4,46564,1164.354008,28.068660,2356.918,607.054,5.796624,,10.434962,35.52923089,-97.47517283,35.832,-176.729,2.279,-39.184,0.730
VN300_2026-07-12_14-41-49_VNINS.csv,lap,4,46565,1164.354008,28.068660,2357.317,607.453,5.796624,,10.434962,35.52922732,-97.47517236,35.641,-177.038,1.947,-39.347,0.730
VN300_2026-07-12_14-41-49_VNINS.csv,lap,4,46566,1164.354008,28.068660,2357.715,607.851,5.796624,,10.434962,35.52922377,-97.47517185,35.577,-177.149,1.634,-39.539,0.730
VN300_2026-07-12_14-41-49_VNINS.csv,lap,4,46567,1164.354008,28.068660,2358.114,608.250,5.796624,,10.434962,35.52922021,-97.47517128,35.679,-177.233,1.401,-40.000,0.730
VN300_2026-07-12_14-41-49_VNINS.csv,lap,4,46568,1164.354008,28.068660,2358.928,609.064,5.796624,,10.434962,35.52921346,-97.47516781,36.678,-177.376,1.252,-40.276,0.720
VN300_2026-07-12_14-41-49_VNINS.csv,lap,4,46569,1164.354008,28.068660,2359.338,609.474,5.796624,,10.434962,35.52920982,-97.47516705,36.773,-177.406,1.210,-40.671,0.720
VN300_2026-07-12_14-41-49_VNINS.csv,lap,4,46570,1164.354008,28.068660,2359.752,609.887,5.796624,,10.434962,35.52920616,-97.47516625,37.011,-177.383,1.276,-41.013,0.720
VN300_2026-07-12_14-41-49_VNINS.csv,lap,4,46571,1164.354008,28.068660,2360.166,610.302,5.796624,,10.434962,35.52920250,-97.47516539,37.085,-177.253,1.437,-41.258,0.720
VN300_2026-07-12_14-41-49_VNINS.csv,lap,4,46572,1164.354008,28.068660,2360.579,610.715,5.796624,,10.434962,35.52919885,-97.47516451,37.050,-176.976,1.616,-41.558,0.730
VN300_2026-07-12_14-41-49_VNINS.csv,lap,4,46573,1164.607452,28.322104,2360.994,611.130,6.050068,,10.434962,35.52919520,-97.47516359,37.076,-176.616,1.824,-41.963,0.730
VN300_2026-07-12_14-41-49_VNINS.csv,lap,4,46574,1164.607452,28.322104,2361.408,611.544,6.050068,,10.434962,35.52919156,-97.47516262,37.029,-176.246,2.099,-42.257,0.730
VN300_2026-07-12_14-41-49_VNINS.csv,lap,4,46575,1164.607452,28.322104,2362.113,612.249,6.050068,,10.434962,35.52918551,-97.47516029,37.641,-175.825,2.371,-42.474,0.720
VN300_2026-07-12_14-41-49_VNINS.csv,lap,4,46576,1164.607452,28.322104,2362.535,612.671,6.050068,,10.434962,35.52918180,-97.47515928,37.577,-175.366,2.652,-42.852,0.720
VN300_2026-07-12_14-41-49_VNINS.csv,lap,4,46577,1164.607452,28.322104,2362.955,613.091,6.050068,,10.434962,35.52917812,-97.47515827,37.469,-174.912,2.966,-43.136,0.720
VN300_2026-07-12_14-41-49_VNINS.csv,lap,4,46578,1164.607452,28.322104,2363.374,613.510,6.050068,,10.434962,35.52917444,-97.47515726,37.370,-174.442,3.312,-43.322,0.720
VN300_2026-07-12_14-41-49_VNINS.csv,lap,4,46579,1164.607452,28.322104,2363.790,613.926,6.050068,,10.434962,35.52917078,-97.47515629,37.231,-173.934,3.700,-43.650,0.720
VN300_2026-07-12_14-41-49_VNINS.csv,lap,4,46580,1164.607452,28.322104,2364.206,614.342,6.050068,,10.434962,35.52916712,-97.47515534,37.002,-173.375,4.130,-44.007,0.720
VN300_2026-07-12_14-41-49_VNINS.csv,lap,4,46581,1164.607452,28.322104,2364.620,614.756,6.050068,,10.434962,35.52916348,-97.47515440,36.833,-172.768,4.581,-44.040,0.720
VN300_2026-07-12_14-41-49_VNINS.csv,lap,4,46582,1164.607452,28.322104,2365.031,615.167,6.050068,,10.434962,35.52915986,-97.47515347,36.719,-172.077,5.050,-44.204,0.730
VN300_2026-07-12_14-41-49_VNINS.csv,lap,4,46583,1164.860973,28.575625,2365.742,615.878,6.303589,,10.434962,35.52915348,-97.47515291,37.335,-171.368,5.590,-44.462,0.720
VN300_2026-07-12_14-41-49_VNINS.csv,lap,4,46584,1164.860973,28.575625,2366.159,616.295,6.303589,,10.434962,35.52914981,-97.47515199,37.226,-170.683,6.159,-44.671,0.720
VN300_2026-07-12_14-41-49_VNINS.csv,lap,4,46585,1164.860973,28.575625,2366.575,616.711,6.303589,,10.434962,35.52914614,-97.47515107,37.131,-169.989,6.713,-44.655,0.720
VN300_2026-07-12_14-41-49_VNINS.csv,lap,4,46586,1164.860973,28.575625,2366.991,617.127,6.303589,,10.434962,35.52914247,-97.47515019,37.054,-169.326,7.244,-44.808,0.720
VN300_2026-07-12_14-41-49_VNINS.csv,lap,4,46587,1164.860973,28.575625,2367.404,617.540,6.303589,,10.434962,35.52913882,-97.47514933,36.976,-168.706,7.774,-44.993,0.720
VN300_2026-07-12_14-41-49_VNINS.csv,lap,4,46588,1164.860973,28.575625,2367.818,617.954,6.303589,,10.434962,35.52913516,-97.47514849,36.922,-168.130,8.129,-45.100,0.720
VN300_2026-07-12_14-41-49_VNINS.csv,lap,4,46589,1164.860973,28.575625,2368.231,618.367,6.303589,,10.434962,35.52913151,-97.47514768,36.893,-167.548,8.592,-45.306,0.720
VN300_2026-07-12_14-41-49_VNINS.csv,lap,4,46590,1164.860973,28.575625,2368.643,618.779,6.303589,,10.434962,35.52912786,-97.47514688,36.782,-166.971,9.138,-45.530,0.720
VN300_2026-07-12_14-41-49_VNINS.csv,lap,4,46591,1164.860973,28.575625,2369.359,619.495,6.303589,,10.434962,35.52912166,-97.47514900,37.116,-166.331,9.666,-45.574,0.720
VN300_2026-07-12_14-41-49_VNINS.csv,lap,4,46592,1164.860973,28.575625,2369.774,619.910,6.303589,,10.434962,35.52911797,-97.47514829,37.028,-165.607,10.393,-45.651,0.720
VN300_2026-07-12_14-41-49_VNINS.csv,lap,4,46593,1164.860973,28.575625,2370.188,620.324,6.303589,,10.434962,35.52911429,-97.47514762,36.845,-164.775,11.002,-45.691,0.720
VN300_2026-07-12_14-41-49_VNINS.csv,lap,4,46594,1165.138554,28.853206,2370.598,620.734,6.581170,,10.434962,35.52911064,-97.47514696,36.581,-163.895,11.543,-45.772,0.720
VN300_2026-07-12_14-41-49_VNINS.csv,lap,4,46595,1165.138554,28.853206,2371.007,621.143,6.581170,,10.434962,35.52910700,-97.47514632,36.409,-162.941,12.112,-45.773,0.720
VN300_2026-07-12_14-41-49_VNINS.csv,lap,4,46596,1165.138554,28.853206,2371.413,621.549,6.581170,,10.434962,35.52910338,-97.47514572,36.193,-161.980,12.703,-45.754,0.720
VN300_2026-07-12_14-41-49_VNINS.csv,lap,4,46597,1165.138554,28.853206,2371.817,621.952,6.581170,,10.434962,35.52909978,-97.47514515,36.093,-161.056,13.363,-45.685,0.720
VN300_2026-07-12_14-41-49_VNINS.csv,lap,4,46598,1165.138554,28.853206,2372.219,622.355,6.581170,,10.434962,35.52909619,-97.47514459,35.881,-160.144,14.132,-45.578,0.720
VN300_2026-07-12_14-41-49_VNINS.csv,lap,4,46599,1165.138554,28.853206,2373.029,623.165,6.581170,,10.434962,35.52908969,-97.47514863,36.259,-159.260,14.931,-45.567,0.710
VN300_2026-07-12_14-41-49_VNINS.csv,lap,4,46600,1165.138554,28.853206,2373.434,623.570,6.581170,,10.434962,35.52908606,-97.47514823,36.081,-158.397,15.735,-45.542,0.710
VN300_2026-07-12_14-41-49_VNINS.csv,lap,4,46601,1165.138554,28.853206,2373.836,623.972,6.581170,,10.434962,35.52908246,-97.47514785,35.881,-157.534,16.500,-45.534,0.710
VN300_2026-07-12_14-41-49_VNINS.csv,lap,4,46602,1165.138554,28.853206,2374.236,624.372,6.581170,,10.434962,35.52907887,-97.47514752,35.609,-156.714,17.170,-45.512,0.720
VN300_2026-07-12_14-41-49_VNINS.csv,lap,4,46603,1165.138554,28.853206,2374.633,624.769,6.581170,,10.434962,35.52907531,-97.47514722,35.475,-155.940,17.747,-45.484,0.720
VN300_2026-07-12_14-41-49_VNINS.csv,lap,4,46604,1165.138554,28.853206,2375.030,625.166,6.581170,,10.434962,35.52907175,-97.47514696,35.307,-155.243,18.256,-45.324,0.720
VN300_2026-07-12_14-41-49_VNINS.csv,lap,4,46605,1165.392390,29.107042,2375.423,625.559,6.835006,,10.434962,35.52906822,-97.47514674,35.127,-154.573,18.674,-45.261,0.720
VN300_2026-07-12_14-41-49_VNINS.csv,lap,4,46606,1165.392390,29.107042,2375.814,625.950,6.835006,,10.434962,35.52906470,-97.47514655,35.007,-153.977,19.109,-45.154,0.720
VN300_2026-07-12_14-41-49_VNINS.csv,lap,4,46607,1165.392390,29.107042,2375.931,626.067,,GPS uncertainty 100.0 m > 4.0 m,10.434962,35.52906365,-97.47514651,34.931,-153.487,19.494,-45.126,99.990
VN300_2026-07-12_14-41-49_VNINS.csv,lap,4,46608,1165.392390,29.107042,2375.931,626.067,,GPS uncertainty 100.0 m > 4.0 m,10.434962,35.52906365,-97.47514651,34.931,-153.113,19.857,-45.091,99.990
VN300_2026-07-12_14-41-49_VNINS.csv,lap,4,46609,1165.392390,29.107042,2375.931,626.067,,GPS uncertainty 100.0 m > 4.0 m,10.434962,35.52906365,-97.47514651,34.931,-152.821,20.091,-45.171,99.990
VN300_2026-07-12_14-41-49_VNINS.csv,lap,4,46610,1165.392390,29.107042,2375.931,626.067,,GPS uncertainty 100.0 m > 4.0 m,10.434962,35.52906365,-97.47514651,34.931,-152.635,20.156,-45.217,99.990
VN300_2026-07-12_14-41-49_VNINS.csv,lap,4,46611,1165.392390,29.107042,2375.931,626.067,,GPS uncertainty 100.0 m > 4.0 m,10.434962,35.52906365,-97.47514651,34.931,-152.484,20.122,-45.252,99.990
VN300_2026-07-12_14-41-49_VNINS.csv,lap,4,46612,1165.392390,29.107042,2375.931,626.067,,GPS uncertainty 100.0 m > 4.0 m,10.434962,35.52906365,-97.47514651,34.931,-152.428,20.207,-45.677,99.990
VN300_2026-07-12_14-41-49_VNINS.csv,lap,4,46613,1165.392390,29.107042,2375.931,626.067,,GPS uncertainty 100.0 m > 4.0 m,10.434962,35.52906365,-97.47514651,34.931,-152.424,20.270,-45.923,99.990
VN300_2026-07-12_14-41-49_VNINS.csv,lap,4,46614,1165.392390,29.107042,2375.931,626.067,,GPS uncertainty 100.0 m > 4.0 m,10.434962,35.52906365,-97.47514651,34.931,-152.366,20.399,-45.753,99.990
VN300_2026-07-12_14-41-49_VNINS.csv,lap,4,46615,1165.645827,29.360479,2375.931,626.067,,GPS uncertainty 100.0 m > 4.0 m,10.434962,35.52906365,-97.47514651,34.931,-152.213,20.558,-45.600,99.990
VN300_2026-07-12_14-41-49_VNINS.csv,lap,4,46616,1165.645827,29.360479,2375.931,626.067,,GPS uncertainty 100.0 m > 4.0 m,10.434962,35.52906365,-97.47514651,34.931,-151.990,20.592,-45.801,99.990
VN300_2026-07-12_14-41-49_VNINS.csv,lap,4,46617,1165.645827,29.360479,2375.931,626.067,,GPS uncertainty 100.0 m > 4.0 m,10.434962,35.52906365,-97.47514651,34.931,-151.719,20.553,-46.097,99.990
VN300_2026-07-12_14-41-49_VNINS.csv,lap,4,46618,1165.645827,29.360479,2375.931,626.067,,GPS uncertainty 100.0 m > 4.0 m,10.434962,35.52906365,-97.47514651,34.931,-151.513,20.561,-45.963,99.990
VN300_2026-07-12_14-41-49_VNINS.csv,lap,4,46619,1165.645827,29.360479,2375.931,626.067,,GPS uncertainty 100.0 m > 4.0 m,10.434962,35.52906365,-97.47514651,34.931,-151.468,20.586,-45.972,99.990
VN300_2026-07-12_14-41-49_VNINS.csv,lap,4,46620,1165.645827,29.360479,2375.931,626.067,,GPS uncertainty 100.0 m > 4.0 m,10.434962,35.52906365,-97.47514651,34.931,-151.631,20.550,-46.203,99.990
VN300_2026-07-12_14-41-49_VNINS.csv,lap,4,46621,1165.645827,29.360479,2375.931,626.067,,GPS uncertainty 100.0 m > 4.0 m,10.434962,35.52906365,-97.47514651,34.931,-151.896,20.375,-46.441,99.990
VN300_2026-07-12_14-41-49_VNINS.csv,lap,4,46622,1165.645827,29.360479,2375.931,626.067,,GPS uncertainty 100.0 m > 4.0 m,10.434962,35.52906365,-97.47514651,34.931,-152.154,20.077,-46.540,99.990
VN300_2026-07-12_14-41-49_VNINS.csv,lap,4,46623,1165.645827,29.360479,2375.931,626.067,,GPS uncertainty 100.0 m > 4.0 m,10.434962,35.52906365,-97.47514651,34.931,-152.410,19.706,-46.719,99.990
VN300_2026-07-12_14-41-49_VNINS.csv,lap,4,46624,1165.645827,29.360479,2375.931,626.067,,GPS uncertainty 100.0 m > 4.0 m,10.434962,35.52906365,-97.47514651,34.931,-152.613,19.219,-46.993,99.990
VN300_2026-07-12_14-41-49_VNINS.csv,lap,4,46625,1165.899293,29.613945,2375.931,626.067,,GPS uncertainty 100.0 m > 4.0 m,10.434962,35.52906365,-97.47514651,34.931,-152.787,18.664,-47.014,99.990
VN300_2026-07-12_14-41-49_VNINS.csv,lap,4,46626,1165.899293,29.613945,2375.931,626.067,,GPS uncertainty 100.0 m > 4.0 m,10.434962,35.52906365,-97.47514651,34.931,-153.130,18.109,-47.202,99.990
VN300_2026-07-12_14-41-49_VNINS.csv,lap,4,46627,1165.899293,29.613945,2375.931,626.067,,GPS uncertainty 100.0 m > 4.0 m,10.434962,35.52906365,-97.47514651,34.931,-153.566,17.563,-47.436,99.990
VN300_2026-07-12_14-41-49_VNINS.csv,lap,4,46628,1165.899293,29.613945,2375.931,626.067,,GPS uncertainty 100.0 m > 4.0 m,10.434962,35.52906365,-97.47514651,34.931,-154.094,17.018,-47.691,99.990
VN300_2026-07-12_14-41-49_VNINS.csv,lap,4,46629,1165.899293,29.613945,2375.931,626.067,,GPS uncertainty 100.0 m > 4.0 m,10.434962,35.52906365,-97.47514651,34.931,-154.678,16.366,-47.821,99.990
VN300_2026-07-12_14-41-49_VNINS.csv,lap,4,46630,1165.899293,29.613945,2375.931,626.067,,GPS uncertainty 100.0 m > 4.0 m,10.434962,35.52906365,-97.47514651,34.931,-155.289,15.683,-48.162,99.990
VN300_2026-07-12_14-41-49_VNINS.csv,lap,4,46631,1165.899293,29.613945,2375.931,626.067,,GPS uncertainty 100.0 m > 4.0 m,10.434962,35.52906365,-97.47514651,34.931,-155.863,14.929,-48.458,99.990
VN300_2026-07-12_14-41-49_VNINS.csv,lap,4,46632,1165.899293,29.613945,2375.931,626.067,,GPS uncertainty 100.0 m > 4.0 m,10.434962,35.52906365,-97.47514651,34.931,-156.539,14.189,-48.665,99.990
VN300_2026-07-12_14-41-49_VNINS.csv,lap,4,46633,1165.899293,29.613945,2375.931,626.067,,GPS uncertainty 100.0 m > 4.0 m,10.434962,35.52906365,-97.47514651,34.931,-157.178,13.429,-48.971,99.990
VN300_2026-07-12_14-41-49_VNINS.csv,lap,4,46634,1165.899293,29.613945,2375.931,626.067,,GPS uncertainty 100.0 m > 4.0 m,10.434962,35.52906365,-97.47514651,34.931,-157.694,12.683,-49.132,99.990
VN300_2026-07-12_14-41-49_VNINS.csv,lap,4,46635,1166.173302,29.887954,2375.931,626.067,,GPS uncertainty 100.0 m > 4.0 m,10.434962,35.52906365,-97.47514651,34.931,-158.176,11.965,-49.319,99.990
VN300_2026-07-12_14-41-49_VNINS.csv,lap,4,46636,1166.173302,29.887954,2375.931,626.067,,GPS uncertainty 100.0 m > 4.0 m,10.434962,35.52906365,-97.47514651,34.931,-158.685,11.295,-49.480,99.990
VN300_2026-07-12_14-41-49_VNINS.csv,lap,4,46637,1166.173302,29.887954,2375.931,626.067,,GPS uncertainty 100.0 m > 4.0 m,10.434962,35.52906365,-97.47514651,34.931,-159.184,10.571,-49.731,99.990
VN300_2026-07-12_14-41-49_VNINS.csv,lap,4,46638,1166.173302,29.887954,2375.931,626.067,,GPS uncertainty 100.0 m > 4.0 m,10.434962,35.52906365,-97.47514651,34.931,-159.722,9.885,-50.051,99.990
VN300_2026-07-12_14-41-49_VNINS.csv,lap,4,46639,1166.173302,29.887954,2375.931,626.067,,GPS uncertainty 100.0 m > 4.0 m,10.434962,35.52906365,-97.47514651,34.931,-160.320,9.210,-50.191,99.990
VN300_2026-07-12_14-41-49_VNINS.csv,lap,4,46640,1166.173302,29.887954,2375.931,626.067,,GPS uncertainty 100.0 m > 4.0 m,10.434962,35.52906365,-97.47514651,34.931,-160.908,8.531,-50.414,99.990
VN300_2026-07-12_14-41-49_VNINS.csv,lap,4,46641,1166.173302,29.887954,2375.931,626.067,,GPS uncertainty 100.0 m > 4.0 m,10.434962,35.52906365,-97.47514651,34.931,-161.424,7.799,-50.595,99.990
VN300_2026-07-12_14-41-49_VNINS.csv,lap,4,46642,1166.173302,29.887954,2375.931,626.067,,GPS uncertainty 100.0 m > 4.0 m,10.434962,35.52906365,-97.47514651,34.931,-161.978,7.064,-50.808,99.990
VN300_2026-07-12_14-41-49_VNINS.csv,lap,4,46643,1166.173302,29.887954,2375.931,626.067,,GPS uncertainty 100.0 m > 4.0 m,10.434962,35.52906365,-97.47514651,34.931,-162.523,6.304,-51.072,99.990
VN300_2026-07-12_14-41-49_VNINS.csv,lap,4,46644,1166.173302,29.887954,2375.931,626.067,,GPS uncertainty 100.0 m > 4.0 m,10.434962,35.52906365,-97.47514651,34.931,-163.074,5.502,-51.319,99.990
VN300_2026-07-12_14-41-49_VNINS.csv,lap,4,46645,1166.173302,29.887954,2375.931,626.067,,GPS uncertainty 100.0 m > 4.0 m,10.434962,35.52906365,-97.47514651,34.931,-163.647,4.708,-51.513,99.990
VN300_2026-07-12_14-41-49_VNINS.csv,lap,4,46646,1166.427157,30.141809,2375.931,626.067,,GPS uncertainty 100.0 m > 4.0 m,10.434962,35.52906365,-97.47514651,34.931,-164.292,3.925,-51.813,99.990
VN300_2026-07-12_14-41-49_VNINS.csv,lap,4,46647,1166.427157,30.141809,2375.931,626.067,,GPS uncertainty 100.0 m > 4.0 m,10.434962,35.52906365,-97.47514651,34.931,-164.951,3.129,-52.031,99.990
VN300_2026-07-12_14-41-49_VNINS.csv,lap,4,46648,1166.427157,30.141809,2375.931,626.067,,GPS uncertainty 100.0 m > 4.0 m,10.434962,35.52906365,-97.47514651,34.931,-165.567,2.396,-52.329,99.990
VN300_2026-07-12_14-41-49_VNINS.csv,lap,4,46649,1166.427157,30.141809,2375.931,626.067,,GPS uncertainty 100.0 m > 4.0 m,10.434962,35.52906365,-97.47514651,34.931,-166.122,1.761,-52.532,99.990
VN300_2026-07-12_14-41-49_VNINS.csv,lap,4,46650,1166.427157,30.141809,2375.931,626.067,,GPS uncertainty 100.0 m > 4.0 m,10.434962,35.52906365,-97.47514651,34.931,-166.633,1.165,-52.820,99.990
VN300_2026-07-12_14-41-49_VNINS.csv,lap,4,46651,1166.427157,30.141809,2375.931,626.067,,GPS uncertainty 100.0 m > 4.0 m,10.434962,35.52906365,-97.47514651,34.931,-167.012,0.606,-52.998,99.990
VN300_2026-07-12_14-41-49_VNINS.csv,lap,4,46652,1166.427157,30.141809,2375.931,626.067,,GPS uncertainty 100.0 m > 4.0 m,10.434962,35.52906365,-97.47514651,34.931,-167.292,0.117,-53.214,99.990
VN300_2026-07-12_14-41-49_VNINS.csv,lap,4,46653,1166.427157,30.141809,2375.931,626.067,,GPS uncertainty 100.0 m > 4.0 m,10.434962,35.52906365,-97.47514651,34.931,-167.562,-0.292,-53.623,99.990
VN300_2026-07-12_14-41-49_VNINS.csv,lap,4,46654,1166.427157,30.141809,2375.931,626.067,,GPS uncertainty 100.0 m > 4.0 m,10.434962,35.52906365,-97.47514651,34.931,-167.807,-0.612,-53.739,99.990
VN300_2026-07-12_14-41-49_VNINS.csv,lap,4,46655,1166.427157,30.141809,2395.327,645.463,,GPS uncertainty 100.0 m > 4.0 m,10.434962,35.52888978,-97.47516373,36.407,-168.044,-0.831,-53.974,99.990
VN300_2026-07-12_14-41-49_VNINS.csv,lap,4,46656,1166.680514,30.395166,2395.736,645.872,,GPS uncertainty 100.0 m > 4.0 m,10.434962,35.52888621,-97.47516266,36.607,-168.264,-0.951,-54.226,99.990
VN300_2026-07-12_14-41-49_VNINS.csv,lap,4,46657,1166.680514,30.395166,2396.146,646.282,,GPS uncertainty 100.0 m > 4.0 m,10.434962,35.52888263,-97.47516159,36.882,-168.414,-1.029,-54.729,99.990
VN300_2026-07-12_14-41-49_VNINS.csv,lap,4,46658,1166.680514,30.395166,2396.560,646.696,,GPS uncertainty 100.0 m > 4.0 m,10.434962,35.52887901,-97.47516051,37.180,-168.487,-1.082,-54.940,99.990
VN300_2026-07-12_14-41-49_VNINS.csv,lap,4,46659,1166.680514,30.395166,2396.977,647.113,,GPS uncertainty 100.0 m > 4.0 m,10.434962,35.52887536,-97.47515943,37.438,-168.430,-1.094,-55.381,99.990
VN300_2026-07-12_14-41-49_VNINS.csv,lap,4,46660,1166.680514,30.395166,2397.398,647.534,,GPS uncertainty 100.0 m > 4.0 m,10.434962,35.52887168,-97.47515836,37.735,-168.344,-1.071,-55.893,99.990
VN300_2026-07-12_14-41-49_VNINS.csv,lap,4,46661,1166.680514,30.395166,2397.820,647.956,,GPS uncertainty 100.0 m > 4.0 m,10.434962,35.52886798,-97.47515731,37.943,-168.248,-0.999,-56.256,99.990
VN300_2026-07-12_14-41-49_VNINS.csv,lap,4,46662,1166.680514,30.395166,2398.247,648.383,,GPS uncertainty 100.0 m > 4.0 m,10.434962,35.52886424,-97.47515622,38.267,-168.195,-0.860,-56.402,99.990
VN300_2026-07-12_14-41-49_VNINS.csv,lap,4,46663,1166.680514,30.395166,2399.042,649.177,,GPS uncertainty 100.0 m > 4.0 m,10.434962,35.52885713,-97.47515704,37.889,-168.261,-0.590,-56.904,99.990
VN300_2026-07-12_14-41-49_VNINS.csv,lap,4,46664,1166.680514,30.395166,2399.466,649.602,,GPS uncertainty 100.0 m > 4.0 m,10.434962,35.52885339,-97.47515609,37.998,-168.310,-0.290,-57.223,99.990
VN300_2026-07-12_14-41-49_VNINS.csv,lap,4,46665,1166.680514,30.395166,2399.892,650.028,,GPS uncertainty 100.0 m > 4.0 m,10.434962,35.52884964,-97.47515516,38.170,-168.271,-0.014,-57.570,99.990
VN300_2026-07-12_14-41-49_VNINS.csv,lap,4,46666,1166.934016,30.648668,2400.320,650.456,,GPS uncertainty 100.0 m > 4.0 m,10.434962,35.52884586,-97.47515426,38.376,-168.132,0.226,-57.724,99.990
VN300_2026-07-12_14-41-49_VNINS.csv,lap,4,46667,1166.934016,30.648668,2400.751,650.887,,GPS uncertainty 100.0 m > 4.0 m,10.434962,35.52884204,-97.47515341,38.655,-167.952,0.472,-57.883,99.990
VN300_2026-07-12_14-41-49_VNINS.csv,lap,4,46668,1166.934016,30.648668,2401.186,651.322,,GPS uncertainty 100.0 m > 4.0 m,10.434962,35.52883819,-97.47515260,38.961,-167.694,0.718,-58.049,99.990
VN300_2026-07-12_14-41-49_VNINS.csv,lap,4,46669,1166.934016,30.648668,2401.624,651.760,,GPS uncertainty 100.0 m > 4.0 m,10.434962,35.52883430,-97.47515181,39.247,-167.457,1.006,-58.256,99.990
VN300_2026-07-12_14-41-49_VNINS.csv,lap,4,46670,1166.934016,30.648668,2402.064,652.200,,GPS uncertainty 100.0 m > 4.0 m,10.434962,35.52883039,-97.47515105,39.444,-167.243,1.339,-58.463,99.990
VN300_2026-07-12_14-41-49_VNINS.csv,lap,4,46671,1166.934016,30.648668,2402.645,652.781,,GPS uncertainty 100.0 m > 4.0 m,10.434962,35.52882520,-97.47515037,39.153,-167.048,1.707,-58.657,99.990
VN300_2026-07-12_14-41-49_VNINS.csv,lap,4,46672,1166.934016,30.648668,2403.085,653.221,,GPS uncertainty 100.0 m > 4.0 m,10.434962,35.52882128,-97.47514971,39.364,-166.862,2.129,-58.853,99.990
VN300_2026-07-12_14-41-49_VNINS.csv,lap,4,46673,1166.934016,30.648668,2403.526,653.662,,GPS uncertainty 100.0 m > 4.0 m,10.434962,35.52881734,-97.47514909,39.532,-166.685,2.545,-58.972,99.990
VN300_2026-07-12_14-41-49_VNINS.csv,lap,4,46674,1166.934016,30.648668,2403.970,654.106,,GPS uncertainty 100.0 m > 4.0 m,10.434962,35.52881338,-97.47514849,39.717,-166.469,2.967,-58.904,99.990
VN300_2026-07-12_14-41-49_VNINS.csv,lap,4,46675,1166.934016,30.648668,2404.417,654.552,,GPS uncertainty 100.0 m > 4.0 m,10.434962,35.52880939,-97.47514793,40.004,-166.214,3.327,-59.009,99.990
VN300_2026-07-12_14-41-49_VNINS.csv,lap,4,46676,1166.934016,30.648668,2404.866,655.002,,GPS uncertainty 100.0 m > 4.0 m,10.434962,35.52880537,-97.47514742,40.296,-165.947,3.693,-59.145,99.990
VN300_2026-07-12_14-41-49_VNINS.csv,lap,4,46677,1167.201828,30.916480,2405.319,655.455,,GPS uncertainty 100.0 m > 4.0 m,10.434962,35.52880131,-97.47514696,40.550,-165.704,4.072,-59.303,99.990
VN300_2026-07-12_14-41-49_VNINS.csv,lap,4,46678,1167.201828,30.916480,2405.775,655.910,,GPS uncertainty 100.0 m > 4.0 m,10.434962,35.52879723,-97.47514655,40.758,-165.419,4.421,-59.239,99.990
VN300_2026-07-12_14-41-49_VNINS.csv,lap,4,46679,1167.201828,30.916480,2406.237,656.373,,GPS uncertainty 100.0 m > 4.0 m,10.434962,35.52879318,-97.47514537,40.133,-165.135,4.779,-59.305,99.990
VN300_2026-07-12_14-41-49_VNINS.csv,lap,4,46680,1167.201828,30.916480,2406.688,656.824,,GPS uncertainty 100.0 m > 4.0 m,10.434962,35.52878914,-97.47514497,40.362,-164.868,5.172,-59.546,99.990
VN300_2026-07-12_14-41-49_VNINS.csv,lap,4,46681,1167.201828,30.916480,2407.140,657.276,,GPS uncertainty 100.0 m > 4.0 m,10.434962,35.52878509,-97.47514460,40.461,-164.631,5.543,-59.661,99.990
VN300_2026-07-12_14-41-49_VNINS.csv,lap,4,46682,1167.201828,30.916480,2407.593,657.729,,GPS uncertainty 100.0 m > 4.0 m,10.434962,35.52878102,-97.47514423,40.643,-164.383,5.866,-59.461,99.990
VN300_2026-07-12_14-41-49_VNINS.csv,lap,4,46683,1167.201828,30.916480,2408.051,658.187,,GPS uncertainty 100.0 m > 4.0 m,10.434962,35.52877691,-97.47514393,41.005,-164.244,6.312,-59.697,99.990
VN300_2026-07-12_14-41-49_VNINS.csv,lap,4,46684,1167.201828,30.916480,2408.512,658.648,,GPS uncertainty 100.0 m > 4.0 m,10.434962,35.52877277,-97.47514368,41.252,-164.071,6.672,-59.991,99.990
VN300_2026-07-12_14-41-49_VNINS.csv,lap,4,46685,1167.201828,30.916480,2408.975,659.111,,GPS uncertainty 100.0 m > 4.0 m,10.434962,35.52876861,-97.47514349,41.538,-163.916,7.041,-60.128,99.990
VN300_2026-07-12_14-41-49_VNINS.csv,lap,4,46686,1167.201828,30.916480,2409.439,659.575,,GPS uncertainty 100.0 m > 4.0 m,10.434962,35.52876444,-97.47514330,41.461,-163.653,7.270,-60.016,99.990
VN300_2026-07-12_14-41-49_VNINS.csv,lap,4,46687,1167.455391,31.170043,2409.903,660.039,,GPS uncertainty 100.0 m > 4.0 m,10.434962,35.52876030,-97.47514264,41.226,-163.243,7.483,-60.181,99.990
VN300_2026-07-12_14-41-49_VNINS.csv,lap,4,46688,1167.455391,31.170043,2410.366,660.502,8.898007,,10.434962,35.52875614,-97.47514257,41.683,-162.898,7.700,-60.522,2.230
VN300_2026-07-12_14-41-49_VNINS.csv,lap,4,46689,1167.455391,31.170043,2410.834,660.970,8.898007,,10.434962,35.52875193,-97.47514255,41.938,-162.648,8.029,-60.915,2.230
VN300_2026-07-12_14-41-49_VNINS.csv,lap,4,46690,1167.455391,31.170043,2411.305,661.441,8.898007,,10.434962,35.52874769,-97.47514256,42.139,-162.475,8.488,-61.123,2.230
VN300_2026-07-12_14-41-49_VNINS.csv,lap,4,46691,1167.455391,31.170043,2411.780,661.916,8.898007,,10.434962,35.52874342,-97.47514266,42.498,-162.404,9.024,-61.238,2.230
VN300_2026-07-12_14-41-49_VNINS.csv,lap,4,46692,1167.455391,31.170043,2412.260,662.396,8.898007,,10.434962,35.52873911,-97.47514286,42.918,-162.343,9.545,-61.427,2.230
VN300_2026-07-12_14-41-49_VNINS.csv,lap,4,46693,1167.455391,31.170043,2412.742,662.878,8.898007,,10.434962,35.52873478,-97.47514309,43.101,-162.308,10.006,-61.582,2.240
VN300_2026-07-12_14-41-49_VNINS.csv,lap,4,46694,1167.455391,31.170043,2413.226,663.362,8.898007,,10.434962,35.52873043,-97.47514338,43.378,-162.250,10.410,-61.736,2.240
VN300_2026-07-12_14-41-49_VNINS.csv,lap,4,46695,1167.455391,31.170043,2413.752,663.888,8.898007,,10.434962,35.52872609,-97.47514108,43.497,-162.092,10.682,-61.893,2.070
VN300_2026-07-12_14-41-49_VNINS.csv,lap,4,46696,1167.455391,31.170043,2414.243,664.379,8.898007,,10.434962,35.52872168,-97.47514132,43.877,-161.868,10.875,-61.994,2.070
VN300_2026-07-12_14-41-49_VNINS.csv,lap,4,46697,1167.708819,31.423471,2414.734,664.870,9.151435,,10.434962,35.52871727,-97.47514161,44.035,-161.631,11.064,-61.922,2.070
VN300_2026-07-12_14-41-49_VNINS.csv,lap,4,46698,1167.708819,31.423471,2415.230,665.365,9.151435,,10.434962,35.52871282,-97.47514196,44.320,-161.435,11.278,-62.008,2.070
VN300_2026-07-12_14-41-49_VNINS.csv,lap,4,46699,1167.708819,31.423471,2415.728,665.864,9.151435,,10.434962,35.52870835,-97.47514239,44.699,-161.291,11.540,-62.465,2.070
VN300_2026-07-12_14-41-49_VNINS.csv,lap,4,46700,1167.708819,31.423471,2416.229,666.365,9.151435,,10.434962,35.52870386,-97.47514285,44.910,-161.325,11.894,-62.596,2.070
VN300_2026-07-12_14-41-49_VNINS.csv,lap,4,46701,1167.708819,31.423471,2416.734,666.870,9.151435,,10.434962,35.52869934,-97.47514333,45.148,-161.316,12.282,-62.611,2.070
VN300_2026-07-12_14-41-49_VNINS.csv,lap,4,46702,1167.708819,31.423471,2417.241,667.377,9.151435,,10.434962,35.52869480,-97.47514388,45.465,-161.362,12.688,-62.870,2.070
VN300_2026-07-12_14-41-49_VNINS.csv,lap,4,46703,1167.708819,31.423471,2417.737,667.873,9.151435,,10.434962,35.52869071,-97.47514170,45.202,-161.271,13.024,-63.184,1.940
VN300_2026-07-12_14-41-49_VNINS.csv,lap,4,46704,1167.708819,31.423471,2418.243,668.379,9.151435,,10.434962,35.52868617,-97.47514212,45.449,-161.070,13.325,-63.244,1.940
VN300_2026-07-12_14-41-49_VNINS.csv,lap,4,46705,1167.708819,31.423471,2418.753,668.889,9.151435,,10.434962,35.52868160,-97.47514260,45.679,-160.788,13.579,-63.340,1.940
VN300_2026-07-12_14-41-49_VNINS.csv,lap,4,46706,1167.708819,31.423471,2419.267,669.403,9.151435,,10.434962,35.52867700,-97.47514313,46.007,-160.470,13.880,-63.399,1.940
VN300_2026-07-12_14-41-49_VNINS.csv,lap,4,46707,1167.962280,31.676932,2419.783,669.919,9.404896,,10.434962,35.52867238,-97.47514375,46.444,-160.207,14.250,-63.627,1.940
VN300_2026-07-12_14-41-49_VNINS.csv,lap,4,46708,1167.962280,31.676932,2420.306,670.442,9.404896,,10.434962,35.52866771,-97.47514444,46.790,-160.024,14.674,-63.785,1.940
VN300_2026-07-12_14-41-49_VNINS.csv,lap,4,46709,1167.962280,31.676932,2420.831,670.967,9.404896,,10.434962,35.52866303,-97.47514517,47.111,-159.841,15.125,-63.728,1.940
VN300_2026-07-12_14-41-49_VNINS.csv,lap,4,46710,1167.962280,31.676932,2421.360,671.495,9.404896,,10.434962,35.52865832,-97.47514596,47.244,-159.687,15.591,-63.976,1.940
VN300_2026-07-12_14-41-49_VNINS.csv,lap,4,46711,1167.962280,31.676932,2421.794,671.930,9.404896,,10.434962,35.52865454,-97.47514476,46.325,-159.341,15.978,-64.101,1.830
VN300_2026-07-12_14-41-49_VNINS.csv,lap,4,46712,1167.962280,31.676932,2422.311,672.447,9.404896,,10.434962,35.52864993,-97.47514551,46.372,-158.910,16.413,-63.993,1.830
VN300_2026-07-12_14-41-49_VNINS.csv,lap,4,46713,1167.962280,31.676932,2422.828,672.964,9.404896,,10.434962,35.52864532,-97.47514630,46.336,-158.395,16.868,-64.110,1.830
VN300_2026-07-12_14-41-49_VNINS.csv,lap,4,46714,1167.962280,31.676932,2423.346,673.482,9.404896,,10.434962,35.52864071,-97.47514713,46.278,-157.922,17.413,-64.245,1.830
VN300_2026-07-12_14-41-49_VNINS.csv,lap,4,46715,1167.962280,31.676932,2423.860,673.996,9.404896,,10.434962,35.52863614,-97.47514798,45.891,-157.407,17.982,-64.164,1.830
VN300_2026-07-12_14-41-49_VNINS.csv,lap,4,46716,1167.962280,31.676932,2424.370,674.506,9.404896,,10.434962,35.52863161,-97.47514887,45.555,-156.898,18.529,-64.282,1.830
VN300_2026-07-12_14-41-49_VNINS.csv,lap,4,46717,1167.962280,31.676932,2424.878,675.014,9.404896,,10.434962,35.52862711,-97.47514980,45.253,-156.382,19.070,-64.237,1.840
VN300_2026-07-12_14-41-49_VNINS.csv,lap,4,46718,1168.231503,31.946155,2425.381,675.517,9.674119,,10.434962,35.52862265,-97.47515076,44.984,-155.896,19.766,-64.238,1.840
VN300_2026-07-12_14-41-49_VNINS.csv,lap,4,46719,1168.231503,31.946155,2425.784,675.920,9.674119,,10.434962,35.52861905,-97.47515024,44.208,-155.416,20.476,-64.324,1.740
VN300_2026-07-12_14-41-49_VNINS.csv,lap,4,46720,1168.231503,31.946155,2426.275,676.411,9.674119,,10.434962,35.52861471,-97.47515119,43.895,-155.023,21.165,-64.314,1.740
VN300_2026-07-12_14-41-49_VNINS.csv,lap,4,46721,1168.231503,31.946155,2426.762,676.897,9.674119,,10.434962,35.52861040,-97.47515214,43.481,-154.636,21.782,-64.322,1.740
VN300_2026-07-12_14-41-49_VNINS.csv,lap,4,46722,1168.231503,31.946155,2427.246,677.382,9.674119,,10.434962,35.52860612,-97.47515313,43.231,-154.196,22.202,-64.284,1.740
VN300_2026-07-12_14-41-49_VNINS.csv,lap,4,46723,1168.231503,31.946155,2427.726,677.862,9.674119,,10.434962,35.52860188,-97.47515416,42.928,-153.743,22.543,-64.424,1.740
VN300_2026-07-12_14-41-49_VNINS.csv,lap,4,46724,1168.231503,31.946155,2428.205,678.341,9.674119,,10.434962,35.52859766,-97.47515521,42.805,-153.327,22.811,-64.470,1.740
VN300_2026-07-12_14-41-49_VNINS.csv,lap,4,46725,1168.231503,31.946155,2428.678,678.814,9.674119,,10.434962,35.52859349,-97.47515626,42.394,-153.010,23.085,-64.430,1.740
VN300_2026-07-12_14-41-49_VNINS.csv,lap,4,46726,1168.231503,31.946155,2429.152,679.288,9.674119,,10.434962,35.52858933,-97.47515737,42.272,-152.941,23.368,-64.349,1.740
VN300_2026-07-12_14-41-49_VNINS.csv,lap,4,46727,1168.231503,31.946155,2429.621,679.757,9.674119,,10.434962,35.52858521,-97.47515848,41.978,-153.000,23.594,-64.520,1.750
VN300_2026-07-12_14-41-49_VNINS.csv,lap,4,46728,1168.485089,32.199741,2429.941,680.077,9.927705,,10.434962,35.52858240,-97.47515927,40.667,-152.849,23.723,-64.633,1.660
VN300_2026-07-12_14-41-49_VNINS.csv,lap,4,46729,1168.485089,32.199741,2430.392,680.528,9.927705,,10.434962,35.52857845,-97.47516037,40.269,-152.453,23.676,-64.978,1.660
VN300_2026-07-12_14-41-49_VNINS.csv,lap,4,46730,1168.485089,32.199741,2430.838,680.974,9.927705,,10.434962,35.52857454,-97.47516147,39.761,-151.905,23.629,-64.930,1.660
VN300_2026-07-12_14-41-49_VNINS.csv,lap,4,46731,1168.485089,32.199741,2431.281,681.417,9.927705,,10.434962,35.52857066,-97.47516260,39.605,-151.297,23.763,-65.025,1.660
VN300_2026-07-12_14-41-49_VNINS.csv,lap,4,46732,1168.485089,32.199741,2431.722,681.858,9.927705,,10.434962,35.52856681,-97.47516375,39.429,-150.807,24.181,-65.201,1.670
VN300_2026-07-12_14-41-49_VNINS.csv,lap,4,46733,1168.485089,32.199741,2432.158,682.294,9.927705,,10.434962,35.52856300,-97.47516492,39.085,-150.391,24.809,-65.294,1.670
VN300_2026-07-12_14-41-49_VNINS.csv,lap,4,46734,1168.485089,32.199741,2432.593,682.729,9.927705,,10.434962,35.52855921,-97.47516610,38.832,-149.943,25.551,-65.408,1.670
VN300_2026-07-12_14-41-49_VNINS.csv,lap,4,46735,1168.485089,32.199741,2433.044,683.180,9.927705,,10.434962,35.52855520,-97.47516685,38.451,-149.409,26.322,-65.486,1.600
VN300_2026-07-12_14-41-49_VNINS.csv,lap,4,46736,1168.485089,32.199741,2433.471,683.607,9.927705,,10.434962,35.52855149,-97.47516808,38.076,-148.790,27.075,-65.442,1.600
VN300_2026-07-12_14-41-49_VNINS.csv,lap,4,46737,1168.485089,32.199741,2433.893,684.029,9.927705,,10.434962,35.52854783,-97.47516931,37.642,-148.101,27.818,-65.498,1.600
VN300_2026-07-12_14-41-49_VNINS.csv,lap,4,46738,1168.485089,32.199741,2434.311,684.447,9.927705,,10.434962,35.52854422,-97.47517057,37.337,-147.359,28.423,-65.586,1.600
VN300_2026-07-12_14-41-49_VNINS.csv,lap,4,46739,1168.738846,32.453498,2434.726,684.862,10.181462,,10.434962,35.52854063,-97.47517183,37.036,-146.673,29.058,-65.538,1.600
VN300_2026-07-12_14-41-49_VNINS.csv,lap,4,46740,1168.738846,32.453498,2435.135,685.271,10.181462,,10.434962,35.52853710,-97.47517310,36.564,-145.971,29.643,-65.259,1.600
VN300_2026-07-12_14-41-49_VNINS.csv,lap,4,46741,1168.738846,32.453498,2435.541,685.677,10.181462,,10.434962,35.52853360,-97.47517440,36.282,-145.259,30.127,-65.238,1.600
VN300_2026-07-12_14-41-49_VNINS.csv,lap,4,46742,1168.738846,32.453498,2435.944,686.080,10.181462,,10.434962,35.52853014,-97.47517571,36.004,-144.620,30.614,-65.131,1.600
VN300_2026-07-12_14-41-49_VNINS.csv,lap,4,46743,1168.738846,32.453498,2436.493,686.629,10.181462,,10.434962,35.52852705,-97.47518044,35.829,-144.044,31.184,-65.034,1.540
VN300_2026-07-12_14-41-49_VNINS.csv,lap,4,46744,1168.738846,32.453498,2436.892,687.028,10.181462,,10.434962,35.52852371,-97.47518207,35.560,-143.415,31.655,-64.976,1.540
VN300_2026-07-12_14-41-49_VNINS.csv,lap,4,46745,1168.738846,32.453498,2437.288,687.424,10.181462,,10.434962,35.52852041,-97.47518370,35.289,-142.850,32.088,-65.043,1.540
VN300_2026-07-12_14-41-49_VNINS.csv,lap,4,46746,1168.738846,32.453498,2437.680,687.816,10.181462,,10.434962,35.52851714,-97.47518533,34.963,-142.274,32.336,-64.847,1.540
VN300_2026-07-12_14-41-49_VNINS.csv,lap,4,46747,1168.738846,32.453498,2438.068,688.203,10.181462,,10.434962,35.52851392,-97.47518696,34.408,-141.766,32.529,-64.485,1.540
VN300_2026-07-12_14-41-49_VNINS.csv,lap,4,46748,1168.738846,32.453498,2438.452,688.588,10.181462,,10.434962,35.52851075,-97.47518865,34.316,-141.340,32.725,-64.785,1.540
VN300_2026-07-12_14-41-49_VNINS.csv,lap,4,46749,1168.992346,32.706998,2438.834,688.970,10.434962,,10.434962,35.52850760,-97.47519034,33.953,-141.083,32.951,-64.945,1.540
VN300_2026-07-12_14-41-49_VNINS.csv,lap,4,46750,1168.992346,32.706998,2439.211,689.347,10.434962,,10.434962,35.52850450,-97.47519202,33.531,-140.803,33.152,-64.938,1.540
VN300_2026-07-12_14-41-49_VNINS.csv,lap,4,46751,1168.992346,32.706998,2439.703,689.839,10.434962,,10.434962,35.52850096,-97.47519528,33.681,-140.424,33.463,-64.903,1.480
VN300_2026-07-12_14-41-49_VNINS.csv,lap,4,46752,1168.992346,32.706998,2440.077,690.213,10.434962,,10.434962,35.52849795,-97.47519714,33.319,-140.015,33.704,-65.469,1.480
