source,segment_type,segment_number,row_index,time_s,segment_time_s,distance_m,segment_distance_m,live_delta_to_best_s,live_delta_error,final_delta_to_best_s,lat,lon,speed_mph,yaw_deg,pitch_deg,roll_deg,pos_uncertainty_m
VN300_2026-07-12_14-41-49_VNINS.csv,lap,1,11053,276.610878,0.000000,264.230,0.000,,no best reference,,35.52850166,-97.47499908,38.535,47.382,-0.675,1.457,1.560
VN300_2026-07-12_14-41-49_VNINS.csv,lap,1,11054,276.610878,0.000000,264.662,0.432,,no best reference,,35.52850554,-97.47499919,38.677,47.092,-0.605,1.494,1.570
VN300_2026-07-12_14-41-49_VNINS.csv,lap,1,11055,276.610878,0.000000,265.112,0.881,,no best reference,,35.52850944,-97.47500051,38.687,46.820,-0.559,1.630,1.500
VN300_2026-07-12_14-41-49_VNINS.csv,lap,1,11056,276.610878,0.000000,265.545,1.314,,no best reference,,35.52851333,-97.47500072,38.712,46.578,-0.605,1.628,1.500
VN300_2026-07-12_14-41-49_VNINS.csv,lap,1,11057,276.610878,0.000000,265.978,1.747,,no best reference,,35.52851722,-97.47500097,38.601,46.353,-0.723,1.546,1.500
VN300_2026-07-12_14-41-49_VNINS.csv,lap,1,11058,276.610878,0.000000,266.411,2.181,,no best reference,,35.52852111,-97.47500121,38.682,46.120,-0.838,1.588,1.500
VN300_2026-07-12_14-41-49_VNINS.csv,lap,1,11059,276.610878,0.000000,266.844,2.614,,no best reference,,35.52852500,-97.47500147,38.649,45.941,-0.874,1.565,1.500
VN300_2026-07-12_14-41-49_VNINS.csv,lap,1,11060,276.610878,0.000000,267.276,3.046,,no best reference,,35.52852888,-97.47500174,38.636,45.863,-0.834,1.529,1.500
VN300_2026-07-12_14-41-49_VNINS.csv,lap,1,11061,276.610878,0.000000,267.706,3.476,,no best reference,,35.52853274,-97.47500203,38.169,45.850,-0.863,1.622,1.500
VN300_2026-07-12_14-41-49_VNINS.csv,lap,1,11062,276.864295,0.253417,268.131,3.900,,no best reference,,35.52853655,-97.47500230,37.852,45.918,-1.016,1.437,1.500
VN300_2026-07-12_14-41-49_VNINS.csv,lap,1,11063,276.864295,0.253417,268.622,4.392,,no best reference,,35.52854060,-97.47500447,37.890,46.094,-1.136,1.214,1.450
VN300_2026-07-12_14-41-49_VNINS.csv,lap,1,11064,276.864295,0.253417,269.045,4.815,,no best reference,,35.52854439,-97.47500490,37.703,46.335,-1.172,1.145,1.450
VN300_2026-07-12_14-41-49_VNINS.csv,lap,1,11065,276.864295,0.253417,269.466,5.236,,no best reference,,35.52854816,-97.47500534,37.432,46.667,-1.208,1.113,1.450
VN300_2026-07-12_14-41-49_VNINS.csv,lap,1,11066,276.864295,0.253417,269.884,5.654,,no best reference,,35.52855190,-97.47500578,37.306,47.058,-1.144,0.880,1.450
VN300_2026-07-12_14-41-49_VNINS.csv,lap,1,11067,276.864295,0.253417,270.301,6.070,,no best reference,,35.52855563,-97.47500622,37.134,47.498,-1.080,0.757,1.450
VN300_2026-07-12_14-41-49_VNINS.csv,lap,1,11068,276.864295,0.253417,270.716,6.486,,no best reference,,35.52855935,-97.47500664,36.991,47.958,-0.983,0.710,1.450
VN300_2026-07-12_14-41-49_VNINS.csv,lap,1,11069,276.864295,0.253417,271.130,6.900,,no best reference,,35.52856306,-97.47500705,36.850,48.458,-0.899,0.604,1.450
VN300_2026-07-12_14-41-49_VNINS.csv,lap,1,11070,276.864295,0.253417,271.542,7.312,,no best reference,,35.52856675,-97.47500745,36.762,48.952,-0.881,0.405,1.450
VN300_2026-07-12_14-41-49_VNINS.csv,lap,1,11071,276.864295,0.253417,271.950,7.720,,no best reference,,35.52857031,-97.47500635,36.461,49.479,-0.862,0.366,1.400
VN300_2026-07-12_14-41-49_VNINS.csv,lap,1,11072,277.135998,0.525120,272.359,8.128,,no best reference,,35.52857398,-97.47500656,36.380,50.076,-0.872,0.294,1.400
VN300_2026-07-12_14-41-49_VNINS.csv,lap,1,11073,277.135998,0.525120,272.768,8.538,,no best reference,,35.52857766,-97.47500674,36.437,50.738,-0.859,0.128,1.400
VN300_2026-07-12_14-41-49_VNINS.csv,lap,1,11074,277.135998,0.525120,273.178,8.947,,no best reference,,35.52858134,-97.47500691,36.435,51.445,-0.844,0.093,1.400
VN300_2026-07-12_14-41-49_VNINS.csv,lap,1,11075,277.135998,0.525120,273.587,9.357,,no best reference,,35.52858502,-97.47500702,36.511,52.156,-0.876,0.112,1.400
VN300_2026-07-12_14-41-49_VNINS.csv,lap,1,11076,277.135998,0.525120,273.996,9.766,,no best reference,,35.52858870,-97.47500710,36.560,52.892,-0.907,-0.064,1.400
VN300_2026-07-12_14-41-49_VNINS.csv,lap,1,11077,277.135998,0.525120,274.406,10.175,,no best reference,,35.52859238,-97.47500717,36.532,53.614,-0.953,-0.098,1.400
VN300_2026-07-12_14-41-49_VNINS.csv,lap,1,11078,277.135998,0.525120,274.816,10.586,,no best reference,,35.52859607,-97.47500720,36.626,54.368,-1.009,-0.097,1.400
VN300_2026-07-12_14-41-49_VNINS.csv,lap,1,11079,277.135998,0.525120,275.222,10.992,,no best reference,,35.52859954,-97.47500579,36.793,55.089,-1.006,-0.147,1.360
VN300_2026-07-12_14-41-49_VNINS.csv,lap,1,11080,277.135998,0.525120,275.635,11.405,,no best reference,,35.52860325,-97.47500567,36.863,55.780,-0.990,-0.246,1.360
VN300_2026-07-12_14-41-49_VNINS.csv,lap,1,11081,277.135998,0.525120,276.052,11.822,,no best reference,,35.52860700,-97.47500548,37.205,56.413,-0.964,-0.364,1.360
VN300_2026-07-12_14-41-49_VNINS.csv,lap,1,11082,277.135998,0.525120,276.470,12.239,,no best reference,,35.52861075,-97.47500526,37.283,57.042,-0.961,-0.358,1.360
VN300_2026-07-12_14-41-49_VNINS.csv,lap,1,11083,277.389911,0.779033,276.891,12.661,,no best reference,,35.52861453,-97.47500498,37.542,57.695,-0.938,-0.543,1.360
VN300_2026-07-12_14-41-49_VNINS.csv,lap,1,11084,277.389911,0.779033,277.312,13.082,,no best reference,,35.52861831,-97.47500469,37.573,58.327,-0.991,-0.674,1.360
VN300_2026-07-12_14-41-49_VNINS.csv,lap,1,11085,277.389911,0.779033,277.735,13.504,,no best reference,,35.52862210,-97.47500436,37.707,58.986,-1.022,-0.776,1.360
VN300_2026-07-12_14-41-49_VNINS.csv,lap,1,11086,277.389911,0.779033,278.157,13.927,,no best reference,,35.52862589,-97.47500401,37.794,59.693,-1.018,-0.774,1.360
VN300_2026-07-12_14-41-49_VNINS.csv,lap,1,11087,277.389911,0.779033,278.492,14.261,,no best reference,,35.52862855,-97.47500228,37.034,60.442,-1.015,-0.838,1.320
VN300_2026-07-12_14-41-49_VNINS.csv,lap,1,11088,277.389911,0.779033,278.906,14.676,,no best reference,,35.52863225,-97.47500175,37.202,61.188,-1.011,-0.966,1.320
VN300_2026-07-12_14-41-49_VNINS.csv,lap,1,11089,277.389911,0.779033,279.324,15.093,,no best reference,,35.52863598,-97.47500121,37.324,61.964,-1.031,-1.140,1.320
VN300_2026-07-12_14-41-49_VNINS.csv,lap,1,11090,277.389911,0.779033,279.742,15.512,,no best reference,,35.52863972,-97.47500066,37.355,62.810,-0.978,-1.191,1.320
VN300_2026-07-12_14-41-49_VNINS.csv,lap,1,11091,277.389911,0.779033,280.163,15.933,,no best reference,,35.52864347,-97.47500005,37.562,63.686,-0.900,-1.236,1.320
VN300_2026-07-12_14-41-49_VNINS.csv,lap,1,11092,277.389911,0.779033,280.585,16.355,,no best reference,,35.52864723,-97.47499942,37.653,64.521,-0.771,-1.197,1.320
VN300_2026-07-12_14-41-49_VNINS.csv,lap,1,11093,277.643413,1.032535,281.009,16.778,,no best reference,,35.52865100,-97.47499875,37.773,65.272,-0.649,-1.128,1.320
VN300_2026-07-12_14-41-49_VNINS.csv,lap,1,11094,277.643413,1.032535,281.433,17.202,,no best reference,,35.52865477,-97.47499805,37.974,65.889,-0.595,-1.314,1.320
VN300_2026-07-12_14-41-49_VNINS.csv,lap,1,11095,277.643413,1.032535,281.853,17.623,,no best reference,,35.52865735,-97.47499465,37.345,66.377,-0.589,-1.365,1.280
VN300_2026-07-12_14-41-49_VNINS.csv,lap,1,11096,277.643413,1.032535,282.271,18.041,,no best reference,,35.52866104,-97.47499377,37.350,66.819,-0.609,-1.235,1.280
VN300_2026-07-12_14-41-49_VNINS.csv,lap,1,11097,277.643413,1.032535,282.692,18.462,,no best reference,,35.52866475,-97.47499284,37.521,67.183,-0.653,-0.929,1.280
VN300_2026-07-12_14-41-49_VNINS.csv,lap,1,11098,277.643413,1.032535,283.114,18.884,,no best reference,,35.52866846,-97.47499186,37.724,67.425,-0.657,-1.012,1.280
VN300_2026-07-12_14-41-49_VNINS.csv,lap,1,11099,277.643413,1.032535,283.539,19.308,,no best reference,,35.52867219,-97.47499086,37.858,67.561,-0.601,-0.940,1.290
VN300_2026-07-12_14-41-49_VNINS.csv,lap,1,11100,277.643413,1.032535,283.964,19.734,,no best reference,,35.52867592,-97.47498982,38.027,67.610,-0.522,-0.747,1.290
VN300_2026-07-12_14-41-49_VNINS.csv,lap,1,11101,277.643413,1.032535,284.391,20.160,,no best reference,,35.52867966,-97.47498877,38.148,67.621,-0.519,-0.500,1.290
VN300_2026-07-12_14-41-49_VNINS.csv,lap,1,11102,277.643413,1.032535,284.820,20.590,,no best reference,,35.52868342,-97.47498767,38.411,67.587,-0.536,-0.489,1.290
VN300_2026-07-12_14-41-49_VNINS.csv,lap,1,11103,277.896831,1.285953,285.202,20.972,,no best reference,,35.52868634,-97.47498545,37.994,67.568,-0.536,-0.272,1.250
VN300_2026-07-12_14-41-49_VNINS.csv,lap,1,11104,277.896831,1.285953,285.629,21.398,,no best reference,,35.52869005,-97.47498425,38.152,67.576,-0.579,-0.128,1.250
VN300_2026-07-12_14-41-49_VNINS.csv,lap,1,11105,277.896831,1.285953,286.057,21.827,,no best reference,,35.52869377,-97.47498303,38.353,67.572,-0.711,-0.013,1.250
VN300_2026-07-12_14-41-49_VNINS.csv,lap,1,11106,277.896831,1.285953,286.488,22.258,,no best reference,,35.52869751,-97.47498178,38.349,67.545,-0.859,0.215,1.250
VN300_2026-07-12_14-41-49_VNINS.csv,lap,1,11107,277.896831,1.285953,286.920,22.690,,no best reference,,35.52870125,-97.47498047,38.782,67.459,-0.932,0.259,1.250
VN300_2026-07-12_14-41-49_VNINS.csv,lap,1,11108,277.896831,1.285953,287.356,23.126,,no best reference,,35.52870502,-97.47497914,38.957,67.334,-0.975,0.350,1.250
VN300_2026-07-12_14-41-49_VNINS.csv,lap,1,11109,277.896831,1.285953,287.793,23.563,,no best reference,,35.52870880,-97.47497782,39.192,67.161,-0.866,0.406,1.250
VN300_2026-07-12_14-41-49_VNINS.csv,lap,1,11110,277.896831,1.285953,288.232,24.001,,no best reference,,35.52871259,-97.47497649,39.168,66.957,-0.602,0.647,1.260
VN300_2026-07-12_14-41-49_VNINS.csv,lap,1,11111,277.896831,1.285953,288.673,24.442,,no best reference,,35.52871617,-97.47497439,39.532,66.749,-0.407,0.671,1.220
VN300_2026-07-12_14-41-49_VNINS.csv,lap,1,11112,277.896831,1.285953,289.114,24.884,,no best reference,,35.52871997,-97.47497298,39.521,66.589,-0.279,0.879,1.220
VN300_2026-07-12_14-41-49_VNINS.csv,lap,1,11113,278.544062,1.933184,289.558,25.327,,no best reference,,35.52872379,-97.47497157,39.600,66.428,-0.269,0.925,1.220
VN300_2026-07-12_14-41-49_VNINS.csv,lap,1,11114,278.544062,1.933184,290.002,25.771,,no best reference,,35.52872761,-97.47497014,39.821,66.254,-0.479,0.787,1.220
VN300_2026-07-12_14-41-49_VNINS.csv,lap,1,11115,278.544062,1.933184,290.449,26.219,,no best reference,,35.52873146,-97.47496870,39.986,66.117,-0.624,0.817,1.220
VN300_2026-07-12_14-41-49_VNINS.csv,lap,1,11116,278.544062,1.933184,290.898,26.667,,no best reference,,35.52873531,-97.47496722,40.058,66.004,-0.748,0.858,1.220
VN300_2026-07-12_14-41-49_VNINS.csv,lap,1,11117,278.544062,1.933184,291.350,27.119,,no best reference,,35.52873918,-97.47496570,40.266,65.925,-0.820,0.786,1.230
VN300_2026-07-12_14-41-49_VNINS.csv,lap,1,11118,278.544062,1.933184,291.802,27.572,,no best reference,,35.52874305,-97.47496415,40.487,65.872,-0.827,0.679,1.230
VN300_2026-07-12_14-41-49_VNINS.csv,lap,1,11119,278.544062,1.933184,292.269,28.039,,no best reference,,35.52874725,-97.47496414,40.392,65.752,-0.843,0.879,1.190
VN300_2026-07-12_14-41-49_VNINS.csv,lap,1,11120,278.544062,1.933184,292.722,28.491,,no best reference,,35.52875114,-97.47496267,40.384,65.575,-0.924,0.927,1.200
VN300_2026-07-12_14-41-49_VNINS.csv,lap,1,11121,278.544062,1.933184,293.174,28.943,,no best reference,,35.52875502,-97.47496118,40.323,65.284,-0.978,0.948,1.200
VN300_2026-07-12_14-41-49_VNINS.csv,lap,1,11122,278.544062,1.933184,293.624,29.393,,no best reference,,35.52875888,-97.47495969,40.205,64.922,-1.044,0.966,1.200
VN300_2026-07-12_14-41-49_VNINS.csv,lap,1,11123,278.544062,1.933184,294.072,29.842,,no best reference,,35.52876273,-97.47495821,39.833,64.476,-1.160,1.218,1.200
VN300_2026-07-12_14-41-49_VNINS.csv,lap,1,11124,278.544062,1.933184,294.515,30.285,,no best reference,,35.52876653,-97.47495674,39.439,63.949,-1.386,1.240,1.200
VN300_2026-07-12_14-41-49_VNINS.csv,lap,1,11125,278.544062,1.933184,294.956,30.725,,no best reference,,35.52877031,-97.47495529,39.180,63.292,-1.527,1.278,1.200
VN300_2026-07-12_14-41-49_VNINS.csv,lap,1,11126,278.544062,1.933184,295.394,31.163,,no best reference,,35.52877407,-97.47495384,39.059,62.594,-1.529,1.495,1.200
VN300_2026-07-12_14-41-49_VNINS.csv,lap,1,11127,278.544062,1.933184,295.829,31.598,,no best reference,,35.52877780,-97.47495239,38.860,61.833,-1.440,1.612,1.200
VN300_2026-07-12_14-41-49_VNINS.csv,lap,1,11128,278.544062,1.933184,296.384,32.153,,no best reference,,35.52878268,-97.47495368,38.677,60.994,-1.316,1.649,1.170
VN300_2026-07-12_14-41-49_VNINS.csv,lap,1,11129,278.544062,1.933184,296.813,32.583,,no best reference,,35.52878640,-97.47495241,38.165,60.083,-1.189,1.710,1.170
VN300_2026-07-12_14-41-49_VNINS.csv,lap,1,11130,278.544062,1.933184,297.239,33.008,,no best reference,,35.52879009,-97.47495116,37.950,59.191,-1.205,1.920,1.170
VN300_2026-07-12_14-41-49_VNINS.csv,lap,1,11131,278.544062,1.933184,297.660,33.430,,no best reference,,35.52879375,-97.47494995,37.505,58.301,-1.243,2.081,1.170
VN300_2026-07-12_14-41-49_VNINS.csv,lap,1,11132,278.544062,1.933184,298.077,33.847,,no best reference,,35.52879738,-97.47494878,37.189,57.381,-1.328,2.149,1.170
VN300_2026-07-12_14-41-49_VNINS.csv,lap,1,11133,278.544062,1.933184,298.490,34.259,,no best reference,,35.52880097,-97.47494765,36.716,56.458,-1.444,2.299,1.170
VN300_2026-07-12_14-41-49_VNINS.csv,lap,1,11134,278.544062,1.933184,298.899,34.669,,no best reference,,35.52880454,-97.47494653,36.514,55.445,-1.490,2.431,1.170
VN300_2026-07-12_14-41-49_VNINS.csv,lap,1,11135,278.544062,1.933184,299.546,35.316,,no best reference,,35.52880949,-97.47495029,36.970,54.378,-1.515,2.438,1.150
VN300_2026-07-12_14-41-49_VNINS.csv,lap,1,11136,278.544062,1.933184,299.960,35.730,,no best reference,,35.52881317,-97.47494962,36.676,53.308,-1.564,2.463,1.150
VN300_2026-07-12_14-41-49_VNINS.csv,lap,1,11137,278.544062,1.933184,300.367,36.137,,no best reference,,35.52881679,-97.47494892,36.419,52.184,-1.639,2.590,1.150
VN300_2026-07-12_14-41-49_VNINS.csv,lap,1,11138,278.544062,1.933184,300.772,36.541,,no best reference,,35.52882039,-97.47494829,36.125,51.021,-1.669,2.719,1.150
VN300_2026-07-12_14-41-49_VNINS.csv,lap,1,11139,278.802565,2.191687,301.172,36.942,,no best reference,,35.52882396,-97.47494771,35.920,49.852,-1.671,2.690,1.150
VN300_2026-07-12_14-41-49_VNINS.csv,lap,1,11140,278.802565,2.191687,301.571,37.340,,no best reference,,35.52882752,-97.47494722,35.588,48.607,-1.567,2.842,1.150
VN300_2026-07-12_14-41-49_VNINS.csv,lap,1,11141,278.802565,2.191687,301.965,37.735,,no best reference,,35.52883105,-97.47494680,35.340,47.382,-1.422,2.795,1.150
VN300_2026-07-12_14-41-49_VNINS.csv,lap,1,11142,278.802565,2.191687,302.356,38.126,,no best reference,,35.52883456,-97.47494645,34.966,46.255,-1.386,2.913,1.150
VN300_2026-07-12_14-41-49_VNINS.csv,lap,1,11143,278.802565,2.191687,302.995,38.765,,no best reference,,35.52883935,-97.47495034,36.678,45.170,-1.346,3.041,1.120
VN300_2026-07-12_14-41-49_VNINS.csv,lap,1,11144,278.802565,2.191687,303.412,39.182,,no best reference,,35.52884310,-97.47495051,36.680,44.154,-1.274,3.089,1.130
VN300_2026-07-12_14-41-49_VNINS.csv,lap,1,11145,278.802565,2.191687,303.822,39.591,,no best reference,,35.52884678,-97.47495066,36.825,43.146,-1.190,3.226,1.130
VN300_2026-07-12_14-41-49_VNINS.csv,lap,1,11146,278.802565,2.191687,304.232,40.002,,no best reference,,35.52885047,-97.47495087,36.924,42.205,-1.094,3.302,1.130
VN300_2026-07-12_14-41-49_VNINS.csv,lap,1,11147,278.802565,2.191687,304.644,40.413,,no best reference,,35.52885416,-97.47495116,37.044,41.346,-1.013,3.255,1.130
VN300_2026-07-12_14-41-49_VNINS.csv,lap,1,11148,278.802565,2.191687,305.056,40.826,,no best reference,,35.52885786,-97.47495152,37.109,40.571,-0.950,3.351,1.130
VN300_2026-07-12_14-41-49_VNINS.csv,lap,1,11149,278.802565,2.191687,305.469,41.239,,no best reference,,35.52886156,-97.47495193,37.248,39.891,-0.886,3.370,1.130
VN300_2026-07-12_14-41-49_VNINS.csv,lap,1,11150,279.056364,2.445486,305.885,41.655,,no best reference,,35.52886528,-97.47495242,37.509,39.255,-0.750,3.326,1.130
VN300_2026-07-12_14-41-49_VNINS.csv,lap,1,11151,279.056364,2.445486,306.169,41.938,,no best reference,,35.52886746,-97.47495404,36.600,38.658,-0.604,3.368,1.110
VN300_2026-07-12_14-41-49_VNINS.csv,lap,1,11152,279.056364,2.445486,306.577,42.346,,no best reference,,35.52887109,-97.47495470,36.859,38.100,-0.402,3.439,1.110
VN300_2026-07-12_14-41-49_VNINS.csv,lap,1,11153,279.056364,2.445486,306.987,42.756,,no best reference,,35.52887473,-97.47495542,37.089,37.625,-0.285,3.229,1.110
VN300_2026-07-12_14-41-49_VNINS.csv,lap,1,11154,279.056364,2.445486,307.400,43.169,,no best reference,,35.52887839,-97.47495620,37.393,37.231,-0.227,3.074,1.110
VN300_2026-07-12_14-41-49_VNINS.csv,lap,1,11155,279.056364,2.445486,307.816,43.586,,no best reference,,35.52888207,-97.47495704,37.609,36.913,-0.164,3.099,1.110
VN300_2026-07-12_14-41-49_VNINS.csv,lap,1,11156,279.056364,2.445486,308.234,44.004,,no best reference,,35.52888576,-97.47495793,37.807,36.690,-0.131,3.046,1.110
VN300_2026-07-12_14-41-49_VNINS.csv,lap,1,11157,279.056364,2.445486,308.655,44.425,,no best reference,,35.52888947,-97.47495885,37.980,36.538,-0.164,2.897,1.110
VN300_2026-07-12_14-41-49_VNINS.csv,lap,1,11158,279.056364,2.445486,309.078,44.848,,no best reference,,35.52889320,-97.47495980,38.261,36.421,-0.163,2.818,1.110
VN300_2026-07-12_14-41-49_VNINS.csv,lap,1,11159,279.056364,2.445486,309.327,45.096,,no best reference,,35.52889526,-97.47496086,37.410,36.342,-0.121,2.641,1.090
VN300_2026-07-12_14-41-49_VNINS.csv,lap,1,11160,279.776329,3.165451,309.742,45.512,,no best reference,,35.52889890,-97.47496189,37.568,36.323,-0.112,2.380,1.090
VN300_2026-07-12_14-41-49_VNINS.csv,lap,1,11161,279.776329,3.165451,310.160,45.930,,no best reference,,35.52890256,-97.47496295,37.815,36.340,-0.116,2.201,1.090
VN300_2026-07-12_14-41-49_VNINS.csv,lap,1,11162,279.776329,3.165451,310.580,46.350,,no best reference,,35.52890623,-97.47496405,38.021,36.416,-0.125,2.013,1.090
VN300_2026-07-12_14-41-49_VNINS.csv,lap,1,11163,279.776329,3.165451,311.003,46.773,,no best reference,,35.52890992,-97.47496517,38.238,36.549,-0.206,1.781,1.090
VN300_2026-07-12_14-41-49_VNINS.csv,lap,1,11164,279.776329,3.165451,311.427,47.197,,no best reference,,35.52891362,-97.47496631,38.441,36.688,-0.331,1.583,1.090
VN300_2026-07-12_14-41-49_VNINS.csv,lap,1,11165,279.776329,3.165451,311.854,47.624,,no best reference,,35.52891734,-97.47496750,38.669,36.842,-0.402,1.517,1.090
VN300_2026-07-12_14-41-49_VNINS.csv,lap,1,11166,279.776329,3.165451,312.284,48.054,,no best reference,,35.52892108,-97.47496870,38.864,37.002,-0.381,1.300,1.090
VN300_2026-07-12_14-41-49_VNINS.csv,lap,1,11167,279.776329,3.165451,312.717,48.486,,no best reference,,35.52892484,-97.47496991,39.047,37.142,-0.322,1.183,1.090
VN300_2026-07-12_14-41-49_VNINS.csv,lap,1,11168,279.776329,3.165451,313.054,48.824,,no best reference,,35.52892776,-97.47497094,38.767,37.235,-0.307,1.103,1.070
VN300_2026-07-12_14-41-49_VNINS.csv,lap,1,11169,279.776329,3.165451,313.486,49.256,,no best reference,,35.52893151,-97.47497217,38.885,37.311,-0.310,1.141,1.070
VN300_2026-07-12_14-41-49_VNINS.csv,lap,1,11170,279.776329,3.165451,313.917,49.687,,no best reference,,35.52893526,-97.47497339,39.030,37.367,-0.376,1.009,1.070
VN300_2026-07-12_14-41-49_VNINS.csv,lap,1,11171,279.776329,3.165451,314.352,50.121,,no best reference,,35.52893904,-97.47497460,39.286,37.423,-0.485,0.933,1.070
VN300_2026-07-12_14-41-49_VNINS.csv,lap,1,11172,279.776329,3.165451,314.789,50.558,,no best reference,,35.52894284,-97.47497583,39.453,37.571,-0.554,0.810,1.070
VN300_2026-07-12_14-41-49_VNINS.csv,lap,1,11173,279.776329,3.165451,315.229,50.998,,no best reference,,35.52894667,-97.47497706,39.642,37.795,-0.561,0.587,1.070
VN300_2026-07-12_14-41-49_VNINS.csv,lap,1,11174,279.776329,3.165451,315.669,51.439,,no best reference,,35.52895050,-97.47497829,39.673,38.110,-0.636,0.549,1.080
VN300_2026-07-12_14-41-49_VNINS.csv,lap,1,11175,279.776329,3.165451,316.017,51.787,,no best reference,,35.52895363,-97.47497821,39.272,38.516,-0.725,0.478,1.050
VN300_2026-07-12_14-41-49_VNINS.csv,lap,1,11176,279.776329,3.165451,316.453,52.223,,no best reference,,35.52895744,-97.47497936,39.121,39.006,-0.768,0.377,1.050
VN300_2026-07-12_14-41-49_VNINS.csv,lap,1,11177,279.776329,3.165451,316.890,52.660,,no best reference,,35.52896127,-97.47498045,39.289,39.549,-0.826,0.222,1.050
VN300_2026-07-12_14-41-49_VNINS.csv,lap,1,11178,279.776329,3.165451,317.326,53.096,,no best reference,,35.52896509,-97.47498154,39.273,40.212,-0.828,0.264,1.060
VN300_2026-07-12_14-41-49_VNINS.csv,lap,1,11179,279.776329,3.165451,317.763,53.533,,no best reference,,35.52896892,-97.47498261,39.299,40.983,-0.779,0.231,1.060
VN300_2026-07-12_14-41-49_VNINS.csv,lap,1,11180,279.776329,3.165451,318.200,53.969,,no best reference,,35.52897275,-97.47498367,39.081,41.804,-0.806,0.089,1.060
VN300_2026-07-12_14-41-49_VNINS.csv,lap,1,11181,279.776329,3.165451,318.632,54.401,,no best reference,,35.52897654,-97.47498472,38.760,42.650,-0.935,0.015,1.060
VN300_2026-07-12_14-41-49_VNINS.csv,lap,1,11182,279.776329,3.165451,319.061,54.831,,no best reference,,35.52898031,-97.47498575,38.443,43.557,-1.162,0.019,1.060
VN300_2026-07-12_14-41-49_VNINS.csv,lap,1,11183,279.776329,3.165451,319.496,55.266,,no best reference,,35.52898399,-97.47498412,38.060,44.563,-1.307,-0.319,1.040
VN300_2026-07-12_14-41-49_VNINS.csv,lap,1,11184,279.776329,3.165451,319.919,55.689,,no best reference,,35.52898773,-97.47498499,37.917,45.685,-1.318,-0.395,1.040
VN300_2026-07-12_14-41-49_VNINS.csv,lap,1,11185,279.776329,3.165451,320.341,56.111,,no best reference,,35.52899146,-97.47498583,37.787,46.929,-1.223,-0.472,1.040
VN300_2026-07-12_14-41-49_VNINS.csv,lap,1,11186,279.776329,3.165451,320.762,56.532,,no best reference,,35.52899519,-97.47498664,37.646,48.238,-1.057,-0.584,1.040
VN300_2026-07-12_14-41-49_VNINS.csv,lap,1,11187,279.776329,3.165451,321.182,56.952,,no best reference,,35.52899891,-97.47498742,37.494,49.524,-0.901,-0.880,1.040
VN300_2026-07-12_14-41-49_VNINS.csv,lap,1,11188,280.035391,3.424513,321.599,57.369,,no best reference,,35.52900261,-97.47498818,37.262,50.745,-0.870,-0.940,1.040
VN300_2026-07-12_14-41-49_VNINS.csv,lap,1,11189,280.035391,3.424513,322.013,57.783,,no best reference,,35.52900629,-97.47498889,37.067,51.874,-0.936,-0.985,1.040
VN300_2026-07-12_14-41-49_VNINS.csv,lap,1,11190,280.035391,3.424513,322.427,58.196,,no best reference,,35.52900997,-97.47498955,36.948,52.971,-1.011,-1.065,1.040
VN300_2026-07-12_14-41-49_VNINS.csv,lap,1,11191,280.035391,3.424513,322.955,58.725,,no best reference,,35.52901333,-97.47498542,36.617,54.029,-1.106,-1.122,1.020
VN300_2026-07-12_14-41-49_VNINS.csv,lap,1,11192,280.035391,3.424513,323.365,59.134,,no best reference,,35.52901700,-97.47498578,36.548,55.078,-1.161,-1.128,1.020
VN300_2026-07-12_14-41-49_VNINS.csv,lap,1,11193,280.035391,3.424513,323.774,59.543,,no best reference,,35.52902067,-97.47498610,36.509,56.124,-1.158,-1.198,1.020
VN300_2026-07-12_14-41-49_VNINS.csv,lap,1,11194,280.035391,3.424513,324.182,59.951,,no best reference,,35.52902433,-97.47498639,36.414,57.009,-1.207,-1.097,1.020
VN300_2026-07-12_14-41-49_VNINS.csv,lap,1,11195,280.035391,3.424513,324.588,60.358,,no best reference,,35.52902798,-97.47498665,36.333,57.826,-1.344,-1.127,1.020
VN300_2026-07-12_14-41-49_VNINS.csv,lap,1,11196,280.035391,3.424513,324.993,60.763,,no best reference,,35.52903162,-97.47498688,36.225,58.575,-1.462,-1.207,1.030
VN300_2026-07-12_14-41-49_VNINS.csv,lap,1,11197,280.035391,3.424513,325.399,61.168,,no best reference,,35.52903526,-97.47498707,36.193,59.331,-1.512,-1.439,1.030
VN300_2026-07-12_14-41-49_VNINS.csv,lap,1,11198,280.035391,3.424513,325.804,61.573,,no best reference,,35.52903890,-97.47498723,36.106,60.141,-1.410,-1.279,1.030
VN300_2026-07-12_14-41-49_VNINS.csv,lap,1,11199,280.289157,3.678279,326.311,62.080,,no best reference,,35.52904215,-97.47498330,36.146,60.957,-1.238,-1.064,1.010
VN300_2026-07-12_14-41-49_VNINS.csv,lap,1,11200,280.289157,3.678279,326.715,62.485,,no best reference,,35.52904579,-97.47498318,36.223,61.748,-1.011,-1.056,1.010
VN300_2026-07-12_14-41-49_VNINS.csv,lap,1,11201,280.289157,3.678279,327.122,62.891,,no best reference,,35.52904944,-97.47498301,36.227,62.452,-0.805,-1.195,1.010
VN300_2026-07-12_14-41-49_VNINS.csv,lap,1,11202,280.289157,3.678279,327.528,63.298,,no best reference,,35.52905309,-97.47498281,36.309,63.093,-0.795,-1.229,1.010
VN300_2026-07-12_14-41-49_VNINS.csv,lap,1,11203,280.289157,3.678279,327.935,63.705,,no best reference,,35.52905675,-97.47498257,36.340,63.677,-0.920,-1.119,1.010
VN300_2026-07-12_14-41-49_VNINS.csv,lap,1,11204,280.289157,3.678279,328.343,64.113,,no best reference,,35.52906041,-97.47498229,36.488,64.237,-1.092,-1.058,1.010
VN300_2026-07-12_14-41-49_VNINS.csv,lap,1,11205,280.289157,3.678279,328.752,64.522,,no best reference,,35.52906408,-97.47498198,36.592,64.780,-1.259,-0.957,1.010
VN300_2026-07-12_14-41-49_VNINS.csv,lap,1,11206,280.289157,3.678279,329.161,64.931,,no best reference,,35.52906775,-97.47498164,36.617,65.393,-1.287,-0.786,1.010
VN300_2026-07-12_14-41-49_VNINS.csv,lap,1,11207,280.289157,3.678279,329.574,65.344,,no best reference,,35.52907145,-97.47498125,36.836,66.035,-1.119,-0.901,1.010
VN300_2026-07-12_14-41-49_VNINS.csv,lap,1,11208,280.289157,3.678279,330.140,65.910,,no best reference,,35.52907394,-97.47497580,36.725,66.635,-0.870,-0.982,0.990
VN300_2026-07-12_14-41-49_VNINS.csv,lap,1,11209,280.555926,3.945048,330.552,66.322,,no best reference,,35.52907760,-97.47497508,36.899,67.194,-0.640,-0.971,1.000
VN300_2026-07-12_14-41-49_VNINS.csv,lap,1,11210,280.555926,3.945048,330.968,66.738,,no best reference,,35.52908128,-97.47497427,36.993,67.719,-0.468,-0.821,1.000
VN300_2026-07-12_14-41-49_VNINS.csv,lap,1,11211,280.555926,3.945048,331.384,67.154,,no best reference,,35.52908496,-97.47497341,37.281,68.170,-0.423,-0.853,1.000
VN300_2026-07-12_14-41-49_VNINS.csv,lap,1,11212,280.555926,3.945048,331.803,67.572,,no best reference,,35.52908865,-97.47497252,37.415,68.558,-0.473,-0.782,1.000
VN300_2026-07-12_14-41-49_VNINS.csv,lap,1,11213,280.555926,3.945048,332.224,67.994,,no best reference,,35.52909236,-97.47497157,37.641,68.935,-0.609,-0.820,1.000
VN300_2026-07-12_14-41-49_VNINS.csv,lap,1,11214,280.555926,3.945048,332.645,68.414,,no best reference,,35.52909606,-97.47497059,37.618,69.269,-0.737,-0.837,1.000
VN300_2026-07-12_14-41-49_VNINS.csv,lap,1,11215,280.555926,3.945048,333.127,68.897,,no best reference,,35.52909900,-97.47496667,37.624,69.617,-0.842,-0.655,0.980
VN300_2026-07-12_14-41-49_VNINS.csv,lap,1,11216,280.555926,3.945048,333.551,69.320,,no best reference,,35.52910268,-97.47496547,37.930,69.948,-0.838,-0.487,0.980
VN300_2026-07-12_14-41-49_VNINS.csv,lap,1,11217,280.555926,3.945048,333.977,69.747,,no best reference,,35.52910638,-97.47496421,38.176,70.204,-0.736,-0.483,0.980
VN300_2026-07-12_14-41-49_VNINS.csv,lap,1,11218,280.555926,3.945048,334.407,70.177,,no best reference,,35.52911009,-97.47496289,38.442,70.305,-0.664,-0.464,0.980
VN300_2026-07-12_14-41-49_VNINS.csv,lap,1,11219,280.555926,3.945048,334.839,70.609,,no best reference,,35.52911381,-97.47496151,38.641,70.270,-0.687,-0.195,0.980
VN300_2026-07-12_14-41-49_VNINS.csv,lap,1,11220,280.809782,4.198904,335.274,71.043,,no best reference,,35.52911754,-97.47496008,38.865,70.171,-0.828,-0.172,0.980
VN300_2026-07-12_14-41-49_VNINS.csv,lap,1,11221,280.809782,4.198904,335.710,71.480,,no best reference,,35.52912128,-97.47495861,39.147,69.983,-1.021,-0.069,0.990
VN300_2026-07-12_14-41-49_VNINS.csv,lap,1,11222,280.809782,4.198904,336.149,71.919,,no best reference,,35.52912504,-97.47495714,39.184,69.713,-1.169,0.295,0.990
VN300_2026-07-12_14-41-49_VNINS.csv,lap,1,11223,280.809782,4.198904,336.657,72.426,,no best reference,,35.52912892,-97.47495418,39.432,69.419,-1.234,0.487,0.970
VN300_2026-07-12_14-41-49_VNINS.csv,lap,1,11224,280.809782,4.198904,337.097,72.867,,no best reference,,35.52913267,-97.47495261,39.352,68.963,-1.263,0.662,0.970
VN300_2026-07-12_14-41-49_VNINS.csv,lap,1,11225,280.809782,4.198904,337.538,73.308,,no best reference,,35.52913642,-97.47495103,39.375,68.446,-1.285,0.948,0.970
VN300_2026-07-12_14-41-49_VNINS.csv,lap,1,11226,280.809782,4.198904,337.978,73.748,,no best reference,,35.52914016,-97.47494943,39.336,68.001,-1.263,1.100,0.970
VN300_2026-07-12_14-41-49_VNINS.csv,lap,1,11227,280.809782,4.198904,338.417,74.187,,no best reference,,35.52914389,-97.47494784,39.080,67.633,-1.316,1.165,0.970
VN300_2026-07-12_14-41-49_VNINS.csv,lap,1,11228,280.809782,4.198904,338.852,74.622,,no best reference,,35.52914758,-97.47494626,38.716,67.300,-1.444,1.360,0.970
VN300_2026-07-12_14-41-49_VNINS.csv,lap,1,11229,280.809782,4.198904,339.283,75.053,,no best reference,,35.52915125,-97.47494471,38.466,66.973,-1.490,1.526,0.970
VN300_2026-07-12_14-41-49_VNINS.csv,lap,1,11230,281.063205,4.452327,339.714,75.483,,no best reference,,35.52915490,-97.47494313,38.513,66.617,-1.374,1.587,0.970
VN300_2026-07-12_14-41-49_VNINS.csv,lap,1,11231,281.063205,4.452327,340.236,76.006,,no best reference,,35.52915956,-97.47494387,38.547,66.220,-1.206,1.642,0.960
VN300_2026-07-12_14-41-49_VNINS.csv,lap,1,11232,281.063205,4.452327,340.666,76.436,,no best reference,,35.52916324,-97.47494242,38.449,65.820,-1.006,1.582,0.960
VN300_2026-07-12_14-41-49_VNINS.csv,lap,1,11233,281.063205,4.452327,341.095,76.865,,no best reference,,35.52916692,-97.47494098,38.349,65.397,-0.870,1.448,0.960
VN300_2026-07-12_14-41-49_VNINS.csv,lap,1,11234,281.063205,4.452327,341.523,77.293,,no best reference,,35.52917059,-97.47493957,38.231,64.940,-0.837,1.453,0.960
VN300_2026-07-12_14-41-49_VNINS.csv,lap,1,11235,281.063205,4.452327,341.948,77.718,,no best reference,,35.52917425,-97.47493820,38.072,64.419,-0.866,1.663,0.960
VN300_2026-07-12_14-41-49_VNINS.csv,lap,1,11236,281.063205,4.452327,342.373,78.143,,no best reference,,35.52917791,-97.47493686,37.941,63.843,-0.958,1.675,0.960
VN300_2026-07-12_14-41-49_VNINS.csv,lap,1,11237,281.063205,4.452327,342.796,78.566,,no best reference,,35.52918156,-97.47493554,37.860,63.130,-1.122,1.661,0.960
VN300_2026-07-12_14-41-49_VNINS.csv,lap,1,11238,281.063205,4.452327,343.218,78.988,,no best reference,,35.52918521,-97.47493426,37.792,62.330,-1.293,1.728,0.960
VN300_2026-07-12_14-41-49_VNINS.csv,lap,1,11239,281.063205,4.452327,343.668,79.438,,no best reference,,35.52918916,-97.47493534,37.480,61.469,-1.419,1.999,0.950
VN300_2026-07-12_14-41-49_VNINS.csv,lap,1,11240,281.316696,4.705818,344.086,79.855,,no best reference,,35.52919281,-97.47493425,37.433,60.491,-1.518,2.115,0.950
VN300_2026-07-12_14-41-49_VNINS.csv,lap,1,11241,281.316696,4.705818,344.501,80.271,,no best reference,,35.52919644,-97.47493318,37.094,59.425,-1.617,2.251,0.950
VN300_2026-07-12_14-41-49_VNINS.csv,lap,1,11242,281.316696,4.705818,344.913,80.682,,no best reference,,35.52920005,-97.47493217,36.768,58.305,-1.626,2.451,0.950
VN300_2026-07-12_14-41-49_VNINS.csv,lap,1,11243,281.316696,4.705818,345.322,81.091,,no best reference,,35.52920364,-97.47493118,36.613,57.160,-1.611,2.582,0.950
VN300_2026-07-12_14-41-49_VNINS.csv,lap,1,11244,281.316696,4.705818,345.728,81.497,,no best reference,,35.52920721,-97.47493024,36.341,55.927,-1.559,2.824,0.950
VN300_2026-07-12_14-41-49_VNINS.csv,lap,1,11245,281.316696,4.705818,346.132,81.902,,no best reference,,35.52921077,-97.47492934,36.068,54.678,-1.460,2.939,0.950
VN300_2026-07-12_14-41-49_VNINS.csv,lap,1,11246,281.316696,4.705818,346.533,82.303,,no best reference,,35.52921431,-97.47492848,35.942,53.447,-1.349,2.825,0.950
VN300_2026-07-12_14-41-49_VNINS.csv,lap,1,11247,281.316696,4.705818,346.932,82.702,,no best reference,,35.52921784,-97.47492768,35.809,52.211,-1.207,2.832,0.950
VN300_2026-07-12_14-41-49_VNINS.csv,lap,1,11248,281.316696,4.705818,347.556,83.326,,no best reference,,35.52922293,-97.47493059,36.216,51.044,-1.122,2.853,0.940
VN300_2026-07-12_14-41-49_VNINS.csv,lap,1,11249,281.316696,4.705818,347.958,83.727,,no best reference,,35.52922651,-97.47493004,36.034,49.906,-1.035,3.073,0.940
VN300_2026-07-12_14-41-49_VNINS.csv,lap,1,11250,281.657240,5.046362,348.360,84.129,,no best reference,,35.52923010,-97.47492951,35.985,48.807,-0.920,2.855,0.940
VN300_2026-07-12_14-41-49_VNINS.csv,lap,1,11251,281.657240,5.046362,348.760,84.530,,no best reference,,35.52923368,-97.47492905,35.870,47.745,-0.880,2.664,0.940
VN300_2026-07-12_14-41-49_VNINS.csv,lap,1,11252,281.657240,5.046362,349.159,84.929,,no best reference,,35.52923725,-97.47492862,35.790,46.674,-0.836,2.833,0.940
VN300_2026-07-12_14-41-49_VNINS.csv,lap,1,11253,281.657240,5.046362,349.557,85.327,,no best reference,,35.52924082,-97.47492823,35.770,45.661,-0.726,2.939,0.940
VN300_2026-07-12_14-41-49_VNINS.csv,lap,1,11254,281.657240,5.046362,349.956,85.725,,no best reference,,35.52924439,-97.47492788,35.670,44.673,-0.707,2.833,0.940
VN300_2026-07-12_14-41-49_VNINS.csv,lap,1,11255,281.657240,5.046362,350.533,86.303,,no best reference,,35.52924845,-97.47493186,36.126,43.718,-0.738,2.757,0.930
VN300_2026-07-12_14-41-49_VNINS.csv,lap,1,11256,281.657240,5.046362,350.935,86.704,,no best reference,,35.52925206,-97.47493187,35.963,42.873,-0.811,2.891,0.930
VN300_2026-07-12_14-41-49_VNINS.csv,lap,1,11257,281.657240,5.046362,351.335,87.104,,no best reference,,35.52925566,-97.47493186,35.991,42.080,-0.900,3.021,0.930
VN300_2026-07-12_14-41-49_VNINS.csv,lap,1,11258,281.657240,5.046362,351.735,87.505,,no best reference,,35.52925926,-97.47493192,36.036,41.299,-0.952,2.971,0.930
VN300_2026-07-12_14-41-49_VNINS.csv,lap,1,11259,281.657240,5.046362,352.134,87.904,,no best reference,,35.52926285,-97.47493204,36.032,40.565,-0.997,2.976,0.930
VN300_2026-07-12_14-41-49_VNINS.csv,lap,1,11260,281.657240,5.046362,352.535,88.305,,no best reference,,35.52926645,-97.47493224,36.132,39.874,-1.002,2.831,0.930
VN300_2026-07-12_14-41-49_VNINS.csv,lap,1,11261,281.657240,5.046362,352.937,88.707,,no best reference,,35.52927006,-97.47493251,36.278,39.186,-0.904,2.820,0.930
VN300_2026-07-12_14-41-49_VNINS.csv,lap,1,11262,281.657240,5.046362,353.340,89.110,,no best reference,,35.52927367,-97.47493286,36.336,38.486,-0.754,3.007,0.930
VN300_2026-07-12_14-41-49_VNINS.csv,lap,1,11263,281.657240,5.046362,353.841,89.611,,no best reference,,35.52927712,-97.47493642,36.720,37.869,-0.633,2.993,0.920
VN300_2026-07-12_14-41-49_VNINS.csv,lap,1,11264,281.911972,5.301094,354.250,90.020,,no best reference,,35.52928077,-97.47493701,36.879,37.309,-0.522,2.809,0.920
VN300_2026-07-12_14-41-49_VNINS.csv,lap,1,11265,281.911972,5.301094,354.662,90.432,,no best reference,,35.52928444,-97.47493761,37.166,36.842,-0.477,2.799,0.920
VN300_2026-07-12_14-41-49_VNINS.csv,lap,1,11266,281.911972,5.301094,355.075,90.845,,no best reference,,35.52928812,-97.47493825,37.337,36.481,-0.483,2.979,0.920
VN300_2026-07-12_14-41-49_VNINS.csv,lap,1,11267,281.911972,5.301094,355.492,91.262,,no best reference,,35.52929183,-97.47493890,37.717,36.199,-0.516,2.819,0.920
VN300_2026-07-12_14-41-49_VNINS.csv,lap,1,11268,281.911972,5.301094,355.912,91.681,,no best reference,,35.52929556,-97.47493960,37.774,35.968,-0.537,2.820,0.920
VN300_2026-07-12_14-41-49_VNINS.csv,lap,1,11269,281.911972,5.301094,356.335,92.104,,no best reference,,35.52929932,-97.47494031,38.206,35.764,-0.497,2.862,0.920
VN300_2026-07-12_14-41-49_VNINS.csv,lap,1,11270,281.911972,5.301094,356.761,92.531,,no best reference,,35.52930311,-97.47494103,38.373,35.630,-0.443,2.617,0.920
VN300_2026-07-12_14-41-49_VNINS.csv,lap,1,11271,281.911972,5.301094,357.179,92.949,,no best reference,,35.52930588,-97.47494416,38.361,35.568,-0.391,2.529,0.910
VN300_2026-07-12_14-41-49_VNINS.csv,lap,1,11272,281.911972,5.301094,357.607,93.377,,no best reference,,35.52930967,-97.47494495,38.635,35.593,-0.385,2.681,0.910
VN300_2026-07-12_14-41-49_VNINS.csv,lap,1,11273,281.911972,5.301094,358.038,93.807,,no best reference,,35.52931349,-97.47494574,38.976,35.718,-0.498,2.397,0.910
VN300_2026-07-12_14-41-49_VNINS.csv,lap,1,11274,282.165567,5.554689,358.472,94.242,,no best reference,,35.52931734,-97.47494656,39.222,35.870,-0.535,2.148,0.910
VN300_2026-07-12_14-41-49_VNINS.csv,lap,1,11275,282.165567,5.554689,358.910,94.680,,no best reference,,35.52932122,-97.47494739,39.469,36.071,-0.448,2.158,0.910
VN300_2026-07-12_14-41-49_VNINS.csv,lap,1,11276,282.165567,5.554689,359.351,95.121,,no best reference,,35.52932513,-97.47494820,39.714,36.346,-0.301,2.038,0.910
VN300_2026-07-12_14-41-49_VNINS.csv,lap,1,11277,282.165567,5.554689,359.794,95.564,,no best reference,,35.52932907,-97.47494896,39.968,36.633,-0.131,1.733,0.910
VN300_2026-07-12_14-41-49_VNINS.csv,lap,1,11278,282.165567,5.554689,360.242,96.012,,no best reference,,35.52933305,-97.47494972,40.344,36.845,-0.012,1.704,0.910
VN300_2026-07-12_14-41-49_VNINS.csv,lap,1,11279,282.165567,5.554689,360.676,96.446,,no best reference,,35.52933589,-97.47495301,40.132,36.979,-0.005,1.667,0.900
VN300_2026-07-12_14-41-49_VNINS.csv,lap,1,11280,282.165567,5.554689,361.124,96.894,,no best reference,,35.52933986,-97.47495386,40.391,37.044,-0.097,1.520,0.900
VN300_2026-07-12_14-41-49_VNINS.csv,lap,1,11281,282.165567,5.554689,361.576,97.345,,no best reference,,35.52934386,-97.47495470,40.681,37.062,-0.231,1.556,0.900
VN300_2026-07-12_14-41-49_VNINS.csv,lap,1,11282,282.165567,5.554689,362.031,97.801,,no best reference,,35.52934790,-97.47495553,40.960,37.044,-0.353,1.563,0.900
VN300_2026-07-12_14-41-49_VNINS.csv,lap,1,11283,282.165567,5.554689,362.489,98.258,,no best reference,,35.52935196,-97.47495636,41.243,37.022,-0.467,1.463,0.900
VN300_2026-07-12_14-41-49_VNINS.csv,lap,1,11284,282.418997,5.808119,362.950,98.719,,no best reference,,35.52935605,-97.47495718,41.538,36.955,-0.463,1.421,0.900
VN300_2026-07-12_14-41-49_VNINS.csv,lap,1,11285,282.418997,5.808119,363.415,99.184,,no best reference,,35.52936018,-97.47495800,41.870,36.910,-0.364,1.452,0.900
VN300_2026-07-12_14-41-49_VNINS.csv,lap,1,11286,282.418997,5.808119,363.882,99.652,,no best reference,,35.52936433,-97.47495880,42.092,36.944,-0.325,1.377,0.900
VN300_2026-07-12_14-41-49_VNINS.csv,lap,1,11287,282.418997,5.808119,364.352,100.122,,no best reference,,35.52936851,-97.47495958,42.374,37.029,-0.332,1.260,0.910
VN300_2026-07-12_14-41-49_VNINS.csv,lap,1,11288,282.418997,5.808119,364.847,100.617,,no best reference,,35.52937145,-97.47496369,42.482,37.206,-0.347,1.341,0.890
VN300_2026-07-12_14-41-49_VNINS.csv,lap,1,11289,282.418997,5.808119,365.322,101.092,,no best reference,,35.52937567,-97.47496452,42.762,37.440,-0.412,1.278,0.890
VN300_2026-07-12_14-41-49_VNINS.csv,lap,1,11290,282.418997,5.808119,365.802,101.571,,no best reference,,35.52937993,-97.47496534,43.076,37.677,-0.435,1.170,0.890
VN300_2026-07-12_14-41-49_VNINS.csv,lap,1,11291,282.418997,5.808119,366.284,102.054,,no best reference,,35.52938422,-97.47496614,43.412,37.959,-0.456,1.169,0.890
VN300_2026-07-12_14-41-49_VNINS.csv,lap,1,11292,282.418997,5.808119,366.769,102.539,,no best reference,,35.52938854,-97.47496689,43.655,38.294,-0.527,0.931,0.890
VN300_2026-07-12_14-41-49_VNINS.csv,lap,1,11293,282.418997,5.808119,367.259,103.028,,no best reference,,35.52939290,-97.47496762,43.928,38.679,-0.616,0.803,0.900
VN300_2026-07-12_14-41-49_VNINS.csv,lap,1,11294,282.691539,6.080661,367.749,103.519,,no best reference,,35.52939727,-97.47496833,44.012,39.109,-0.728,0.787,0.900
VN300_2026-07-12_14-41-49_VNINS.csv,lap,1,11295,282.691539,6.080661,368.214,103.983,,no best reference,,35.52940026,-97.47497192,44.029,39.572,-0.772,0.519,0.880
VN300_2026-07-12_14-41-49_VNINS.csv,lap,1,11296,282.691539,6.080661,368.707,104.476,,no best reference,,35.52940465,-97.47497267,44.231,40.081,-0.754,0.489,0.880
VN300_2026-07-12_14-41-49_VNINS.csv,lap,1,11297,282.691539,6.080661,369.200,104.970,,no best reference,,35.52940905,-97.47497341,44.331,40.640,-0.678,0.449,0.880
VN300_2026-07-12_14-41-49_VNINS.csv,lap,1,11298,282.691539,6.080661,369.696,105.466,,no best reference,,35.52941347,-97.47497411,44.451,41.220,-0.565,0.326,0.890
VN300_2026-07-12_14-41-49_VNINS.csv,lap,1,11299,282.691539,6.080661,370.195,105.964,,no best reference,,35.52941792,-97.47497479,44.596,41.826,-0.546,0.419,0.890
VN300_2026-07-12_14-41-49_VNINS.csv,lap,1,11300,282.691539,6.080661,370.694,106.464,,no best reference,,35.52942238,-97.47497544,44.723,42.528,-0.570,0.390,0.890
VN300_2026-07-12_14-41-49_VNINS.csv,lap,1,11301,282.691539,6.080661,371.193,106.963,,no best reference,,35.52942684,-97.47497607,44.767,43.286,-0.687,0.253,0.890
VN300_2026-07-12_14-41-49_VNINS.csv,lap,1,11302,282.691539,6.080661,371.693,107.463,,no best reference,,35.52943131,-97.47497668,44.772,44.079,-0.844,0.417,0.890
VN300_2026-07-12_14-41-49_VNINS.csv,lap,1,11303,282.691539,6.080661,372.129,107.898,,no best reference,,35.52943463,-97.47497923,44.574,44.972,-0.909,0.316,0.880
VN300_2026-07-12_14-41-49_VNINS.csv,lap,1,11304,282.691539,6.080661,372.627,108.397,,no best reference,,35.52943909,-97.47497982,44.636,45.910,-0.930,0.160,0.880
VN300_2026-07-12_14-41-49_VNINS.csv,lap,1,11305,282.945322,6.334444,373.127,108.897,,no best reference,,35.52944356,-97.47498040,44.589,46.941,-0.893,0.147,0.880
VN300_2026-07-12_14-41-49_VNINS.csv,lap,1,11306,282.945322,6.334444,373.626,109.396,,no best reference,,35.52944803,-97.47498092,44.632,48.001,-0.858,0.044,0.880
VN300_2026-07-12_14-41-49_VNINS.csv,lap,1,11307,282.945322,6.334444,374.125,109.895,,no best reference,,35.52945250,-97.47498139,44.653,49.037,-0.914,-0.066,0.880
VN300_2026-07-12_14-41-49_VNINS.csv,lap,1,11308,282.945322,6.334444,374.625,110.395,,no best reference,,35.52945698,-97.47498182,44.673,50.122,-0.933,-0.187,0.880
VN300_2026-07-12_14-41-49_VNINS.csv,lap,1,11309,282.945322,6.334444,375.124,110.894,,no best reference,,35.52946146,-97.47498221,44.534,51.196,-0.949,-0.297,0.880
VN300_2026-07-12_14-41-49_VNINS.csv,lap,1,11310,282.945322,6.334444,375.621,111.391,,no best reference,,35.52946592,-97.47498255,44.288,52.212,-1.033,-0.372,0.880
VN300_2026-07-12_14-41-49_VNINS.csv,lap,1,11311,282.945322,6.334444,376.004,111.773,,no best reference,,35.52946930,-97.47498177,43.631,53.200,-1.074,-0.266,0.870
VN300_2026-07-12_14-41-49_VNINS.csv,lap,1,11312,282.945322,6.334444,376.489,112.259,,no best reference,,35.52947366,-97.47498197,43.474,54.156,-1.071,-0.134,0.870
VN300_2026-07-12_14-41-49_VNINS.csv,lap,1,11313,282.945322,6.334444,376.975,112.745,,no best reference,,35.52947803,-97.47498214,43.329,55.085,-0.979,-0.053,0.870
VN300_2026-07-12_14-41-49_VNINS.csv,lap,1,11314,282.945322,6.334444,377.460,113.230,,no best reference,,35.52948239,-97.47498229,43.200,55.910,-0.838,-0.026,0.870
VN300_2026-07-12_14-41-49_VNINS.csv,lap,1,11315,283.198870,6.587992,377.942,113.711,,no best reference,,35.52948672,-97.47498240,42.811,56.527,-0.839,-0.040,0.870
VN300_2026-07-12_14-41-49_VNINS.csv,lap,1,11316,283.198870,6.587992,378.421,114.191,,no best reference,,35.52949103,-97.47498244,42.792,57.025,-0.957,-0.114,0.870
VN300_2026-07-12_14-41-49_VNINS.csv,lap,1,11317,283.198870,6.587992,378.900,114.670,,no best reference,,35.52949534,-97.47498246,42.717,57.427,-1.072,0.026,0.870
VN300_2026-07-12_14-41-49_VNINS.csv,lap,1,11318,283.198870,6.587992,379.378,115.148,,no best reference,,35.52949964,-97.47498243,42.664,57.769,-1.282,0.177,0.870
VN300_2026-07-12_14-41-49_VNINS.csv,lap,1,11319,283.198870,6.587992,379.765,115.534,,no best reference,,35.52950254,-97.47498008,42.145,58.197,-1.405,-0.329,0.860
VN300_2026-07-12_14-41-49_VNINS.csv,lap,1,11320,283.198870,6.587992,380.235,116.005,,no best reference,,35.52950677,-97.47497990,42.047,58.789,-1.314,-0.651,0.860
VN300_2026-07-12_14-41-49_VNINS.csv,lap,1,11321,283.198870,6.587992,380.707,116.477,,no best reference,,35.52951101,-97.47497967,42.085,59.487,-1.127,-0.667,0.860
VN300_2026-07-12_14-41-49_VNINS.csv,lap,1,11322,283.198870,6.587992,381.179,116.949,,no best reference,,35.52951525,-97.47497939,42.073,60.164,-0.933,-0.516,0.860
VN300_2026-07-12_14-41-49_VNINS.csv,lap,1,11323,283.198870,6.587992,381.652,117.421,,no best reference,,35.52951949,-97.47497905,42.188,60.912,-0.766,-0.871,0.860
VN300_2026-07-12_14-41-49_VNINS.csv,lap,1,11324,283.198870,6.587992,382.126,117.895,,no best reference,,35.52952374,-97.47497865,42.208,61.716,-0.550,-1.384,0.870
VN300_2026-07-12_14-41-49_VNINS.csv,lap,1,11325,283.452369,6.841491,382.598,118.367,,no best reference,,35.52952797,-97.47497822,42.040,62.528,-0.393,-1.111,0.870
VN300_2026-07-12_14-41-49_VNINS.csv,lap,1,11326,283.452369,6.841491,383.069,118.839,,no best reference,,35.52953219,-97.47497772,42.117,63.287,-0.338,-0.987,0.870
VN300_2026-07-12_14-41-49_VNINS.csv,lap,1,11327,283.452369,6.841491,383.541,119.311,,no best reference,,35.52953641,-97.47497716,41.930,63.965,-0.411,-1.448,0.870
VN300_2026-07-12_14-41-49_VNINS.csv,lap,1,11328,283.452369,6.841491,383.944,119.714,,no best reference,,35.52953949,-97.47497481,41.484,64.501,-0.692,-1.364,0.860
VN300_2026-07-12_14-41-49_VNINS.csv,lap,1,11329,283.452369,6.841491,384.408,120.178,,no best reference,,35.52954363,-97.47497415,41.434,65.060,-1.066,-0.999,0.860
VN300_2026-07-12_14-41-49_VNINS.csv,lap,1,11330,283.452369,6.841491,384.874,120.644,,no best reference,,35.52954778,-97.47497345,41.511,65.746,-1.313,-1.135,0.860
VN300_2026-07-12_14-41-49_VNINS.csv,lap,1,11331,283.452369,6.841491,385.339,121.109,,no best reference,,35.52955192,-97.47497271,41.538,66.479,-1.381,-1.028,0.860
VN300_2026-07-12_14-41-49_VNINS.csv,lap,1,11332,283.452369,6.841491,385.806,121.576,,no best reference,,35.52955607,-97.47497193,41.541,67.366,-1.331,-0.792,0.860
VN300_2026-07-12_14-41-49_VNINS.csv,lap,1,11333,283.452369,6.841491,386.272,122.041,,no best reference,,35.52956020,-97.47497109,41.526,68.261,-1.129,-0.851,0.860
VN300_2026-07-12_14-41-49_VNINS.csv,lap,1,11334,283.452369,6.841491,386.737,122.507,,no best reference,,35.52956432,-97.47497019,41.435,69.082,-0.981,-0.888,0.860
VN300_2026-07-12_14-41-49_VNINS.csv,lap,1,11335,283.452369,6.841491,387.280,123.050,,no best reference,,35.52956828,-97.47496667,41.435,69.893,-0.929,-0.787,0.850
VN300_2026-07-12_14-41-49_VNINS.csv,lap,1,11336,283.735580,7.124702,387.749,123.518,,no best reference,,35.52957238,-97.47496549,41.599,70.653,-0.918,-1.151,0.850
VN300_2026-07-12_14-41-49_VNINS.csv,lap,1,11337,283.735580,7.124702,388.216,123.985,,no best reference,,35.52957646,-97.47496426,41.610,71.288,-1.022,-1.141,0.850
VN300_2026-07-12_14-41-49_VNINS.csv,lap,1,11338,283.735580,7.124702,388.683,124.453,,no best reference,,35.52958053,-97.47496297,41.591,71.887,-1.253,-0.868,0.850
VN300_2026-07-12_14-41-49_VNINS.csv,lap,1,11339,283.735580,7.124702,389.151,124.921,,no best reference,,35.52958459,-97.47496161,41.778,72.478,-1.439,-0.911,0.850
VN300_2026-07-12_14-41-49_VNINS.csv,lap,1,11340,283.735580,7.124702,389.619,125.388,,no best reference,,35.52958864,-97.47496022,41.741,72.980,-1.541,-0.886,0.850
VN300_2026-07-12_14-41-49_VNINS.csv,lap,1,11341,283.735580,7.124702,390.087,125.857,,no best reference,,35.52959269,-97.47495878,41.760,73.482,-1.474,-0.800,0.850
VN300_2026-07-12_14-41-49_VNINS.csv,lap,1,11342,283.735580,7.124702,390.556,126.326,,no best reference,,35.52959673,-97.47495729,41.858,73.927,-1.306,-0.913,0.850
VN300_2026-07-12_14-41-49_VNINS.csv,lap,1,11343,283.735580,7.124702,391.100,126.870,,no best reference,,35.52960061,-97.47495363,41.719,74.133,-1.208,-0.543,0.840
VN300_2026-07-12_14-41-49_VNINS.csv,lap,1,11344,283.735580,7.124702,391.570,127.339,,no best reference,,35.52960462,-97.47495201,41.689,74.199,-1.190,-0.607,0.840
VN300_2026-07-12_14-41-49_VNINS.csv,lap,1,11345,283.735580,7.124702,392.037,127.806,,no best reference,,35.52960860,-97.47495037,41.636,74.097,-1.252,-0.841,0.840
VN300_2026-07-12_14-41-49_VNINS.csv,lap,1,11346,283.735580,7.124702,392.501,128.271,,no best reference,,35.52961256,-97.47494872,41.476,74.001,-1.347,-0.638,0.840
VN300_2026-07-12_14-41-49_VNINS.csv,lap,1,11347,283.989346,7.378468,392.965,128.734,,no best reference,,35.52961650,-97.47494706,41.130,73.962,-1.441,-0.364,0.840
VN300_2026-07-12_14-41-49_VNINS.csv,lap,1,11348,283.989346,7.378468,393.422,129.192,,no best reference,,35.52962038,-97.47494538,40.590,73.873,-1.654,-0.385,0.850
VN300_2026-07-12_14-41-49_VNINS.csv,lap,1,11349,283.989346,7.378468,393.874,129.643,,no best reference,,35.52962421,-97.47494372,40.252,73.749,-1.861,-0.144,0.850
VN300_2026-07-12_14-41-49_VNINS.csv,lap,1,11350,283.989346,7.378468,394.323,130.093,,no best reference,,35.52962802,-97.47494207,40.010,73.608,-1.893,0.104,0.850
VN300_2026-07-12_14-41-49_VNINS.csv,lap,1,11351,283.989346,7.378468,394.884,130.654,,no best reference,,35.52963264,-97.47493957,40.260,73.494,-1.766,0.189,0.840
VN300_2026-07-12_14-41-49_VNINS.csv,lap,1,11352,283.989346,7.378468,395.335,131.105,,no best reference,,35.52963645,-97.47493786,39.872,73.331,-1.615,0.503,0.840
VN300_2026-07-12_14-41-49_VNINS.csv,lap,1,11353,283.989346,7.378468,395.779,131.549,,no best reference,,35.52964019,-97.47493615,39.426,73.059,-1.538,0.665,0.840
VN300_2026-07-12_14-41-49_VNINS.csv,lap,1,11354,283.989346,7.378468,396.219,131.988,,no best reference,,35.52964389,-97.47493444,39.045,72.670,-1.634,0.529,0.840
VN300_2026-07-12_14-41-49_VNINS.csv,lap,1,11355,283.989346,7.378468,396.653,132.423,,no best reference,,35.52964755,-97.47493276,38.556,72.181,-1.841,0.854,0.840
VN300_2026-07-12_14-41-49_VNINS.csv,lap,1,11356,283.989346,7.378468,397.083,132.852,,no best reference,,35.52965116,-97.47493107,38.304,71.645,-1.980,1.257,0.840
VN300_2026-07-12_14-41-49_VNINS.csv,lap,1,11357,284.242935,7.632057,397.511,133.281,,no best reference,,35.52965475,-97.47492934,38.095,71.045,-1.946,1.196,0.840
VN300_2026-07-12_14-41-49_VNINS.csv,lap,1,11358,284.242935,7.632057,397.937,133.706,,no best reference,,35.52965832,-97.47492765,37.792,70.338,-1.822,1.226,0.840
VN300_2026-07-12_14-41-49_VNINS.csv,lap,1,11359,284.242935,7.632057,398.435,134.205,,no best reference,,35.52966259,-97.47492597,37.780,69.554,-1.705,1.362,0.830
VN300_2026-07-12_14-41-49_VNINS.csv,lap,1,11360,284.242935,7.632057,398.855,134.625,,no best reference,,35.52966612,-97.47492432,37.301,68.776,-1.617,1.465,0.830
VN300_2026-07-12_14-41-49_VNINS.csv,lap,1,11361,284.242935,7.632057,399.269,135.039,,no best reference,,35.52966960,-97.47492270,36.845,67.964,-1.607,1.527,0.830
VN300_2026-07-12_14-41-49_VNINS.csv,lap,1,11362,284.242935,7.632057,399.679,135.449,,no best reference,,35.52967305,-97.47492109,36.474,67.097,-1.609,1.720,0.830
VN300_2026-07-12_14-41-49_VNINS.csv,lap,1,11363,284.242935,7.632057,400.085,135.854,,no best reference,,35.52967646,-97.47491951,36.129,66.173,-1.594,1.721,0.830
VN300_2026-07-12_14-41-49_VNINS.csv,lap,1,11364,284.242935,7.632057,400.487,136.256,,no best reference,,35.52967985,-97.47491796,35.818,65.204,-1.536,1.631,0.830
VN300_2026-07-12_14-41-49_VNINS.csv,lap,1,11365,284.242935,7.632057,400.885,136.655,,no best reference,,35.52968322,-97.47491646,35.457,64.210,-1.472,1.719,0.830
VN300_2026-07-12_14-41-49_VNINS.csv,lap,1,11366,284.242935,7.632057,401.279,137.049,,no best reference,,35.52968656,-97.47491501,35.198,63.214,-1.452,1.991,0.840
VN300_2026-07-12_14-41-49_VNINS.csv,lap,1,11367,284.496452,7.885574,401.670,137.440,,no best reference,,35.52968989,-97.47491362,34.875,62.251,-1.446,2.111,0.840
VN300_2026-07-12_14-41-49_VNINS.csv,lap,1,11368,284.496452,7.885574,402.315,138.085,,no best reference,,35.52969544,-97.47491570,34.832,61.234,-1.433,2.059,0.820
VN300_2026-07-12_14-41-49_VNINS.csv,lap,1,11369,284.496452,7.885574,402.702,138.472,,no best reference,,35.52969879,-97.47491455,34.515,60.181,-1.374,2.137,0.830
VN300_2026-07-12_14-41-49_VNINS.csv,lap,1,11370,284.496452,7.885574,403.085,138.855,,no best reference,,35.52970211,-97.47491342,34.292,59.129,-1.280,2.256,0.830
VN300_2026-07-12_14-41-49_VNINS.csv,lap,1,11371,284.496452,7.885574,403.466,139.236,,no best reference,,35.52970542,-97.47491235,33.935,58.141,-1.237,2.273,0.830
VN300_2026-07-12_14-41-49_VNINS.csv,lap,1,11372,284.496452,7.885574,403.843,139.612,,no best reference,,35.52970871,-97.47491135,33.653,57.235,-1.341,2.286,0.830
VN300_2026-07-12_14-41-49_VNINS.csv,lap,1,11373,284.496452,7.885574,404.215,139.985,,no best reference,,35.52971197,-97.47491041,33.329,56.360,-1.521,2.475,0.830
VN300_2026-07-12_14-41-49_VNINS.csv,lap,1,11374,284.496452,7.885574,404.585,140.355,,no best reference,,35.52971522,-97.47490954,33.110,55.420,-1.589,2.523,0.830
VN300_2026-07-12_14-41-49_VNINS.csv,lap,1,11375,284.496452,7.885574,404.952,140.722,,no best reference,,35.52971846,-97.47490874,32.973,54.421,-1.523,2.334,0.830
VN300_2026-07-12_14-41-49_VNINS.csv,lap,1,11376,284.496452,7.885574,405.607,141.377,,no best reference,,35.52972374,-97.47491195,33.148,53.483,-1.462,2.140,0.820
VN300_2026-07-12_14-41-49_VNINS.csv,lap,1,11377,284.773358,8.162480,405.975,141.745,,no best reference,,35.52972702,-97.47491143,32.924,52.593,-1.386,2.500,0.820
VN300_2026-07-12_14-41-49_VNINS.csv,lap,1,11378,284.773358,8.162480,406.341,142.111,,no best reference,,35.52973029,-97.47491098,32.783,51.837,-1.310,2.553,0.820
VN300_2026-07-12_14-41-49_VNINS.csv,lap,1,11379,284.773358,8.162480,406.705,142.475,,no best reference,,35.52973355,-97.47491060,32.631,51.142,-1.330,2.439,0.820
VN300_2026-07-12_14-41-49_VNINS.csv,lap,1,11380,284.773358,8.162480,407.066,142.836,,no best reference,,35.52973679,-97.47491032,32.534,50.431,-1.347,2.437,0.820
VN300_2026-07-12_14-41-49_VNINS.csv,lap,1,11381,284.773358,8.162480,407.428,143.198,,no best reference,,35.52974004,-97.47491010,32.593,49.615,-1.184,2.438,0.820
VN300_2026-07-12_14-41-49_VNINS.csv,lap,1,11382,284.773358,8.162480,407.790,143.560,,no best reference,,35.52974329,-97.47490998,32.497,48.829,-1.140,2.495,0.820
VN300_2026-07-12_14-41-49_VNINS.csv,lap,1,11383,284.773358,8.162480,408.150,143.920,,no best reference,,35.52974653,-97.47490991,32.510,48.024,-1.122,2.471,0.830
VN300_2026-07-12_14-41-49_VNINS.csv,lap,1,11384,284.773358,8.162480,408.707,144.477,,no best reference,,35.52975120,-97.47491213,32.968,47.231,-1.186,2.432,0.810
VN300_2026-07-12_14-41-49_VNINS.csv,lap,1,11385,284.773358,8.162480,409.073,144.843,,no best reference,,35.52975449,-97.47491230,33.020,46.426,-1.275,2.508,0.820
VN300_2026-07-12_14-41-49_VNINS.csv,lap,1,11386,284.773358,8.162480,409.439,145.208,,no best reference,,35.52975777,-97.47491255,33.051,45.581,-1.322,2.614,0.820
VN300_2026-07-12_14-41-49_VNINS.csv,lap,1,11387,284.773358,8.162480,409.805,145.575,,no best reference,,35.52976106,-97.47491286,33.210,44.735,-1.311,2.565,0.820
VN300_2026-07-12_14-41-49_VNINS.csv,lap,1,11388,284.773358,8.162480,410.175,145.945,,no best reference,,35.52976437,-97.47491324,33.396,43.837,-1.255,2.753,0.820
VN300_2026-07-12_14-41-49_VNINS.csv,lap,1,11389,285.027520,8.416642,410.546,146.315,,no best reference,,35.52976768,-97.47491370,33.644,42.917,-1.118,2.764,0.820
VN300_2026-07-12_14-41-49_VNINS.csv,lap,1,11390,285.027520,8.416642,410.921,146.691,,no best reference,,35.52977103,-97.47491421,33.927,41.961,-0.905,2.640,0.820
VN300_2026-07-12_14-41-49_VNINS.csv,lap,1,11391,285.027520,8.416642,411.376,147.146,,no best reference,,35.52977500,-97.47491545,34.479,41.034,-0.702,2.833,0.810
VN300_2026-07-12_14-41-49_VNINS.csv,lap,1,11392,285.027520,8.416642,411.760,147.529,,no best reference,,35.52977841,-97.47491607,34.758,40.214,-0.564,2.828,0.810
VN300_2026-07-12_14-41-49_VNINS.csv,lap,1,11393,285.027520,8.416642,412.145,147.915,,no best reference,,35.52978183,-97.47491676,34.870,39.511,-0.524,2.719,0.810
VN300_2026-07-12_14-41-49_VNINS.csv,lap,1,11394,285.027520,8.416642,412.534,148.304,,no best reference,,35.52978528,-97.47491748,35.202,38.931,-0.584,2.508,0.810
VN300_2026-07-12_14-41-49_VNINS.csv,lap,1,11395,285.027520,8.416642,412.924,148.694,,no best reference,,35.52978873,-97.47491824,35.319,38.461,-0.776,2.478,0.810
VN300_2026-07-12_14-41-49_VNINS.csv,lap,1,11396,285.027520,8.416642,413.317,149.086,,no best reference,,35.52979220,-97.47491905,35.519,38.081,-0.985,2.409,0.810
VN300_2026-07-12_14-41-49_VNINS.csv,lap,1,11397,285.027520,8.416642,413.711,149.481,,no best reference,,35.52979568,-97.47491990,35.754,37.721,-1.104,2.153,0.820
VN300_2026-07-12_14-41-49_VNINS.csv,lap,1,11398,285.027520,8.416642,414.108,149.878,,no best reference,,35.52979918,-97.47492078,36.045,37.411,-1.153,2.029,0.820
VN300_2026-07-12_14-41-49_VNINS.csv,lap,1,11399,285.280945,8.670067,414.523,150.292,,no best reference,,35.52980262,-97.47492254,36.273,37.252,-1.074,1.859,0.810
VN300_2026-07-12_14-41-49_VNINS.csv,lap,1,11400,285.280945,8.670067,414.925,150.695,,no best reference,,35.52980615,-97.47492352,36.443,37.235,-0.958,1.552,0.810
VN300_2026-07-12_14-41-49_VNINS.csv,lap,1,11401,285.280945,8.670067,415.328,151.097,,no best reference,,35.52980967,-97.47492455,36.511,37.317,-0.903,1.447,0.810
VN300_2026-07-12_14-41-49_VNINS.csv,lap,1,11402,285.280945,8.670067,415.732,151.502,,no best reference,,35.52981320,-97.47492564,36.624,37.442,-0.905,1.329,0.810
VN300_2026-07-12_14-41-49_VNINS.csv,lap,1,11403,285.280945,8.670067,416.137,151.906,,no best reference,,35.52981672,-97.47492676,36.559,37.597,-1.007,1.159,0.810
VN300_2026-07-12_14-41-49_VNINS.csv,lap,1,11404,285.280945,8.670067,416.540,152.310,,no best reference,,35.52982023,-97.47492790,36.632,37.751,-1.156,0.826,0.810
VN300_2026-07-12_14-41-49_VNINS.csv,lap,1,11405,285.280945,8.670067,416.945,152.714,,no best reference,,35.52982374,-97.47492907,36.583,37.937,-1.368,0.710,0.810
VN300_2026-07-12_14-41-49_VNINS.csv,lap,1,11406,285.280945,8.670067,417.348,153.118,,no best reference,,35.52982724,-97.47493026,36.469,38.151,-1.520,0.540,0.810
VN300_2026-07-12_14-41-49_VNINS.csv,lap,1,11407,285.280945,8.670067,417.710,153.479,,no best reference,,35.52983048,-97.47493053,36.001,38.368,-1.664,0.413,0.800
VN300_2026-07-12_14-41-49_VNINS.csv,lap,1,11408,285.280945,8.670067,418.105,153.874,,no best reference,,35.52983390,-97.47493172,35.832,38.564,-1.699,0.325,0.800
VN300_2026-07-12_14-41-49_VNINS.csv,lap,1,11409,285.534425,8.923547,418.501,154.271,,no best reference,,35.52983733,-97.47493290,35.748,38.776,-1.614,0.276,0.800
VN300_2026-07-12_14-41-49_VNINS.csv,lap,1,11410,285.534425,8.923547,418.894,154.664,,no best reference,,35.52984073,-97.47493409,35.569,39.042,-1.481,0.054,0.800
VN300_2026-07-12_14-41-49_VNINS.csv,lap,1,11411,285.534425,8.923547,419.286,155.055,,no best reference,,35.52984411,-97.47493531,35.304,39.350,-1.444,0.016,0.800
VN300_2026-07-12_14-41-49_VNINS.csv,lap,1,11412,285.534425,8.923547,419.674,155.444,,no best reference,,35.52984746,-97.47493652,35.164,39.707,-1.497,-0.116,0.810
VN300_2026-07-12_14-41-49_VNINS.csv,lap,1,11413,285.534425,8.923547,420.061,155.831,,no best reference,,35.52985079,-97.47493776,35.017,40.112,-1.588,-0.157,0.810
VN300_2026-07-12_14-41-49_VNINS.csv,lap,1,11414,285.534425,8.923547,420.446,156.216,,no best reference,,35.52985411,-97.47493899,34.856,40.578,-1.619,-0.181,0.810
VN300_2026-07-12_14-41-49_VNINS.csv,lap,1,11415,285.534425,8.923547,420.819,156.589,,no best reference,,35.52985735,-97.47493792,34.513,41.053,-1.542,-0.529,0.800
VN300_2026-07-12_14-41-49_VNINS.csv,lap,1,11416,285.534425,8.923547,421.200,156.970,,no best reference,,35.52986064,-97.47493909,34.306,41.595,-1.479,-0.761,0.800
VN300_2026-07-12_14-41-49_VNINS.csv,lap,1,11417,285.534425,8.923547,421.578,157.347,,no best reference,,35.52986390,-97.47494025,34.014,42.263,-1.484,-0.841,0.800
VN300_2026-07-12_14-41-49_VNINS.csv,lap,1,11418,285.534425,8.923547,421.953,157.723,,no best reference,,35.52986715,-97.47494138,33.842,43.072,-1.585,-0.795,0.800
VN300_2026-07-12_14-41-49_VNINS.csv,lap,1,11419,285.801790,9.190912,422.326,158.096,,no best reference,,35.52987038,-97.47494250,33.645,44.015,-1.647,-0.893,0.800
VN300_2026-07-12_14-41-49_VNINS.csv,lap,1,11420,285.801790,9.190912,422.698,158.468,,no best reference,,35.52987360,-97.47494361,33.545,45.087,-1.632,-1.041,0.800
VN300_2026-07-12_14-41-49_VNINS.csv,lap,1,11421,285.801790,9.190912,423.069,158.838,,no best reference,,35.52987681,-97.47494470,33.388,46.272,-1.538,-1.135,0.800
VN300_2026-07-12_14-41-49_VNINS.csv,lap,1,11422,285.801790,9.190912,423.438,159.208,,no best reference,,35.52988002,-97.47494577,33.232,47.539,-1.378,-1.270,0.800
VN300_2026-07-12_14-41-49_VNINS.csv,lap,1,11423,285.801790,9.190912,423.931,159.700,,no best reference,,35.52988344,-97.47494232,32.772,48.847,-1.236,-1.373,0.790
VN300_2026-07-12_14-41-49_VNINS.csv,lap,1,11424,285.801790,9.190912,424.294,160.063,,no best reference,,35.52988662,-97.47494323,32.609,50.127,-1.200,-1.413,0.790
VN300_2026-07-12_14-41-49_VNINS.csv,lap,1,11425,285.801790,9.190912,424.655,160.425,,no best reference,,35.52988979,-97.47494412,32.431,51.375,-1.238,-1.411,0.800
VN300_2026-07-12_14-41-49_VNINS.csv,lap,1,11426,285.801790,9.190912,425.015,160.785,,no best reference,,35.52989295,-97.47494497,32.404,52.563,-1.280,-1.431,0.800
VN300_2026-07-12_14-41-49_VNINS.csv,lap,1,11427,285.801790,9.190912,425.375,161.145,,no best reference,,35.52989612,-97.47494578,32.399,53.690,-1.291,-1.533,0.800
VN300_2026-07-12_14-41-49_VNINS.csv,lap,1,11428,285.801790,9.190912,425.735,161.504,,no best reference,,35.52989929,-97.47494658,32.410,54.713,-1.260,-1.448,0.800
VN300_2026-07-12_14-41-49_VNINS.csv,lap,1,11429,285.801790,9.190912,426.095,161.865,,no best reference,,35.52990247,-97.47494735,32.467,55.685,-1.158,-1.372,0.800
VN300_2026-07-12_14-41-49_VNINS.csv,lap,1,11430,286.055603,9.444725,426.457,162.227,,no best reference,,35.52990567,-97.47494810,32.581,56.568,-0.971,-1.444,0.800
VN300_2026-07-12_14-41-49_VNINS.csv,lap,1,11431,286.055603,9.444725,427.230,162.999,,no best reference,,35.52990910,-97.47494068,32.393,57.277,-0.749,-1.519,0.790
VN300_2026-07-12_14-41-49_VNINS.csv,lap,1,11432,286.055603,9.444725,427.592,163.361,,no best reference,,35.52991233,-97.47494118,32.487,57.844,-0.586,-1.544,0.790
VN300_2026-07-12_14-41-49_VNINS.csv,lap,1,11433,286.055603,9.444725,427.954,163.724,,no best reference,,35.52991557,-97.47494163,32.534,58.250,-0.514,-1.586,0.790
VN300_2026-07-12_14-41-49_VNINS.csv,lap,1,11434,286.055603,9.444725,428.319,164.088,,no best reference,,35.52991883,-97.47494205,32.648,58.566,-0.526,-1.602,0.790
VN300_2026-07-12_14-41-49_VNINS.csv,lap,1,11435,286.055603,9.444725,428.684,164.454,,no best reference,,35.52992210,-97.47494244,32.776,58.809,-0.590,-1.560,0.790
VN300_2026-07-12_14-41-49_VNINS.csv,lap,1,11436,286.055603,9.444725,429.051,164.821,,no best reference,,35.52992539,-97.47494280,32.915,59.063,-0.621,-1.419,0.790
VN300_2026-07-12_14-41-49_VNINS.csv,lap,1,11437,286.055603,9.444725,429.419,165.189,,no best reference,,35.52992869,-97.47494314,33.017,59.302,-0.636,-1.302,0.800
VN300_2026-07-12_14-41-49_VNINS.csv,lap,1,11438,286.055603,9.444725,429.788,165.558,,no best reference,,35.52993200,-97.47494344,33.100,59.502,-0.599,-1.289,0.800
VN300_2026-07-12_14-41-49_VNINS.csv,lap,1,11439,286.055603,9.444725,430.467,166.237,,no best reference,,35.52993575,-97.47493752,33.330,59.649,-0.531,-1.098,0.790
VN300_2026-07-12_14-41-49_VNINS.csv,lap,1,11440,286.309037,9.698159,430.841,166.611,,no best reference,,35.52993911,-97.47493765,33.504,59.758,-0.472,-0.920,0.790
VN300_2026-07-12_14-41-49_VNINS.csv,lap,1,11441,286.309037,9.698159,431.217,166.987,,no best reference,,35.52994249,-97.47493777,33.691,59.834,-0.435,-0.830,0.790
VN300_2026-07-12_14-41-49_VNINS.csv,lap,1,11442,286.309037,9.698159,431.595,167.365,,no best reference,,35.52994589,-97.47493789,33.931,59.868,-0.438,-0.718,0.790
VN300_2026-07-12_14-41-49_VNINS.csv,lap,1,11443,286.309037,9.698159,431.975,167.744,,no best reference,,35.52994930,-97.47493801,34.143,59.857,-0.469,-0.564,0.790
VN300_2026-07-12_14-41-49_VNINS.csv,lap,1,11444,286.309037,9.698159,432.357,168.127,,no best reference,,35.52995274,-97.47493814,34.343,59.794,-0.579,-0.484,0.790
VN300_2026-07-12_14-41-49_VNINS.csv,lap,1,11445,286.309037,9.698159,432.742,168.512,,no best reference,,35.52995620,-97.47493827,34.482,59.657,-0.707,-0.481,0.790
VN300_2026-07-12_14-41-49_VNINS.csv,lap,1,11446,286.309037,9.698159,433.128,168.898,,no best reference,,35.52995967,-97.47493840,34.702,59.440,-0.863,-0.437,0.790
VN300_2026-07-12_14-41-49_VNINS.csv,lap,1,11447,286.309037,9.698159,433.517,169.286,,no best reference,,35.52996316,-97.47493855,34.768,59.185,-0.968,-0.355,0.790
VN300_2026-07-12_14-41-49_VNINS.csv,lap,1,11448,286.309037,9.698159,434.290,170.060,,no best reference,,35.52996731,-97.47493169,34.911,58.917,-1.014,-0.325,0.780
VN300_2026-07-12_14-41-49_VNINS.csv,lap,1,11449,286.309037,9.698159,434.680,170.450,,no best reference,,35.52997082,-97.47493173,35.017,58.615,-1.043,-0.262,0.780
VN300_2026-07-12_14-41-49_VNINS.csv,lap,1,11450,286.562491,9.951613,435.072,170.842,,no best reference,,35.52997434,-97.47493182,35.201,58.227,-0.869,-0.138,0.780
VN300_2026-07-12_14-41-49_VNINS.csv,lap,1,11451,286.562491,9.951613,435.465,171.234,,no best reference,,35.52997787,-97.47493193,35.198,57.772,-0.611,-0.185,0.790
VN300_2026-07-12_14-41-49_VNINS.csv,lap,1,11452,286.562491,9.951613,435.858,171.628,,no best reference,,35.52998141,-97.47493207,35.288,57.353,-0.426,-0.217,0.790
VN300_2026-07-12_14-41-49_VNINS.csv,lap,1,11453,286.562491,9.951613,436.252,172.022,,no best reference,,35.52998495,-97.47493223,35.339,57.063,-0.247,-0.144,0.790
VN300_2026-07-12_14-41-49_VNINS.csv,lap,1,11454,286.562491,9.951613,436.647,172.417,,no best reference,,35.52998850,-97.47493239,35.311,56.914,-0.271,-0.250,0.790
VN300_2026-07-12_14-41-49_VNINS.csv,lap,1,11455,286.562491,9.951613,437.273,173.043,,no best reference,,35.52999292,-97.47492811,35.572,56.809,-0.409,-0.164,0.780
VN300_2026-07-12_14-41-49_VNINS.csv,lap,1,11456,286.562491,9.951613,437.671,173.441,,no best reference,,35.52999650,-97.47492821,35.796,56.680,-0.622,-0.138,0.780
VN300_2026-07-12_14-41-49_VNINS.csv,lap,1,11457,286.562491,9.951613,438.073,173.842,,no best reference,,35.53000011,-97.47492833,36.009,56.478,-0.726,0.005,0.780
VN300_2026-07-12_14-41-49_VNINS.csv,lap,1,11458,286.562491,9.951613,438.476,174.245,,no best reference,,35.53000373,-97.47492846,36.151,56.212,-0.791,0.097,0.780
VN300_2026-07-12_14-41-49_VNINS.csv,lap,1,11459,286.562491,9.951613,438.881,174.650,,no best reference,,35.53000737,-97.47492862,36.306,55.827,-0.796,0.163,0.780
VN300_2026-07-12_14-41-49_VNINS.csv,lap,1,11460,286.831271,10.220393,439.287,175.056,,no best reference,,35.53001102,-97.47492879,36.381,55.324,-0.744,0.294,0.780
VN300_2026-07-12_14-41-49_VNINS.csv,lap,1,11461,286.831271,10.220393,439.694,175.464,,no best reference,,35.53001468,-97.47492896,36.556,54.819,-0.762,0.444,0.780
VN300_2026-07-12_14-41-49_VNINS.csv,lap,1,11462,286.831271,10.220393,440.101,175.871,,no best reference,,35.53001834,-97.47492918,36.595,54.281,-0.859,0.770,0.780
VN300_2026-07-12_14-41-49_VNINS.csv,lap,1,11463,286.831271,10.220393,440.711,176.481,,no best reference,,35.53002268,-97.47492506,36.777,53.633,-0.903,0.630,0.780
VN300_2026-07-12_14-41-49_VNINS.csv,lap,1,11464,286.831271,10.220393,441.123,176.893,,no best reference,,35.53002638,-97.47492524,37.017,52.865,-0.858,0.514,0.780
VN300_2026-07-12_14-41-49_VNINS.csv,lap,1,11465,286.831271,10.220393,441.535,177.305,,no best reference,,35.53003008,-97.47492550,37.132,52.009,-0.661,0.751,0.780
VN300_2026-07-12_14-41-49_VNINS.csv,lap,1,11466,286.831271,10.220393,441.950,177.719,,no best reference,,35.53003380,-97.47492581,37.112,51.060,-0.369,1.077,0.780
VN300_2026-07-12_14-41-49_VNINS.csv,lap,1,11467,286.831271,10.220393,442.363,178.133,,no best reference,,35.53003751,-97.47492614,37.079,50.091,-0.283,0.910,0.780
VN300_2026-07-12_14-41-49_VNINS.csv,lap,1,11468,286.831271,10.220393,442.775,178.545,,no best reference,,35.53004120,-97.47492652,36.950,49.137,-0.421,0.669,0.780
VN300_2026-07-12_14-41-49_VNINS.csv,lap,1,11469,286.831271,10.220393,443.187,178.957,,no best reference,,35.53004489,-97.47492695,37.041,48.203,-0.703,0.739,0.780
VN300_2026-07-12_14-41-49_VNINS.csv,lap,1,11470,286.831271,10.220393,443.599,179.369,,no best reference,,35.53004857,-97.47492745,36.959,47.207,-0.927,0.981,0.780
VN300_2026-07-12_14-41-49_VNINS.csv,lap,1,11471,287.085130,10.474252,444.091,179.861,,no best reference,,35.53005294,-97.47492658,37.025,46.159,-1.007,1.118,0.770
VN300_2026-07-12_14-41-49_VNINS.csv,lap,1,11472,287.085130,10.474252,444.502,180.272,,no best reference,,35.53005661,-97.47492713,36.847,45.162,-1.080,1.094,0.770
VN300_2026-07-12_14-41-49_VNINS.csv,lap,1,11473,287.085130,10.474252,444.911,180.681,,no best reference,,35.53006026,-97.47492771,36.810,44.163,-1.072,0.965,0.770
VN300_2026-07-12_14-41-49_VNINS.csv,lap,1,11474,287.085130,10.474252,445.320,181.090,,no best reference,,35.53006390,-97.47492836,36.812,43.147,-0.982,1.146,0.780
VN300_2026-07-12_14-41-49_VNINS.csv,lap,1,11475,287.085130,10.474252,445.730,181.500,,no best reference,,35.53006754,-97.47492904,36.792,42.220,-0.882,1.365,0.780
VN300_2026-07-12_14-41-49_VNINS.csv,lap,1,11476,287.085130,10.474252,446.139,181.909,,no best reference,,35.53007117,-97.47492978,36.874,41.357,-0.839,1.363,0.780
VN300_2026-07-12_14-41-49_VNINS.csv,lap,1,11477,287.085130,10.474252,446.547,182.316,,no best reference,,35.53007478,-97.47493056,36.846,40.638,-0.870,1.378,0.780
VN300_2026-07-12_14-41-49_VNINS.csv,lap,1,11478,287.085130,10.474252,446.956,182.726,,no best reference,,35.53007840,-97.47493140,36.912,40.077,-0.950,1.257,0.780
VN300_2026-07-12_14-41-49_VNINS.csv,lap,1,11479,287.085130,10.474252,447.387,183.156,,no best reference,,35.53008226,-97.47493177,37.167,39.641,-1.060,1.025,0.770
VN300_2026-07-12_14-41-49_VNINS.csv,lap,1,11480,287.085130,10.474252,447.800,183.569,,no best reference,,35.53008589,-97.47493273,37.410,39.199,-1.061,0.911,0.770
VN300_2026-07-12_14-41-49_VNINS.csv,lap,1,11481,287.338611,10.727733,448.216,183.985,,no best reference,,35.53008954,-97.47493374,37.631,38.809,-0.999,0.898,0.770
VN300_2026-07-12_14-41-49_VNINS.csv,lap,1,11482,287.338611,10.727733,448.635,184.404,,no best reference,,35.53009321,-97.47493479,37.882,38.491,-0.924,0.700,0.770
VN300_2026-07-12_14-41-49_VNINS.csv,lap,1,11483,287.338611,10.727733,449.055,184.825,,no best reference,,35.53009689,-97.47493587,38.067,38.270,-0.921,0.526,0.770
VN300_2026-07-12_14-41-49_VNINS.csv,lap,1,11484,287.338611,10.727733,449.478,185.248,,no best reference,,35.53010058,-97.47493699,38.253,38.179,-0.909,0.487,0.780
VN300_2026-07-12_14-41-49_VNINS.csv,lap,1,11485,287.338611,10.727733,449.901,185.671,,no best reference,,35.53010427,-97.47493814,38.347,38.225,-0.971,0.326,0.780
VN300_2026-07-12_14-41-49_VNINS.csv,lap,1,11486,287.338611,10.727733,450.328,186.097,,no best reference,,35.53010798,-97.47493933,38.548,38.342,-1.052,0.209,0.780
VN300_2026-07-12_14-41-49_VNINS.csv,lap,1,11487,287.338611,10.727733,450.754,186.523,,no best reference,,35.53011168,-97.47494055,38.534,38.496,-1.092,0.248,0.780
VN300_2026-07-12_14-41-49_VNINS.csv,lap,1,11488,287.338611,10.727733,451.155,186.924,,no best reference,,35.53011526,-97.47494001,38.690,38.724,-1.103,0.143,0.770
VN300_2026-07-12_14-41-49_VNINS.csv,lap,1,11489,287.338611,10.727733,451.585,187.355,,no best reference,,35.53011901,-97.47494120,38.844,38.988,-1.108,-0.074,0.770
VN300_2026-07-12_14-41-49_VNINS.csv,lap,1,11490,287.338611,10.727733,452.017,187.787,,no best reference,,35.53012277,-97.47494239,38.884,39.267,-1.162,-0.120,0.770
VN300_2026-07-12_14-41-49_VNINS.csv,lap,1,11491,287.592104,10.981226,452.449,188.219,,no best reference,,35.53012654,-97.47494356,39.099,39.641,-1.144,-0.367,0.770
VN300_2026-07-12_14-41-49_VNINS.csv,lap,1,11492,287.592104,10.981226,452.884,188.654,,no best reference,,35.53013033,-97.47494473,39.146,40.054,-1.066,-0.640,0.770
VN300_2026-07-12_14-41-49_VNINS.csv,lap,1,11493,287.592104,10.981226,453.320,189.090,,no best reference,,35.53013414,-97.47494589,39.254,40.461,-0.986,-0.756,0.770
VN300_2026-07-12_14-41-49_VNINS.csv,lap,1,11494,287.592104,10.981226,453.758,189.527,,no best reference,,35.53013796,-97.47494703,39.291,40.880,-0.886,-0.702,0.770
VN300_2026-07-12_14-41-49_VNINS.csv,lap,1,11495,287.592104,10.981226,454.208,189.978,,no best reference,,35.53014188,-97.47494576,39.427,41.283,-0.927,-0.897,0.760
VN300_2026-07-12_14-41-49_VNINS.csv,lap,1,11496,287.592104,10.981226,454.648,190.418,,no best reference,,35.53014574,-97.47494682,39.662,41.552,-1.010,-1.033,0.770
VN300_2026-07-12_14-41-49_VNINS.csv,lap,1,11497,287.592104,10.981226,455.090,190.860,,no best reference,,35.53014962,-97.47494787,39.755,41.700,-1.048,-0.954,0.770
VN300_2026-07-12_14-41-49_VNINS.csv,lap,1,11498,287.592104,10.981226,455.534,191.304,,no best reference,,35.53015353,-97.47494888,39.880,41.763,-1.065,-0.968,0.770
VN300_2026-07-12_14-41-49_VNINS.csv,lap,1,11499,287.592104,10.981226,455.980,191.750,,no best reference,,35.53015746,-97.47494985,40.123,41.727,-1.004,-1.066,0.770
VN300_2026-07-12_14-41-49_VNINS.csv,lap,1,11500,287.592104,10.981226,456.427,192.197,,no best reference,,35.53016141,-97.47495080,40.314,41.626,-0.934,-0.969,0.770
VN300_2026-07-12_14-41-49_VNINS.csv,lap,1,11501,287.870203,11.259325,456.877,192.647,,no best reference,,35.53016538,-97.47495174,40.475,41.531,-0.902,-0.939,0.770
VN300_2026-07-12_14-41-49_VNINS.csv,lap,1,11502,287.870203,11.259325,457.328,193.097,,no best reference,,35.53016936,-97.47495268,40.545,41.412,-0.910,-0.939,0.770
VN300_2026-07-12_14-41-49_VNINS.csv,lap,1,11503,287.870203,11.259325,457.753,193.523,,no best reference,,35.53017311,-97.47495175,40.513,41.326,-0.996,-0.829,0.760
VN300_2026-07-12_14-41-49_VNINS.csv,lap,1,11504,287.870203,11.259325,458.207,193.976,,no best reference,,35.53017713,-97.47495261,40.697,41.404,-1.040,-0.972,0.760
VN300_2026-07-12_14-41-49_VNINS.csv,lap,1,11505,287.870203,11.259325,458.661,194.431,,no best reference,,35.53018116,-97.47495344,40.918,41.650,-1.113,-1.173,0.760
VN300_2026-07-12_14-41-49_VNINS.csv,lap,1,11506,287.870203,11.259325,459.118,194.887,,no best reference,,35.53018521,-97.47495427,41.075,41.964,-1.123,-1.126,0.760
VN300_2026-07-12_14-41-49_VNINS.csv,lap,1,11507,287.870203,11.259325,459.576,195.346,,no best reference,,35.53018928,-97.47495508,41.077,42.352,-1.080,-1.125,0.770
VN300_2026-07-12_14-41-49_VNINS.csv,lap,1,11508,287.870203,11.259325,460.035,195.805,,no best reference,,35.53019336,-97.47495584,41.234,42.748,-1.013,-1.302,0.770
VN300_2026-07-12_14-41-49_VNINS.csv,lap,1,11509,287.870203,11.259325,460.496,196.266,,no best reference,,35.53019746,-97.47495659,41.415,43.119,-0.947,-1.310,0.770
VN300_2026-07-12_14-41-49_VNINS.csv,lap,1,11510,287.870203,11.259325,460.958,196.728,,no best reference,,35.53020157,-97.47495735,41.443,43.457,-0.900,-1.271,0.770
VN300_2026-07-12_14-41-49_VNINS.csv,lap,1,11511,287.870203,11.259325,461.365,197.135,,no best reference,,35.53020522,-97.47495771,41.444,43.624,-0.927,-1.260,0.760
VN300_2026-07-12_14-41-49_VNINS.csv,lap,1,11512,288.124023,11.513145,461.828,197.598,,no best reference,,35.53020934,-97.47495844,41.540,43.549,-1.068,-1.166,0.760
VN300_2026-07-12_14-41-49_VNINS.csv,lap,1,11513,288.124023,11.513145,462.291,198.061,,no best reference,,35.53021346,-97.47495919,41.538,43.279,-1.230,-1.019,0.760
VN300_2026-07-12_14-41-49_VNINS.csv,lap,1,11514,288.124023,11.513145,462.753,198.523,,no best reference,,35.53021757,-97.47495995,41.582,42.870,-1.420,-0.931,0.760
VN300_2026-07-12_14-41-49_VNINS.csv,lap,1,11515,288.124023,11.513145,463.216,198.986,,no best reference,,35.53022168,-97.47496073,41.627,42.296,-1.601,-0.809,0.760
VN300_2026-07-12_14-41-49_VNINS.csv,lap,1,11516,288.124023,11.513145,463.679,199.448,,no best reference,,35.53022579,-97.47496153,41.574,41.558,-1.564,-0.461,0.760
VN300_2026-07-12_14-41-49_VNINS.csv,lap,1,11517,288.124023,11.513145,464.140,199.910,,no best reference,,35.53022989,-97.47496233,41.313,40.774,-1.528,-0.232,0.770
VN300_2026-07-12_14-41-49_VNINS.csv,lap,1,11518,288.124023,11.513145,464.598,200.367,,no best reference,,35.53023395,-97.47496315,41.034,39.877,-1.502,-0.169,0.770
VN300_2026-07-12_14-41-49_VNINS.csv,lap,1,11519,288.124023,11.513145,465.036,200.806,,no best reference,,35.53023778,-97.47496429,40.880,39.001,-1.493,-0.335,0.760
VN300_2026-07-12_14-41-49_VNINS.csv,lap,1,11520,288.124023,11.513145,465.488,201.257,,no best reference,,35.53024178,-97.47496517,40.542,38.203,-1.421,-0.058,0.760
VN300_2026-07-12_14-41-49_VNINS.csv,lap,1,11521,288.124023,11.513145,465.937,201.707,,no best reference,,35.53024575,-97.47496610,40.367,37.491,-1.392,0.150,0.760
VN300_2026-07-12_14-41-49_VNINS.csv,lap,1,11522,288.377358,11.766480,466.385,202.155,,no best reference,,35.53024970,-97.47496706,40.128,36.794,-1.325,0.403,0.760
VN300_2026-07-12_14-41-49_VNINS.csv,lap,1,11523,288.377358,11.766480,466.828,202.598,,no best reference,,35.53025360,-97.47496807,39.948,36.165,-1.291,0.561,0.760
VN300_2026-07-12_14-41-49_VNINS.csv,lap,1,11524,288.377358,11.766480,467.270,203.039,,no best reference,,35.53025748,-97.47496911,39.676,35.572,-1.308,0.431,0.760
VN300_2026-07-12_14-41-49_VNINS.csv,lap,1,11525,288.377358,11.766480,467.709,203.479,,no best reference,,35.53026133,-97.47497020,39.620,34.953,-1.309,0.498,0.760
VN300_2026-07-12_14-41-49_VNINS.csv,lap,1,11526,288.377358,11.766480,468.147,203.917,,no best reference,,35.53026516,-97.47497134,39.422,34.354,-1.257,0.887,0.760
VN300_2026-07-12_14-41-49_VNINS.csv,lap,1,11527,288.377358,11.766480,468.584,204.353,,no best reference,,35.53026897,-97.47497250,39.392,33.733,-1.243,0.907,0.760
VN300_2026-07-12_14-41-49_VNINS.csv,lap,1,11528,288.377358,11.766480,468.989,204.758,,no best reference,,35.53027188,-97.47497519,38.979,33.090,-1.290,0.856,0.760
VN300_2026-07-12_14-41-49_VNINS.csv,lap,1,11529,288.377358,11.766480,469.418,205.188,,no best reference,,35.53027561,-97.47497644,38.892,32.445,-1.338,0.858,0.760
VN300_2026-07-12_14-41-49_VNINS.csv,lap,1,11530,288.377358,11.766480,469.848,205.618,,no best reference,,35.53027933,-97.47497773,38.721,31.791,-1.386,1.057,0.760
VN300_2026-07-12_14-41-49_VNINS.csv,lap,1,11531,288.377358,11.766480,470.276,206.046,,no best reference,,35.53028303,-97.47497903,38.666,31.121,-1.372,1.058,0.760
VN300_2026-07-12_14-41-49_VNINS.csv,lap,1,11532,288.377358,11.766480,470.702,206.472,,no best reference,,35.53028670,-97.47498039,38.572,30.413,-1.312,1.204,0.760
VN300_2026-07-12_14-41-49_VNINS.csv,lap,1,11533,288.631170,12.020292,471.129,206.899,,no best reference,,35.53029036,-97.47498180,38.598,29.639,-1.130,1.242,0.760
VN300_2026-07-12_14-41-49_VNINS.csv,lap,1,11534,288.631170,12.020292,471.555,207.325,,no best reference,,35.53029401,-97.47498325,38.590,28.789,-0.912,1.227,0.760
VN300_2026-07-12_14-41-49_VNINS.csv,lap,1,11535,288.631170,12.020292,471.955,207.725,,no best reference,,35.53029676,-97.47498609,38.424,27.968,-0.776,1.276,0.750
VN300_2026-07-12_14-41-49_VNINS.csv,lap,1,11536,288.631170,12.020292,472.379,208.149,,no best reference,,35.53030037,-97.47498760,38.269,27.193,-0.762,1.391,0.750
VN300_2026-07-12_14-41-49_VNINS.csv,lap,1,11537,288.631170,12.020292,472.804,208.573,,no best reference,,35.53030398,-97.47498913,38.390,26.503,-0.883,1.200,0.750
VN300_2026-07-12_14-41-49_VNINS.csv,lap,1,11538,288.631170,12.020292,473.229,208.998,,no best reference,,35.53030758,-97.47499071,38.522,25.859,-1.098,1.003,0.760
VN300_2026-07-12_14-41-49_VNINS.csv,lap,1,11539,288.631170,12.020292,473.654,209.423,,no best reference,,35.53031116,-97.47499236,38.617,25.171,-1.263,1.036,0.760
VN300_2026-07-12_14-41-49_VNINS.csv,lap,1,11540,288.631170,12.020292,474.080,209.850,,no best reference,,35.53031474,-97.47499405,38.742,24.449,-1.332,0.933,0.760
VN300_2026-07-12_14-41-49_VNINS.csv,lap,1,11541,288.631170,12.020292,474.509,210.279,,no best reference,,35.53031833,-97.47499579,38.954,23.654,-1.344,0.660,0.760
VN300_2026-07-12_14-41-49_VNINS.csv,lap,1,11542,288.631170,12.020292,474.940,210.710,,no best reference,,35.53032193,-97.47499756,39.040,22.802,-1.204,0.691,0.760
VN300_2026-07-12_14-41-49_VNINS.csv,lap,1,11543,288.910877,12.299999,475.355,211.125,,no best reference,,35.53032388,-97.47500147,39.007,22.011,-1.109,0.649,0.750
VN300_2026-07-12_14-41-49_VNINS.csv,lap,1,11544,288.910877,12.299999,475.787,211.556,,no best reference,,35.53032745,-97.47500333,39.177,21.272,-1.042,0.521,0.750
VN300_2026-07-12_14-41-49_VNINS.csv,lap,1,11545,288.910877,12.299999,476.218,211.988,,no best reference,,35.53033100,-97.47500525,39.268,20.613,-1.032,0.645,0.750
VN300_2026-07-12_14-41-49_VNINS.csv,lap,1,11546,288.910877,12.299999,476.651,212.421,,no best reference,,35.53033455,-97.47500722,39.300,20.010,-1.090,0.709,0.750
VN300_2026-07-12_14-41-49_VNINS.csv,lap,1,11547,288.910877,12.299999,477.085,212.854,,no best reference,,35.53033808,-97.47500926,39.417,19.451,-1.198,0.601,0.750
VN300_2026-07-12_14-41-49_VNINS.csv,lap,1,11548,288.910877,12.299999,477.519,213.289,,no best reference,,35.53034159,-97.47501137,39.457,18.853,-1.239,0.679,0.760
VN300_2026-07-12_14-41-49_VNINS.csv,lap,1,11549,288.910877,12.299999,477.953,213.723,,no best reference,,35.53034507,-97.47501353,39.480,18.212,-1.224,0.824,0.760
VN300_2026-07-12_14-41-49_VNINS.csv,lap,1,11550,288.910877,12.299999,478.388,214.157,,no best reference,,35.53034855,-97.47501572,39.562,17.547,-1.230,0.681,0.760
VN300_2026-07-12_14-41-49_VNINS.csv,lap,1,11551,288.910877,12.299999,478.822,214.592,,no best reference,,35.53034982,-97.47502026,39.289,16.907,-1.262,0.538,0.750
VN300_2026-07-12_14-41-49_VNINS.csv,lap,1,11552,288.910877,12.299999,479.253,215.023,,no best reference,,35.53035320,-97.47502260,39.270,16.290,-1.335,0.732,0.750
VN300_2026-07-12_14-41-49_VNINS.csv,lap,1,11553,288.910877,12.299999,479.685,215.455,,no best reference,,35.53035657,-97.47502497,39.392,15.733,-1.462,0.687,0.750
VN300_2026-07-12_14-41-49_VNINS.csv,lap,1,11554,289.164746,12.553868,480.119,215.889,,no best reference,,35.53035994,-97.47502739,39.615,15.131,-1.583,0.563,0.750
VN300_2026-07-12_14-41-49_VNINS.csv,lap,1,11555,289.164746,12.553868,480.554,216.324,,no best reference,,35.53036329,-97.47502987,39.662,14.438,-1.542,0.648,0.750
VN300_2026-07-12_14-41-49_VNINS.csv,lap,1,11556,289.164746,12.553868,480.991,216.760,,no best reference,,35.53036664,-97.47503239,39.773,13.723,-1.500,0.625,0.750
VN300_2026-07-12_14-41-49_VNINS.csv,lap,1,11557,289.164746,12.553868,481.429,217.199,,no best reference,,35.53036999,-97.47503495,40.086,12.981,-1.391,0.441,0.750
VN300_2026-07-12_14-41-49_VNINS.csv,lap,1,11558,289.164746,12.553868,481.869,217.638,,no best reference,,35.53037332,-97.47503756,40.152,12.248,-1.264,0.575,0.760
VN300_2026-07-12_14-41-49_VNINS.csv,lap,1,11559,289.164746,12.553868,482.323,218.093,,no best reference,,35.53037381,-97.47504255,39.791,11.551,-1.262,0.643,0.740
VN300_2026-07-12_14-41-49_VNINS.csv,lap,1,11560,289.164746,12.553868,482.756,218.525,,no best reference,,35.53037700,-97.47504528,39.770,10.904,-1.380,0.582,0.750
VN300_2026-07-12_14-41-49_VNINS.csv,lap,1,11561,289.164746,12.553868,483.192,218.962,,no best reference,,35.53038022,-97.47504804,39.858,10.280,-1.480,0.511,0.750
VN300_2026-07-12_14-41-49_VNINS.csv,lap,1,11562,289.164746,12.553868,483.630,219.399,,no best reference,,35.53038342,-97.47505085,39.884,9.683,-1.573,0.559,0.750
VN300_2026-07-12_14-41-49_VNINS.csv,lap,1,11563,289.164746,12.553868,484.067,219.837,,no best reference,,35.53038660,-97.47505370,40.053,9.072,-1.613,0.524,0.750
VN300_2026-07-12_14-41-49_VNINS.csv,lap,1,11564,289.418175,12.807297,484.506,220.276,,no best reference,,35.53038976,-97.47505660,40.007,8.486,-1.649,0.597,0.750
VN300_2026-07-12_14-41-49_VNINS.csv,lap,1,11565,289.418175,12.807297,484.945,220.714,,no best reference,,35.53039290,-97.47505954,40.094,7.903,-1.658,0.537,0.750
VN300_2026-07-12_14-41-49_VNINS.csv,lap,1,11566,289.418175,12.807297,485.384,221.154,,no best reference,,35.53039602,-97.47506252,40.192,7.300,-1.662,0.457,0.750
VN300_2026-07-12_14-41-49_VNINS.csv,lap,1,11567,289.418175,12.807297,485.824,221.594,,no best reference,,35.53039913,-97.47506552,40.277,6.759,-1.672,0.412,0.750
VN300_2026-07-12_14-41-49_VNINS.csv,lap,1,11568,289.418175,12.807297,486.303,222.072,,no best reference,,35.53039950,-97.47507079,39.783,6.254,-1.665,0.506,0.740
VN300_2026-07-12_14-41-49_VNINS.csv,lap,1,11569,289.418175,12.807297,486.739,222.509,,no best reference,,35.53040254,-97.47507385,39.928,5.811,-1.726,0.338,0.740
VN300_2026-07-12_14-41-49_VNINS.csv,lap,1,11570,289.418175,12.807297,487.177,222.946,,no best reference,,35.53040555,-97.47507696,40.068,5.427,-1.832,0.361,0.740
VN300_2026-07-12_14-41-49_VNINS.csv,lap,1,11571,289.418175,12.807297,487.616,223.386,,no best reference,,35.53040854,-97.47508013,40.196,5.077,-1.815,0.553,0.740
VN300_2026-07-12_14-41-49_VNINS.csv,lap,1,11572,289.418175,12.807297,488.056,223.826,,no best reference,,35.53041153,-97.47508332,40.238,4.745,-1.837,0.391,0.750
VN300_2026-07-12_14-41-49_VNINS.csv,lap,1,11573,289.418175,12.807297,488.497,224.266,,no best reference,,35.53041450,-97.47508654,40.429,4.465,-1.828,0.179,0.750
VN300_2026-07-12_14-41-49_VNINS.csv,lap,1,11574,289.671629,13.060751,488.940,224.710,,no best reference,,35.53041745,-97.47508984,40.619,4.098,-1.571,0.173,0.750
VN300_2026-07-12_14-41-49_VNINS.csv,lap,1,11575,289.671629,13.060751,489.399,225.168,,no best reference,,35.53041779,-97.47509489,40.068,3.706,-1.377,0.480,0.740
VN300_2026-07-12_14-41-49_VNINS.csv,lap,1,11576,289.671629,13.060751,489.839,225.609,,no best reference,,35.53042065,-97.47509826,40.234,3.308,-1.202,0.378,0.740
VN300_2026-07-12_14-41-49_VNINS.csv,lap,1,11577,289.671629,13.060751,490.279,226.049,,no best reference,,35.53042348,-97.47510165,40.097,2.866,-1.130,0.335,0.740
VN300_2026-07-12_14-41-49_VNINS.csv,lap,1,11578,289.671629,13.060751,490.719,226.489,,no best reference,,35.53042630,-97.47510507,40.062,2.457,-1.232,0.391,0.740
VN300_2026-07-12_14-41-49_VNINS.csv,lap,1,11579,289.671629,13.060751,491.160,226.930,,no best reference,,35.53042911,-97.47510850,40.179,2.046,-1.506,0.271,0.740
VN300_2026-07-12_14-41-49_VNINS.csv,lap,1,11580,289.671629,13.060751,491.600,227.370,,no best reference,,35.53043190,-97.47511195,40.208,1.530,-1.737,0.160,0.740
VN300_2026-07-12_14-41-49_VNINS.csv,lap,1,11581,289.671629,13.060751,492.040,227.810,,no best reference,,35.53043465,-97.47511545,40.202,0.863,-1.853,0.349,0.740
VN300_2026-07-12_14-41-49_VNINS.csv,lap,1,11582,289.671629,13.060751,492.482,228.252,,no best reference,,35.53043741,-97.47511896,40.321,0.118,-1.843,0.386,0.740
VN300_2026-07-12_14-41-49_VNINS.csv,lap,1,11583,289.671629,13.060751,492.900,228.670,,no best reference,,35.53043840,-97.47512342,39.872,-0.675,-1.817,0.249,0.730
VN300_2026-07-12_14-41-49_VNINS.csv,lap,1,11584,289.953040,13.342162,493.335,229.105,,no best reference,,35.53044105,-97.47512696,39.628,-1.466,-1.763,0.378,0.730
VN300_2026-07-12_14-41-49_VNINS.csv,lap,1,11585,289.953040,13.342162,493.768,229.538,,no best reference,,35.53044368,-97.47513048,39.296,-2.180,-1.776,0.646,0.740
VN300_2026-07-12_14-41-49_VNINS.csv,lap,1,11586,289.953040,13.342162,494.197,229.966,,no best reference,,35.53044627,-97.47513399,39.119,-2.864,-1.886,0.625,0.740
VN300_2026-07-12_14-41-49_VNINS.csv,lap,1,11587,289.953040,13.342162,494.624,230.393,,no best reference,,35.53044883,-97.47513751,38.914,-3.540,-1.976,0.661,0.740
VN300_2026-07-12_14-41-49_VNINS.csv,lap,1,11588,289.953040,13.342162,495.048,230.818,,no best reference,,35.53045134,-97.47514104,38.719,-4.188,-2.033,0.808,0.740
VN300_2026-07-12_14-41-49_VNINS.csv,lap,1,11589,289.953040,13.342162,495.470,231.240,,no best reference,,35.53045382,-97.47514457,38.502,-4.756,-2.098,0.709,0.740
VN300_2026-07-12_14-41-49_VNINS.csv,lap,1,11590,289.953040,13.342162,495.891,231.660,,no best reference,,35.53045628,-97.47514810,38.462,-5.257,-2.189,0.416,0.740
VN300_2026-07-12_14-41-49_VNINS.csv,lap,1,11591,289.953040,13.342162,496.417,232.187,,no best reference,,35.53045571,-97.47515388,37.923,-5.664,-2.302,0.261,0.730
VN300_2026-07-12_14-41-49_VNINS.csv,lap,1,11592,289.953040,13.342162,496.831,232.600,,no best reference,,35.53045804,-97.47515744,37.863,-5.997,-2.472,0.446,0.730
VN300_2026-07-12_14-41-49_VNINS.csv,lap,1,11593,289.953040,13.342162,497.243,233.013,,no best reference,,35.53046032,-97.47516103,37.703,-6.269,-2.646,0.697,0.730
VN300_2026-07-12_14-41-49_VNINS.csv,lap,1,11594,289.953040,13.342162,497.654,233.424,,no best reference,,35.53046259,-97.47516462,37.703,-6.598,-2.788,0.612,0.730
VN300_2026-07-12_14-41-49_VNINS.csv,lap,1,11595,289.953040,13.342162,498.064,233.834,,no best reference,,35.53046481,-97.47516824,37.624,-7.061,-2.712,0.513,0.730
VN300_2026-07-12_14-41-49_VNINS.csv,lap,1,11596,290.207232,13.596354,498.475,234.245,,no best reference,,35.53046700,-97.47517189,37.660,-7.681,-2.424,0.427,0.730
VN300_2026-07-12_14-41-49_VNINS.csv,lap,1,11597,290.207232,13.596354,498.884,234.654,,no best reference,,35.53046914,-97.47517557,37.629,-8.405,-2.140,0.811,0.740
VN300_2026-07-12_14-41-49_VNINS.csv,lap,1,11598,290.207232,13.596354,499.294,235.063,,no best reference,,35.53047126,-97.47517927,37.503,-9.206,-1.804,1.256,0.740
VN300_2026-07-12_14-41-49_VNINS.csv,lap,1,11599,290.207232,13.596354,499.683,235.453,,no best reference,,35.53047141,-97.47518357,37.173,-10.042,-1.728,1.237,0.730
VN300_2026-07-12_14-41-49_VNINS.csv,lap,1,11600,290.207232,13.596354,500.084,235.854,,no best reference,,35.53047338,-97.47518728,36.852,-10.835,-1.864,1.242,0.730
VN300_2026-07-12_14-41-49_VNINS.csv,lap,1,11601,290.207232,13.596354,500.488,236.258,,no best reference,,35.53047534,-97.47519104,37.023,-11.687,-1.995,1.159,0.730
VN300_2026-07-12_14-41-49_VNINS.csv,lap,1,11602,290.207232,13.596354,500.891,236.661,,no best reference,,35.53047725,-97.47519483,37.124,-12.604,-2.008,1.240,0.730
VN300_2026-07-12_14-41-49_VNINS.csv,lap,1,11603,290.207232,13.596354,501.297,237.066,,no best reference,,35.53047914,-97.47519866,37.087,-13.568,-1.944,1.185,0.730
VN300_2026-07-12_14-41-49_VNINS.csv,lap,1,11604,290.207232,13.596354,501.704,237.474,,no best reference,,35.53048101,-97.47520253,37.386,-14.476,-1.928,1.323,0.730
VN300_2026-07-12_14-41-49_VNINS.csv,lap,1,11605,290.207232,13.596354,502.113,237.883,,no best reference,,35.53048287,-97.47520643,37.522,-15.417,-1.900,1.343,0.730
VN300_2026-07-12_14-41-49_VNINS.csv,lap,1,11606,290.460683,13.849805,502.524,238.294,,no best reference,,35.53048473,-97.47521036,37.733,-16.348,-1.908,1.198,0.730
VN300_2026-07-12_14-41-49_VNINS.csv,lap,1,11607,290.460683,13.849805,502.936,238.705,,no best reference,,35.53048656,-97.47521431,37.848,-17.228,-1.975,1.128,0.730
VN300_2026-07-12_14-41-49_VNINS.csv,lap,1,11608,290.460683,13.849805,503.406,239.176,,no best reference,,35.53048531,-97.47521928,37.565,-18.165,-1.907,1.473,0.720
VN300_2026-07-12_14-41-49_VNINS.csv,lap,1,11609,290.460683,13.849805,503.818,239.588,,no best reference,,35.53048704,-97.47522330,37.827,-19.081,-1.856,1.706,0.720
VN300_2026-07-12_14-41-49_VNINS.csv,lap,1,11610,290.460683,13.849805,504.232,240.002,,no best reference,,35.53048876,-97.47522736,38.069,-19.974,-1.829,1.465,0.730
VN300_2026-07-12_14-41-49_VNINS.csv,lap,1,11611,290.460683,13.849805,504.646,240.415,,no best reference,,35.53049042,-97.47523145,38.116,-20.791,-1.927,1.561,0.730
VN300_2026-07-12_14-41-49_VNINS.csv,lap,1,11612,290.460683,13.849805,505.063,240.833,,no best reference,,35.53049207,-97.47523559,38.352,-21.464,-1.910,1.797,0.730
VN300_2026-07-12_14-41-49_VNINS.csv,lap,1,11613,290.460683,13.849805,505.482,241.251,,no best reference,,35.53049370,-97.47523976,38.612,-22.159,-1.864,1.640,0.730
VN300_2026-07-12_14-41-49_VNINS.csv,lap,1,11614,290.460683,13.849805,505.900,241.670,,no best reference,,35.53049526,-97.47524397,38.509,-22.850,-1.793,1.528,0.730
VN300_2026-07-12_14-41-49_VNINS.csv,lap,1,11615,290.460683,13.849805,506.399,242.168,,no best reference,,35.53049367,-97.47524912,38.219,-23.591,-1.644,1.383,0.720
VN300_2026-07-12_14-41-49_VNINS.csv,lap,1,11616,290.714218,14.103340,506.815,242.584,,no best reference,,35.53049510,-97.47525337,38.212,-24.304,-1.629,1.792,0.720
VN300_2026-07-12_14-41-49_VNINS.csv,lap,1,11617,290.714218,14.103340,507.233,243.003,,no best reference,,35.53049653,-97.47525765,38.484,-24.930,-1.842,1.619,0.720
VN300_2026-07-12_14-41-49_VNINS.csv,lap,1,11618,290.714218,14.103340,507.653,243.423,,no best reference,,35.53049792,-97.47526196,38.390,-25.561,-2.107,1.862,0.720
VN300_2026-07-12_14-41-49_VNINS.csv,lap,1,11619,290.714218,14.103340,508.077,243.846,,no best reference,,35.53049935,-97.47526630,38.861,-26.320,-2.252,2.001,0.720
VN300_2026-07-12_14-41-49_VNINS.csv,lap,1,11620,290.714218,14.103340,508.502,244.272,,no best reference,,35.53050076,-97.47527067,39.014,-27.188,-2.271,1.982,0.720
VN300_2026-07-12_14-41-49_VNINS.csv,lap,1,11621,290.714218,14.103340,508.927,244.697,,no best reference,,35.53050214,-97.47527505,39.074,-28.138,-2.249,1.824,0.720
VN300_2026-07-12_14-41-49_VNINS.csv,lap,1,11622,290.714218,14.103340,509.350,245.120,,no best reference,,35.53050345,-97.47527944,38.871,-29.079,-2.215,2.062,0.730
VN300_2026-07-12_14-41-49_VNINS.csv,lap,1,11623,290.714218,14.103340,509.865,245.635,,no best reference,,35.53050133,-97.47528450,38.309,-30.050,-2.275,2.183,0.720
VN300_2026-07-12_14-41-49_VNINS.csv,lap,1,11624,290.714218,14.103340,510.280,246.050,,no best reference,,35.53050247,-97.47528887,38.166,-30.967,-2.409,2.059,0.720
VN300_2026-07-12_14-41-49_VNINS.csv,lap,1,11625,290.714218,14.103340,510.694,246.464,,no best reference,,35.53050354,-97.47529325,37.936,-31.936,-2.503,2.197,0.720
VN300_2026-07-12_14-41-49_VNINS.csv,lap,1,11626,290.996070,14.385192,511.105,246.874,,no best reference,,35.53050456,-97.47529761,37.508,-32.916,-2.646,2.329,0.720
VN300_2026-07-12_14-41-49_VNINS.csv,lap,1,11627,290.996070,14.385192,511.510,247.280,,no best reference,,35.53050552,-97.47530193,37.125,-33.976,-2.736,2.322,0.720
VN300_2026-07-12_14-41-49_VNINS.csv,lap,1,11628,290.996070,14.385192,511.914,247.683,,no best reference,,35.53050643,-97.47530625,36.989,-35.111,-2.656,2.127,0.720
VN300_2026-07-12_14-41-49_VNINS.csv,lap,1,11629,290.996070,14.385192,512.314,248.084,,no best reference,,35.53050731,-97.47531054,36.762,-36.272,-2.540,2.117,0.720
VN300_2026-07-12_14-41-49_VNINS.csv,lap,1,11630,290.996070,14.385192,512.712,248.482,,no best reference,,35.53050813,-97.47531482,36.451,-37.357,-2.499,2.159,0.720
VN300_2026-07-12_14-41-49_VNINS.csv,lap,1,11631,290.996070,14.385192,513.351,249.121,,no best reference,,35.53050442,-97.47532021,35.770,-38.244,-2.649,2.177,0.710
VN300_2026-07-12_14-41-49_VNINS.csv,lap,1,11632,290.996070,14.385192,513.738,249.507,,no best reference,,35.53050507,-97.47532441,35.452,-39.026,-2.924,2.377,0.710
VN300_2026-07-12_14-41-49_VNINS.csv,lap,1,11633,290.996070,14.385192,514.122,249.892,,no best reference,,35.53050567,-97.47532859,35.282,-39.777,-3.241,2.450,0.710
VN300_2026-07-12_14-41-49_VNINS.csv,lap,1,11634,290.996070,14.385192,514.503,250.273,,no best reference,,35.53050622,-97.47533275,35.042,-40.640,-3.462,2.553,0.710
VN300_2026-07-12_14-41-49_VNINS.csv,lap,1,11635,290.996070,14.385192,514.883,250.653,,no best reference,,35.53050672,-97.47533690,34.932,-41.676,-3.471,2.534,0.720
VN300_2026-07-12_14-41-49_VNINS.csv,lap,1,11636,290.996070,14.385192,515.259,251.029,,no best reference,,35.53050714,-97.47534103,34.736,-42.891,-3.184,2.583,0.720
VN300_2026-07-12_14-41-49_VNINS.csv,lap,1,11637,291.249958,14.639080,515.636,251.406,,no best reference,,35.53050754,-97.47534516,34.718,-44.055,-2.918,2.666,0.720
VN300_2026-07-12_14-41-49_VNINS.csv,lap,1,11638,291.249958,14.639080,516.011,251.780,,no best reference,,35.53050790,-97.47534928,34.609,-45.055,-2.737,2.679,0.720
VN300_2026-07-12_14-41-49_VNINS.csv,lap,1,11639,291.249958,14.639080,516.558,252.328,,no best reference,,35.53050459,-97.47535376,34.233,-45.845,-2.756,2.706,0.710
VN300_2026-07-12_14-41-49_VNINS.csv,lap,1,11640,291.249958,14.639080,516.927,252.697,,no best reference,,35.53050479,-97.47535783,33.956,-46.463,-2.975,2.716,0.710
VN300_2026-07-12_14-41-49_VNINS.csv,lap,1,11641,291.249958,14.639080,517.295,253.065,,no best reference,,35.53050493,-97.47536189,33.853,-47.059,-3.214,2.834,0.710
VN300_2026-07-12_14-41-49_VNINS.csv,lap,1,11642,291.249958,14.639080,517.663,253.432,,no best reference,,35.53050501,-97.47536595,33.966,-47.663,-3.344,2.684,0.710
VN300_2026-07-12_14-41-49_VNINS.csv,lap,1,11643,291.249958,14.639080,518.032,253.801,,no best reference,,35.53050503,-97.47537003,34.040,-48.493,-3.171,2.571,0.710
VN300_2026-07-12_14-41-49_VNINS.csv,lap,1,11644,291.249958,14.639080,518.402,254.172,,no best reference,,35.53050500,-97.47537412,34.176,-49.486,-2.704,2.421,0.710
VN300_2026-07-12_14-41-49_VNINS.csv,lap,1,11645,291.249958,14.639080,518.773,254.543,,no best reference,,35.53050490,-97.47537822,34.259,-50.346,-2.271,2.235,0.710
VN300_2026-07-12_14-41-49_VNINS.csv,lap,1,11646,291.249958,14.639080,519.145,254.915,,no best reference,,35.53050476,-97.47538233,34.392,-51.001,-2.080,2.045,0.710
VN300_2026-07-12_14-41-49_VNINS.csv,lap,1,11647,291.249958,14.639080,519.679,255.448,,no best reference,,35.53050143,-97.47538657,34.381,-51.461,-2.045,1.950,0.710
VN300_2026-07-12_14-41-49_VNINS.csv,lap,1,11648,291.503836,14.892958,520.053,255.823,,no best reference,,35.53050113,-97.47539069,34.504,-51.679,-2.364,1.980,0.710
VN300_2026-07-12_14-41-49_VNINS.csv,lap,1,11649,291.503836,14.892958,520.428,256.198,,no best reference,,35.53050082,-97.47539482,34.614,-51.746,-2.942,1.797,0.710
VN300_2026-07-12_14-41-49_VNINS.csv,lap,1,11650,291.503836,14.892958,520.806,256.575,,no best reference,,35.53050048,-97.47539897,34.902,-51.866,-3.509,1.270,0.710
VN300_2026-07-12_14-41-49_VNINS.csv,lap,1,11651,291.503836,14.892958,521.186,256.956,,no best reference,,35.53050012,-97.47540315,35.069,-52.124,-3.846,1.077,0.710
VN300_2026-07-12_14-41-49_VNINS.csv,lap,1,11652,291.503836,14.892958,521.570,257.340,,no best reference,,35.53049973,-97.47540737,35.476,-52.531,-3.753,0.935,0.710
VN300_2026-07-12_14-41-49_VNINS.csv,lap,1,11653,291.503836,14.892958,521.959,257.729,,no best reference,,35.53049932,-97.47541164,35.887,-53.004,-3.303,0.777,0.710
VN300_2026-07-12_14-41-49_VNINS.csv,lap,1,11654,291.503836,14.892958,522.351,258.121,,no best reference,,35.53049889,-97.47541594,36.221,-53.476,-2.668,0.605,0.710
VN300_2026-07-12_14-41-49_VNINS.csv,lap,1,11655,291.503836,14.892958,522.884,258.653,,no best reference,,35.53049611,-97.47542073,36.451,-53.842,-2.111,0.828,0.700
VN300_2026-07-12_14-41-49_VNINS.csv,lap,1,11656,291.503836,14.892958,523.285,259.054,,no best reference,,35.53049562,-97.47542512,36.866,-54.052,-1.903,0.566,0.700
VN300_2026-07-12_14-41-49_VNINS.csv,lap,1,11657,291.503836,14.892958,523.688,259.458,,no best reference,,35.53049509,-97.47542953,37.022,-54.220,-2.065,0.584,0.700
VN300_2026-07-12_14-41-49_VNINS.csv,lap,1,11658,291.757490,15.146612,524.093,259.863,,no best reference,,35.53049451,-97.47543395,37.120,-54.404,-2.382,0.700,0.700
VN300_2026-07-12_14-41-49_VNINS.csv,lap,1,11659,291.757490,15.146612,524.504,260.273,,no best reference,,35.53049394,-97.47543843,37.655,-54.596,-2.710,0.734,0.710
VN300_2026-07-12_14-41-49_VNINS.csv,lap,1,11660,291.757490,15.146612,524.918,260.687,,no best reference,,35.53049337,-97.47544295,38.056,-54.814,-2.928,0.916,0.710
VN300_2026-07-12_14-41-49_VNINS.csv,lap,1,11661,291.757490,15.146612,525.336,261.106,,no best reference,,35.53049279,-97.47544752,38.289,-55.065,-2.854,1.101,0.710
VN300_2026-07-12_14-41-49_VNINS.csv,lap,1,11662,291.757490,15.146612,525.757,261.526,,no best reference,,35.53049219,-97.47545211,38.574,-55.312,-2.716,1.067,0.710
VN300_2026-07-12_14-41-49_VNINS.csv,lap,1,11663,291.757490,15.146612,526.206,261.976,,no best reference,,35.53048918,-97.47545543,38.413,-55.564,-2.568,1.018,0.700
VN300_2026-07-12_14-41-49_VNINS.csv,lap,1,11664,291.757490,15.146612,526.628,262.397,,no best reference,,35.53048850,-97.47546001,38.818,-55.833,-2.416,1.173,0.700
VN300_2026-07-12_14-41-49_VNINS.csv,lap,1,11665,291.757490,15.146612,527.056,262.825,,no best reference,,35.53048784,-97.47546467,39.263,-56.095,-2.411,1.472,0.700
VN300_2026-07-12_14-41-49_VNINS.csv,lap,1,11666,291.757490,15.146612,527.487,263.256,,no best reference,,35.53048717,-97.47546936,39.514,-56.343,-2.605,1.471,0.700
VN300_2026-07-12_14-41-49_VNINS.csv,lap,1,11667,291.757490,15.146612,527.921,263.691,,no best reference,,35.53048647,-97.47547408,39.758,-56.660,-2.832,1.364,0.700
VN300_2026-07-12_14-41-49_VNINS.csv,lap,1,11668,292.023882,15.413004,528.358,264.128,,no best reference,,35.53048576,-97.47547883,40.115,-57.055,-2.924,1.610,0.700
VN300_2026-07-12_14-41-49_VNINS.csv,lap,1,11669,292.023882,15.413004,528.799,264.568,,no best reference,,35.53048504,-97.47548362,40.334,-57.490,-2.875,1.784,0.700
VN300_2026-07-12_14-41-49_VNINS.csv,lap,1,11670,292.023882,15.413004,529.243,265.013,,no best reference,,35.53048431,-97.47548845,40.636,-57.953,-2.769,1.682,0.700
VN300_2026-07-12_14-41-49_VNINS.csv,lap,1,11671,292.023882,15.413004,529.689,265.459,,no best reference,,35.53048356,-97.47549329,40.821,-58.427,-2.646,1.567,0.710
VN300_2026-07-12_14-41-49_VNINS.csv,lap,1,11672,292.023882,15.413004,530.152,265.922,,no best reference,,35.53047985,-97.47549562,40.527,-58.886,-2.606,1.713,0.700
VN300_2026-07-12_14-41-49_VNINS.csv,lap,1,11673,292.023882,15.413004,530.600,266.369,,no best reference,,35.53047903,-97.47550046,40.873,-59.269,-2.751,1.671,0.700
VN300_2026-07-12_14-41-49_VNINS.csv,lap,1,11674,292.023882,15.413004,531.049,266.819,,no best reference,,35.53047819,-97.47550532,41.054,-59.686,-2.935,1.862,0.700
VN300_2026-07-12_14-41-49_VNINS.csv,lap,1,11675,292.023882,15.413004,531.501,267.271,,no best reference,,35.53047732,-97.47551020,41.289,-60.075,-3.060,1.844,0.700
VN300_2026-07-12_14-41-49_VNINS.csv,lap,1,11676,292.023882,15.413004,531.956,267.726,,no best reference,,35.53047645,-97.47551511,41.621,-60.474,-3.182,1.534,0.700
VN300_2026-07-12_14-41-49_VNINS.csv,lap,1,11677,292.023882,15.413004,532.417,268.187,,no best reference,,35.53047558,-97.47552009,42.145,-60.939,-3.169,1.445,0.700
VN300_2026-07-12_14-41-49_VNINS.csv,lap,1,11678,292.277337,15.666459,532.880,268.650,,no best reference,,35.53047470,-97.47552509,42.229,-61.405,-3.060,1.858,0.700
VN300_2026-07-12_14-41-49_VNINS.csv,lap,1,11679,292.277337,15.666459,533.390,269.159,,no best reference,,35.53047035,-97.47552687,41.998,-61.824,-2.928,1.731,0.690
VN300_2026-07-12_14-41-49_VNINS.csv,lap,1,11680,292.277337,15.666459,533.852,269.622,,no best reference,,35.53046935,-97.47553183,42.321,-62.281,-2.814,1.359,0.690
VN300_2026-07-12_14-41-49_VNINS.csv,lap,1,11681,292.277337,15.666459,534.318,270.087,,no best reference,,35.53046836,-97.47553683,42.448,-62.718,-2.697,1.684,0.690
VN300_2026-07-12_14-41-49_VNINS.csv,lap,1,11682,292.277337,15.666459,534.788,270.558,,no best reference,,35.53046738,-97.47554189,43.014,-63.106,-2.681,1.952,0.690
VN300_2026-07-12_14-41-49_VNINS.csv,lap,1,11683,292.277337,15.666459,535.264,271.034,,no best reference,,35.53046642,-97.47554701,43.269,-63.442,-2.819,1.698,0.700
VN300_2026-07-12_14-41-49_VNINS.csv,lap,1,11684,292.277337,15.666459,535.742,271.511,,no best reference,,35.53046544,-97.47555215,43.425,-63.795,-3.050,1.591,0.700
VN300_2026-07-12_14-41-49_VNINS.csv,lap,1,11685,292.277337,15.666459,536.222,271.992,,no best reference,,35.53046446,-97.47555732,43.867,-64.128,-3.259,1.693,0.700
VN300_2026-07-12_14-41-49_VNINS.csv,lap,1,11686,292.277337,15.666459,536.707,272.477,,no best reference,,35.53046347,-97.47556254,44.221,-64.511,-3.298,1.842,0.700
VN300_2026-07-12_14-41-49_VNINS.csv,lap,1,11687,292.277337,15.666459,537.195,272.964,,no best reference,,35.53046245,-97.47556778,44.362,-64.958,-3.180,1.809,0.700
VN300_2026-07-12_14-41-49_VNINS.csv,lap,1,11688,292.277337,15.666459,537.682,273.451,,no best reference,,35.53046142,-97.47557301,44.326,-65.425,-3.052,1.908,0.700
VN300_2026-07-12_14-41-49_VNINS.csv,lap,1,11689,292.531097,15.920219,538.284,274.054,,no best reference,,35.53045600,-97.47557301,43.594,-65.862,-2.921,1.675,0.690
VN300_2026-07-12_14-41-49_VNINS.csv,lap,1,11690,292.531097,15.920219,538.764,274.534,,no best reference,,35.53045484,-97.47557812,43.459,-66.318,-2.894,1.829,0.690
VN300_2026-07-12_14-41-49_VNINS.csv,lap,1,11691,292.531097,15.920219,539.243,275.013,,no best reference,,35.53045366,-97.47558321,43.570,-66.768,-2.977,1.978,0.690
VN300_2026-07-12_14-41-49_VNINS.csv,lap,1,11692,292.531097,15.920219,539.722,275.492,,no best reference,,35.53045247,-97.47558830,43.519,-67.209,-3.156,2.088,0.690
VN300_2026-07-12_14-41-49_VNINS.csv,lap,1,11693,292.531097,15.920219,540.201,275.971,,no best reference,,35.53045129,-97.47559339,43.572,-67.516,-3.512,1.676,0.690
VN300_2026-07-12_14-41-49_VNINS.csv,lap,1,11694,292.531097,15.920219,540.678,276.448,,no best reference,,35.53045007,-97.47559844,43.164,-67.950,-3.729,1.771,0.700
VN300_2026-07-12_14-41-49_VNINS.csv,lap,1,11695,292.531097,15.920219,541.305,277.075,,no best reference,,35.53044443,-97.47559823,42.123,-68.372,-3.860,2.149,0.690
VN300_2026-07-12_14-41-49_VNINS.csv,lap,1,11696,292.531097,15.920219,541.768,277.537,,no best reference,,35.53044308,-97.47560306,42.325,-68.974,-3.847,2.016,0.690
VN300_2026-07-12_14-41-49_VNINS.csv,lap,1,11697,292.531097,15.920219,542.232,278.001,,no best reference,,35.53044175,-97.47560792,42.034,-69.717,-3.606,1.688,0.690
VN300_2026-07-12_14-41-49_VNINS.csv,lap,1,11698,292.531097,15.920219,542.694,278.463,,no best reference,,35.53044040,-97.47561275,41.802,-70.479,-3.565,1.732,0.690
VN300_2026-07-12_14-41-49_VNINS.csv,lap,1,11699,292.784524,16.173646,543.152,278.921,,no best reference,,35.53043905,-97.47561753,41.439,-71.229,-3.564,2.081,0.690
VN300_2026-07-12_14-41-49_VNINS.csv,lap,1,11700,292.784524,16.173646,543.606,279.376,,no best reference,,35.53043771,-97.47562228,41.206,-71.888,-3.735,2.147,0.690
VN300_2026-07-12_14-41-49_VNINS.csv,lap,1,11701,292.784524,16.173646,544.058,279.828,,no best reference,,35.53043636,-97.47562699,40.968,-72.591,-3.882,2.455,0.690
VN300_2026-07-12_14-41-49_VNINS.csv,lap,1,11702,292.784524,16.173646,544.509,280.279,,no best reference,,35.53043500,-97.47563168,40.908,-73.353,-3.891,2.586,0.690
VN300_2026-07-12_14-41-49_VNINS.csv,lap,1,11703,292.784524,16.173646,545.126,280.896,,no best reference,,35.53042946,-97.47563125,40.186,-74.126,-3.742,2.683,0.680
VN300_2026-07-12_14-41-49_VNINS.csv,lap,1,11704,292.784524,16.173646,545.563,281.333,,no best reference,,35.53042798,-97.47563572,39.819,-74.905,-3.586,3.053,0.680
VN300_2026-07-12_14-41-49_VNINS.csv,lap,1,11705,292.784524,16.173646,546.000,281.769,,no best reference,,35.53042654,-97.47564021,39.630,-75.524,-3.531,3.104,0.690
VN300_2026-07-12_14-41-49_VNINS.csv,lap,1,11706,292.784524,16.173646,546.434,282.203,,no best reference,,35.53042510,-97.47564467,39.302,-76.148,-3.584,3.182,0.690
VN300_2026-07-12_14-41-49_VNINS.csv,lap,1,11707,292.784524,16.173646,546.864,282.633,,no best reference,,35.53042364,-97.47564907,38.993,-76.707,-3.658,3.310,0.690
VN300_2026-07-12_14-41-49_VNINS.csv,lap,1,11708,292.784524,16.173646,547.292,283.061,,no best reference,,35.53042217,-97.47565344,38.672,-77.255,-3.720,3.462,0.690
VN300_2026-07-12_14-41-49_VNINS.csv,lap,1,11709,293.057718,16.446840,547.716,283.486,,no best reference,,35.53042070,-97.47565777,38.611,-77.821,-3.790,3.356,0.690
VN300_2026-07-12_14-41-49_VNINS.csv,lap,1,11710,293.057718,16.446840,548.140,283.909,,no best reference,,35.53041920,-97.47566207,38.264,-78.429,-3.726,3.349,0.690
VN300_2026-07-12_14-41-49_VNINS.csv,lap,1,11711,293.057718,16.446840,548.823,284.593,,no best reference,,35.53041313,-97.47566088,37.537,-79.036,-3.607,3.392,0.680
VN300_2026-07-12_14-41-49_VNINS.csv,lap,1,11712,293.057718,16.446840,549.232,285.002,,no best reference,,35.53041151,-97.47566494,37.170,-79.579,-3.524,3.261,0.680
VN300_2026-07-12_14-41-49_VNINS.csv,lap,1,11713,293.057718,16.446840,549.639,285.409,,no best reference,,35.53040993,-97.47566900,36.954,-80.008,-3.630,3.004,0.680
VN300_2026-07-12_14-41-49_VNINS.csv,lap,1,11714,293.057718,16.446840,550.044,285.813,,no best reference,,35.53040833,-97.47567301,36.546,-80.398,-3.782,3.065,0.680
VN300_2026-07-12_14-41-49_VNINS.csv,lap,1,11715,293.057718,16.446840,550.445,286.215,,no best reference,,35.53040672,-97.47567698,36.328,-80.762,-4.003,3.098,0.680
VN300_2026-07-12_14-41-49_VNINS.csv,lap,1,11716,293.057718,16.446840,550.844,286.614,,no best reference,,35.53040511,-97.47568092,36.174,-81.098,-4.199,2.801,0.690
VN300_2026-07-12_14-41-49_VNINS.csv,lap,1,11717,293.057718,16.446840,551.240,287.010,,no best reference,,35.53040348,-97.47568481,35.873,-81.510,-4.182,2.831,0.690
VN300_2026-07-12_14-41-49_VNINS.csv,lap,1,11718,293.057718,16.446840,551.635,287.405,,no best reference,,35.53040185,-97.47568869,35.832,-81.903,-4.046,2.710,0.690
VN300_2026-07-12_14-41-49_VNINS.csv,lap,1,11719,293.057718,16.446840,552.029,287.799,,no best reference,,35.53040021,-97.47569255,35.682,-82.294,-3.790,2.531,0.690
VN300_2026-07-12_14-41-49_VNINS.csv,lap,1,11720,293.311561,16.700683,552.753,288.523,,no best reference,,35.53039379,-97.47569123,35.004,-82.614,-3.585,2.490,0.680
VN300_2026-07-12_14-41-49_VNINS.csv,lap,1,11721,293.311561,16.700683,553.138,288.907,,no best reference,,35.53039207,-97.47569492,34.677,-82.918,-3.390,2.353,0.680
VN300_2026-07-12_14-41-49_VNINS.csv,lap,1,11722,293.311561,16.700683,553.519,289.288,,no best reference,,35.53039035,-97.47569856,34.435,-83.177,-3.272,2.492,0.680
VN300_2026-07-12_14-41-49_VNINS.csv,lap,1,11723,293.311561,16.700683,553.897,289.667,,no best reference,,35.53038863,-97.47570217,34.249,-83.413,-3.236,2.481,0.680
VN300_2026-07-12_14-41-49_VNINS.csv,lap,1,11724,293.311561,16.700683,554.275,290.045,,no best reference,,35.53038691,-97.47570577,34.114,-83.643,-3.198,2.366,0.680
VN300_2026-07-12_14-41-49_VNINS.csv,lap,1,11725,293.311561,16.700683,554.650,290.420,,no best reference,,35.53038518,-97.47570933,33.891,-83.880,-3.198,2.305,0.680
VN300_2026-07-12_14-41-49_VNINS.csv,lap,1,11726,293.311561,16.700683,555.022,290.792,,no best reference,,35.53038346,-97.47571286,33.622,-84.140,-3.304,2.355,0.680
VN300_2026-07-12_14-41-49_VNINS.csv,lap,1,11727,293.311561,16.700683,555.655,291.425,,no best reference,,35.53037782,-97.47571190,33.323,-84.449,-3.414,2.477,0.680
VN300_2026-07-12_14-41-49_VNINS.csv,lap,1,11728,293.311561,16.700683,556.021,291.791,,no best reference,,35.53037599,-97.47571526,33.136,-84.855,-3.512,2.611,0.680
VN300_2026-07-12_14-41-49_VNINS.csv,lap,1,11729,293.311561,16.700683,556.387,292.156,,no best reference,,35.53037418,-97.47571863,32.965,-85.350,-3.624,2.758,0.680
VN300_2026-07-12_14-41-49_VNINS.csv,lap,1,11730,293.565043,16.954165,556.748,292.518,,no best reference,,35.53037238,-97.47572196,32.751,-85.904,-3.750,3.005,0.680
VN300_2026-07-12_14-41-49_VNINS.csv,lap,1,11731,293.565043,16.954165,557.109,292.878,,no best reference,,35.53037058,-97.47572527,32.580,-86.487,-3.970,3.154,0.680
VN300_2026-07-12_14-41-49_VNINS.csv,lap,1,11732,293.565043,16.954165,557.467,293.236,,no best reference,,35.53036877,-97.47572854,32.326,-87.172,-4.115,3.324,0.680
VN300_2026-07-12_14-41-49_VNINS.csv,lap,1,11733,293.565043,16.954165,557.822,293.592,,no best reference,,35.53036695,-97.47573177,32.126,-87.978,-4.081,3.488,0.680
VN300_2026-07-12_14-41-49_VNINS.csv,lap,1,11734,293.565043,16.954165,558.175,293.944,,no best reference,,35.53036513,-97.47573496,31.829,-88.850,-3.968,3.723,0.680
VN300_2026-07-12_14-41-49_VNINS.csv,lap,1,11735,293.565043,16.954165,558.820,294.589,,no best reference,,35.53035939,-97.47573394,31.536,-89.738,-3.832,3.750,0.670
VN300_2026-07-12_14-41-49_VNINS.csv,lap,1,11736,293.565043,16.954165,559.166,294.935,,no best reference,,35.53035748,-97.47573696,31.160,-90.650,-3.651,3.791,0.670
VN300_2026-07-12_14-41-49_VNINS.csv,lap,1,11737,293.565043,16.954165,559.507,295.276,,no best reference,,35.53035558,-97.47573992,30.774,-91.560,-3.501,3.928,0.680
VN300_2026-07-12_14-41-49_VNINS.csv,lap,1,11738,293.565043,16.954165,559.846,295.615,,no best reference,,35.53035367,-97.47574284,30.547,-92.466,-3.440,3.983,0.680
VN300_2026-07-12_14-41-49_VNINS.csv,lap,1,11739,293.565043,16.954165,560.180,295.950,,no best reference,,35.53035176,-97.47574569,30.245,-93.396,-3.383,4.157,0.680
VN300_2026-07-12_14-41-49_VNINS.csv,lap,1,11740,293.818542,17.207664,560.513,296.283,,no best reference,,35.53034983,-97.47574851,30.085,-94.408,-3.315,4.154,0.680
VN300_2026-07-12_14-41-49_VNINS.csv,lap,1,11741,293.818542,17.207664,560.843,296.613,,no best reference,,35.53034789,-97.47575127,29.780,-95.446,-3.262,4.220,0.680
VN300_2026-07-12_14-41-49_VNINS.csv,lap,1,11742,293.818542,17.207664,561.169,296.939,,no best reference,,35.53034595,-97.47575397,29.415,-96.473,-3.249,4.503,0.680
VN300_2026-07-12_14-41-49_VNINS.csv,lap,1,11743,293.818542,17.207664,561.875,297.645,,no best reference,,35.53033987,-97.47575172,29.300,-97.470,-3.285,4.595,0.670
VN300_2026-07-12_14-41-49_VNINS.csv,lap,1,11744,293.818542,17.207664,562.197,297.966,,no best reference,,35.53033781,-97.47575421,29.045,-98.499,-3.311,4.800,0.670
VN300_2026-07-12_14-41-49_VNINS.csv,lap,1,11745,293.818542,17.207664,562.515,298.285,,no best reference,,35.53033574,-97.47575664,28.754,-99.565,-3.270,4.944,0.670
VN300_2026-07-12_14-41-49_VNINS.csv,lap,1,11746,293.818542,17.207664,562.830,298.599,,no best reference,,35.53033367,-97.47575901,28.355,-100.669,-3.196,5.142,0.670
VN300_2026-07-12_14-41-49_VNINS.csv,lap,1,11747,293.818542,17.207664,563.141,298.911,,no best reference,,35.53033160,-97.47576133,28.122,-101.748,-3.153,5.212,0.680
VN300_2026-07-12_14-41-49_VNINS.csv,lap,1,11748,293.818542,17.207664,563.448,299.218,,no best reference,,35.53032953,-97.47576358,27.740,-102.866,-3.067,5.273,0.680
VN300_2026-07-12_14-41-49_VNINS.csv,lap,1,11749,293.818542,17.207664,563.752,299.522,,no best reference,,35.53032745,-97.47576576,27.452,-103.999,-2.920,5.394,0.680
VN300_2026-07-12_14-41-49_VNINS.csv,lap,1,11750,294.091035,17.480157,564.053,299.823,,no best reference,,35.53032537,-97.47576788,27.089,-105.136,-2.753,5.330,0.680
VN300_2026-07-12_14-41-49_VNINS.csv,lap,1,11751,294.091035,17.480157,564.799,300.568,,no best reference,,35.53031893,-97.47576558,27.066,-106.223,-2.656,5.535,0.670
VN300_2026-07-12_14-41-49_VNINS.csv,lap,1,11752,294.091035,17.480157,565.096,300.866,,no best reference,,35.53031674,-97.47576747,26.850,-107.280,-2.617,5.478,0.670
VN300_2026-07-12_14-41-49_VNINS.csv,lap,1,11753,294.091035,17.480157,565.390,301.159,,no best reference,,35.53031455,-97.47576928,26.424,-108.343,-2.572,5.344,0.670
VN300_2026-07-12_14-41-49_VNINS.csv,lap,1,11754,294.091035,17.480157,565.679,301.449,,no best reference,,35.53031236,-97.47577101,26.123,-109.436,-2.456,5.433,0.670
VN300_2026-07-12_14-41-49_VNINS.csv,lap,1,11755,294.091035,17.480157,565.966,301.736,,no best reference,,35.53031017,-97.47577269,25.956,-110.531,-2.301,5.226,0.670
VN300_2026-07-12_14-41-49_VNINS.csv,lap,1,11756,294.091035,17.480157,566.251,302.021,,no best reference,,35.53030797,-97.47577430,25.596,-111.631,-2.101,5.140,0.670
VN300_2026-07-12_14-41-49_VNINS.csv,lap,1,11757,294.091035,17.480157,566.532,302.302,,no best reference,,35.53030577,-97.47577584,25.427,-112.696,-1.943,5.165,0.680
VN300_2026-07-12_14-41-49_VNINS.csv,lap,1,11758,294.091035,17.480157,566.810,302.580,,no best reference,,35.53030358,-97.47577732,25.140,-113.744,-1.820,5.150,0.680
VN300_2026-07-12_14-41-49_VNINS.csv,lap,1,11759,294.091035,17.480157,567.494,303.263,,no best reference,,35.53029776,-97.47577490,25.596,-114.762,-1.807,5.061,0.670
VN300_2026-07-12_14-41-49_VNINS.csv,lap,1,11760,294.091035,17.480157,567.773,303.542,,no best reference,,35.53029547,-97.47577616,25.265,-115.791,-1.871,5.219,0.670
VN300_2026-07-12_14-41-49_VNINS.csv,lap,1,11761,294.344920,17.734042,568.051,303.821,,no best reference,,35.53029316,-97.47577735,25.106,-116.877,-1.934,5.132,0.670
VN300_2026-07-12_14-41-49_VNINS.csv,lap,1,11762,294.344920,17.734042,568.327,304.096,,no best reference,,35.53029086,-97.47577848,24.883,-118.084,-1.919,5.067,0.670
VN300_2026-07-12_14-41-49_VNINS.csv,lap,1,11763,294.344920,17.734042,568.599,304.369,,no best reference,,35.53028856,-97.47577953,24.695,-119.378,-1.781,5.040,0.670
VN300_2026-07-12_14-41-49_VNINS.csv,lap,1,11764,294.344920,17.734042,568.870,304.640,,no best reference,,35.53028626,-97.47578052,24.480,-120.699,-1.637,4.997,0.670
VN300_2026-07-12_14-41-49_VNINS.csv,lap,1,11765,294.344920,17.734042,569.138,304.908,,no best reference,,35.53028397,-97.47578143,24.176,-121.998,-1.551,5.106,0.670
VN300_2026-07-12_14-41-49_VNINS.csv,lap,1,11766,294.344920,17.734042,569.404,305.173,,no best reference,,35.53028168,-97.47578227,24.020,-123.308,-1.484,5.197,0.670
VN300_2026-07-12_14-41-49_VNINS.csv,lap,1,11767,294.344920,17.734042,569.667,305.436,,no best reference,,35.53027940,-97.47578304,23.758,-124.613,-1.464,5.237,0.680
VN300_2026-07-12_14-41-49_VNINS.csv,lap,1,11768,294.344920,17.734042,570.179,305.949,,no best reference,,35.53027553,-97.47577997,24.539,-125.968,-1.365,5.346,99.990
VN300_2026-07-12_14-41-49_VNINS.csv,lap,1,11769,294.344920,17.734042,570.179,305.949,,no best reference,,35.53027553,-97.47577997,24.539,-127.376,-1.263,5.380,99.990
VN300_2026-07-12_14-41-49_VNINS.csv,lap,1,11770,294.344920,17.734042,570.179,305.949,,no best reference,,35.53027553,-97.47577997,24.539,-128.871,-1.062,5.665,99.990
VN300_2026-07-12_14-41-49_VNINS.csv,lap,1,11771,294.598361,17.987483,570.179,305.949,,no best reference,,35.53027553,-97.47577997,24.539,-130.406,-0.851,5.868,99.990
VN300_2026-07-12_14-41-49_VNINS.csv,lap,1,11772,294.598361,17.987483,570.179,305.949,,no best reference,,35.53027553,-97.47577997,24.539,-131.984,-0.617,6.032,99.990
VN300_2026-07-12_14-41-49_VNINS.csv,lap,1,11773,294.598361,17.987483,570.179,305.949,,no best reference,,35.53027553,-97.47577997,24.539,-133.558,-0.402,6.131,99.990
VN300_2026-07-12_14-41-49_VNINS.csv,lap,1,11774,294.598361,17.987483,570.179,305.949,,no best reference,,35.53027553,-97.47577997,24.539,-135.130,-0.257,6.246,99.990
VN300_2026-07-12_14-41-49_VNINS.csv,lap,1,11775,294.598361,17.987483,570.179,305.949,,no best reference,,35.53027553,-97.47577997,24.539,-136.698,-0.156,6.449,99.990
VN300_2026-07-12_14-41-49_VNINS.csv,lap,1,11776,294.598361,17.987483,570.179,305.949,,no best reference,,35.53027553,-97.47577997,24.539,-138.200,-0.094,6.732,99.990
VN300_2026-07-12_14-41-49_VNINS.csv,lap,1,11777,294.598361,17.987483,570.179,305.949,,no best reference,,35.53027553,-97.47577997,24.539,-139.678,-0.077,6.789,99.990
VN300_2026-07-12_14-41-49_VNINS.csv,lap,1,11778,294.598361,17.987483,570.179,305.949,,no best reference,,35.53027553,-97.47577997,24.539,-141.201,0.009,6.909,99.990
VN300_2026-07-12_14-41-49_VNINS.csv,lap,1,11779,294.598361,17.987483,570.179,305.949,,no best reference,,35.53027553,-97.47577997,24.539,-142.803,0.229,7.018,99.990
VN300_2026-07-12_14-41-49_VNINS.csv,lap,1,11780,294.598361,17.987483,570.179,305.949,,no best reference,,35.53027553,-97.47577997,24.539,-144.481,0.603,7.117,99.990
VN300_2026-07-12_14-41-49_VNINS.csv,lap,1,11781,294.598361,17.987483,570.179,305.949,,no best reference,,35.53027553,-97.47577997,24.539,-146.153,1.030,7.232,99.990
VN300_2026-07-12_14-41-49_VNINS.csv,lap,1,11782,294.852215,18.241337,570.179,305.949,,no best reference,,35.53027553,-97.47577997,24.539,-147.770,1.430,7.321,99.990
VN300_2026-07-12_14-41-49_VNINS.csv,lap,1,11783,294.852215,18.241337,570.179,305.949,,no best reference,,35.53027553,-97.47577997,24.539,-149.268,1.721,7.200,99.990
VN300_2026-07-12_14-41-49_VNINS.csv,lap,1,11784,294.852215,18.241337,570.179,305.949,,no best reference,,35.53027553,-97.47577997,24.539,-150.609,1.910,7.023,99.990
VN300_2026-07-12_14-41-49_VNINS.csv,lap,1,11785,294.852215,18.241337,570.179,305.949,,no best reference,,35.53027553,-97.47577997,24.539,-151.841,2.011,7.076,99.990
VN300_2026-07-12_14-41-49_VNINS.csv,lap,1,11786,294.852215,18.241337,570.179,305.949,,no best reference,,35.53027553,-97.47577997,24.539,-152.965,2.146,7.113,99.990
VN300_2026-07-12_14-41-49_VNINS.csv,lap,1,11787,294.852215,18.241337,570.179,305.949,,no best reference,,35.53027553,-97.47577997,24.539,-153.980,2.283,6.953,99.990
VN300_2026-07-12_14-41-49_VNINS.csv,lap,1,11788,294.852215,18.241337,570.179,305.949,,no best reference,,35.53027553,-97.47577997,24.539,-154.911,2.504,6.831,99.990
VN300_2026-07-12_14-41-49_VNINS.csv,lap,1,11789,294.852215,18.241337,570.179,305.949,,no best reference,,35.53027553,-97.47577997,24.539,-155.730,2.715,6.832,99.990
VN300_2026-07-12_14-41-49_VNINS.csv,lap,1,11790,294.852215,18.241337,570.179,305.949,,no best reference,,35.53027553,-97.47577997,24.539,-156.450,2.860,6.580,99.990
VN300_2026-07-12_14-41-49_VNINS.csv,lap,1,11791,294.852215,18.241337,570.179,305.949,,no best reference,,35.53027553,-97.47577997,24.539,-157.097,3.014,6.731,99.990
VN300_2026-07-12_14-41-49_VNINS.csv,lap,1,11792,295.140502,18.529624,570.179,305.949,,no best reference,,35.53027553,-97.47577997,24.539,-157.690,3.155,6.815,99.990
VN300_2026-07-12_14-41-49_VNINS.csv,lap,1,11793,295.140502,18.529624,570.179,305.949,,no best reference,,35.53027553,-97.47577997,24.539,-158.269,3.244,6.427,99.990
VN300_2026-07-12_14-41-49_VNINS.csv,lap,1,11794,295.140502,18.529624,570.179,305.949,,no best reference,,35.53027553,-97.47577997,24.539,-158.857,3.334,6.617,99.990
VN300_2026-07-12_14-41-49_VNINS.csv,lap,1,11795,295.140502,18.529624,570.179,305.949,,no best reference,,35.53027553,-97.47577997,24.539,-159.447,3.476,6.718,99.990
VN300_2026-07-12_14-41-49_VNINS.csv,lap,1,11796,295.140502,18.529624,570.179,305.949,,no best reference,,35.53027553,-97.47577997,24.539,-160.065,3.617,6.581,99.990
VN300_2026-07-12_14-41-49_VNINS.csv,lap,1,11797,295.140502,18.529624,570.179,305.949,,no best reference,,35.53027553,-97.47577997,24.539,-160.671,3.789,6.693,99.990
VN300_2026-07-12_14-41-49_VNINS.csv,lap,1,11798,295.140502,18.529624,570.179,305.949,,no best reference,,35.53027553,-97.47577997,24.539,-161.337,4.044,6.636,99.990
VN300_2026-07-12_14-41-49_VNINS.csv,lap,1,11799,295.140502,18.529624,570.179,305.949,,no best reference,,35.53027553,-97.47577997,24.539,-162.081,4.421,6.611,99.990
VN300_2026-07-12_14-41-49_VNINS.csv,lap,1,11800,295.140502,18.529624,570.179,305.949,,no best reference,,35.53027553,-97.47577997,24.539,-162.830,4.746,6.757,99.990
VN300_2026-07-12_14-41-49_VNINS.csv,lap,1,11801,295.140502,18.529624,570.179,305.949,,no best reference,,35.53027553,-97.47577997,24.539,-163.573,4.966,6.865,99.990
VN300_2026-07-12_14-41-49_VNINS.csv,lap,1,11802,295.140502,18.529624,570.179,305.949,,no best reference,,35.53027553,-97.47577997,24.539,-164.328,5.105,6.941,99.990
VN300_2026-07-12_14-41-49_VNINS.csv,lap,1,11803,295.394344,18.783466,570.179,305.949,,no best reference,,35.53027553,-97.47577997,24.539,-165.144,5.157,6.919,99.990
VN300_2026-07-12_14-41-49_VNINS.csv,lap,1,11804,295.394344,18.783466,570.179,305.949,,no best reference,,35.53027553,-97.47577997,24.539,-165.976,5.150,6.901,99.990
VN300_2026-07-12_14-41-49_VNINS.csv,lap,1,11805,295.394344,18.783466,570.179,305.949,,no best reference,,35.53027553,-97.47577997,24.539,-166.831,5.097,6.829,99.990
VN300_2026-07-12_14-41-49_VNINS.csv,lap,1,11806,295.394344,18.783466,570.179,305.949,,no best reference,,35.53027553,-97.47577997,24.539,-167.715,5.059,6.688,99.990
VN300_2026-07-12_14-41-49_VNINS.csv,lap,1,11807,295.394344,18.783466,570.179,305.949,,no best reference,,35.53027553,-97.47577997,24.539,-168.673,5.056,6.506,99.990
VN300_2026-07-12_14-41-49_VNINS.csv,lap,1,11808,295.394344,18.783466,570.179,305.949,,no best reference,,35.53027553,-97.47577997,24.539,-169.688,5.118,6.504,99.990
VN300_2026-07-12_14-41-49_VNINS.csv,lap,1,11809,295.394344,18.783466,570.179,305.949,,no best reference,,35.53027553,-97.47577997,24.539,-170.748,5.210,6.516,99.990
VN300_2026-07-12_14-41-49_VNINS.csv,lap,1,11810,295.394344,18.783466,570.179,305.949,,no best reference,,35.53027553,-97.47577997,24.539,-171.827,5.310,6.465,99.990
VN300_2026-07-12_14-41-49_VNINS.csv,lap,1,11811,295.394344,18.783466,570.179,305.949,,no best reference,,35.53027553,-97.47577997,24.539,-172.934,5.368,6.265,99.990
VN300_2026-07-12_14-41-49_VNINS.csv,lap,1,11812,295.394344,18.783466,570.179,305.949,,no best reference,,35.53027553,-97.47577997,24.539,-174.065,5.434,6.206,99.990
VN300_2026-07-12_14-41-49_VNINS.csv,lap,1,11813,295.647936,19.037058,570.179,305.949,,no best reference,,35.53027553,-97.47577997,24.539,-175.247,5.505,6.195,99.990
VN300_2026-07-12_14-41-49_VNINS.csv,lap,1,11814,295.647936,19.037058,570.179,305.949,,no best reference,,35.53027553,-97.47577997,24.539,-176.522,5.660,6.056,99.990
VN300_2026-07-12_14-41-49_VNINS.csv,lap,1,11815,295.647936,19.037058,583.507,319.277,,no best reference,,35.53016743,-97.47571633,31.126,-177.827,5.850,6.180,99.990
VN300_2026-07-12_14-41-49_VNINS.csv,lap,1,11816,295.647936,19.037058,583.957,319.727,,no best reference,,35.53016560,-97.47571190,31.496,-179.172,6.101,6.249,99.990
VN300_2026-07-12_14-41-49_VNINS.csv,lap,1,11817,295.647936,19.037058,584.310,320.080,,no best reference,,35.53016364,-97.47570883,31.813,179.373,6.422,6.155,99.990
VN300_2026-07-12_14-41-49_VNINS.csv,lap,1,11818,295.647936,19.037058,584.666,320.436,,no best reference,,35.53016173,-97.47570567,32.028,177.905,6.825,6.199,99.990
VN300_2026-07-12_14-41-49_VNINS.csv,lap,1,11819,295.647936,19.037058,585.027,320.797,,no best reference,,35.53015983,-97.47570244,32.447,176.454,7.123,5.988,99.990
VN300_2026-07-12_14-41-49_VNINS.csv,lap,1,11820,295.647936,19.037058,585.391,321.161,,no best reference,,35.53015797,-97.47569913,32.753,175.079,7.330,5.841,99.990
VN300_2026-07-12_14-41-49_VNINS.csv,lap,1,11821,295.647936,19.037058,585.758,321.527,,no best reference,,35.53015616,-97.47569574,33.037,173.779,7.493,5.961,99.990
VN300_2026-07-12_14-41-49_VNINS.csv,lap,1,11822,295.647936,19.037058,586.129,321.898,,no best reference,,35.53015437,-97.47569228,33.384,172.529,7.524,5.875,99.990
VN300_2026-07-12_14-41-49_VNINS.csv,lap,1,11823,295.901309,19.290431,586.387,322.157,,no best reference,,35.53015217,-97.47569137,29.747,171.323,7.419,5.530,99.990
VN300_2026-07-12_14-41-49_VNINS.csv,lap,1,11824,295.901309,19.290431,586.700,322.469,,no best reference,,35.53015058,-97.47568852,29.751,170.185,7.232,5.172,99.990
VN300_2026-07-12_14-41-49_VNINS.csv,lap,1,11825,295.901309,19.290431,587.031,322.801,,no best reference,,35.53014896,-97.47568544,29.835,169.061,7.043,4.989,99.990
VN300_2026-07-12_14-41-49_VNINS.csv,lap,1,11826,295.901309,19.290431,587.363,323.133,,no best reference,,35.53014737,-97.47568234,29.911,167.931,6.923,4.951,99.990
VN300_2026-07-12_14-41-49_VNINS.csv,lap,1,11827,295.901309,19.290431,587.696,323.465,,no best reference,,35.53014580,-97.47567921,30.025,166.759,6.849,4.852,99.990
VN300_2026-07-12_14-41-49_VNINS.csv,lap,1,11828,295.901309,19.290431,588.030,323.800,,no best reference,,35.53014426,-97.47567604,30.159,165.477,6.856,4.758,99.990
VN300_2026-07-12_14-41-49_VNINS.csv,lap,1,11829,295.901309,19.290431,588.366,324.135,,no best reference,,35.53014273,-97.47567284,30.303,164.107,7.026,4.648,99.990
VN300_2026-07-12_14-41-49_VNINS.csv,lap,1,11830,295.901309,19.290431,588.704,324.474,,no best reference,,35.53014122,-97.47566959,30.492,162.623,7.343,4.579,99.990
VN300_2026-07-12_14-41-49_VNINS.csv,lap,1,11831,295.901309,19.290431,588.966,324.736,,no best reference,,35.53014048,-97.47566684,28.340,161.068,7.777,4.408,99.990
VN300_2026-07-12_14-41-49_VNINS.csv,lap,1,11832,295.901309,19.290431,589.285,325.055,,no best reference,,35.53013923,-97.47566367,28.623,159.533,8.225,4.242,99.990
VN300_2026-07-12_14-41-49_VNINS.csv,lap,1,11833,295.901309,19.290431,589.604,325.374,,no best reference,,35.53013801,-97.47566048,28.746,157.987,8.623,3.953,99.990
VN300_2026-07-12_14-41-49_VNINS.csv,lap,1,11834,296.177177,19.566299,589.924,325.693,,no best reference,,35.53013683,-97.47565726,28.779,156.581,8.936,3.742,99.990
VN300_2026-07-12_14-41-49_VNINS.csv,lap,1,11835,296.177177,19.566299,590.243,326.013,,no best reference,,35.53013569,-97.47565402,28.798,155.246,9.115,3.705,99.990
VN300_2026-07-12_14-41-49_VNINS.csv,lap,1,11836,296.177177,19.566299,590.563,326.333,,no best reference,,35.53013459,-97.47565075,28.878,154.017,9.147,3.543,99.990
VN300_2026-07-12_14-41-49_VNINS.csv,lap,1,11837,296.177177,19.566299,590.885,326.655,,no best reference,,35.53013351,-97.47564745,29.039,152.814,9.094,3.192,99.990
VN300_2026-07-12_14-41-49_VNINS.csv,lap,1,11838,296.177177,19.566299,591.209,326.979,,no best reference,,35.53013246,-97.47564411,29.184,151.577,9.066,2.799,99.990
VN300_2026-07-12_14-41-49_VNINS.csv,lap,1,11839,296.177177,19.566299,591.601,327.371,,no best reference,,35.53013436,-97.47564046,27.932,150.330,9.061,2.617,99.990
VN300_2026-07-12_14-41-49_VNINS.csv,lap,1,11840,296.177177,19.566299,591.909,327.679,,no best reference,,35.53013394,-97.47563710,28.131,149.032,9.125,2.517,99.990
VN300_2026-07-12_14-41-49_VNINS.csv,lap,1,11841,296.177177,19.566299,592.223,327.993,,no best reference,,35.53013342,-97.47563369,28.261,147.707,9.240,2.347,99.990
VN300_2026-07-12_14-41-49_VNINS.csv,lap,1,11842,296.177177,19.566299,592.540,328.310,,no best reference,,35.53013294,-97.47563023,28.594,146.316,9.388,2.246,99.990
VN300_2026-07-12_14-41-49_VNINS.csv,lap,1,11843,296.177177,19.566299,592.860,328.630,,no best reference,,35.53013251,-97.47562674,28.878,144.887,9.599,2.083,99.990
VN300_2026-07-12_14-41-49_VNINS.csv,lap,1,11844,296.177177,19.566299,593.184,328.954,,no best reference,,35.53013213,-97.47562319,29.172,143.431,9.846,1.847,99.990
VN300_2026-07-12_14-41-49_VNINS.csv,lap,1,11845,296.431015,19.820137,593.510,329.279,,no best reference,,35.53013181,-97.47561961,29.402,142.002,10.129,1.616,99.990
VN300_2026-07-12_14-41-49_VNINS.csv,lap,1,11846,296.431015,19.820137,593.840,329.609,,no best reference,,35.53013153,-97.47561598,29.762,140.677,10.379,1.244,99.990
VN300_2026-07-12_14-41-49_VNINS.csv,lap,1,11847,296.431015,19.820137,594.173,329.943,,no best reference,,35.53013129,-97.47561231,30.108,139.497,10.519,0.980,99.990
VN300_2026-07-12_14-41-49_VNINS.csv,lap,1,11848,296.431015,19.820137,594.439,330.209,,no best reference,,35.53013087,-97.47560941,29.673,138.539,10.471,0.873,2.070
VN300_2026-07-12_14-41-49_VNINS.csv,lap,1,11849,296.431015,19.820137,594.772,330.542,,no best reference,,35.53013072,-97.47560574,29.909,137.811,10.226,0.817,2.070
VN300_2026-07-12_14-41-49_VNINS.csv,lap,1,11850,296.431015,19.820137,595.107,330.877,,no best reference,,35.53013060,-97.47560204,30.205,137.225,9.785,0.552,2.070
VN300_2026-07-12_14-41-49_VNINS.csv,lap,1,11851,296.431015,19.820137,595.445,331.214,,no best reference,,35.53013051,-97.47559831,30.389,136.684,9.286,0.144,2.070
VN300_2026-07-12_14-41-49_VNINS.csv,lap,1,11852,296.431015,19.820137,595.785,331.555,,no best reference,,35.53013046,-97.47559455,30.709,136.068,8.914,0.007,2.070
VN300_2026-07-12_14-41-49_VNINS.csv,lap,1,11853,296.431015,19.820137,596.128,331.898,,no best reference,,35.53013045,-97.47559076,30.911,135.420,8.783,-0.133,2.070
VN300_2026-07-12_14-41-49_VNINS.csv,lap,1,11854,296.431015,19.820137,596.476,332.245,,no best reference,,35.53013046,-97.47558692,31.318,134.650,9.023,-0.347,2.070
VN300_2026-07-12_14-41-49_VNINS.csv,lap,1,11855,296.684472,20.073594,596.735,332.504,,no best reference,,35.53012993,-97.47558413,30.965,133.896,9.529,-0.419,1.920
VN300_2026-07-12_14-41-49_VNINS.csv,lap,1,11856,296.684472,20.073594,597.081,332.851,,no best reference,,35.53013000,-97.47558030,31.290,133.206,10.166,-0.434,1.920
VN300_2026-07-12_14-41-49_VNINS.csv,lap,1,11857,296.684472,20.073594,597.433,333.202,,no best reference,,35.53013010,-97.47557642,31.620,132.687,10.716,-0.458,1.920
VN300_2026-07-12_14-41-49_VNINS.csv,lap,1,11858,296.684472,20.073594,597.786,333.556,,no best reference,,35.53013022,-97.47557252,31.874,132.355,11.005,-0.631,1.920
VN300_2026-07-12_14-41-49_VNINS.csv,lap,1,11859,296.684472,20.073594,598.142,333.912,,no best reference,,35.53013036,-97.47556859,32.034,132.237,10.807,-0.845,1.920
VN300_2026-07-12_14-41-49_VNINS.csv,lap,1,11860,296.684472,20.073594,598.500,334.269,,no best reference,,35.53013053,-97.47556464,32.250,132.168,10.415,-0.898,1.920
VN300_2026-07-12_14-41-49_VNINS.csv,lap,1,11861,296.684472,20.073594,598.862,334.631,,no best reference,,35.53013073,-97.47556065,32.519,132.001,10.117,-0.689,1.920
VN300_2026-07-12_14-41-49_VNINS.csv,lap,1,11862,296.684472,20.073594,599.226,334.996,,no best reference,,35.53013094,-97.47555663,32.801,131.786,9.901,-0.971,1.920
VN300_2026-07-12_14-41-49_VNINS.csv,lap,1,11863,296.684472,20.073594,599.395,335.165,,no best reference,,35.53013092,-97.47555476,31.631,131.509,9.914,-1.188,1.800
VN300_2026-07-12_14-41-49_VNINS.csv,lap,1,11864,296.684472,20.073594,599.748,335.518,,no best reference,,35.53013122,-97.47555088,31.807,131.210,10.247,-1.216,1.800
VN300_2026-07-12_14-41-49_VNINS.csv,lap,1,11865,296.938032,20.327154,600.103,335.873,,no best reference,,35.53013153,-97.47554697,31.967,130.939,10.675,-1.418,1.800
VN300_2026-07-12_14-41-49_VNINS.csv,lap,1,11866,296.938032,20.327154,600.461,336.231,,no best reference,,35.53013187,-97.47554304,32.188,130.662,11.018,-1.330,1.800
VN300_2026-07-12_14-41-49_VNINS.csv,lap,1,11867,296.938032,20.327154,600.821,336.591,,no best reference,,35.53013224,-97.47553909,32.463,130.411,11.234,-1.317,1.800
VN300_2026-07-12_14-41-49_VNINS.csv,lap,1,11868,296.938032,20.327154,601.184,336.954,,no best reference,,35.53013262,-97.47553510,32.707,130.205,11.311,-1.318,1.800
VN300_2026-07-12_14-41-49_VNINS.csv,lap,1,11869,296.938032,20.327154,601.549,337.319,,no best reference,,35.53013303,-97.47553110,32.800,130.091,11.034,-1.221,1.800
VN300_2026-07-12_14-41-49_VNINS.csv,lap,1,11870,296.938032,20.327154,601.915,337.685,,no best reference,,35.53013344,-97.47552709,32.850,129.997,10.576,-1.259,1.800
VN300_2026-07-12_14-41-49_VNINS.csv,lap,1,11871,296.938032,20.327154,602.225,337.995,,no best reference,,35.53013293,-97.47552372,32.370,129.880,10.238,-1.257,1.700
VN300_2026-07-12_14-41-49_VNINS.csv,lap,1,11872,296.938032,20.327154,602.587,338.356,,no best reference,,35.53013335,-97.47551976,32.431,129.790,10.161,-1.273,1.700
VN300_2026-07-12_14-41-49_VNINS.csv,lap,1,11873,296.938032,20.327154,602.949,338.719,,no best reference,,35.53013378,-97.47551579,32.541,129.704,10.339,-1.261,1.700
VN300_2026-07-12_14-41-49_VNINS.csv,lap,1,11874,296.938032,20.327154,603.311,339.081,,no best reference,,35.53013421,-97.47551182,32.545,129.657,10.815,-1.322,1.700
VN300_2026-07-12_14-41-49_VNINS.csv,lap,1,11875,297.203694,20.592816,603.674,339.444,,no best reference,,35.53013467,-97.47550785,32.530,129.636,11.389,-1.231,1.700
VN300_2026-07-12_14-41-49_VNINS.csv,lap,1,11876,297.203694,20.592816,604.038,339.808,,no best reference,,35.53013512,-97.47550387,32.575,129.660,11.839,-1.170,1.710
VN300_2026-07-12_14-41-49_VNINS.csv,lap,1,11877,297.203694,20.592816,604.401,340.171,,no best reference,,35.53013559,-97.47549990,32.606,129.684,12.097,-1.176,1.710
VN300_2026-07-12_14-41-49_VNINS.csv,lap,1,11878,297.203694,20.592816,604.765,340.535,,no best reference,,35.53013608,-97.47549592,32.715,129.728,12.072,-1.221,1.710
VN300_2026-07-12_14-41-49_VNINS.csv,lap,1,11879,297.203694,20.592816,605.217,340.986,,no best reference,,35.53013494,-97.47549113,33.605,129.785,11.908,-1.196,1.620
VN300_2026-07-12_14-41-49_VNINS.csv,lap,1,11880,297.203694,20.592816,605.594,341.363,,no best reference,,35.53013531,-97.47548699,33.896,129.893,11.755,-1.221,1.620
VN300_2026-07-12_14-41-49_VNINS.csv,lap,1,11881,297.203694,20.592816,605.972,341.742,,no best reference,,35.53013568,-97.47548283,33.994,130.030,11.589,-1.221,1.620
VN300_2026-07-12_14-41-49_VNINS.csv,lap,1,11882,297.203694,20.592816,606.353,342.122,,no best reference,,35.53013604,-97.47547865,34.136,130.172,11.471,-1.248,1.620
VN300_2026-07-12_14-41-49_VNINS.csv,lap,1,11883,297.203694,20.592816,606.735,342.504,,no best reference,,35.53013639,-97.47547445,34.279,130.348,11.562,-1.236,1.620
VN300_2026-07-12_14-41-49_VNINS.csv,lap,1,11884,297.203694,20.592816,607.118,342.887,,no best reference,,35.53013674,-97.47547024,34.376,130.574,11.759,-1.302,1.620
VN300_2026-07-12_14-41-49_VNINS.csv,lap,1,11885,297.203694,20.592816,607.501,343.271,,no best reference,,35.53013708,-97.47546602,34.428,130.799,12.000,-1.232,1.620
VN300_2026-07-12_14-41-49_VNINS.csv,lap,1,11886,297.457587,20.846709,607.886,343.655,,no best reference,,35.53013739,-97.47546179,34.469,131.013,12.153,-1.166,1.620
VN300_2026-07-12_14-41-49_VNINS.csv,lap,1,11887,297.457587,20.846709,608.270,344.040,,no best reference,,35.53013771,-97.47545756,34.470,131.237,12.128,-1.057,1.620
VN300_2026-07-12_14-41-49_VNINS.csv,lap,1,11888,297.457587,20.846709,608.729,344.499,,no best reference,,35.53013637,-97.47545276,34.970,131.537,12.069,-1.122,1.550
VN300_2026-07-12_14-41-49_VNINS.csv,lap,1,11889,297.457587,20.846709,609.121,344.891,,no best reference,,35.53013656,-97.47544844,35.079,131.892,12.158,-1.172,1.550
VN300_2026-07-12_14-41-49_VNINS.csv,lap,1,11890,297.457587,20.846709,609.512,345.282,,no best reference,,35.53013674,-97.47544412,35.104,132.275,12.366,-0.990,1.550
VN300_2026-07-12_14-41-49_VNINS.csv,lap,1,11891,297.457587,20.846709,609.906,345.675,,no best reference,,35.53013691,-97.47543978,35.268,132.719,12.764,-0.958,1.550
VN300_2026-07-12_14-41-49_VNINS.csv,lap,1,11892,297.457587,20.846709,610.299,346.068,,no best reference,,35.53013706,-97.47543544,35.156,133.225,13.214,-0.794,1.550
VN300_2026-07-12_14-41-49_VNINS.csv,lap,1,11893,297.457587,20.846709,610.691,346.460,,no best reference,,35.53013718,-97.47543111,35.100,133.796,13.475,-0.677,1.550
VN300_2026-07-12_14-41-49_VNINS.csv,lap,1,11894,297.457587,20.846709,611.083,346.852,,no best reference,,35.53013726,-97.47542678,35.064,134.375,13.484,-0.590,1.550
VN300_2026-07-12_14-41-49_VNINS.csv,lap,1,11895,297.457587,20.846709,611.474,347.243,,no best reference,,35.53013732,-97.47542246,35.014,134.910,13.262,-0.499,1.550
VN300_2026-07-12_14-41-49_VNINS.csv,lap,1,11896,297.711068,21.100190,611.862,347.632,,no best reference,,35.53013592,-97.47541853,34.595,135.308,12.738,-0.408,1.490
VN300_2026-07-12_14-41-49_VNINS.csv,lap,1,11897,297.711068,21.100190,612.248,348.018,,no best reference,,35.53013585,-97.47541426,34.650,135.780,12.094,-0.483,1.490
VN300_2026-07-12_14-41-49_VNINS.csv,lap,1,11898,297.711068,21.100190,612.635,348.405,,no best reference,,35.53013576,-97.47540999,34.653,136.410,11.564,-0.451,1.490
VN300_2026-07-12_14-41-49_VNINS.csv,lap,1,11899,297.711068,21.100190,613.022,348.791,,no best reference,,35.53013563,-97.47540572,34.658,137.291,11.260,-0.435,1.490
VN300_2026-07-12_14-41-49_VNINS.csv,lap,1,11900,297.711068,21.100190,613.409,349.179,,no best reference,,35.53013545,-97.47540144,34.779,138.454,11.346,-0.613,1.490
VN300_2026-07-12_14-41-49_VNINS.csv,lap,1,11901,297.711068,21.100190,613.796,349.566,,no best reference,,35.53013527,-97.47539717,34.556,139.682,11.675,-0.216,1.490
VN300_2026-07-12_14-41-49_VNINS.csv,lap,1,11902,297.711068,21.100190,614.181,349.950,,no best reference,,35.53013505,-97.47539293,34.333,141.079,12.037,0.197,1.490
VN300_2026-07-12_14-41-49_VNINS.csv,lap,1,11903,297.711068,21.100190,614.608,350.378,,no best reference,,35.53013376,-97.47538848,34.460,142.308,12.301,0.299,1.430
VN300_2026-07-12_14-41-49_VNINS.csv,lap,1,11904,297.711068,21.100190,614.989,350.759,,no best reference,,35.53013341,-97.47538429,33.849,143.133,12.201,0.582,1.430
VN300_2026-07-12_14-41-49_VNINS.csv,lap,1,11905,297.711068,21.100190,615.369,351.139,,no best reference,,35.53013300,-97.47538012,34.075,143.840,12.061,0.226,1.430
VN300_2026-07-12_14-41-49_VNINS.csv,lap,1,11906,297.964550,21.353672,615.748,351.518,,no best reference,,35.53013256,-97.47537597,33.892,144.505,12.018,0.499,1.430
VN300_2026-07-12_14-41-49_VNINS.csv,lap,1,11907,297.964550,21.353672,616.127,351.897,,no best reference,,35.53013205,-97.47537183,33.941,145.261,12.049,0.626,1.430
VN300_2026-07-12_14-41-49_VNINS.csv,lap,1,11908,297.964550,21.353672,616.507,352.277,,no best reference,,35.53013152,-97.47536768,34.136,146.029,12.315,1.283,1.430
VN300_2026-07-12_14-41-49_VNINS.csv,lap,1,11909,297.964550,21.353672,616.885,352.655,,no best reference,,35.53013096,-97.47536356,33.807,146.685,12.454,1.964,1.440
VN300_2026-07-12_14-41-49_VNINS.csv,lap,1,11910,297.964550,21.353672,617.266,353.036,,no best reference,,35.53013033,-97.47535942,34.229,147.147,12.541,1.597,1.440
VN300_2026-07-12_14-41-49_VNINS.csv,lap,1,11911,297.964550,21.353672,617.604,353.374,,no best reference,,35.53012869,-97.47535628,33.881,147.393,12.523,1.511,1.380
VN300_2026-07-12_14-41-49_VNINS.csv,lap,1,11912,297.964550,21.353672,617.983,353.753,,no best reference,,35.53012795,-97.47535219,34.059,147.634,12.362,1.619,1.380
VN300_2026-07-12_14-41-49_VNINS.csv,lap,1,11913,297.964550,21.353672,618.364,354.134,,no best reference,,35.53012716,-97.47534809,34.262,147.880,12.254,1.694,1.390
VN300_2026-07-12_14-41-49_VNINS.csv,lap,1,11914,297.964550,21.353672,618.748,354.518,,no best reference,,35.53012631,-97.47534398,34.424,148.227,12.204,1.620,1.390
VN300_2026-07-12_14-41-49_VNINS.csv,lap,1,11915,297.964550,21.353672,619.133,354.902,,no best reference,,35.53012543,-97.47533987,34.552,148.659,12.304,1.669,1.390
VN300_2026-07-12_14-41-49_VNINS.csv,lap,1,11916,298.233740,21.622862,619.518,355.288,,no best reference,,35.53012452,-97.47533576,34.517,149.126,12.411,2.170,1.390
VN300_2026-07-12_14-41-49_VNINS.csv,lap,1,11917,298.233740,21.622862,619.902,355.671,,no best reference,,35.53012356,-97.47533169,34.521,149.778,12.471,2.011,1.390
VN300_2026-07-12_14-41-49_VNINS.csv,lap,1,11918,298.233740,21.622862,620.288,356.057,,no best reference,,35.53012252,-97.47532762,34.518,150.516,12.606,2.008,1.390
VN300_2026-07-12_14-41-49_VNINS.csv,lap,1,11919,298.233740,21.622862,620.637,356.406,,no best reference,,35.53012208,-97.47532380,33.765,151.371,12.515,2.567,1.340
VN300_2026-07-12_14-41-49_VNINS.csv,lap,1,11920,298.233740,21.622862,621.014,356.784,,no best reference,,35.53012101,-97.47531984,34.006,152.206,12.334,2.779,1.340
VN300_2026-07-12_14-41-49_VNINS.csv,lap,1,11921,298.233740,21.622862,621.392,357.162,,no best reference,,35.53011990,-97.47531589,33.691,153.047,12.104,3.084,1.340
VN300_2026-07-12_14-41-49_VNINS.csv,lap,1,11922,298.233740,21.622862,621.766,357.536,,no best reference,,35.53011874,-97.47531201,33.378,153.756,11.747,3.168,1.340
VN300_2026-07-12_14-41-49_VNINS.csv,lap,1,11923,298.233740,21.622862,622.138,357.908,,no best reference,,35.53011756,-97.47530817,33.277,154.605,11.431,3.437,1.340
VN300_2026-07-12_14-41-49_VNINS.csv,lap,1,11924,298.233740,21.622862,622.509,358.279,,no best reference,,35.53011632,-97.47530436,33.300,155.702,11.392,3.359,1.340
VN300_2026-07-12_14-41-49_VNINS.csv,lap,1,11925,298.233740,21.622862,622.881,358.650,,no best reference,,35.53011504,-97.47530057,33.315,156.987,11.613,3.482,1.340
VN300_2026-07-12_14-41-49_VNINS.csv,lap,1,11926,298.233740,21.622862,623.251,359.021,,no best reference,,35.53011372,-97.47529681,33.166,158.341,11.939,4.008,1.340
VN300_2026-07-12_14-41-49_VNINS.csv,lap,1,11927,298.487635,21.876757,623.620,359.390,,no best reference,,35.53011234,-97.47529310,33.131,159.775,12.257,4.411,1.350
VN300_2026-07-12_14-41-49_VNINS.csv,lap,1,11928,298.487635,21.876757,624.079,359.848,,no best reference,,35.53010915,-97.47528989,33.275,161.055,12.496,4.451,1.300
VN300_2026-07-12_14-41-49_VNINS.csv,lap,1,11929,298.487635,21.876757,624.451,360.221,,no best reference,,35.53010756,-97.47528627,33.259,162.109,12.508,4.433,1.300
VN300_2026-07-12_14-41-49_VNINS.csv,lap,1,11930,298.487635,21.876757,624.821,360.590,,no best reference,,35.53010596,-97.47528269,33.131,162.923,12.244,4.557,1.300
VN300_2026-07-12_14-41-49_VNINS.csv,lap,1,11931,298.487635,21.876757,625.188,360.958,,no best reference,,35.53010432,-97.47527916,33.074,163.625,11.824,4.678,1.300
VN300_2026-07-12_14-41-49_VNINS.csv,lap,1,11932,298.487635,21.876757,625.556,361.326,,no best reference,,35.53010263,-97.47527567,33.013,164.287,11.336,4.829,1.310
VN300_2026-07-12_14-41-49_VNINS.csv,lap,1,11933,298.487635,21.876757,625.923,361.693,,no best reference,,35.53010089,-97.47527222,33.093,165.044,10.963,4.761,1.310
VN300_2026-07-12_14-41-49_VNINS.csv,lap,1,11934,298.487635,21.876757,626.292,362.061,,no best reference,,35.53009909,-97.47526880,33.156,165.940,10.786,4.881,1.310
VN300_2026-07-12_14-41-49_VNINS.csv,lap,1,11935,298.487635,21.876757,626.583,362.352,,no best reference,,35.53009695,-97.47526695,32.359,167.010,10.780,5.180,1.270
VN300_2026-07-12_14-41-49_VNINS.csv,lap,1,11936,298.487635,21.876757,626.939,362.708,,no best reference,,35.53009510,-97.47526374,32.236,168.078,10.829,5.435,1.270
VN300_2026-07-12_14-41-49_VNINS.csv,lap,1,11937,298.740993,22.130115,627.294,363.064,,no best reference,,35.53009322,-97.47526056,32.057,169.166,10.887,5.485,1.270
VN300_2026-07-12_14-41-49_VNINS.csv,lap,1,11938,298.740993,22.130115,627.650,363.419,,no best reference,,35.53009128,-97.47525744,31.871,170.161,10.917,5.443,1.270
VN300_2026-07-12_14-41-49_VNINS.csv,lap,1,11939,298.740993,22.130115,628.001,363.770,,no best reference,,35.53008932,-97.47525440,31.602,171.113,10.896,5.497,1.270
VN300_2026-07-12_14-41-49_VNINS.csv,lap,1,11940,298.740993,22.130115,628.350,364.120,,no best reference,,35.53008731,-97.47525143,31.369,172.014,10.844,5.487,1.270
VN300_2026-07-12_14-41-49_VNINS.csv,lap,1,11941,298.740993,22.130115,628.696,364.466,,no best reference,,35.53008528,-97.47524853,31.222,172.880,10.756,5.520,1.270
VN300_2026-07-12_14-41-49_VNINS.csv,lap,1,11942,298.740993,22.130115,629.041,364.810,,no best reference,,35.53008321,-97.47524570,31.083,173.729,10.642,5.750,1.270
VN300_2026-07-12_14-41-49_VNINS.csv,lap,1,11943,298.740993,22.130115,629.369,365.139,,no best reference,,35.53008097,-97.47524333,30.723,174.580,10.533,6.157,1.240
VN300_2026-07-12_14-41-49_VNINS.csv,lap,1,11944,298.740993,22.130115,629.709,365.479,,no best reference,,35.53007882,-97.47524066,30.733,175.509,10.507,6.171,1.240
VN300_2026-07-12_14-41-49_VNINS.csv,lap,1,11945,298.740993,22.130115,630.048,365.818,,no best reference,,35.53007663,-97.47523805,30.688,176.427,10.539,6.028,1.240
VN300_2026-07-12_14-41-49_VNINS.csv,lap,1,11946,298.740993,22.130115,630.388,366.157,,no best reference,,35.53007440,-97.47523549,30.687,177.393,10.594,6.217,1.240
VN300_2026-07-12_14-41-49_VNINS.csv,lap,1,11947,298.994627,22.383749,630.727,366.496,,no best reference,,35.53007213,-97.47523299,30.758,178.360,10.720,6.529,1.240
VN300_2026-07-12_14-41-49_VNINS.csv,lap,1,11948,298.994627,22.383749,631.067,366.836,,no best reference,,35.53006982,-97.47523053,30.734,179.285,10.867,6.885,1.240
VN300_2026-07-12_14-41-49_VNINS.csv,lap,1,11949,298.994627,22.383749,631.404,367.174,,no best reference,,35.53006748,-97.47522815,30.725,-179.932,10.923,6.835,1.240
VN300_2026-07-12_14-41-49_VNINS.csv,lap,1,11950,298.994627,22.383749,631.743,367.513,,no best reference,,35.53006510,-97.47522581,30.767,-179.239,10.923,6.915,1.240
VN300_2026-07-12_14-41-49_VNINS.csv,lap,1,11951,298.994627,22.383749,632.008,367.778,,no best reference,,35.53006343,-97.47522372,29.942,-178.624,10.814,7.077,1.210
VN300_2026-07-12_14-41-49_VNINS.csv,lap,1,11952,298.994627,22.383749,632.340,368.110,,no best reference,,35.53006105,-97.47522151,30.062,-178.101,10.580,7.132,1.210
VN300_2026-07-12_14-41-49_VNINS.csv,lap,1,11953,298.994627,22.383749,632.671,368.441,,no best reference,,35.53005865,-97.47521934,30.052,-177.628,10.391,7.316,1.210
VN300_2026-07-12_14-41-49_VNINS.csv,lap,1,11954,298.994627,22.383749,633.003,368.773,,no best reference,,35.53005621,-97.47521723,30.036,-177.142,10.373,7.507,1.210
VN300_2026-07-12_14-41-49_VNINS.csv,lap,1,11955,298.994627,22.383749,633.337,369.106,,no best reference,,35.53005373,-97.47521516,30.194,-176.744,10.398,7.440,1.210
VN300_2026-07-12_14-41-49_VNINS.csv,lap,1,11956,298.994627,22.383749,633.669,369.439,,no best reference,,35.53005124,-97.47521313,30.258,-176.401,10.415,7.558,1.210
VN300_2026-07-12_14-41-49_VNINS.csv,lap,1,11957,299.277756,22.666878,634.001,369.771,,no best reference,,35.53004872,-97.47521115,30.305,-176.111,10.416,7.536,1.210
VN300_2026-07-12_14-41-49_VNINS.csv,lap,1,11958,299.277756,22.666878,634.336,370.106,,no best reference,,35.53004616,-97.47520920,30.515,-175.891,10.394,7.520,1.210
VN300_2026-07-12_14-41-49_VNINS.csv,lap,1,11959,299.277756,22.666878,634.667,370.437,,no best reference,,35.53004448,-97.47520618,30.405,-175.660,10.351,7.637,1.180
VN300_2026-07-12_14-41-49_VNINS.csv,lap,1,11960,299.277756,22.666878,635.006,370.775,,no best reference,,35.53004189,-97.47520422,30.776,-175.405,10.301,7.556,1.180
VN300_2026-07-12_14-41-49_VNINS.csv,lap,1,11961,299.277756,22.666878,635.348,371.117,,no best reference,,35.53003925,-97.47520228,31.027,-175.094,10.261,7.652,1.180
VN300_2026-07-12_14-41-49_VNINS.csv,lap,1,11962,299.277756,22.666878,635.692,371.461,,no best reference,,35.53003658,-97.47520036,31.270,-174.761,10.229,7.562,1.180
VN300_2026-07-12_14-41-49_VNINS.csv,lap,1,11963,299.277756,22.666878,636.038,371.807,,no best reference,,35.53003387,-97.47519848,31.616,-174.465,10.119,7.364,1.180
VN300_2026-07-12_14-41-49_VNINS.csv,lap,1,11964,299.277756,22.666878,636.387,372.156,,no best reference,,35.53003113,-97.47519660,31.810,-174.180,9.976,7.413,1.180
VN300_2026-07-12_14-41-49_VNINS.csv,lap,1,11965,299.277756,22.666878,636.739,372.508,,no best reference,,35.53002834,-97.47519476,31.996,-173.893,9.805,7.502,1.190
VN300_2026-07-12_14-41-49_VNINS.csv,lap,1,11966,299.277756,22.666878,637.092,372.861,,no best reference,,35.53002552,-97.47519297,32.250,-173.603,9.692,7.398,1.190
VN300_2026-07-12_14-41-49_VNINS.csv,lap,1,11967,299.277756,22.666878,637.434,373.203,,no best reference,,35.53002416,-97.47518958,31.902,-173.244,9.664,7.370,1.160
VN300_2026-07-12_14-41-49_VNINS.csv,lap,1,11968,299.277756,22.666878,637.789,373.559,,no best reference,,35.53002133,-97.47518776,32.271,-172.832,9.702,7.507,1.160
VN300_2026-07-12_14-41-49_VNINS.csv,lap,1,11969,299.532327,22.921449,638.147,373.917,,no best reference,,35.53001845,-97.47518599,32.600,-172.350,9.775,7.439,1.160
VN300_2026-07-12_14-41-49_VNINS.csv,lap,1,11970,299.532327,22.921449,638.509,374.278,,no best reference,,35.53001552,-97.47518425,32.830,-171.879,9.904,7.207,1.160
VN300_2026-07-12_14-41-49_VNINS.csv,lap,1,11971,299.532327,22.921449,638.872,374.642,,no best reference,,35.53001257,-97.47518252,33.023,-171.442,9.828,7.427,1.160
VN300_2026-07-12_14-41-49_VNINS.csv,lap,1,11972,299.532327,22.921449,639.240,375.009,,no best reference,,35.53000957,-97.47518082,33.349,-170.967,9.692,7.407,1.160
VN300_2026-07-12_14-41-49_VNINS.csv,lap,1,11973,299.532327,22.921449,639.609,375.379,,no best reference,,35.53000654,-97.47517915,33.520,-170.455,9.498,7.632,1.160
VN300_2026-07-12_14-41-49_VNINS.csv,lap,1,11974,299.532327,22.921449,639.980,375.750,,no best reference,,35.53000347,-97.47517753,33.816,-169.864,9.267,7.474,1.160
VN300_2026-07-12_14-41-49_VNINS.csv,lap,1,11975,299.532327,22.921449,640.332,376.102,,no best reference,,35.53000160,-97.47517439,33.541,-169.212,9.153,7.452,1.130
VN300_2026-07-12_14-41-49_VNINS.csv,lap,1,11976,299.532327,22.921449,640.707,376.477,,no best reference,,35.52999850,-97.47517277,33.831,-168.407,9.236,7.225,1.130
VN300_2026-07-12_14-41-49_VNINS.csv,lap,1,11977,299.532327,22.921449,641.083,376.853,,no best reference,,35.52999537,-97.47517119,33.976,-167.484,9.411,7.295,1.140
VN300_2026-07-12_14-41-49_VNINS.csv,lap,1,11978,299.532327,22.921449,641.460,377.230,,no best reference,,35.52999222,-97.47516965,34.008,-166.500,9.482,7.580,1.140
VN300_2026-07-12_14-41-49_VNINS.csv,lap,1,11979,299.787391,23.176513,641.838,377.608,,no best reference,,35.52998904,-97.47516818,34.245,-165.497,9.457,7.397,1.140
VN300_2026-07-12_14-41-49_VNINS.csv,lap,1,11980,299.787391,23.176513,642.218,377.988,,no best reference,,35.52998582,-97.47516676,34.269,-164.498,9.432,7.301,1.140
VN300_2026-07-12_14-41-49_VNINS.csv,lap,1,11981,299.787391,23.176513,642.598,378.368,,no best reference,,35.52998259,-97.47516541,34.308,-163.571,9.215,7.261,1.140
VN300_2026-07-12_14-41-49_VNINS.csv,lap,1,11982,299.787391,23.176513,642.979,378.749,,no best reference,,35.52997933,-97.47516411,34.471,-162.689,8.933,7.293,1.140
VN300_2026-07-12_14-41-49_VNINS.csv,lap,1,11983,299.787391,23.176513,643.281,379.050,,no best reference,,35.52997705,-97.47516230,33.931,-161.746,8.686,7.296,1.110
VN300_2026-07-12_14-41-49_VNINS.csv,lap,1,11984,299.787391,23.176513,643.658,379.428,,no best reference,,35.52997380,-97.47516110,34.060,-160.730,8.537,7.191,1.110
VN300_2026-07-12_14-41-49_VNINS.csv,lap,1,11985,299.787391,23.176513,644.037,379.806,,no best reference,,35.52997053,-97.47515994,34.053,-159.642,8.418,7.377,1.110
VN300_2026-07-12_14-41-49_VNINS.csv,lap,1,11986,299.787391,23.176513,644.414,380.183,,no best reference,,35.52996726,-97.47515884,34.019,-158.537,8.312,7.514,1.110
VN300_2026-07-12_14-41-49_VNINS.csv,lap,1,11987,299.787391,23.176513,644.791,380.561,,no best reference,,35.52996397,-97.47515781,34.078,-157.398,8.213,7.471,1.120
VN300_2026-07-12_14-41-49_VNINS.csv,lap,1,11988,299.787391,23.176513,645.169,380.939,,no best reference,,35.52996066,-97.47515684,34.107,-156.220,8.213,7.392,1.120
VN300_2026-07-12_14-41-49_VNINS.csv,lap,1,11989,300.041129,23.430251,645.546,381.316,,no best reference,,35.52995735,-97.47515594,34.023,-155.070,8.155,7.501,1.120
VN300_2026-07-12_14-41-49_VNINS.csv,lap,1,11990,300.041129,23.430251,645.923,381.693,,no best reference,,35.52995403,-97.47515511,34.002,-154.006,8.038,7.592,1.120
VN300_2026-07-12_14-41-49_VNINS.csv,lap,1,11991,300.041129,23.430251,646.205,381.975,,no best reference,,35.52995170,-97.47515387,33.300,-152.960,7.950,7.540,1.090
VN300_2026-07-12_14-41-49_VNINS.csv,lap,1,11992,300.041129,23.430251,646.575,382.345,,no best reference,,35.52994843,-97.47515315,33.202,-151.992,7.808,7.664,1.090
VN300_2026-07-12_14-41-49_VNINS.csv,lap,1,11993,300.041129,23.430251,646.943,382.713,,no best reference,,35.52994516,-97.47515252,33.103,-151.058,7.566,7.815,1.090
VN300_2026-07-12_14-41-49_VNINS.csv,lap,1,11994,300.041129,23.430251,647.311,383.081,,no best reference,,35.52994188,-97.47515197,33.176,-150.133,7.414,7.828,1.090
VN300_2026-07-12_14-41-49_VNINS.csv,lap,1,11995,300.041129,23.430251,647.679,383.448,,no best reference,,35.52993860,-97.47515147,33.178,-149.191,7.336,7.948,1.100
VN300_2026-07-12_14-41-49_VNINS.csv,lap,1,11996,300.041129,23.430251,648.047,383.816,,no best reference,,35.52993531,-97.47515103,33.151,-148.299,7.384,8.047,1.100
VN300_2026-07-12_14-41-49_VNINS.csv,lap,1,11997,300.041129,23.430251,648.414,384.184,,no best reference,,35.52993202,-97.47515065,33.157,-147.509,7.378,8.097,1.100
VN300_2026-07-12_14-41-49_VNINS.csv,lap,1,11998,300.041129,23.430251,648.782,384.552,,no best reference,,35.52992872,-97.47515035,33.156,-146.820,7.361,8.071,1.100
VN300_2026-07-12_14-41-49_VNINS.csv,lap,1,11999,300.318142,23.707264,649.047,384.817,,no best reference,,35.52992638,-97.47514977,32.545,-146.178,7.375,8.101,1.070
VN300_2026-07-12_14-41-49_VNINS.csv,lap,1,12000,300.318142,23.707264,649.409,385.179,,no best reference,,35.52992313,-97.47514955,32.601,-145.592,7.420,8.231,1.070
VN300_2026-07-12_14-41-49_VNINS.csv,lap,1,12001,300.318142,23.707264,649.773,385.543,,no best reference,,35.52991986,-97.47514940,32.729,-145.114,7.430,8.325,1.080
VN300_2026-07-12_14-41-49_VNINS.csv,lap,1,12002,300.318142,23.707264,650.137,385.907,,no best reference,,35.52991659,-97.47514931,32.854,-144.670,7.379,8.483,1.080
VN300_2026-07-12_14-41-49_VNINS.csv,lap,1,12003,300.318142,23.707264,650.503,386.272,,no best reference,,35.52991330,-97.47514928,32.995,-144.224,7.317,8.609,1.080
VN300_2026-07-12_14-41-49_VNINS.csv,lap,1,12004,300.318142,23.707264,650.870,386.639,,no best reference,,35.52991000,-97.47514932,33.128,-143.754,7.280,8.516,1.080
VN300_2026-07-12_14-41-49_VNINS.csv,lap,1,12005,300.318142,23.707264,651.239,387.009,,no best reference,,35.52990668,-97.47514941,33.247,-143.282,7.253,8.699,1.080
VN300_2026-07-12_14-41-49_VNINS.csv,lap,1,12006,300.318142,23.707264,651.608,387.378,,no best reference,,35.52990336,-97.47514955,33.394,-142.764,7.252,8.885,1.080
VN300_2026-07-12_14-41-49_VNINS.csv,lap,1,12007,300.318142,23.707264,651.979,387.749,,no best reference,,35.52990003,-97.47514975,33.552,-142.249,7.317,9.046,1.080
VN300_2026-07-12_14-41-49_VNINS.csv,lap,1,12008,300.318142,23.707264,652.254,388.024,,no best reference,,35.52989768,-97.47514879,32.873,-141.777,7.333,9.243,1.060
VN300_2026-07-12_14-41-49_VNINS.csv,lap,1,12009,300.318142,23.707264,652.620,388.389,,no best reference,,35.52989440,-97.47514900,33.125,-141.388,7.273,9.316,1.060
VN300_2026-07-12_14-41-49_VNINS.csv,lap,1,12010,300.572025,23.961147,652.990,388.759,,no best reference,,35.52989108,-97.47514928,33.364,-141.049,7.156,9.438,1.060
VN300_2026-07-12_14-41-49_VNINS.csv,lap,1,12011,300.572025,23.961147,653.362,389.132,,no best reference,,35.52988774,-97.47514961,33.652,-140.715,7.075,9.543,1.060
VN300_2026-07-12_14-41-49_VNINS.csv,lap,1,12012,300.572025,23.961147,653.739,389.508,,no best reference,,35.52988437,-97.47515000,33.865,-140.444,7.057,9.599,1.060
VN300_2026-07-12_14-41-49_VNINS.csv,lap,1,12013,300.572025,23.961147,654.116,389.886,,no best reference,,35.52988099,-97.47515042,34.172,-140.210,7.087,9.837,1.060
VN300_2026-07-12_14-41-49_VNINS.csv,lap,1,12014,300.572025,23.961147,654.498,390.268,,no best reference,,35.52987758,-97.47515088,34.402,-139.978,7.189,10.081,1.060
VN300_2026-07-12_14-41-49_VNINS.csv,lap,1,12015,300.572025,23.961147,654.831,390.600,,no best reference,,35.52987459,-97.47515075,34.233,-139.804,7.278,10.229,1.040
VN300_2026-07-12_14-41-49_VNINS.csv,lap,1,12016,300.572025,23.961147,655.213,390.983,,no best reference,,35.52987117,-97.47515124,34.541,-139.693,7.350,10.255,1.040
VN300_2026-07-12_14-41-49_VNINS.csv,lap,1,12017,300.572025,23.961147,655.599,391.369,,no best reference,,35.52986773,-97.47515179,34.836,-139.668,7.344,10.596,1.040
VN300_2026-07-12_14-41-49_VNINS.csv,lap,1,12018,300.572025,23.961147,655.989,391.758,,no best reference,,35.52986426,-97.47515238,35.187,-139.652,7.256,10.759,1.040
VN300_2026-07-12_14-41-49_VNINS.csv,lap,1,12019,300.572025,23.961147,656.383,392.153,,no best reference,,35.52986075,-97.47515302,35.526,-139.636,7.239,10.821,1.040
VN300_2026-07-12_14-41-49_VNINS.csv,lap,1,12020,300.572025,23.961147,656.780,392.550,,no best reference,,35.52985722,-97.47515369,35.847,-139.644,7.253,10.841,1.040
VN300_2026-07-12_14-41-49_VNINS.csv,lap,1,12021,300.825894,24.215016,657.181,392.951,,no best reference,,35.52985366,-97.47515439,36.192,-139.634,7.319,10.985,1.040
VN300_2026-07-12_14-41-49_VNINS.csv,lap,1,12022,300.825894,24.215016,657.586,393.356,,no best reference,,35.52985007,-97.47515514,36.455,-139.557,7.497,11.019,1.040
VN300_2026-07-12_14-41-49_VNINS.csv,lap,1,12023,300.825894,24.215016,657.950,393.720,,no best reference,,35.52984699,-97.47515377,36.278,-139.517,7.577,10.925,1.020
VN300_2026-07-12_14-41-49_VNINS.csv,lap,1,12024,300.825894,24.215016,658.356,394.125,,no best reference,,35.52984339,-97.47515446,36.575,-139.485,7.597,10.873,1.020
VN300_2026-07-12_14-41-49_VNINS.csv,lap,1,12025,300.825894,24.215016,658.766,394.536,,no best reference,,35.52983975,-97.47515522,36.896,-139.417,7.614,10.910,1.020
VN300_2026-07-12_14-41-49_VNINS.csv,lap,1,12026,300.825894,24.215016,659.178,394.948,,no best reference,,35.52983610,-97.47515601,37.080,-139.356,7.596,10.871,1.020
VN300_2026-07-12_14-41-49_VNINS.csv,lap,1,12027,300.825894,24.215016,659.595,395.364,,no best reference,,35.52983242,-97.47515687,37.438,-139.321,7.616,10.643,1.030
VN300_2026-07-12_14-41-49_VNINS.csv,lap,1,12028,300.825894,24.215016,660.014,395.783,,no best reference,,35.52982872,-97.47515774,37.744,-139.313,7.656,10.761,1.030
VN300_2026-07-12_14-41-49_VNINS.csv,lap,1,12029,300.825894,24.215016,660.435,396.205,,no best reference,,35.52982500,-97.47515865,38.004,-139.292,7.697,10.702,1.030
VN300_2026-07-12_14-41-49_VNINS.csv,lap,1,12030,300.825894,24.215016,660.860,396.630,,no best reference,,35.52982126,-97.47515962,38.314,-139.356,7.775,10.585,1.030
VN300_2026-07-12_14-41-49_VNINS.csv,lap,1,12031,301.079525,24.468647,661.261,397.030,,no best reference,,35.52981808,-97.47515755,38.119,-139.482,7.816,10.487,1.010
VN300_2026-07-12_14-41-49_VNINS.csv,lap,1,12032,301.079525,24.468647,661.686,397.456,,no best reference,,35.52981431,-97.47515837,38.336,-139.613,7.899,10.644,1.010
VN300_2026-07-12_14-41-49_VNINS.csv,lap,1,12033,301.079525,24.468647,662.116,397.886,,no best reference,,35.52981052,-97.47515930,38.600,-139.722,7.971,10.552,1.010
VN300_2026-07-12_14-41-49_VNINS.csv,lap,1,12034,301.079525,24.468647,662.549,398.318,,no best reference,,35.52980671,-97.47516027,38.902,-139.881,8.016,10.430,1.010
VN300_2026-07-12_14-41-49_VNINS.csv,lap,1,12035,301.079525,24.468647,662.985,398.755,,no best reference,,35.52980287,-97.47516127,39.216,-140.054,8.040,10.329,1.010
VN300_2026-07-12_14-41-49_VNINS.csv,lap,1,12036,301.079525,24.468647,663.424,399.194,,no best reference,,35.52979901,-97.47516229,39.518,-140.209,8.161,10.419,1.010
VN300_2026-07-12_14-41-49_VNINS.csv,lap,1,12037,301.079525,24.468647,663.867,399.636,,no best reference,,35.52979513,-97.47516338,39.766,-140.344,8.285,10.378,1.010
VN300_2026-07-12_14-41-49_VNINS.csv,lap,1,12038,301.079525,24.468647,664.313,400.083,,no best reference,,35.52979122,-97.47516450,40.105,-140.476,8.399,10.296,1.010
VN300_2026-07-12_14-41-49_VNINS.csv,lap,1,12039,301.079525,24.468647,664.819,400.589,,no best reference,,35.52978777,-97.47516085,39.555,-140.597,8.439,10.255,0.990
VN300_2026-07-12_14-41-49_VNINS.csv,lap,1,12040,301.079525,24.468647,665.261,401.031,,no best reference,,35.52978386,-97.47516170,39.772,-140.750,8.421,10.233,0.990
VN300_2026-07-12_14-41-49_VNINS.csv,lap,1,12041,301.732961,25.122083,665.707,401.477,,no best reference,,35.52977993,-97.47516270,40.126,-140.925,8.433,10.213,0.990
VN300_2026-07-12_14-41-49_VNINS.csv,lap,1,12042,301.732961,25.122083,666.159,401.928,,no best reference,,35.52977596,-97.47516375,40.434,-141.109,8.547,10.154,0.990
VN300_2026-07-12_14-41-49_VNINS.csv,lap,1,12043,301.732961,25.122083,666.612,402.382,,no best reference,,35.52977198,-97.47516483,40.712,-141.325,8.633,10.247,1.000
VN300_2026-07-12_14-41-49_VNINS.csv,lap,1,12044,301.732961,25.122083,667.069,402.839,,no best reference,,35.52976797,-97.47516594,41.002,-141.589,8.727,10.183,1.000
VN300_2026-07-12_14-41-49_VNINS.csv,lap,1,12045,301.732961,25.122083,667.530,403.300,,no best reference,,35.52976394,-97.47516713,41.289,-141.879,8.792,10.073,1.000
VN300_2026-07-12_14-41-49_VNINS.csv,lap,1,12046,301.732961,25.122083,667.993,403.763,,no best reference,,35.52975990,-97.47516837,41.635,-142.176,8.914,10.010,1.000
VN300_2026-07-12_14-41-49_VNINS.csv,lap,1,12047,301.732961,25.122083,668.459,404.229,,no best reference,,35.52975583,-97.47516962,41.809,-142.494,9.150,10.064,1.000
VN300_2026-07-12_14-41-49_VNINS.csv,lap,1,12048,301.732961,25.122083,669.044,404.814,,no best reference,,35.52975193,-97.47516528,41.171,-142.847,9.470,10.150,0.980
VN300_2026-07-12_14-41-49_VNINS.csv,lap,1,12049,301.732961,25.122083,669.507,405.276,,no best reference,,35.52974786,-97.47516632,41.323,-143.262,9.741,9.936,0.980
VN300_2026-07-12_14-41-49_VNINS.csv,lap,1,12050,301.732961,25.122083,669.970,405.740,,no best reference,,35.52974378,-97.47516737,41.402,-143.742,9.963,9.872,0.980
VN300_2026-07-12_14-41-49_VNINS.csv,lap,1,12051,301.732961,25.122083,670.433,406.203,,no best reference,,35.52973970,-97.47516840,41.399,-144.263,10.139,10.040,0.980
VN300_2026-07-12_14-41-49_VNINS.csv,lap,1,12052,301.732961,25.122083,670.898,406.668,,no best reference,,35.52973561,-97.47516946,41.532,-144.783,10.317,9.757,0.980
VN300_2026-07-12_14-41-49_VNINS.csv,lap,1,12053,301.732961,25.122083,671.366,407.135,,no best reference,,35.52973150,-97.47517054,41.807,-145.356,10.490,9.441,0.980
VN300_2026-07-12_14-41-49_VNINS.csv,lap,1,12054,301.732961,25.122083,671.834,407.604,,no best reference,,35.52972738,-97.47517162,41.847,-145.963,10.657,9.366,0.980
VN300_2026-07-12_14-41-49_VNINS.csv,lap,1,12055,301.732961,25.122083,672.540,408.310,,no best reference,,35.52972283,-97.47516618,41.084,-146.652,10.865,9.436,0.970
VN300_2026-07-12_14-41-49_VNINS.csv,lap,1,12056,301.732961,25.122083,672.999,408.769,,no best reference,,35.52971875,-97.47516698,41.112,-147.352,11.178,9.222,0.970
VN300_2026-07-12_14-41-49_VNINS.csv,lap,1,12057,301.732961,25.122083,673.464,409.233,,no best reference,,35.52971463,-97.47516782,41.424,-148.063,11.503,8.707,0.970
VN300_2026-07-12_14-41-49_VNINS.csv,lap,1,12058,301.732961,25.122083,673.927,409.697,,no best reference,,35.52971052,-97.47516865,41.298,-148.734,11.754,8.680,0.970
VN300_2026-07-12_14-41-49_VNINS.csv,lap,1,12059,301.732961,25.122083,674.391,410.161,,no best reference,,35.52970640,-97.47516950,41.555,-149.328,11.859,8.831,0.970
VN300_2026-07-12_14-41-49_VNINS.csv,lap,1,12060,301.732961,25.122083,674.857,410.627,,no best reference,,35.52970227,-97.47517038,41.632,-149.977,11.774,8.361,0.970
VN300_2026-07-12_14-41-49_VNINS.csv,lap,1,12061,301.732961,25.122083,675.322,411.092,,no best reference,,35.52969815,-97.47517126,41.589,-150.598,11.605,8.042,0.970
VN300_2026-07-12_14-41-49_VNINS.csv,lap,1,12062,301.732961,25.122083,675.789,411.558,,no best reference,,35.52969402,-97.47517214,41.689,-151.298,11.525,7.853,0.970
VN300_2026-07-12_14-41-49_VNINS.csv,lap,1,12063,301.732961,25.122083,676.628,412.398,,no best reference,,35.52968836,-97.47516600,41.584,-152.046,11.509,7.715,0.950
VN300_2026-07-12_14-41-49_VNINS.csv,lap,1,12064,301.732961,25.122083,677.095,412.865,,no best reference,,35.52968419,-97.47516664,41.686,-152.870,11.638,7.478,0.950
VN300_2026-07-12_14-41-49_VNINS.csv,lap,1,12065,301.732961,25.122083,677.562,413.331,,no best reference,,35.52968003,-97.47516729,41.768,-153.762,11.934,7.240,0.950
VN300_2026-07-12_14-41-49_VNINS.csv,lap,1,12066,301.732961,25.122083,678.028,413.797,,no best reference,,35.52967587,-97.47516792,41.628,-154.659,12.269,6.824,0.950
VN300_2026-07-12_14-41-49_VNINS.csv,lap,1,12067,301.991375,25.380497,678.492,414.261,,no best reference,,35.52967173,-97.47516855,41.491,-155.526,12.591,6.698,0.960
VN300_2026-07-12_14-41-49_VNINS.csv,lap,1,12068,301.991375,25.380497,678.957,414.726,,no best reference,,35.52966758,-97.47516918,41.496,-156.377,12.918,6.212,0.960
VN300_2026-07-12_14-41-49_VNINS.csv,lap,1,12069,301.991375,25.380497,679.421,415.190,,no best reference,,35.52966344,-97.47516982,41.416,-157.149,13.019,5.893,0.960
VN300_2026-07-12_14-41-49_VNINS.csv,lap,1,12070,301.991375,25.380497,679.881,415.651,,no best reference,,35.52965933,-97.47517046,41.181,-157.897,13.112,5.642,0.960
VN300_2026-07-12_14-41-49_VNINS.csv,lap,1,12071,301.991375,25.380497,680.828,416.597,,no best reference,,35.52965317,-97.47516324,41.343,-158.684,13.140,5.531,0.940
VN300_2026-07-12_14-41-49_VNINS.csv,lap,1,12072,301.991375,25.380497,681.290,417.060,,no best reference,,35.52964902,-97.47516360,41.319,-159.505,13.179,5.236,0.940
VN300_2026-07-12_14-41-49_VNINS.csv,lap,1,12073,301.991375,25.380497,681.751,417.520,,no best reference,,35.52964489,-97.47516396,41.274,-160.348,13.211,5.005,0.940
VN300_2026-07-12_14-41-49_VNINS.csv,lap,1,12074,301.991375,25.380497,682.212,417.982,,no best reference,,35.52964075,-97.47516432,41.244,-161.182,13.273,4.848,0.940
VN300_2026-07-12_14-41-49_VNINS.csv,lap,1,12075,301.991375,25.380497,682.675,418.445,,no best reference,,35.52963660,-97.47516470,41.479,-161.946,13.164,4.568,0.940
VN300_2026-07-12_14-41-49_VNINS.csv,lap,1,12076,301.991375,25.380497,683.140,418.910,,no best reference,,35.52963243,-97.47516507,41.502,-162.675,13.054,4.242,0.940
VN300_2026-07-12_14-41-49_VNINS.csv,lap,1,12077,302.244841,25.633963,683.604,419.373,,no best reference,,35.52962827,-97.47516545,41.441,-163.394,12.993,4.145,0.950
VN300_2026-07-12_14-41-49_VNINS.csv,lap,1,12078,302.244841,25.633963,684.066,419.836,,no best reference,,35.52962412,-97.47516583,41.421,-164.254,13.136,4.185,0.950
VN300_2026-07-12_14-41-49_VNINS.csv,lap,1,12079,302.244841,25.633963,685.169,420.939,,no best reference,,35.52961680,-97.47515761,42.567,-165.204,13.482,3.879,0.930
VN300_2026-07-12_14-41-49_VNINS.csv,lap,1,12080,302.244841,25.633963,685.647,421.417,,no best reference,,35.52961250,-97.47515770,42.957,-166.150,13.772,3.529,0.930
VN300_2026-07-12_14-41-49_VNINS.csv,lap,1,12081,302.244841,25.633963,686.127,421.896,,no best reference,,35.52960819,-97.47515778,42.937,-166.929,13.976,3.446,0.930
VN300_2026-07-12_14-41-49_VNINS.csv,lap,1,12082,302.244841,25.633963,686.606,422.376,,no best reference,,35.52960388,-97.47515786,42.795,-167.546,14.000,3.239,0.930
VN300_2026-07-12_14-41-49_VNINS.csv,lap,1,12083,302.244841,25.633963,687.084,422.854,,no best reference,,35.52959958,-97.47515794,42.530,-168.033,13.832,3.074,0.930
VN300_2026-07-12_14-41-49_VNINS.csv,lap,1,12084,302.244841,25.633963,687.557,423.326,,no best reference,,35.52959533,-97.47515801,42.233,-168.452,13.635,2.989,0.930
VN300_2026-07-12_14-41-49_VNINS.csv,lap,1,12085,302.244841,25.633963,688.028,423.798,,no best reference,,35.52959109,-97.47515810,42.035,-168.814,13.431,2.735,0.930
VN300_2026-07-12_14-41-49_VNINS.csv,lap,1,12086,302.244841,25.633963,688.498,424.267,,no best reference,,35.52958687,-97.47515818,41.898,-169.169,13.305,2.472,0.940
VN300_2026-07-12_14-41-49_VNINS.csv,lap,1,12087,302.833969,26.223091,689.565,425.335,,no best reference,,35.52958096,-97.47514888,42.027,-169.373,13.324,2.312,0.920
VN300_2026-07-12_14-41-49_VNINS.csv,lap,1,12088,302.833969,26.223091,690.036,425.805,,no best reference,,35.52957674,-97.47514856,41.702,-169.636,13.312,2.140,0.920
VN300_2026-07-12_14-41-49_VNINS.csv,lap,1,12089,302.833969,26.223091,690.500,426.270,,no best reference,,35.52957256,-97.47514841,41.322,-169.779,13.264,2.117,0.920
VN300_2026-07-12_14-41-49_VNINS.csv,lap,1,12090,302.833969,26.223091,690.961,426.731,,no best reference,,35.52956842,-97.47514830,40.935,-169.811,13.313,1.966,0.920
VN300_2026-07-12_14-41-49_VNINS.csv,lap,1,12091,302.833969,26.223091,691.419,427.189,,no best reference,,35.52956430,-97.47514823,40.869,-169.773,13.322,1.760,0.920
VN300_2026-07-12_14-41-49_VNINS.csv,lap,1,12092,302.833969,26.223091,691.874,427.644,,no best reference,,35.52956021,-97.47514821,40.481,-169.566,13.358,1.788,0.920
VN300_2026-07-12_14-41-49_VNINS.csv,lap,1,12093,302.833969,26.223091,692.326,428.096,,no best reference,,35.52955614,-97.47514824,40.460,-169.245,13.344,1.700,0.920
VN300_2026-07-12_14-41-49_VNINS.csv,lap,1,12094,302.833969,26.223091,692.777,428.547,,no best reference,,35.52955209,-97.47514830,40.031,-168.868,13.351,1.461,0.920
VN300_2026-07-12_14-41-49_VNINS.csv,lap,1,12095,302.833969,26.223091,693.887,429.656,,no best reference,,35.52954456,-97.47514025,41.073,-168.363,13.390,1.515,0.910
VN300_2026-07-12_14-41-49_VNINS.csv,lap,1,12096,302.833969,26.223091,694.345,430.115,,no best reference,,35.52954044,-97.47514011,40.884,-167.843,13.487,1.531,0.910
VN300_2026-07-12_14-41-49_VNINS.csv,lap,1,12097,302.833969,26.223091,694.803,430.573,,no best reference,,35.52953632,-97.47514001,40.895,-167.274,13.488,1.213,0.910
VN300_2026-07-12_14-41-49_VNINS.csv,lap,1,12098,302.833969,26.223091,695.258,431.028,,no best reference,,35.52953223,-97.47513994,40.666,-166.722,13.401,1.257,0.910
VN300_2026-07-12_14-41-49_VNINS.csv,lap,1,12099,302.833969,26.223091,695.715,431.485,,no best reference,,35.52952812,-97.47513991,40.650,-166.198,13.296,1.242,0.910
VN300_2026-07-12_14-41-49_VNINS.csv,lap,1,12100,302.833969,26.223091,696.169,431.938,,no best reference,,35.52952404,-97.47513993,40.584,-165.647,13.176,1.296,0.910
VN300_2026-07-12_14-41-49_VNINS.csv,lap,1,12101,302.833969,26.223091,696.622,432.392,,no best reference,,35.52951996,-97.47513996,40.452,-165.001,13.158,1.352,0.910
VN300_2026-07-12_14-41-49_VNINS.csv,lap,1,12102,302.833969,26.223091,697.075,432.845,,no best reference,,35.52951589,-97.47514004,40.316,-164.302,13.232,1.397,0.910
VN300_2026-07-12_14-41-49_VNINS.csv,lap,1,12103,302.833969,26.223091,697.940,433.709,,no best reference,,35.52950985,-97.47513402,40.767,-163.593,13.274,1.531,0.900
VN300_2026-07-12_14-41-49_VNINS.csv,lap,1,12104,302.833969,26.223091,698.395,434.164,,no best reference,,35.52950576,-97.47513395,40.576,-162.888,13.292,1.597,0.900
VN300_2026-07-12_14-41-49_VNINS.csv,lap,1,12105,302.833969,26.223091,698.847,434.617,,no best reference,,35.52950169,-97.47513392,40.473,-162.240,13.285,1.661,0.900
VN300_2026-07-12_14-41-49_VNINS.csv,lap,1,12106,302.833969,26.223091,699.299,435.068,,no best reference,,35.52949763,-97.47513396,40.347,-161.594,13.241,1.877,0.900
VN300_2026-07-12_14-41-49_VNINS.csv,lap,1,12107,302.833969,26.223091,699.750,435.520,,no best reference,,35.52949357,-97.47513403,40.332,-160.941,13.206,2.015,0.900
VN300_2026-07-12_14-41-49_VNINS.csv,lap,1,12108,302.833969,26.223091,700.199,435.969,,no best reference,,35.52948953,-97.47513413,40.181,-160.332,13.204,2.210,0.900
VN300_2026-07-12_14-41-49_VNINS.csv,lap,1,12109,302.833969,26.223091,700.647,436.416,,no best reference,,35.52948551,-97.47513428,40.002,-159.795,13.069,2.340,0.900
VN300_2026-07-12_14-41-49_VNINS.csv,lap,1,12110,302.833969,26.223091,701.093,436.863,,no best reference,,35.52948150,-97.47513446,39.862,-159.285,12.942,2.423,0.910
VN300_2026-07-12_14-41-49_VNINS.csv,lap,1,12111,303.094521,26.483643,701.715,437.485,,no best reference,,35.52947650,-97.47513137,39.970,-158.709,12.893,2.581,0.890
VN300_2026-07-12_14-41-49_VNINS.csv,lap,1,12112,303.094521,26.483643,702.162,437.932,,no best reference,,35.52947248,-97.47513146,39.982,-158.238,12.842,2.796,0.890
VN300_2026-07-12_14-41-49_VNINS.csv,lap,1,12113,303.094521,26.483643,702.607,438.377,,no best reference,,35.52946848,-97.47513164,39.824,-157.651,12.818,2.938,0.890
VN300_2026-07-12_14-41-49_VNINS.csv,lap,1,12114,303.094521,26.483643,703.051,438.821,,no best reference,,35.52946449,-97.47513184,39.721,-157.104,12.824,3.035,0.890
VN300_2026-07-12_14-41-49_VNINS.csv,lap,1,12115,303.094521,26.483643,703.492,439.262,,no best reference,,35.52946053,-97.47513208,39.456,-156.621,12.745,3.134,0.890
VN300_2026-07-12_14-41-49_VNINS.csv,lap,1,12116,303.094521,26.483643,703.932,439.702,,no best reference,,35.52945658,-97.47513237,39.303,-156.213,12.614,3.153,0.890
VN300_2026-07-12_14-41-49_VNINS.csv,lap,1,12117,303.094521,26.483643,704.369,440.139,,no best reference,,35.52945266,-97.47513268,39.116,-155.813,12.535,3.333,0.890
VN300_2026-07-12_14-41-49_VNINS.csv,lap,1,12118,303.094521,26.483643,704.804,440.574,,no best reference,,35.52944876,-97.47513304,38.892,-155.376,12.544,3.258,0.900
VN300_2026-07-12_14-41-49_VNINS.csv,lap,1,12119,303.094521,26.483643,705.244,441.014,,no best reference,,35.52944485,-97.47513230,38.514,-154.909,12.618,3.486,0.880
VN300_2026-07-12_14-41-49_VNINS.csv,lap,1,12120,303.094521,26.483643,705.672,441.442,,no best reference,,35.52944101,-97.47513269,38.349,-154.399,12.726,3.590,0.880
VN300_2026-07-12_14-41-49_VNINS.csv,lap,1,12121,303.348508,26.737630,706.098,441.867,,no best reference,,35.52943720,-97.47513312,37.988,-153.951,12.831,3.817,0.880
VN300_2026-07-12_14-41-49_VNINS.csv,lap,1,12122,303.348508,26.737630,706.520,442.290,,no best reference,,35.52943342,-97.47513360,37.848,-153.633,12.838,3.929,0.880
VN300_2026-07-12_14-41-49_VNINS.csv,lap,1,12123,303.348508,26.737630,706.941,442.711,,no best reference,,35.52942966,-97.47513412,37.704,-153.379,12.805,4.125,0.880
VN300_2026-07-12_14-41-49_VNINS.csv,lap,1,12124,303.348508,26.737630,707.359,443.128,,no best reference,,35.52942593,-97.47513466,37.574,-153.115,12.786,4.184,0.880
VN300_2026-07-12_14-41-49_VNINS.csv,lap,1,12125,303.348508,26.737630,707.775,443.545,,no best reference,,35.52942221,-97.47513522,37.467,-152.860,12.806,4.371,0.890
VN300_2026-07-12_14-41-49_VNINS.csv,lap,1,12126,303.348508,26.737630,708.191,443.961,,no best reference,,35.52941850,-97.47513581,37.334,-152.646,12.804,4.476,0.890
VN300_2026-07-12_14-41-49_VNINS.csv,lap,1,12127,303.348508,26.737630,708.606,444.376,,no best reference,,35.52941480,-97.47513640,37.230,-152.495,12.818,4.534,0.890
VN300_2026-07-12_14-41-49_VNINS.csv,lap,1,12128,303.348508,26.737630,708.992,444.762,,no best reference,,35.52941156,-97.47513792,36.908,-152.455,12.840,4.680,0.870
VN300_2026-07-12_14-41-49_VNINS.csv,lap,1,12129,303.348508,26.737630,709.402,445.172,,no best reference,,35.52940791,-97.47513859,36.865,-152.460,12.850,4.786,0.870
VN300_2026-07-12_14-41-49_VNINS.csv,lap,1,12130,303.348508,26.737630,709.811,445.580,,no best reference,,35.52940428,-97.47513927,36.817,-152.467,12.879,4.845,0.870
VN300_2026-07-12_14-41-49_VNINS.csv,lap,1,12131,303.348508,26.737630,710.219,445.989,,no best reference,,35.52940065,-97.47513996,36.645,-152.484,12.934,4.928,0.880
VN300_2026-07-12_14-41-49_VNINS.csv,lap,1,12132,303.619766,27.008888,710.625,446.395,,no best reference,,35.52939704,-97.47514065,36.512,-152.508,12.938,5.048,0.880
VN300_2026-07-12_14-41-49_VNINS.csv,lap,1,12133,303.619766,27.008888,711.028,446.798,,no best reference,,35.52939346,-97.47514134,36.329,-152.534,12.891,5.290,0.880
VN300_2026-07-12_14-41-49_VNINS.csv,lap,1,12134,303.619766,27.008888,711.431,447.201,,no best reference,,35.52938988,-97.47514205,36.229,-152.583,12.843,5.268,0.880
VN300_2026-07-12_14-41-49_VNINS.csv,lap,1,12135,303.619766,27.008888,711.882,447.652,,no best reference,,35.52938639,-97.47514458,36.064,-152.615,12.796,5.434,0.860
VN300_2026-07-12_14-41-49_VNINS.csv,lap,1,12136,303.619766,27.008888,712.282,448.051,,no best reference,,35.52938286,-97.47514542,35.853,-152.742,12.734,5.494,0.860
VN300_2026-07-12_14-41-49_VNINS.csv,lap,1,12137,303.619766,27.008888,712.679,448.448,,no best reference,,35.52937935,-97.47514621,35.574,-152.820,12.722,5.538,0.860
VN300_2026-07-12_14-41-49_VNINS.csv,lap,1,12138,303.619766,27.008888,713.072,448.842,,no best reference,,35.52937587,-97.47514701,35.258,-152.954,12.658,5.739,0.870
VN300_2026-07-12_14-41-49_VNINS.csv,lap,1,12139,303.619766,27.008888,713.464,449.233,,no best reference,,35.52937241,-97.47514780,35.113,-153.119,12.658,5.883,0.870
VN300_2026-07-12_14-41-49_VNINS.csv,lap,1,12140,303.619766,27.008888,713.853,449.622,,no best reference,,35.52936897,-97.47514859,34.865,-153.426,12.700,5.892,0.870
VN300_2026-07-12_14-41-49_VNINS.csv,lap,1,12141,303.619766,27.008888,714.238,450.008,,no best reference,,35.52936556,-97.47514936,34.600,-153.856,12.769,5.862,0.870
VN300_2026-07-12_14-41-49_VNINS.csv,lap,1,12142,303.873457,27.262579,714.623,450.392,,no best reference,,35.52936216,-97.47515014,34.527,-154.370,12.898,5.920,0.870
VN300_2026-07-12_14-41-49_VNINS.csv,lap,1,12143,303.873457,27.262579,715.269,451.039,,no best reference,,35.52935763,-97.47515461,34.865,-154.978,13.034,5.904,0.850
VN300_2026-07-12_14-41-49_VNINS.csv,lap,1,12144,303.873457,27.262579,715.654,451.423,,no best reference,,35.52935425,-97.47515553,34.564,-155.701,13.138,5.753,0.860
VN300_2026-07-12_14-41-49_VNINS.csv,lap,1,12145,303.873457,27.262579,716.035,451.805,,no best reference,,35.52935090,-97.47515644,34.113,-156.514,13.303,5.811,0.860
VN300_2026-07-12_14-41-49_VNINS.csv,lap,1,12146,303.873457,27.262579,716.412,452.182,,no best reference,,35.52934759,-97.47515732,33.665,-157.352,13.420,5.690,0.860
VN300_2026-07-12_14-41-49_VNINS.csv,lap,1,12147,303.873457,27.262579,716.784,452.553,,no best reference,,35.52934432,-97.47515818,33.248,-158.158,13.527,5.472,0.860
VN300_2026-07-12_14-41-49_VNINS.csv,lap,1,12148,303.873457,27.262579,717.151,452.920,,no best reference,,35.52934109,-97.47515901,32.731,-158.980,13.582,5.244,0.860
VN300_2026-07-12_14-41-49_VNINS.csv,lap,1,12149,303.873457,27.262579,717.514,453.284,,no best reference,,35.52933789,-97.47515983,32.429,-159.762,13.593,5.194,0.860
VN300_2026-07-12_14-41-49_VNINS.csv,lap,1,12150,303.873457,27.262579,717.874,453.644,,no best reference,,35.52933472,-97.47516064,32.165,-160.471,13.507,4.836,0.860
VN300_2026-07-12_14-41-49_VNINS.csv,lap,1,12151,303.873457,27.262579,718.639,454.409,,no best reference,,35.52932808,-97.47516286,32.490,-161.182,13.461,5.039,0.850
VN300_2026-07-12_14-41-49_VNINS.csv,lap,1,12152,303.873457,27.262579,718.999,454.769,,no best reference,,35.52932491,-97.47516367,32.231,-161.827,13.444,4.903,0.850
VN300_2026-07-12_14-41-49_VNINS.csv,lap,1,12153,304.127627,27.516749,719.357,455.126,,no best reference,,35.52932176,-97.47516446,31.788,-162.501,13.521,4.667,0.850
VN300_2026-07-12_14-41-49_VNINS.csv,lap,1,12154,304.127627,27.516749,719.708,455.478,,no best reference,,35.52931866,-97.47516523,31.287,-163.174,13.687,4.402,0.850
VN300_2026-07-12_14-41-49_VNINS.csv,lap,1,12155,304.127627,27.516749,720.053,455.823,,no best reference,,35.52931562,-97.47516597,30.671,-163.923,13.886,4.594,0.850
VN300_2026-07-12_14-41-49_VNINS.csv,lap,1,12156,304.127627,27.516749,720.394,456.164,,no best reference,,35.52931261,-97.47516670,30.340,-164.717,14.058,4.504,0.850
VN300_2026-07-12_14-41-49_VNINS.csv,lap,1,12157,304.127627,27.516749,720.731,456.500,,no best reference,,35.52930964,-97.47516741,29.793,-165.568,14.146,4.281,0.850
VN300_2026-07-12_14-41-49_VNINS.csv,lap,1,12158,304.127627,27.516749,721.060,456.830,,no best reference,,35.52930673,-97.47516810,29.241,-166.495,14.147,4.315,0.850
VN300_2026-07-12_14-41-49_VNINS.csv,lap,1,12159,304.127627,27.516749,721.385,457.155,,no best reference,,35.52930386,-97.47516877,28.974,-167.483,14.142,4.113,0.850
VN300_2026-07-12_14-41-49_VNINS.csv,lap,1,12160,304.127627,27.516749,722.369,458.138,,no best reference,,35.52929526,-97.47517131,29.966,-168.765,14.078,3.942,0.840
VN300_2026-07-12_14-41-49_VNINS.csv,lap,1,12161,304.127627,27.516749,722.699,458.469,,no best reference,,35.52929233,-97.47517193,29.360,-170.071,14.094,3.837,0.840
VN300_2026-07-12_14-41-49_VNINS.csv,lap,1,12162,304.127627,27.516749,723.025,458.795,,no best reference,,35.52928944,-97.47517252,28.823,-171.491,14.140,3.711,0.840
VN300_2026-07-12_14-41-49_VNINS.csv,lap,1,12163,304.381074,27.770196,723.343,459.112,,no best reference,,35.52928662,-97.47517309,28.325,-172.950,14.184,3.514,0.840
VN300_2026-07-12_14-41-49_VNINS.csv,lap,1,12164,304.381074,27.770196,723.655,459.425,,no best reference,,35.52928384,-97.47517361,27.713,-174.458,14.258,3.387,0.840
VN300_2026-07-12_14-41-49_VNINS.csv,lap,1,12165,304.381074,27.770196,723.960,459.730,,no best reference,,35.52928113,-97.47517411,27.102,-176.010,14.321,3.316,0.840
VN300_2026-07-12_14-41-49_VNINS.csv,lap,1,12166,304.381074,27.770196,724.259,460.028,,no best reference,,35.52927847,-97.47517457,26.534,-177.556,14.353,3.113,0.840
VN300_2026-07-12_14-41-49_VNINS.csv,lap,1,12167,304.381074,27.770196,724.550,460.320,,no best reference,,35.52927587,-97.47517499,25.986,-179.110,14.395,2.897,0.850
VN300_2026-07-12_14-41-49_VNINS.csv,lap,1,12168,304.381074,27.770196,725.778,461.548,,no best reference,,35.52926486,-97.47517395,27.892,179.227,14.441,2.764,0.830
VN300_2026-07-12_14-41-49_VNINS.csv,lap,1,12169,304.381074,27.770196,726.085,461.855,,no best reference,,35.52926210,-97.47517404,27.384,177.538,14.466,2.603,0.830
VN300_2026-07-12_14-41-49_VNINS.csv,lap,1,12170,304.381074,27.770196,726.387,462.156,,no best reference,,35.52925939,-97.47517409,26.834,175.841,14.499,2.317,0.830
VN300_2026-07-12_14-41-49_VNINS.csv,lap,1,12171,304.381074,27.770196,726.680,462.450,,no best reference,,35.52925675,-97.47517408,26.245,174.113,14.568,2.007,0.830
VN300_2026-07-12_14-41-49_VNINS.csv,lap,1,12172,304.381074,27.770196,726.967,462.737,,no best reference,,35.52925417,-97.47517403,25.695,172.451,14.582,1.655,0.840
VN300_2026-07-12_14-41-49_VNINS.csv,lap,1,12173,304.652753,28.041875,727.246,463.016,,no best reference,,35.52925166,-97.47517393,25.070,170.811,14.642,1.470,0.840
VN300_2026-07-12_14-41-49_VNINS.csv,lap,1,12174,304.652753,28.041875,727.518,463.288,,no best reference,,35.52924922,-97.47517379,24.573,169.203,14.713,1.167,0.840
VN300_2026-07-12_14-41-49_VNINS.csv,lap,1,12175,304.652753,28.041875,728.795,464.565,,no best reference,,35.52923781,-97.47517219,27.383,167.500,14.757,0.706,0.820
VN300_2026-07-12_14-41-49_VNINS.csv,lap,1,12176,304.652753,28.041875,729.097,464.867,,no best reference,,35.52923513,-97.47517165,27.058,165.893,14.772,0.319,0.830
VN300_2026-07-12_14-41-49_VNINS.csv,lap,1,12177,304.652753,28.041875,729.392,465.162,,no best reference,,35.52923252,-97.47517104,26.606,164.432,14.764,0.164,0.830
VN300_2026-07-12_14-41-49_VNINS.csv,lap,1,12178,304.652753,28.041875,729.684,465.454,,no best reference,,35.52922995,-97.47517038,26.384,163.098,14.612,-0.083,0.830
VN300_2026-07-12_14-41-49_VNINS.csv,lap,1,12179,304.652753,28.041875,729.974,465.743,,no best reference,,35.52922741,-97.47516968,26.209,161.801,14.444,-0.541,0.830
VN300_2026-07-12_14-41-49_VNINS.csv,lap,1,12180,304.652753,28.041875,730.260,466.029,,no best reference,,35.52922491,-97.47516894,26.011,160.546,14.399,-0.882,0.830
VN300_2026-07-12_14-41-49_VNINS.csv,lap,1,12181,304.652753,28.041875,730.545,466.314,,no best reference,,35.52922243,-97.47516815,25.955,159.393,14.408,-1.223,0.830
VN300_2026-07-12_14-41-49_VNINS.csv,lap,1,12182,304.652753,28.041875,730.827,466.597,,no best reference,,35.52921998,-97.47516732,25.821,158.478,14.423,-1.572,0.830
VN300_2026-07-12_14-41-49_VNINS.csv,lap,1,12183,304.652753,28.041875,732.104,467.874,,no best reference,,35.52920858,-97.47516563,29.011,157.366,14.442,-1.731,0.820
VN300_2026-07-12_14-41-49_VNINS.csv,lap,1,12184,304.906817,28.295939,732.426,468.196,,no best reference,,35.52920584,-97.47516447,29.105,156.466,14.520,-1.838,0.820
VN300_2026-07-12_14-41-49_VNINS.csv,lap,1,12185,304.906817,28.295939,732.749,468.518,,no best reference,,35.52920311,-97.47516327,29.064,155.708,14.532,-2.076,0.820
VN300_2026-07-12_14-41-49_VNINS.csv,lap,1,12186,304.906817,28.295939,733.070,468.840,,no best reference,,35.52920040,-97.47516203,29.021,155.085,14.530,-2.298,0.820
VN300_2026-07-12_14-41-49_VNINS.csv,lap,1,12187,304.906817,28.295939,733.393,469.162,,no best reference,,35.52919769,-97.47516076,29.109,154.542,14.553,-2.304,0.820
VN300_2026-07-12_14-41-49_VNINS.csv,lap,1,12188,304.906817,28.295939,733.714,469.484,,no best reference,,35.52919500,-97.47515946,29.149,154.109,14.562,-2.322,0.820
VN300_2026-07-12_14-41-49_VNINS.csv,lap,1,12189,304.906817,28.295939,734.038,469.807,,no best reference,,35.52919230,-97.47515813,29.156,153.720,14.575,-2.388,0.820
VN300_2026-07-12_14-41-49_VNINS.csv,lap,1,12190,304.906817,28.295939,734.361,470.130,,no best reference,,35.52918961,-97.47515678,29.154,153.374,14.640,-2.413,0.820
VN300_2026-07-12_14-41-49_VNINS.csv,lap,1,12191,304.906817,28.295939,735.566,471.336,,no best reference,,35.52917877,-97.47515677,31.755,152.979,14.704,-2.462,0.810
VN300_2026-07-12_14-41-49_VNINS.csv,lap,1,12192,304.906817,28.295939,735.920,471.690,,no best reference,,35.52917582,-97.47515530,31.801,152.598,14.702,-2.624,0.810
VN300_2026-07-12_14-41-49_VNINS.csv,lap,1,12193,304.906817,28.295939,736.274,472.044,,no best reference,,35.52917288,-97.47515379,31.786,152.236,14.665,-2.569,0.810
VN300_2026-07-12_14-41-49_VNINS.csv,lap,1,12194,305.161644,28.550766,736.629,472.399,,no best reference,,35.52916994,-97.47515227,31.882,151.898,14.583,-2.546,0.810
VN300_2026-07-12_14-41-49_VNINS.csv,lap,1,12195,305.161644,28.550766,736.986,472.755,,no best reference,,35.52916698,-97.47515075,32.043,151.565,14.494,-2.675,0.820
VN300_2026-07-12_14-41-49_VNINS.csv,lap,1,12196,305.161644,28.550766,737.344,473.114,,no best reference,,35.52916400,-97.47514923,32.044,151.275,14.458,-2.718,0.820
VN300_2026-07-12_14-41-49_VNINS.csv,lap,1,12197,305.161644,28.550766,737.702,473.472,,no best reference,,35.52916103,-97.47514771,32.163,151.067,14.435,-2.571,0.820
VN300_2026-07-12_14-41-49_VNINS.csv,lap,1,12198,305.161644,28.550766,738.060,473.830,,no best reference,,35.52915806,-97.47514619,32.118,150.966,14.434,-2.420,0.820
VN300_2026-07-12_14-41-49_VNINS.csv,lap,1,12199,305.161644,28.550766,739.199,474.968,,no best reference,,35.52914796,-97.47514826,33.790,150.929,14.459,-2.334,0.810
VN300_2026-07-12_14-41-49_VNINS.csv,lap,1,12200,305.161644,28.550766,739.576,475.345,,no best reference,,35.52914479,-97.47514678,33.682,150.884,14.425,-2.170,0.810
VN300_2026-07-12_14-41-49_VNINS.csv,lap,1,12201,305.161644,28.550766,739.951,475.720,,no best reference,,35.52914163,-97.47514533,33.340,150.867,14.230,-2.155,0.810
VN300_2026-07-12_14-41-49_VNINS.csv,lap,1,12202,305.161644,28.550766,740.322,476.092,,no best reference,,35.52913850,-97.47514390,33.059,150.950,14.117,-1.965,0.810
VN300_2026-07-12_14-41-49_VNINS.csv,lap,1,12203,305.161644,28.550766,740.693,476.463,,no best reference,,35.52913536,-97.47514252,33.157,151.150,14.103,-1.834,0.810
VN300_2026-07-12_14-41-49_VNINS.csv,lap,1,12204,305.415224,28.804346,741.064,476.833,,no best reference,,35.52913221,-97.47514117,33.159,151.496,14.285,-1.792,0.810
VN300_2026-07-12_14-41-49_VNINS.csv,lap,1,12205,305.415224,28.804346,741.434,477.204,,no best reference,,35.52912906,-97.47513984,32.826,151.820,14.436,-1.726,0.810
VN300_2026-07-12_14-41-49_VNINS.csv,lap,1,12206,305.415224,28.804346,741.801,477.570,,no best reference,,35.52912594,-97.47513853,32.687,152.089,14.480,-1.615,0.810
VN300_2026-07-12_14-41-49_VNINS.csv,lap,1,12207,305.415224,28.804346,742.888,478.657,,no best reference,,35.52911687,-97.47514301,33.600,152.330,14.316,-1.630,0.800
VN300_2026-07-12_14-41-49_VNINS.csv,lap,1,12208,305.415224,28.804346,743.269,479.039,,no best reference,,35.52911355,-97.47514196,33.491,152.329,14.120,-1.399,0.800
VN300_2026-07-12_14-41-49_VNINS.csv,lap,1,12209,305.415224,28.804346,743.644,479.414,,no best reference,,35.52911029,-97.47514090,33.501,152.549,14.064,-1.317,0.800
VN300_2026-07-12_14-41-49_VNINS.csv,lap,1,12210,305.415224,28.804346,744.019,479.789,,no best reference,,35.52910703,-97.47513984,33.489,152.829,14.185,-1.113,0.800
VN300_2026-07-12_14-41-49_VNINS.csv,lap,1,12211,305.415224,28.804346,744.393,480.163,,no best reference,,35.52910377,-97.47513882,33.356,153.142,14.344,-0.910,0.800
VN300_2026-07-12_14-41-49_VNINS.csv,lap,1,12212,305.415224,28.804346,744.767,480.536,,no best reference,,35.52910051,-97.47513782,33.171,153.367,14.446,-0.747,0.800
VN300_2026-07-12_14-41-49_VNINS.csv,lap,1,12213,305.415224,28.804346,745.136,480.906,,no best reference,,35.52909728,-97.47513685,32.962,153.499,14.457,-0.546,0.810
VN300_2026-07-12_14-41-49_VNINS.csv,lap,1,12214,305.689550,29.078672,745.505,481.274,,no best reference,,35.52909406,-97.47513590,32.785,153.568,14.418,-0.408,0.810
VN300_2026-07-12_14-41-49_VNINS.csv,lap,1,12215,305.689550,29.078672,746.417,482.187,,no best reference,,35.52908728,-97.47514159,33.215,153.610,14.353,-0.355,0.800
VN300_2026-07-12_14-41-49_VNINS.csv,lap,1,12216,305.689550,29.078672,746.788,482.558,,no best reference,,35.52908400,-97.47514086,33.093,153.697,14.362,-0.215,0.800
VN300_2026-07-12_14-41-49_VNINS.csv,lap,1,12217,305.689550,29.078672,747.158,482.928,,no best reference,,35.52908072,-97.47514015,32.939,153.827,14.433,0.004,0.800
VN300_2026-07-12_14-41-49_VNINS.csv,lap,1,12218,305.689550,29.078672,747.526,483.296,,no best reference,,35.52907746,-97.47513946,32.830,153.936,14.459,0.110,0.800
VN300_2026-07-12_14-41-49_VNINS.csv,lap,1,12219,305.689550,29.078672,747.894,483.663,,no best reference,,35.52907420,-97.47513880,32.693,153.973,14.399,0.224,0.800
VN300_2026-07-12_14-41-49_VNINS.csv,lap,1,12220,305.689550,29.078672,748.259,484.028,,no best reference,,35.52907096,-97.47513816,32.590,154.018,14.332,0.338,0.800
VN300_2026-07-12_14-41-49_VNINS.csv,lap,1,12221,305.689550,29.078672,748.623,484.393,,no best reference,,35.52906772,-97.47513755,32.504,154.091,14.279,0.383,0.800
VN300_2026-07-12_14-41-49_VNINS.csv,lap,1,12222,305.689550,29.078672,748.986,484.756,,no best reference,,35.52906449,-97.47513696,32.411,154.183,14.227,0.413,0.800
VN300_2026-07-12_14-41-49_VNINS.csv,lap,1,12223,305.689550,29.078672,749.868,485.638,,no best reference,,35.52905883,-97.47514379,32.712,154.173,14.048,0.263,0.790
VN300_2026-07-12_14-41-49_VNINS.csv,lap,1,12224,305.689550,29.078672,750.233,486.003,,no best reference,,35.52905556,-97.47514343,32.545,154.187,13.862,0.347,0.790
VN300_2026-07-12_14-41-49_VNINS.csv,lap,1,12225,305.943409,29.332531,750.598,486.368,,no best reference,,35.52905229,-97.47514310,32.752,154.314,13.798,0.417,0.790
VN300_2026-07-12_14-41-49_VNINS.csv,lap,1,12226,305.943409,29.332531,750.964,486.734,,no best reference,,35.52904901,-97.47514280,32.726,154.488,13.901,0.299,0.790
VN300_2026-07-12_14-41-49_VNINS.csv,lap,1,12227,305.943409,29.332531,751.330,487.099,,no best reference,,35.52904573,-97.47514251,32.652,154.678,13.953,0.510,0.790
VN300_2026-07-12_14-41-49_VNINS.csv,lap,1,12228,305.943409,29.332531,751.695,487.465,,no best reference,,35.52904245,-97.47514224,32.779,154.891,13.967,0.594,0.790
VN300_2026-07-12_14-41-49_VNINS.csv,lap,1,12229,305.943409,29.332531,752.061,487.830,,no best reference,,35.52903917,-97.47514199,32.608,155.135,14.001,0.871,0.800
VN300_2026-07-12_14-41-49_VNINS.csv,lap,1,12230,305.943409,29.332531,752.425,488.194,,no best reference,,35.52903590,-97.47514177,32.769,155.353,13.842,0.746,0.800
VN300_2026-07-12_14-41-49_VNINS.csv,lap,1,12231,305.943409,29.332531,753.349,489.119,,no best reference,,35.52903129,-97.47515027,33.066,155.441,13.664,0.572,0.780
VN300_2026-07-12_14-41-49_VNINS.csv,lap,1,12232,305.943409,29.332531,753.719,489.489,,no best reference,,35.52902796,-97.47515029,33.183,155.522,13.513,0.336,0.780
VN300_2026-07-12_14-41-49_VNINS.csv,lap,1,12233,305.943409,29.332531,754.091,489.860,,no best reference,,35.52902462,-97.47515032,33.427,155.652,13.453,-0.009,0.790
VN300_2026-07-12_14-41-49_VNINS.csv,lap,1,12234,305.943409,29.332531,754.465,490.235,,no best reference,,35.52902125,-97.47515035,33.633,155.824,13.477,-0.135,0.790
VN300_2026-07-12_14-41-49_VNINS.csv,lap,1,12235,306.196920,29.586042,754.842,490.612,,no best reference,,35.52901786,-97.47515041,33.978,155.934,13.466,-0.599,0.790
VN300_2026-07-12_14-41-49_VNINS.csv,lap,1,12236,306.196920,29.586042,755.221,490.990,,no best reference,,35.52901446,-97.47515047,33.951,155.896,13.363,-0.957,0.790
VN300_2026-07-12_14-41-49_VNINS.csv,lap,1,12237,306.196920,29.586042,755.600,491.369,,no best reference,,35.52901105,-97.47515053,33.972,155.794,13.198,-0.888,0.790
VN300_2026-07-12_14-41-49_VNINS.csv,lap,1,12238,306.196920,29.586042,755.980,491.750,,no best reference,,35.52900763,-97.47515059,34.103,155.653,13.059,-0.677,0.790
VN300_2026-07-12_14-41-49_VNINS.csv,lap,1,12239,306.196920,29.586042,756.992,492.761,,no best reference,,35.52900438,-97.47516103,34.098,155.327,12.936,-0.851,0.780
VN300_2026-07-12_14-41-49_VNINS.csv,lap,1,12240,306.196920,29.586042,757.372,493.142,,no best reference,,35.52900097,-97.47516138,34.023,154.760,12.799,-1.135,0.780
VN300_2026-07-12_14-41-49_VNINS.csv,lap,1,12241,306.196920,29.586042,757.750,493.520,,no best reference,,35.52899758,-97.47516172,33.885,153.956,12.650,-1.257,0.780
VN300_2026-07-12_14-41-49_VNINS.csv,lap,1,12242,306.196920,29.586042,758.128,493.898,,no best reference,,35.52899419,-97.47516203,33.753,152.915,12.532,-1.470,0.780
VN300_2026-07-12_14-41-49_VNINS.csv,lap,1,12243,306.196920,29.586042,758.504,494.274,,no best reference,,35.52899082,-97.47516232,33.602,151.625,12.414,-1.788,0.780
VN300_2026-07-12_14-41-49_VNINS.csv,lap,1,12244,306.196920,29.586042,758.877,494.647,,no best reference,,35.52898747,-97.47516258,33.289,150.186,12.252,-2.116,0.780
VN300_2026-07-12_14-41-49_VNINS.csv,lap,1,12245,306.196920,29.586042,759.248,495.018,,no best reference,,35.52898414,-97.47516278,33.021,148.645,12.059,-2.189,0.780
VN300_2026-07-12_14-41-49_VNINS.csv,lap,1,12246,306.450589,29.839711,759.614,495.384,,no best reference,,35.52898085,-97.47516296,32.650,147.009,11.857,-2.546,0.780
VN300_2026-07-12_14-41-49_VNINS.csv,lap,1,12247,306.450589,29.839711,759.977,495.746,,no best reference,,35.52897759,-97.47516309,32.238,145.274,11.584,-2.980,0.790
VN300_2026-07-12_14-41-49_VNINS.csv,lap,1,12248,306.450589,29.839711,760.770,496.540,,no best reference,,35.52897345,-97.47517023,31.895,143.474,11.310,-3.236,0.770
VN300_2026-07-12_14-41-49_VNINS.csv,lap,1,12249,306.450589,29.839711,761.123,496.893,,no best reference,,35.52897028,-97.47517044,31.320,141.745,10.982,-3.660,0.770
VN300_2026-07-12_14-41-49_VNINS.csv,lap,1,12250,306.450589,29.839711,761.469,497.239,,no best reference,,35.52896717,-97.47517064,30.658,140.025,10.558,-4.232,0.780
VN300_2026-07-12_14-41-49_VNINS.csv,lap,1,12251,306.450589,29.839711,761.809,497.578,,no best reference,,35.52896412,-97.47517079,30.121,138.250,10.143,-4.637,0.780
VN300_2026-07-12_14-41-49_VNINS.csv,lap,1,12252,306.450589,29.839711,762.143,497.912,,no best reference,,35.52896112,-97.47517089,29.448,136.401,9.859,-4.901,0.780
VN300_2026-07-12_14-41-49_VNINS.csv,lap,1,12253,306.450589,29.839711,762.469,498.239,,no best reference,,35.52895818,-97.47517094,28.890,134.558,9.626,-5.208,0.780
VN300_2026-07-12_14-41-49_VNINS.csv,lap,1,12254,306.450589,29.839711,762.790,498.559,,no best reference,,35.52895530,-97.47517095,28.367,132.763,9.387,-5.730,0.780
VN300_2026-07-12_14-41-49_VNINS.csv,lap,1,12255,306.450589,29.839711,763.532,499.302,,no best reference,,35.52894873,-97.47517240,28.713,130.986,9.136,-6.184,0.770
VN300_2026-07-12_14-41-49_VNINS.csv,lap,1,12256,306.725181,30.114303,763.850,499.620,,no best reference,,35.52894587,-97.47517232,28.196,129.283,8.894,-6.382,0.770
VN300_2026-07-12_14-41-49_VNINS.csv,lap,1,12257,306.725181,30.114303,764.164,499.934,,no best reference,,35.52894305,-97.47517219,27.779,127.730,8.627,-6.707,0.770
VN300_2026-07-12_14-41-49_VNINS.csv,lap,1,12258,306.725181,30.114303,764.471,500.241,,no best reference,,35.52894029,-97.47517201,27.228,126.380,8.294,-7.056,0.770
VN300_2026-07-12_14-41-49_VNINS.csv,lap,1,12259,306.725181,30.114303,764.774,500.544,,no best reference,,35.52893757,-97.47517178,26.823,125.192,7.971,-7.386,0.770
VN300_2026-07-12_14-41-49_VNINS.csv,lap,1,12260,306.725181,30.114303,765.072,500.842,,no best reference,,35.52893490,-97.47517150,26.470,124.146,7.697,-7.631,0.770
VN300_2026-07-12_14-41-49_VNINS.csv,lap,1,12261,306.725181,30.114303,765.367,501.137,,no best reference,,35.52893226,-97.47517116,26.083,123.211,7.450,-7.980,0.770
VN300_2026-07-12_14-41-49_VNINS.csv,lap,1,12262,306.725181,30.114303,765.657,501.426,,no best reference,,35.52892968,-97.47517076,25.691,122.367,7.243,-8.244,0.770
VN300_2026-07-12_14-41-49_VNINS.csv,lap,1,12263,306.725181,30.114303,766.423,502.193,,no best reference,,35.52892281,-97.47517007,26.557,121.647,7.031,-8.591,0.760
VN300_2026-07-12_14-41-49_VNINS.csv,lap,1,12264,306.725181,30.114303,766.719,502.489,,no best reference,,35.52892018,-97.47516954,26.187,121.015,6.828,-8.766,0.760
VN300_2026-07-12_14-41-49_VNINS.csv,lap,1,12265,306.725181,30.114303,767.011,502.781,,no best reference,,35.52891760,-97.47516896,25.908,120.430,6.658,-8.977,0.770
VN300_2026-07-12_14-41-49_VNINS.csv,lap,1,12266,306.725181,30.114303,767.299,503.069,,no best reference,,35.52891506,-97.47516835,25.596,119.876,6.441,-9.258,0.770
VN300_2026-07-12_14-41-49_VNINS.csv,lap,1,12267,306.979074,30.368196,767.583,503.353,,no best reference,,35.52891256,-97.47516769,25.222,119.342,6.202,-9.394,0.770
VN300_2026-07-12_14-41-49_VNINS.csv,lap,1,12268,306.979074,30.368196,767.865,503.635,,no best reference,,35.52891009,-97.47516699,24.962,118.743,5.978,-9.594,0.770
VN300_2026-07-12_14-41-49_VNINS.csv,lap,1,12269,306.979074,30.368196,768.143,503.913,,no best reference,,35.52890766,-97.47516626,24.714,118.089,5.751,-9.761,0.770
VN300_2026-07-12_14-41-49_VNINS.csv,lap,1,12270,306.979074,30.368196,768.418,504.187,,no best reference,,35.52890527,-97.47516550,24.504,117.424,5.468,-10.005,0.770
VN300_2026-07-12_14-41-49_VNINS.csv,lap,1,12271,306.979074,30.368196,769.332,505.101,,no best reference,,35.52889705,-97.47516563,25.758,116.741,5.176,-10.306,0.760
VN300_2026-07-12_14-41-49_VNINS.csv,lap,1,12272,306.979074,30.368196,769.619,505.389,,no best reference,,35.52889456,-97.47516478,25.533,116.030,4.925,-10.295,0.760
VN300_2026-07-12_14-41-49_VNINS.csv,lap,1,12273,306.979074,30.368196,769.904,505.674,,no best reference,,35.52889210,-97.47516389,25.338,115.272,4.713,-10.454,0.760
VN300_2026-07-12_14-41-49_VNINS.csv,lap,1,12274,306.979074,30.368196,770.187,505.956,,no best reference,,35.52888967,-97.47516298,25.063,114.517,4.488,-10.612,0.760
VN300_2026-07-12_14-41-49_VNINS.csv,lap,1,12275,306.979074,30.368196,770.467,506.236,,no best reference,,35.52888727,-97.47516205,24.963,113.792,4.300,-10.949,0.760
VN300_2026-07-12_14-41-49_VNINS.csv,lap,1,12276,306.979074,30.368196,770.744,506.514,,no best reference,,35.52888490,-97.47516109,24.647,113.133,4.099,-11.251,0.760
VN300_2026-07-12_14-41-49_VNINS.csv,lap,1,12277,307.232638,30.621760,771.019,506.789,,no best reference,,35.52888256,-97.47516011,24.474,112.606,3.850,-11.322,0.760
VN300_2026-07-12_14-41-49_VNINS.csv,lap,1,12278,307.232638,30.621760,771.292,507.062,,no best reference,,35.52888024,-97.47515911,24.389,112.193,3.598,-11.532,0.770
VN300_2026-07-12_14-41-49_VNINS.csv,lap,1,12279,307.232638,30.621760,772.220,507.990,,no best reference,,35.52887200,-97.47515750,26.020,111.864,3.418,-11.706,0.760
VN300_2026-07-12_14-41-49_VNINS.csv,lap,1,12280,307.232638,30.621760,772.512,508.281,,no best reference,,35.52886954,-97.47515639,26.012,111.607,3.373,-11.981,0.760
VN300_2026-07-12_14-41-49_VNINS.csv,lap,1,12281,307.232638,30.621760,772.803,508.572,,no best reference,,35.52886709,-97.47515526,25.946,111.451,3.412,-12.168,0.760
VN300_2026-07-12_14-41-49_VNINS.csv,lap,1,12282,307.232638,30.621760,773.093,508.862,,no best reference,,35.52886465,-97.47515412,25.883,111.456,3.534,-12.170,0.760
VN300_2026-07-12_14-41-49_VNINS.csv,lap,1,12283,307.232638,30.621760,773.383,509.153,,no best reference,,35.52886221,-97.47515298,25.909,111.588,3.624,-12.308,0.760
VN300_2026-07-12_14-41-49_VNINS.csv,lap,1,12284,307.232638,30.621760,773.673,509.442,,no best reference,,35.52885978,-97.47515183,25.793,111.820,3.586,-12.393,0.760
VN300_2026-07-12_14-41-49_VNINS.csv,lap,1,12285,307.232638,30.621760,773.961,509.730,,no best reference,,35.52885736,-97.47515069,25.803,112.133,3.559,-12.683,0.760
VN300_2026-07-12_14-41-49_VNINS.csv,lap,1,12286,307.232638,30.621760,774.250,510.020,,no best reference,,35.52885494,-97.47514952,25.887,112.451,3.476,-12.686,0.760
VN300_2026-07-12_14-41-49_VNINS.csv,lap,1,12287,307.486148,30.875270,775.134,510.904,,no best reference,,35.52884699,-97.47514966,27.334,112.747,3.502,-12.691,0.750
VN300_2026-07-12_14-41-49_VNINS.csv,lap,1,12288,307.486148,30.875270,775.450,511.219,,no best reference,,35.52884431,-97.47514851,27.857,113.079,3.527,-12.802,0.750
VN300_2026-07-12_14-41-49_VNINS.csv,lap,1,12289,307.486148,30.875270,775.765,511.534,,no best reference,,35.52884164,-97.47514735,28.246,113.428,3.600,-12.804,0.750
VN300_2026-07-12_14-41-49_VNINS.csv,lap,1,12290,307.486148,30.875270,776.081,511.851,,no best reference,,35.52883895,-97.47514620,28.426,113.792,3.636,-12.773,0.750
VN300_2026-07-12_14-41-49_VNINS.csv,lap,1,12291,307.486148,30.875270,776.402,512.171,,no best reference,,35.52883623,-97.47514503,28.746,114.171,3.589,-12.763,0.760
VN300_2026-07-12_14-41-49_VNINS.csv,lap,1,12292,307.486148,30.875270,776.725,512.495,,no best reference,,35.52883348,-97.47514386,29.125,114.583,3.582,-12.733,0.760
VN300_2026-07-12_14-41-49_VNINS.csv,lap,1,12293,307.486148,30.875270,777.053,512.823,,no best reference,,35.52883069,-97.47514268,29.467,115.029,3.604,-12.726,0.760
VN300_2026-07-12_14-41-49_VNINS.csv,lap,1,12294,307.486148,30.875270,777.386,513.156,,no best reference,,35.52882786,-97.47514149,29.877,115.462,3.665,-12.653,0.760
VN300_2026-07-12_14-41-49_VNINS.csv,lap,1,12295,307.486148,30.875270,778.234,514.004,,no best reference,,35.52882044,-97.47514365,31.112,115.893,3.743,-12.435,0.750
VN300_2026-07-12_14-41-49_VNINS.csv,lap,1,12296,307.486148,30.875270,778.584,514.354,,no best reference,,35.52881742,-97.47514255,31.418,116.266,3.775,-12.532,0.750
VN300_2026-07-12_14-41-49_VNINS.csv,lap,1,12297,307.752653,31.141775,778.938,514.708,,no best reference,,35.52881437,-97.47514143,31.828,116.634,3.732,-12.452,0.750
VN300_2026-07-12_14-41-49_VNINS.csv,lap,1,12298,307.752653,31.141775,779.297,515.067,,no best reference,,35.52881127,-97.47514033,32.299,117.021,3.606,-12.503,0.750
VN300_2026-07-12_14-41-49_VNINS.csv,lap,1,12299,307.752653,31.141775,779.661,515.431,,no best reference,,35.52880812,-97.47513922,32.682,117.425,3.517,-12.514,0.750
VN300_2026-07-12_14-41-49_VNINS.csv,lap,1,12300,307.752653,31.141775,780.029,515.799,,no best reference,,35.52880494,-97.47513811,32.993,117.845,3.398,-12.409,0.750
VN300_2026-07-12_14-41-49_VNINS.csv,lap,1,12301,307.752653,31.141775,780.400,516.170,,no best reference,,35.52880173,-97.47513699,33.362,118.294,3.321,-12.329,0.750
VN300_2026-07-12_14-41-49_VNINS.csv,lap,1,12302,307.752653,31.141775,780.776,516.546,,no best reference,,35.52879847,-97.47513588,33.792,118.740,3.313,-12.357,0.760
VN300_2026-07-12_14-41-49_VNINS.csv,lap,1,12303,307.752653,31.141775,781.608,517.378,,no best reference,,35.52879167,-97.47513972,34.625,119.152,3.283,-12.264,0.750
VN300_2026-07-12_14-41-49_VNINS.csv,lap,1,12304,307.752653,31.141775,782.000,517.770,,no best reference,,35.52878824,-97.47513873,35.273,119.508,3.254,-11.873,0.750
VN300_2026-07-12_14-41-49_VNINS.csv,lap,1,12305,307.752653,31.141775,782.398,518.167,,no best reference,,35.52878475,-97.47513777,35.718,119.835,3.321,-11.930,0.750
VN300_2026-07-12_14-41-49_VNINS.csv,lap,1,12306,307.752653,31.141775,782.800,518.569,,no best reference,,35.52878122,-97.47513682,36.063,120.066,3.312,-12.001,0.750
VN300_2026-07-12_14-41-49_VNINS.csv,lap,1,12307,307.752653,31.141775,783.205,518.975,,no best reference,,35.52877766,-97.47513586,36.366,120.251,3.302,-12.030,0.750
VN300_2026-07-12_14-41-49_VNINS.csv,lap,1,12308,308.006469,31.395591,783.611,519.381,,no best reference,,35.52877409,-97.47513489,36.317,120.494,3.220,-11.616,0.750
VN300_2026-07-12_14-41-49_VNINS.csv,lap,1,12309,308.006469,31.395591,784.021,519.791,,no best reference,,35.52877049,-97.47513392,36.831,120.786,2.848,-11.654,0.750
VN300_2026-07-12_14-41-49_VNINS.csv,lap,1,12310,308.006469,31.395591,784.436,520.206,,no best reference,,35.52876684,-97.47513296,37.250,121.101,2.585,-11.791,0.750
VN300_2026-07-12_14-41-49_VNINS.csv,lap,1,12311,308.006469,31.395591,785.226,520.996,,no best reference,,35.52876109,-97.47513808,38.019,121.436,2.457,-11.897,0.740
VN300_2026-07-12_14-41-49_VNINS.csv,lap,1,12312,308.006469,31.395591,785.653,521.422,,no best reference,,35.52875730,-97.47513733,38.418,121.822,2.457,-12.030,0.740
VN300_2026-07-12_14-41-49_VNINS.csv,lap,1,12313,308.006469,31.395591,786.085,521.855,,no best reference,,35.52875346,-97.47513658,38.814,122.235,2.629,-11.990,0.740
VN300_2026-07-12_14-41-49_VNINS.csv,lap,1,12314,308.006469,31.395591,786.523,522.292,,no best reference,,35.52874957,-97.47513584,39.174,122.663,2.869,-11.859,0.740
VN300_2026-07-12_14-41-49_VNINS.csv,lap,1,12315,308.006469,31.395591,786.963,522.733,,no best reference,,35.52874565,-97.47513512,39.635,123.053,3.029,-11.752,0.750
VN300_2026-07-12_14-41-49_VNINS.csv,lap,1,12316,308.006469,31.395591,787.411,523.181,,no best reference,,35.52874166,-97.47513444,40.133,123.393,3.180,-11.731,0.750
VN300_2026-07-12_14-41-49_VNINS.csv,lap,1,12317,308.006469,31.395591,787.862,523.632,,no best reference,,35.52873764,-97.47513377,40.452,123.621,3.275,-11.543,0.750
VN300_2026-07-12_14-41-49_VNINS.csv,lap,1,12318,308.260018,31.649140,788.318,524.088,,no best reference,,35.52873358,-97.47513311,40.836,123.702,3.207,-11.287,0.750
VN300_2026-07-12_14-41-49_VNINS.csv,lap,1,12319,308.260018,31.649140,789.089,524.858,,no best reference,,35.52872875,-97.47513922,41.133,123.662,3.052,-11.126,0.740
VN300_2026-07-12_14-41-49_VNINS.csv,lap,1,12320,308.260018,31.649140,789.551,525.321,,no best reference,,35.52872461,-97.47513874,41.493,123.556,2.892,-10.949,0.740
VN300_2026-07-12_14-41-49_VNINS.csv,lap,1,12321,308.260018,31.649140,790.018,525.787,,no best reference,,35.52872043,-97.47513829,41.771,123.375,2.753,-10.781,0.740
VN300_2026-07-12_14-41-49_VNINS.csv,lap,1,12322,308.260018,31.649140,790.488,526.257,,no best reference,,35.52871622,-97.47513784,42.117,123.239,2.639,-10.943,0.740
VN300_2026-07-12_14-41-49_VNINS.csv,lap,1,12323,308.260018,31.649140,790.961,526.730,,no best reference,,35.52871198,-97.47513740,42.368,123.100,2.756,-10.836,0.740
VN300_2026-07-12_14-41-49_VNINS.csv,lap,1,12324,308.260018,31.649140,791.437,527.207,,no best reference,,35.52870771,-97.47513696,42.658,123.052,2.792,-10.614,0.740
VN300_2026-07-12_14-41-49_VNINS.csv,lap,1,12325,308.260018,31.649140,791.916,527.685,,no best reference,,35.52870342,-97.47513653,42.950,123.058,2.871,-10.672,0.740
VN300_2026-07-12_14-41-49_VNINS.csv,lap,1,12326,308.260018,31.649140,792.399,528.169,,no best reference,,35.52869909,-97.47513610,43.237,123.190,2.929,-10.853,0.750
VN300_2026-07-12_14-41-49_VNINS.csv,lap,1,12327,308.260018,31.649140,792.884,528.654,,no best reference,,35.52869474,-97.47513568,43.516,123.395,2.923,-10.704,0.750
VN300_2026-07-12_14-41-49_VNINS.csv,lap,1,12328,308.513410,31.902532,793.487,529.256,,no best reference,,35.52869060,-97.47513998,43.792,123.759,2.784,-10.639,0.740
VN300_2026-07-12_14-41-49_VNINS.csv,lap,1,12329,308.513410,31.902532,793.980,529.749,,no best reference,,35.52868617,-97.47513977,44.268,124.146,2.682,-10.602,0.740
VN300_2026-07-12_14-41-49_VNINS.csv,lap,1,12330,308.513410,31.902532,794.477,530.247,,no best reference,,35.52868170,-97.47513961,44.748,124.560,2.649,-10.641,0.740
VN300_2026-07-12_14-41-49_VNINS.csv,lap,1,12331,308.513410,31.902532,794.980,530.749,,no best reference,,35.52867718,-97.47513948,45.055,124.961,2.644,-10.603,0.740
VN300_2026-07-12_14-41-49_VNINS.csv,lap,1,12332,308.513410,31.902532,795.487,531.257,,no best reference,,35.52867262,-97.47513939,45.534,125.368,2.708,-10.475,0.740
VN300_2026-07-12_14-41-49_VNINS.csv,lap,1,12333,308.513410,31.902532,795.999,531.769,,no best reference,,35.52866801,-97.47513936,45.934,125.776,2.778,-10.365,0.740
VN300_2026-07-12_14-41-49_VNINS.csv,lap,1,12334,308.513410,31.902532,796.517,532.286,,no best reference,,35.52866336,-97.47513937,46.372,126.139,2.815,-10.443,0.740
VN300_2026-07-12_14-41-49_VNINS.csv,lap,1,12335,308.513410,31.902532,797.101,532.871,,no best reference,,35.52866035,-97.47514467,46.172,126.489,2.837,-10.184,0.730
VN300_2026-07-12_14-41-49_VNINS.csv,lap,1,12336,308.513410,31.902532,797.620,533.390,,no best reference,,35.52865569,-97.47514490,46.440,126.890,2.823,-10.012,0.730
VN300_2026-07-12_14-41-49_VNINS.csv,lap,1,12337,308.513410,31.902532,798.141,533.911,,no best reference,,35.52865101,-97.47514517,46.723,127.294,2.707,-10.128,0.730
VN300_2026-07-12_14-41-49_VNINS.csv,lap,1,12338,308.780048,32.169170,798.664,534.434,,no best reference,,35.52864631,-97.47514549,46.851,127.730,2.692,-10.157,0.730
VN300_2026-07-12_14-41-49_VNINS.csv,lap,1,12339,308.780048,32.169170,799.189,534.959,,no best reference,,35.52864160,-97.47514585,46.991,128.203,2.728,-9.785,0.740
VN300_2026-07-12_14-41-49_VNINS.csv,lap,1,12340,308.780048,32.169170,799.716,535.486,,no best reference,,35.52863687,-97.47514626,47.225,128.788,2.756,-9.690,0.740
VN300_2026-07-12_14-41-49_VNINS.csv,lap,1,12341,308.780048,32.169170,800.245,536.015,,no best reference,,35.52863213,-97.47514673,47.192,129.377,2.826,-9.996,0.740
VN300_2026-07-12_14-41-49_VNINS.csv,lap,1,12342,308.780048,32.169170,800.771,536.540,,no best reference,,35.52862742,-97.47514722,46.807,129.976,2.752,-9.994,0.740
VN300_2026-07-12_14-41-49_VNINS.csv,lap,1,12343,308.780048,32.169170,801.125,536.895,,no best reference,,35.52862568,-97.47515050,45.981,130.613,2.635,-9.809,0.730
VN300_2026-07-12_14-41-49_VNINS.csv,lap,1,12344,308.780048,32.169170,801.636,537.406,,no best reference,,35.52862112,-97.47515121,45.959,131.390,2.636,-9.800,0.730
VN300_2026-07-12_14-41-49_VNINS.csv,lap,1,12345,308.780048,32.169170,802.151,537.920,,no best reference,,35.52861653,-97.47515192,45.878,132.129,2.729,-9.824,0.730
VN300_2026-07-12_14-41-49_VNINS.csv,lap,1,12346,308.780048,32.169170,802.663,538.433,,no best reference,,35.52861196,-97.47515266,45.780,132.853,2.846,-9.692,0.730
VN300_2026-07-12_14-41-49_VNINS.csv,lap,1,12347,308.780048,32.169170,803.175,538.945,,no best reference,,35.52860740,-97.47515346,45.688,133.560,2.915,-9.791,0.730
VN300_2026-07-12_14-41-49_VNINS.csv,lap,1,12348,308.780048,32.169170,803.686,539.455,,no best reference,,35.52860286,-97.47515429,45.404,134.218,2.853,-9.923,0.730
VN300_2026-07-12_14-41-49_VNINS.csv,lap,1,12349,309.033919,32.423041,804.194,539.964,,no best reference,,35.52859834,-97.47515515,45.472,134.861,2.804,-9.696,0.730
VN300_2026-07-12_14-41-49_VNINS.csv,lap,1,12350,309.033919,32.423041,804.703,540.473,,no best reference,,35.52859382,-97.47515605,45.538,135.509,2.931,-9.478,0.740
VN300_2026-07-12_14-41-49_VNINS.csv,lap,1,12351,309.033919,32.423041,805.005,540.774,,no best reference,,35.52859364,-97.47515937,44.528,136.148,3.195,-9.690,0.720
VN300_2026-07-12_14-41-49_VNINS.csv,lap,1,12352,309.033919,32.423041,805.502,541.272,,no best reference,,35.52858925,-97.47516044,44.348,136.706,3.457,-9.620,0.730
VN300_2026-07-12_14-41-49_VNINS.csv,lap,1,12353,309.033919,32.423041,805.997,541.767,,no best reference,,35.52858489,-97.47516155,44.209,137.281,3.521,-9.321,0.730
VN300_2026-07-12_14-41-49_VNINS.csv,lap,1,12354,309.033919,32.423041,806.491,542.261,,no best reference,,35.52858055,-97.47516271,44.156,137.740,3.413,-9.351,0.730
VN300_2026-07-12_14-41-49_VNINS.csv,lap,1,12355,309.033919,32.423041,806.985,542.755,,no best reference,,35.52857622,-97.47516392,44.077,138.144,3.211,-9.383,0.730
VN300_2026-07-12_14-41-49_VNINS.csv,lap,1,12356,309.033919,32.423041,807.478,543.248,,no best reference,,35.52857190,-97.47516517,44.100,138.597,3.187,-9.046,0.730
VN300_2026-07-12_14-41-49_VNINS.csv,lap,1,12357,309.033919,32.423041,807.972,543.742,,no best reference,,35.52856759,-97.47516647,44.196,139.094,3.260,-8.984,0.730
VN300_2026-07-12_14-41-49_VNINS.csv,lap,1,12358,309.033919,32.423041,808.466,544.236,,no best reference,,35.52856328,-97.47516780,44.055,139.606,3.385,-8.979,0.730
VN300_2026-07-12_14-41-49_VNINS.csv,lap,1,12359,309.287509,32.676631,808.659,544.429,,no best reference,,35.52856333,-97.47516993,42.900,140.092,3.470,-8.872,0.720
VN300_2026-07-12_14-41-49_VNINS.csv,lap,1,12360,309.287509,32.676631,809.135,544.904,,no best reference,,35.52855921,-97.47517135,42.799,140.681,3.434,-8.661,0.720
VN300_2026-07-12_14-41-49_VNINS.csv,lap,1,12361,309.287509,32.676631,809.613,545.382,,no best reference,,35.52855508,-97.47517282,42.610,141.250,3.351,-8.633,0.720
VN300_2026-07-12_14-41-49_VNINS.csv,lap,1,12362,309.287509,32.676631,810.089,545.859,,no best reference,,35.52855098,-97.47517434,42.575,141.907,3.320,-8.605,0.720
VN300_2026-07-12_14-41-49_VNINS.csv,lap,1,12363,309.287509,32.676631,810.565,546.335,,no best reference,,35.52854689,-97.47517589,42.529,142.629,3.388,-8.392,0.730
VN300_2026-07-12_14-41-49_VNINS.csv,lap,1,12364,309.287509,32.676631,811.041,546.811,,no best reference,,35.52854281,-97.47517750,42.459,143.417,3.482,-8.327,0.730
VN300_2026-07-12_14-41-49_VNINS.csv,lap,1,12365,309.287509,32.676631,811.516,547.286,,no best reference,,35.52853876,-97.47517915,42.398,144.208,3.567,-8.286,0.730
VN300_2026-07-12_14-41-49_VNINS.csv,lap,1,12366,309.287509,32.676631,811.990,547.759,,no best reference,,35.52853473,-97.47518085,42.301,144.978,3.621,-8.250,0.730
VN300_2026-07-12_14-41-49_VNINS.csv,lap,1,12367,309.287509,32.676631,812.462,548.232,,no best reference,,35.52853072,-97.47518258,42.197,145.721,3.701,-7.948,0.730
VN300_2026-07-12_14-41-49_VNINS.csv,lap,1,12368,309.287509,32.676631,812.651,548.421,,no best reference,,35.52853144,-97.47518447,40.924,146.420,3.713,-7.888,0.720
VN300_2026-07-12_14-41-49_VNINS.csv,lap,1,12369,309.540894,32.930016,813.108,548.878,,no best reference,,35.52852760,-97.47518628,40.844,147.071,3.685,-7.909,0.720
VN300_2026-07-12_14-41-49_VNINS.csv,lap,1,12370,309.540894,32.930016,813.564,549.334,,no best reference,,35.52852378,-97.47518811,40.611,147.615,3.559,-7.779,0.720
VN300_2026-07-12_14-41-49_VNINS.csv,lap,1,12371,309.540894,32.930016,814.019,549.789,,no best reference,,35.52851998,-97.47518997,40.670,148.138,3.367,-7.594,0.720
VN300_2026-07-12_14-41-49_VNINS.csv,lap,1,12372,309.540894,32.930016,814.474,550.244,,no best reference,,35.52851620,-97.47519190,40.670,148.722,3.397,-7.752,0.720
VN300_2026-07-12_14-41-49_VNINS.csv,lap,1,12373,309.540894,32.930016,814.928,550.698,,no best reference,,35.52851244,-97.47519385,40.536,149.310,3.584,-7.898,0.720
VN300_2026-07-12_14-41-49_VNINS.csv,lap,1,12374,309.540894,32.930016,815.381,551.151,,no best reference,,35.52850870,-97.47519584,40.567,149.912,3.922,-8.036,0.720
VN300_2026-07-12_14-41-49_VNINS.csv,lap,1,12375,309.540894,32.930016,815.588,551.358,,no best reference,,35.52850933,-97.47519799,39.163,150.482,4.236,-7.991,0.710
VN300_2026-07-12_14-41-49_VNINS.csv,lap,1,12376,309.540894,32.930016,816.020,551.790,,no best reference,,35.52850581,-97.47520002,39.013,151.117,4.397,-8.035,0.720
VN300_2026-07-12_14-41-49_VNINS.csv,lap,1,12377,309.540894,32.930016,816.454,552.224,,no best reference,,35.52850229,-97.47520209,38.811,151.668,4.339,-8.041,0.720
VN300_2026-07-12_14-41-49_VNINS.csv,lap,1,12378,309.540894,32.930016,816.887,552.657,,no best reference,,35.52849879,-97.47520419,38.738,152.238,4.303,-8.032,0.720
